package_path,java_files,lines_of_code
core:test.java.org.keycloak.adapters.cloned,1,95
core:test.java.org.keycloak.adapters.saml,2,111
core:test.java.org.keycloak.adapters.saml.rotation,1,184
core:test.java.org.keycloak.adapters.saml.descriptor.parsers,1,41
core:test.java.org.keycloak.adapters.saml.config.parsers,1,334
core:main.java.org.keycloak.adapters.cloned,5,774
core:main.java.org.keycloak.adapters.saml,14,1654
core:main.java.org.keycloak.adapters.saml.config,5,968
core:main.java.org.keycloak.adapters.saml.profile,3,839
core:main.java.org.keycloak.adapters.saml.rotation,1,209
core:main.java.org.keycloak.adapters.saml.profile.ecp,1,172
core:main.java.org.keycloak.adapters.saml.profile.webbrowsersso,3,224
core:main.java.org.keycloak.adapters.saml.descriptor.parsers,1,102
core:main.java.org.keycloak.adapters.saml.config.parsers,17,1425
main:org.keycloak.adapters.cloned,5,774
main:org.keycloak.adapters.saml,16,1975
main:org.keycloak.adapters.saml.config,5,968
main:org.keycloak.adapters.saml.profile,3,839
main:org.keycloak.adapters.saml.rotation,1,209
main:org.keycloak.adapters.saml.profile.ecp,1,172
main:org.keycloak.adapters.saml.profile.webbrowsersso,3,224
main:org.keycloak.adapters.saml.descriptor.parsers,1,102
main:org.keycloak.adapters.saml.config.parsers,17,1425
wildfly-subsystem:test.java.org.keycloak.subsystem.adapter.saml.extension,2,430
wildfly-subsystem:main.java.org.keycloak.subsystem.adapter.saml.extension,26,2816
wildfly-subsystem:main.java.org.keycloak.subsystem.adapter.saml.extension.logging,2,79
main:org.keycloak.subsystem.adapter.saml.extension,26,2816
main:org.keycloak.subsystem.adapter.saml.extension.logging,2,79
main:org.keycloak.adapters.saml.elytron,11,1618
main:org.keycloak.adapters.saml.elytron.infinispan,3,461
main:org.keycloak.adapters.spi,11,611
main:org.keycloak.adapters.jboss,1,117
client:test.java.org.keycloak.authorization.client,1,58
client:test.java.org.keycloak.authorization.client.test,1,74
client:main.java.org.keycloak.authorization.client,6,547
client:main.java.org.keycloak.authorization.client.representation,2,262
client:main.java.org.keycloak.authorization.client.resource,5,1031
client:main.java.org.keycloak.authorization.client.util,8,857
client:main.java.org.keycloak.authorization.client.util.crypto,3,529
main:org.keycloak.authorization.client,6,547
main:org.keycloak.authorization.client.representation,2,262
main:org.keycloak.authorization.client.resource,5,1031
main:org.keycloak.authorization.client.util,8,857
main:org.keycloak.authorization.client.util.crypto,3,529
main:org.keycloak.authorization.policy.provider.aggregated,2,304
main:org.keycloak.authorization.policy.provider.client,2,257
main:org.keycloak.authorization.policy.provider.clientscope,2,340
main:org.keycloak.authorization.policy.provider.group,2,445
main:org.keycloak.authorization.policy.provider.js,4,486
main:org.keycloak.authorization.policy.provider.permission,7,935
main:org.keycloak.authorization.policy.provider.regex,2,239
main:org.keycloak.authorization.policy.provider.role,2,411
main:org.keycloak.authorization.policy.provider.time,2,317
main:org.keycloak.authorization.policy.provider.user,2,292
main:org.keycloak.authorization.policy.provider.util,1,29
main:org.keycloak.authorization.authzen,7,716
main:org.keycloak.testframework.authzen.client,3,449
main:org.keycloak.testframework.authzen.client.annotations,1,27
base:test.java.org.keycloak.tests.authzen,5,1875
main:org.keycloak.tests.authzen.providers,1,90
common:test.java.org.keycloak.common,1,305
common:test.java.org.keycloak.common.crypto,1,36
common:test.java.org.keycloak.common.enums,1,20
common:test.java.org.keycloak.common.util,16,1649
common:main.java.org.keycloak.common,4,818
common:main.java.org.keycloak.common.constants,4,253
common:main.java.org.keycloak.common.crypto,9,779
common:main.java.org.keycloak.common.enums,4,210
common:main.java.org.keycloak.common.profile,5,164
common:main.java.org.keycloak.common.util,46,8536
common:main.java.org.keycloak.common.util.reflections,4,1810
main:org.keycloak.common,4,818
main:org.keycloak.common.constants,4,253
main:org.keycloak.common.crypto,9,779
main:org.keycloak.common.enums,4,210
main:org.keycloak.common.profile,5,164
main:org.keycloak.common.util,46,8536
main:org.keycloak.common.util.reflections,4,1810
core:test.java.org.keycloak,6,938
core:test.java.org.keycloak.jose,3,759
core:test.java.org.keycloak.json,2,236
core:test.java.org.keycloak.mdoc,5,684
core:test.java.org.keycloak.representations,2,92
core:test.java.org.keycloak.rule,2,100
core:test.java.org.keycloak.sdjwt,17,3029
core:test.java.org.keycloak.util,4,577
core:test.java.org.keycloak.sdjwt.consumer,3,646
core:test.java.org.keycloak.sdjwt.sdjwtvp,5,1332
core:test.java.org.keycloak.representations.workflows,1,87
core:test.java.org.keycloak.jose.jwk,5,599
core:test.java.org.keycloak.jose.jwe.alg,1,100
core:test.java.org.keycloak.authentication.x509,1,119
core:main.java.org.keycloak,15,1987
core:main.java.org.keycloak.constants,2,89
core:main.java.org.keycloak.crypto,19,1308
core:main.java.org.keycloak.enums,1,26
core:main.java.org.keycloak.exceptions,3,141
core:main.java.org.keycloak.jose,3,87
core:main.java.org.keycloak.json,14,683
core:main.java.org.keycloak.mdoc,9,1325
core:main.java.org.keycloak.representations,14,2434
core:main.java.org.keycloak.sdjwt,25,3836
core:main.java.org.keycloak.util,11,1217
core:main.java.org.keycloak.sdjwt.consumer,8,666
core:main.java.org.keycloak.sdjwt.vp,5,835
core:main.java.org.keycloak.representations.account,11,919
core:main.java.org.keycloak.representations.docker,5,427
core:main.java.org.keycloak.representations.dpop,1,75
core:main.java.org.keycloak.representations.idm,83,9405
core:main.java.org.keycloak.representations.info,13,1032
core:main.java.org.keycloak.representations.oidc,2,660
core:main.java.org.keycloak.representations.provider,2,171
core:main.java.org.keycloak.representations.workflows,10,817
core:main.java.org.keycloak.representations.userprofile.config,6,774
core:main.java.org.keycloak.representations.idm.authorization,34,3224
core:main.java.org.keycloak.representations.idm.oid4vc,3,251
core:main.java.org.keycloak.representations.adapters.action,5,329
core:main.java.org.keycloak.representations.adapters.config,5,1091
core:main.java.org.keycloak.protocol.oidc.representations,2,837
core:main.java.org.keycloak.protocol.oidc.client.authentication,5,576
core:main.java.org.keycloak.jose.jwe,7,746
core:main.java.org.keycloak.jose.jwk,13,1263
core:main.java.org.keycloak.jose.jws,6,683
core:main.java.org.keycloak.jose.jws.crypto,5,409
core:main.java.org.keycloak.jose.jwe.alg,3,144
core:main.java.org.keycloak.jose.jwe.enc,5,632
main:org.keycloak,18,2504
main:org.keycloak.constants,3,155
main:org.keycloak.crypto,103,4753
main:org.keycloak.enums,1,26
main:org.keycloak.exceptions,3,141
main:org.keycloak.jose,3,87
main:org.keycloak.json,14,683
main:org.keycloak.mdoc,9,1325
main:org.keycloak.representations,14,2434
main:org.keycloak.sdjwt,25,3836
main:org.keycloak.util,11,1217
main:org.keycloak.sdjwt.consumer,8,666
main:org.keycloak.sdjwt.vp,5,835
main:org.keycloak.representations.account,11,919
main:org.keycloak.representations.docker,5,427
main:org.keycloak.representations.dpop,1,75
main:org.keycloak.representations.idm,83,9405
main:org.keycloak.representations.info,13,1032
main:org.keycloak.representations.oidc,2,660
main:org.keycloak.representations.provider,2,171
main:org.keycloak.representations.workflows,10,817
main:org.keycloak.representations.userprofile.config,6,774
main:org.keycloak.representations.idm.authorization,34,3224
main:org.keycloak.representations.idm.oid4vc,3,251
main:org.keycloak.representations.adapters.action,5,329
main:org.keycloak.representations.adapters.config,5,1091
main:org.keycloak.protocol.oidc.representations,2,837
main:org.keycloak.protocol.oidc.client.authentication,5,576
main:org.keycloak.jose.jwe,7,746
main:org.keycloak.jose.jwk,13,1263
main:org.keycloak.jose.jws,7,1075
main:org.keycloak.jose.jws.crypto,5,409
main:org.keycloak.jose.jwe.alg,3,144
main:org.keycloak.jose.jwe.enc,5,632
default:test.java.org.keycloak.crypto.hash,1,74
default:test.java.org.keycloak.crypto.def.test,16,862
default:test.java.org.keycloak.crypto.def.test.mdoc,2,62
default:test.java.org.keycloak.crypto.def.test.sdjwt,8,271
default:main.java.org.keycloak.crypto.def,10,1813
default:main.java.org.keycloak.crypto.hash,4,466
main:org.keycloak.crypto.def,10,1813
main:org.keycloak.crypto.hash,4,466
elytron:test.java.org.keycloak.crypto.elytron.test,16,945
elytron:test.java.org.keycloak.crypto.elytron.test.mdoc,2,44
elytron:test.java.org.keycloak.crypto.elytron.test.sdjwt,8,194
elytron:main.java.org.keycloak.crypto.elytron,10,1540
main:org.keycloak.crypto.elytron,10,1540
fips1402:test.java.org.keycloak.crypto.fips.test,14,977
fips1402:test.java.org.keycloak.crypto.fips.test.mdoc,2,62
fips1402:test.java.org.keycloak.crypto.fips.test.sdjwt,8,150
fips1402:main.java.org.keycloak.crypto.fips,11,2384
main:org.keycloak.crypto.fips,11,2384
main:(default package),1,124
saml-adapter-galleon-pack-layer-metadata-tests:test.java.org.keycloak.test.saml.adapter.galleon.pack.layer.metadata,1,7
main:sample.plugin,1,133
tests:test.java.org.keycloak.documentation.test,5,361
tests:test.java.org.keycloak.documentation.test.utils,4,501
guides:test.java.org.keycloak.guides,1,67
maven-plugin:test.java.org.keycloak.guides.maven,1,55
maven-plugin:main.java.org.keycloak.guides.maven,11,1138
main:org.keycloak.guides.maven,11,1138
ipatuura:test.java.org.keycloak.ipatuura_user_spi,1,43
ipatuura:main.java.org.keycloak.ipatuura_user_spi,4,946
ipatuura:main.java.org.keycloak.ipatuura_user_spi.authenticator,1,63
ipatuura:main.java.org.keycloak.ipatuura_user_spi.schemas,3,594
main:org.keycloak.ipatuura_user_spi,4,946
main:org.keycloak.ipatuura_user_spi.authenticator,1,63
main:org.keycloak.ipatuura_user_spi.schemas,3,594
kerberos:test.java.org.keycloak.federation.kerberos,1,102
kerberos:main.java.org.keycloak.federation.kerberos,6,757
kerberos:main.java.org.keycloak.federation.kerberos.impl,3,659
main:org.keycloak.federation.kerberos,6,757
main:org.keycloak.federation.kerberos.impl,3,659
ldap:test.java.org.keycloak.storage.ldap.mappers,1,79
ldap:test.java.org.keycloak.storage.ldap.idm.model,5,468
ldap:test.java.org.keycloak.storage.ldap.idm.store.ldap,3,560
ldap:test.java.org.keycloak.storage.ldap.idm.store.ldap.control,1,131
ldap:main.java.org.keycloak.storage.ldap,9,3543
ldap:main.java.org.keycloak.storage.ldap.kerberos,1,48
ldap:main.java.org.keycloak.storage.ldap.mappers,28,3112
ldap:main.java.org.keycloak.storage.ldap.mappers.membership,5,464
ldap:main.java.org.keycloak.storage.ldap.mappers.msad,4,608
ldap:main.java.org.keycloak.storage.ldap.mappers.msadlds,2,368
ldap:main.java.org.keycloak.storage.ldap.mappers.membership.group,4,1604
ldap:main.java.org.keycloak.storage.ldap.mappers.membership.role,3,918
ldap:main.java.org.keycloak.storage.ldap.idm.model,2,523
ldap:main.java.org.keycloak.storage.ldap.idm.query,3,185
ldap:main.java.org.keycloak.storage.ldap.idm.store,1,131
ldap:main.java.org.keycloak.storage.ldap.idm.store.ldap,7,2577
ldap:main.java.org.keycloak.storage.ldap.idm.store.ldap.control,3,168
ldap:main.java.org.keycloak.storage.ldap.idm.store.ldap.extended,1,118
ldap:main.java.org.keycloak.storage.ldap.idm.query.internal,14,1033
ldap:main.java.org.keycloak.services.managers,1,202
ldap:main.java.org.keycloak.services.resources.admin,4,301
main:org.keycloak.storage.ldap,9,3543
main:org.keycloak.storage.ldap.kerberos,1,48
main:org.keycloak.storage.ldap.mappers,28,3112
main:org.keycloak.storage.ldap.mappers.membership,5,464
main:org.keycloak.storage.ldap.mappers.msad,4,608
main:org.keycloak.storage.ldap.mappers.msadlds,2,368
main:org.keycloak.storage.ldap.mappers.membership.group,4,1604
main:org.keycloak.storage.ldap.mappers.membership.role,3,918
main:org.keycloak.storage.ldap.idm.model,2,523
main:org.keycloak.storage.ldap.idm.query,3,185
main:org.keycloak.storage.ldap.idm.store,1,131
main:org.keycloak.storage.ldap.idm.store.ldap,7,2577
main:org.keycloak.storage.ldap.idm.store.ldap.control,3,168
main:org.keycloak.storage.ldap.idm.store.ldap.extended,1,118
main:org.keycloak.storage.ldap.idm.query.internal,14,1033
main:org.keycloak.services.managers,24,6659
main:org.keycloak.services.resources.admin,56,16562
main:org.keycloak.federation.sssd,3,435
main:org.keycloak.federation.sssd.api,2,147
main:org.keycloak.federation.sssd.impl,2,117
main:org.jvnet.libpam,3,395
main:org.jvnet.libpam.impl,10,812
main:org.freedesktop.sssd.infopipe,1,46
main:org.keycloak.admin.client,6,702
main:org.keycloak.admin.client.spi,3,214
main:org.keycloak.admin.client.resource,78,7326
main:org.keycloak.admin.client.token,2,230
main:org.keycloak.admin.client.jackson3,13,577
admin-cli:test.java.org.keycloak.client.registration.cli,1,356
admin-cli:test.java.org.keycloak.client.cli.util,4,357
admin-cli:test.java.org.keycloak.client.admin.cli,1,46
admin-cli:test.java.org.keycloak.client.admin.cli.commands,1,23
admin-cli:test.java.org.keycloak.client.admin.cli.commands.v2,6,1838
admin-cli:main.java.org.keycloak.client.registration.cli,5,826
admin-cli:main.java.org.keycloak.client.registration.cli.commands,14,1804
admin-cli:main.java.org.keycloak.client.cli.common,10,1214
admin-cli:main.java.org.keycloak.client.cli.config,6,659
admin-cli:main.java.org.keycloak.client.cli.util,20,2187
admin-cli:main.java.org.keycloak.client.admin.cli,3,430
admin-cli:main.java.org.keycloak.client.admin.cli.commands,18,2759
admin-cli:main.java.org.keycloak.client.admin.cli.operations,6,477
admin-cli:main.java.org.keycloak.client.admin.cli.v2,12,2609
main:org.keycloak.client.registration.cli,5,826
main:org.keycloak.client.registration.cli.commands,14,1804
main:org.keycloak.client.cli.common,10,1214
main:org.keycloak.client.cli.config,6,659
main:org.keycloak.client.cli.util,20,2187
main:org.keycloak.client.admin.cli,3,430
main:org.keycloak.client.admin.cli.commands,18,2759
main:org.keycloak.client.admin.cli.operations,6,477
main:org.keycloak.client.admin.cli.v2,12,2609
main:org.keycloak.client.registration,7,650
db-compatibility-verifier:test.java.org.keycloak.db.compatibility.verifier,6,423
db-compatibility-verifier:test.java.org.keycloak.db.compatibility.verifier.test,1,12
db-compatibility-verifier:main.java.org.keycloak.db.compatibility.verifier,11,658
main:org.keycloak.db.compatibility.verifier,11,658
main:org.keycloak.test.logparser,12,309
theme-verifier:test.java.org.keycloak.themeverifier,1,141
theme-verifier:main.java.org.keycloak.themeverifier,3,461
main:org.keycloak.themeverifier,3,461
main:org.keycloak.misc,3,292
infinispan:test.java.org.keycloak.marshalling,3,276
infinispan:test.java.org.keycloak.models.sessions.infinispan,1,215
infinispan:test.java.org.keycloak.models.sessions.infinispan.initializer,1,275
infinispan:test.java.org.keycloak.models.sessions.infinispan.listeners,1,180
infinispan:test.java.org.keycloak.keys.infinispan,1,172
infinispan:test.java.org.keycloak.jgroups.protocol,3,568
infinispan:test.java.org.keycloak.connections.infinispan.shutdown,2,392
infinispan:main.java.org.keycloak.compatibility,1,52
infinispan:main.java.org.keycloak.marshalling,3,745
infinispan:main.java.org.keycloak.spi.infinispan,9,438
infinispan:main.java.org.keycloak.spi.infinispan.impl,1,53
infinispan:main.java.org.keycloak.spi.infinispan.impl.embedded,4,1517
infinispan:main.java.org.keycloak.spi.infinispan.impl.remote,2,411
infinispan:main.java.org.keycloak.models.sessions.infinispan,27,6379
infinispan:main.java.org.keycloak.models.sessions.infinispan.changes,22,3038
infinispan:main.java.org.keycloak.models.sessions.infinispan.entities,13,1753
infinispan:main.java.org.keycloak.models.sessions.infinispan.events,7,395
infinispan:main.java.org.keycloak.models.sessions.infinispan.expiration,7,682
infinispan:main.java.org.keycloak.models.sessions.infinispan.listeners,4,418
infinispan:main.java.org.keycloak.models.sessions.infinispan.query,5,492
infinispan:main.java.org.keycloak.models.sessions.infinispan.remote,9,1883
infinispan:main.java.org.keycloak.models.sessions.infinispan.stream,15,945
infinispan:main.java.org.keycloak.models.sessions.infinispan.transaction,7,507
infinispan:main.java.org.keycloak.models.sessions.infinispan.util,4,506
infinispan:main.java.org.keycloak.models.sessions.infinispan.remote.transaction,8,864
infinispan:main.java.org.keycloak.models.sessions.infinispan.changes.sessions,5,317
infinispan:main.java.org.keycloak.models.sessions.infinispan.changes.remote.remover,2,114
infinispan:main.java.org.keycloak.models.sessions.infinispan.changes.remote.updater,4,371
infinispan:main.java.org.keycloak.models.sessions.infinispan.changes.remote.updater.authsession,1,241
infinispan:main.java.org.keycloak.models.sessions.infinispan.changes.remote.updater.client,1,290
infinispan:main.java.org.keycloak.models.sessions.infinispan.changes.remote.updater.helper,1,99
infinispan:main.java.org.keycloak.models.sessions.infinispan.changes.remote.updater.loginfailures,1,183
infinispan:main.java.org.keycloak.models.sessions.infinispan.changes.remote.updater.user,2,325
infinispan:main.java.org.keycloak.models.sessions.infinispan.changes.remote.remover.query,5,489
infinispan:main.java.org.keycloak.models.cache.infinispan,21,8066
infinispan:main.java.org.keycloak.models.cache.infinispan.authorization,8,2598
infinispan:main.java.org.keycloak.models.cache.infinispan.entities,37,2657
infinispan:main.java.org.keycloak.models.cache.infinispan.events,30,1863
infinispan:main.java.org.keycloak.models.cache.infinispan.idp,5,677
infinispan:main.java.org.keycloak.models.cache.infinispan.organization,8,1390
infinispan:main.java.org.keycloak.models.cache.infinispan.stream,6,289
infinispan:main.java.org.keycloak.models.cache.infinispan.authorization.entities,20,954
infinispan:main.java.org.keycloak.models.cache.infinispan.authorization.events,16,860
infinispan:main.java.org.keycloak.models.cache.infinispan.authorization.stream,3,142
infinispan:main.java.org.keycloak.keys.infinispan,6,735
infinispan:main.java.org.keycloak.jgroups.certificates,10,1225
infinispan:main.java.org.keycloak.jgroups.header,1,98
infinispan:main.java.org.keycloak.jgroups.protocol,2,623
infinispan:main.java.org.keycloak.infinispan.compatibility,2,120
infinispan:main.java.org.keycloak.infinispan.health,1,52
infinispan:main.java.org.keycloak.infinispan.module,1,22
infinispan:main.java.org.keycloak.infinispan.util,1,145
infinispan:main.java.org.keycloak.infinispan.module.factory,5,213
infinispan:main.java.org.keycloak.infinispan.module.configuration.global,2,80
infinispan:main.java.org.keycloak.infinispan.health.impl,1,144
infinispan:main.java.org.keycloak.crl.infinispan,5,442
infinispan:main.java.org.keycloak.connections.infinispan,8,1430
infinispan:main.java.org.keycloak.connections.infinispan.remote,2,328
infinispan:main.java.org.keycloak.connections.infinispan.shutdown,5,351
infinispan:main.java.org.keycloak.cluster.infinispan,10,1313
infinispan:main.java.org.keycloak.cluster.infinispan.remote,3,536
main:org.keycloak.compatibility,9,509
main:org.keycloak.marshalling,3,745
main:org.keycloak.spi.infinispan,9,438
main:org.keycloak.spi.infinispan.impl,1,53
main:org.keycloak.spi.infinispan.impl.embedded,4,1517
main:org.keycloak.spi.infinispan.impl.remote,2,411
main:org.keycloak.models.sessions.infinispan,27,6379
main:org.keycloak.models.sessions.infinispan.changes,22,3038
main:org.keycloak.models.sessions.infinispan.entities,13,1753
main:org.keycloak.models.sessions.infinispan.events,7,395
main:org.keycloak.models.sessions.infinispan.expiration,7,682
main:org.keycloak.models.sessions.infinispan.listeners,4,418
main:org.keycloak.models.sessions.infinispan.query,5,492
main:org.keycloak.models.sessions.infinispan.remote,9,1883
main:org.keycloak.models.sessions.infinispan.stream,15,945
main:org.keycloak.models.sessions.infinispan.transaction,7,507
main:org.keycloak.models.sessions.infinispan.util,4,506
main:org.keycloak.models.sessions.infinispan.remote.transaction,8,864
main:org.keycloak.models.sessions.infinispan.changes.sessions,5,317
main:org.keycloak.models.sessions.infinispan.changes.remote.remover,2,114
main:org.keycloak.models.sessions.infinispan.changes.remote.updater,4,371
main:org.keycloak.models.sessions.infinispan.changes.remote.updater.authsession,1,241
main:org.keycloak.models.sessions.infinispan.changes.remote.updater.client,1,290
main:org.keycloak.models.sessions.infinispan.changes.remote.updater.helper,1,99
main:org.keycloak.models.sessions.infinispan.changes.remote.updater.loginfailures,1,183
main:org.keycloak.models.sessions.infinispan.changes.remote.updater.user,2,325
main:org.keycloak.models.sessions.infinispan.changes.remote.remover.query,5,489
main:org.keycloak.models.cache.infinispan,21,8066
main:org.keycloak.models.cache.infinispan.authorization,8,2598
main:org.keycloak.models.cache.infinispan.entities,37,2657
main:org.keycloak.models.cache.infinispan.events,30,1863
main:org.keycloak.models.cache.infinispan.idp,5,677
main:org.keycloak.models.cache.infinispan.organization,8,1390
main:org.keycloak.models.cache.infinispan.stream,6,289
main:org.keycloak.models.cache.infinispan.authorization.entities,20,954
main:org.keycloak.models.cache.infinispan.authorization.events,16,860
main:org.keycloak.models.cache.infinispan.authorization.stream,3,142
main:org.keycloak.keys.infinispan,6,735
main:org.keycloak.jgroups.certificates,10,1225
main:org.keycloak.jgroups.header,1,98
main:org.keycloak.jgroups.protocol,2,623
main:org.keycloak.infinispan.compatibility,2,120
main:org.keycloak.infinispan.health,1,52
main:org.keycloak.infinispan.module,1,22
main:org.keycloak.infinispan.util,1,145
main:org.keycloak.infinispan.module.factory,5,213
main:org.keycloak.infinispan.module.configuration.global,2,80
main:org.keycloak.infinispan.health.impl,1,144
main:org.keycloak.crl.infinispan,5,442
main:org.keycloak.connections.infinispan,8,1430
main:org.keycloak.connections.infinispan.remote,2,328
main:org.keycloak.connections.infinispan.shutdown,5,351
main:org.keycloak.cluster.infinispan,10,1313
main:org.keycloak.cluster.infinispan.remote,3,536
jpa:test.java.org.keycloak.storage.jpa,2,165
jpa:test.java.org.keycloak.connections.jpa.util,1,36
jpa:main.java.org.keycloak.storage.jpa,4,1456
jpa:main.java.org.keycloak.storage.jpa.entity,11,1788
jpa:main.java.org.keycloak.storage.configuration.jpa,2,189
jpa:main.java.org.keycloak.storage.configuration.jpa.entity,1,93
jpa:main.java.org.keycloak.singleobject.jpa,5,528
jpa:main.java.org.keycloak.revoketokens.jpa,3,296
jpa:main.java.org.keycloak.organization.jpa,4,1700
jpa:main.java.org.keycloak.models.jpa,23,9939
jpa:main.java.org.keycloak.models.workflow,19,2883
jpa:main.java.org.keycloak.models.workflow.conditions,8,534
jpa:main.java.org.keycloak.models.workflow.events,20,681
jpa:main.java.org.keycloak.models.workflow.expression,9,535
jpa:main.java.org.keycloak.models.jpa.converter,1,51
jpa:main.java.org.keycloak.models.jpa.entities,49,8629
jpa:main.java.org.keycloak.models.jpa.session,14,2583
jpa:main.java.org.keycloak.loginfailures.jpa,6,719
jpa:main.java.org.keycloak.expiration.jpa,6,592
jpa:main.java.org.keycloak.expiration.jpa.impl,3,333
jpa:main.java.org.keycloak.events.jpa,6,1091
jpa:main.java.org.keycloak.events.outbox,8,1398
jpa:main.java.org.keycloak.connections.jpa,14,1024
jpa:main.java.org.keycloak.connections.jpa.dialect,3,175
jpa:main.java.org.keycloak.connections.jpa.entityprovider,3,135
jpa:main.java.org.keycloak.connections.jpa.updater,3,146
jpa:main.java.org.keycloak.connections.jpa.util,1,292
jpa:main.java.org.keycloak.connections.jpa.updater.liquibase,7,615
jpa:main.java.org.keycloak.connections.jpa.updater.liquibase.conn,6,439
jpa:main.java.org.keycloak.connections.jpa.updater.liquibase.custom,39,3626
jpa:main.java.org.keycloak.connections.jpa.updater.liquibase.lock,9,893
jpa:main.java.org.keycloak.connections.jpa.updater.liquibase.log,2,140
jpa:main.java.org.keycloak.cluster.jpa,3,300
jpa:main.java.org.keycloak.authorization.jpa.entities,6,978
jpa:main.java.org.keycloak.authorization.jpa.store,12,2458
jpa:main.java.org.keycloak.authentication.jpa,9,1615
main:org.keycloak.storage.jpa,4,1456
main:org.keycloak.storage.jpa.entity,11,1788
main:org.keycloak.storage.configuration.jpa,2,189
main:org.keycloak.storage.configuration.jpa.entity,1,93
main:org.keycloak.singleobject.jpa,5,528
main:org.keycloak.revoketokens.jpa,3,296
main:org.keycloak.organization.jpa,4,1700
main:org.keycloak.models.jpa,23,9939
main:org.keycloak.models.workflow,81,6722
main:org.keycloak.models.workflow.conditions,8,534
main:org.keycloak.models.workflow.events,20,681
main:org.keycloak.models.workflow.expression,9,535
main:org.keycloak.models.jpa.converter,1,51
main:org.keycloak.models.jpa.entities,49,8629
main:org.keycloak.models.jpa.session,14,2583
main:org.keycloak.loginfailures.jpa,6,719
main:org.keycloak.expiration.jpa,6,592
main:org.keycloak.expiration.jpa.impl,3,333
main:org.keycloak.events.jpa,6,1091
main:org.keycloak.events.outbox,8,1398
main:org.keycloak.connections.jpa,15,1564
main:org.keycloak.connections.jpa.dialect,3,175
main:org.keycloak.connections.jpa.entityprovider,3,135
main:org.keycloak.connections.jpa.updater,3,146
main:org.keycloak.connections.jpa.util,1,292
main:org.keycloak.connections.jpa.updater.liquibase,7,615
main:org.keycloak.connections.jpa.updater.liquibase.conn,6,439
main:org.keycloak.connections.jpa.updater.liquibase.custom,39,3626
main:org.keycloak.connections.jpa.updater.liquibase.lock,9,893
main:org.keycloak.connections.jpa.updater.liquibase.log,2,140
main:org.keycloak.cluster.jpa,3,300
main:org.keycloak.authorization.jpa.entities,6,978
main:org.keycloak.authorization.jpa.store,12,2458
main:org.keycloak.authentication.jpa,9,1615
storage:test.java.org.keycloak.storage,1,61
storage:main.java.org.keycloak.credential,1,341
storage:main.java.org.keycloak.models,1,92
storage:main.java.org.keycloak.storage,8,1050
storage:main.java.org.keycloak.utils,1,132
storage:main.java.org.keycloak.storage.adapter,2,945
storage:main.java.org.keycloak.storage.client,2,130
storage:main.java.org.keycloak.storage.configuration,3,180
storage:main.java.org.keycloak.storage.federated,12,698
storage:main.java.org.keycloak.storage.group,2,78
storage:main.java.org.keycloak.storage.role,1,57
storage:main.java.org.keycloak.storage.user,2,79
storage:main.java.org.keycloak.models.cache,4,162
main:org.keycloak.credential,29,3286
main:org.keycloak.models,138,14221
main:org.keycloak.storage,32,4586
main:org.keycloak.utils,31,5010
main:org.keycloak.storage.adapter,5,1477
main:org.keycloak.storage.client,9,987
main:org.keycloak.storage.configuration,3,180
main:org.keycloak.storage.federated,12,698
main:org.keycloak.storage.group,5,355
main:org.keycloak.storage.role,5,372
main:org.keycloak.storage.user,9,799
main:org.keycloak.models.cache,16,623
storage-private:test.java.org.keycloak.storage,1,95
storage-private:test.java.org.keycloak.models.datastore,1,73
storage-private:main.java.org.keycloak.cluster,2,74
storage-private:main.java.org.keycloak.migration,1,40
storage-private:main.java.org.keycloak.storage,10,2740
storage-private:main.java.org.keycloak.storage.adapter,1,37
storage-private:main.java.org.keycloak.storage.client,6,772
storage-private:main.java.org.keycloak.storage.clientscope,4,266
storage-private:main.java.org.keycloak.storage.datastore,5,2622
storage-private:main.java.org.keycloak.storage.group,2,189
storage-private:main.java.org.keycloak.services.scheduled,7,332
storage-private:main.java.org.keycloak.models.cache,12,461
storage-private:main.java.org.keycloak.models.dblock,4,226
storage-private:main.java.org.keycloak.models.session,12,1601
storage-private:main.java.org.keycloak.migration.migrators,49,3705
storage-private:main.java.org.keycloak.exportimport.util,1,649
main:org.keycloak.cluster,7,354
main:org.keycloak.migration,6,395
main:org.keycloak.storage.clientscope,5,298
main:org.keycloak.storage.datastore,5,2622
main:org.keycloak.services.scheduled,9,466
main:org.keycloak.models.dblock,4,226
main:org.keycloak.models.session,12,1601
main:org.keycloak.migration.migrators,51,3868
main:org.keycloak.exportimport.util,4,1103
main:org.keycloak.exportimport,17,930
main:org.keycloak.exportimport.dir,4,493
main:org.keycloak.exportimport.singlefile,4,396
operator:test.java.org.keycloak.operator.controllers,4,377
operator:test.java.org.keycloak.operator.testsuite.apiserver,4,337
operator:test.java.org.keycloak.operator.testsuite.integration,22,5219
operator:test.java.org.keycloak.operator.testsuite.unit,9,2570
operator:test.java.org.keycloak.operator.testsuite.utils,4,760
operator:main.java.org.keycloak.operator,5,416
operator:main.java.org.keycloak.operator.controllers,18,3647
operator:main.java.org.keycloak.operator.update,4,177
operator:main.java.org.keycloak.operator.update.impl,4,459
operator:main.java.org.keycloak.operator.crds.v2beta1,2,276
operator:main.java.org.keycloak.operator.crds.v2beta1.deployment,6,876
operator:main.java.org.keycloak.operator.crds.v2beta1.realmimport,6,383
operator:main.java.org.keycloak.operator.crds.v2beta1.deployment.spec,22,1621
operator:main.java.org.keycloak.operator.crds.v2alpha1.client,9,427
main:org.keycloak.operator,5,416
main:org.keycloak.operator.controllers,18,3647
main:org.keycloak.operator.update,4,177
main:org.keycloak.operator.update.impl,4,459
main:org.keycloak.operator.crds.v2beta1,2,276
main:org.keycloak.operator.crds.v2beta1.deployment,6,876
main:org.keycloak.operator.crds.v2beta1.realmimport,6,383
main:org.keycloak.operator.crds.v2beta1.deployment.spec,22,1621
main:org.keycloak.operator.crds.v2alpha1.client,9,427
config-api:test.java.org.keycloak.config.database,1,36
config-api:main.java.org.keycloak.config,31,2599
config-api:main.java.org.keycloak.config.database,1,314
main:org.keycloak.config,31,2599
main:org.keycloak.config.database,1,314
deployment:test.java.test.org.keycloak.quarkus.services.health,6,350
deployment:test.java.org.keycloak.quarkus.deployment,1,422
deployment:main.java.org.keycloak.quarkus.deployment,13,1677
main:org.keycloak.quarkus.deployment,13,1677
runtime:test.java.org.keycloak.config,3,123
runtime:test.java.org.keycloak.quarkus.runtime,1,104
runtime:test.java.org.keycloak.quarkus.runtime.cli,3,2592
runtime:test.java.org.keycloak.quarkus.runtime.configuration,11,4556
runtime:test.java.org.keycloak.quarkus.runtime.logging,1,117
runtime:test.java.org.keycloak.quarkus.runtime.configuration.mappers,2,282
runtime:main.java.org.keycloak.quarkus.runtime,7,926
runtime:main.java.org.keycloak.quarkus.runtime.cli,8,1610
runtime:main.java.org.keycloak.quarkus.runtime.configuration,16,1980
runtime:main.java.org.keycloak.quarkus.runtime.httpclient,3,921
runtime:main.java.org.keycloak.quarkus.runtime.integration,2,117
runtime:main.java.org.keycloak.quarkus.runtime.logging,2,327
runtime:main.java.org.keycloak.quarkus.runtime.policy,1,38
runtime:main.java.org.keycloak.quarkus.runtime.services,5,288
runtime:main.java.org.keycloak.quarkus.runtime.themes,3,144
runtime:main.java.org.keycloak.quarkus.runtime.tracing,4,378
runtime:main.java.org.keycloak.quarkus.runtime.transaction,2,124
runtime:main.java.org.keycloak.quarkus.runtime.vault,2,78
runtime:main.java.org.keycloak.quarkus.runtime.storage.database.jpa,4,1262
runtime:main.java.org.keycloak.quarkus.runtime.storage.database.liquibase,6,706
runtime:main.java.org.keycloak.quarkus.runtime.storage.database.liquibase.database,1,35
runtime:main.java.org.keycloak.quarkus.runtime.services.health,4,268
runtime:main.java.org.keycloak.quarkus.runtime.services.metrics,1,69
runtime:main.java.org.keycloak.quarkus.runtime.services.resources,2,256
runtime:main.java.org.keycloak.quarkus.runtime.services.metrics.events,2,338
runtime:main.java.org.keycloak.quarkus.runtime.integration.cdi,1,50
runtime:main.java.org.keycloak.quarkus.runtime.integration.jaxrs,4,302
runtime:main.java.org.keycloak.quarkus.runtime.integration.resteasy,8,683
runtime:main.java.org.keycloak.quarkus.runtime.integration.web,2,115
runtime:main.java.org.keycloak.quarkus.runtime.configuration.compatibility,1,111
runtime:main.java.org.keycloak.quarkus.runtime.configuration.mappers,28,5569
runtime:main.java.org.keycloak.quarkus.runtime.cli.command,27,2301
main:org.keycloak.quarkus.runtime,7,926
main:org.keycloak.quarkus.runtime.cli,8,1610
main:org.keycloak.quarkus.runtime.configuration,16,1980
main:org.keycloak.quarkus.runtime.httpclient,3,921
main:org.keycloak.quarkus.runtime.integration,2,117
main:org.keycloak.quarkus.runtime.logging,2,327
main:org.keycloak.quarkus.runtime.policy,1,38
main:org.keycloak.quarkus.runtime.services,5,288
main:org.keycloak.quarkus.runtime.themes,3,144
main:org.keycloak.quarkus.runtime.tracing,4,378
main:org.keycloak.quarkus.runtime.transaction,2,124
main:org.keycloak.quarkus.runtime.vault,2,78
main:org.keycloak.quarkus.runtime.storage.database.jpa,4,1262
main:org.keycloak.quarkus.runtime.storage.database.liquibase,6,706
main:org.keycloak.quarkus.runtime.storage.database.liquibase.database,1,35
main:org.keycloak.quarkus.runtime.services.health,4,268
main:org.keycloak.quarkus.runtime.services.metrics,1,69
main:org.keycloak.quarkus.runtime.services.resources,2,256
main:org.keycloak.quarkus.runtime.services.metrics.events,2,338
main:org.keycloak.quarkus.runtime.integration.cdi,1,50
main:org.keycloak.quarkus.runtime.integration.jaxrs,4,302
main:org.keycloak.quarkus.runtime.integration.resteasy,8,683
main:org.keycloak.quarkus.runtime.integration.web,2,115
main:org.keycloak.quarkus.runtime.configuration.compatibility,1,111
main:org.keycloak.quarkus.runtime.configuration.mappers,28,5569
main:org.keycloak.quarkus.runtime.cli.command,27,2301
integration:test-providers.java.org.keycloak.it.resource.realm,3,261
integration:test-providers.java.org.keycloak.it.jpa.migration,4,189
integration:test-providers.java.org.keycloak.it.jaxrs.filter,2,107
integration:test-providers.java.com.acme.provider.singlenamed,2,35
integration:test-providers.java.com.acme.provider.standalone,2,35
integration:test-providers.java.com.acme.provider.legacy.jpa.entity,5,114
integration:test-providers.java.com.acme.provider.legacy.jpa.user,3,102
integration:test.java.org.keycloak.it.approvaltests,2,70
integration:test.java.org.keycloak.it.cli,1,16
integration:test.java.org.keycloak.it.storage.database,7,431
integration:test.java.org.keycloak.it.storage.database.dist,7,307
integration:test.java.org.keycloak.it.cli.dist,50,7215
main:org.keycloak.it,1,51
main:org.keycloak.it.utils,7,1307
main:org.keycloak.it.junit5.extension,16,1497
main:org.keycloak.admin.ui.rest,14,1967
main:org.keycloak.admin.ui.rest.model,19,1082
api:test.java.org.keycloak.admin.api,2,282
api:main.java.org.keycloak.representations.admin.v2,4,637
api:main.java.org.keycloak.representations.admin.v2.validation,12,244
api:main.java.org.keycloak.admin.api,5,193
api:main.java.org.keycloak.admin.api.client,2,149
main:org.keycloak.representations.admin.v2,4,637
main:org.keycloak.representations.admin.v2.validation,12,244
main:org.keycloak.admin.api,5,193
main:org.keycloak.admin.api.client,2,149
services:test.java.org.keycloak.services.client.query,2,174
services:test.java.org.keycloak.rest.admin.api.client,1,33
services:test.java.org.keycloak.representations.admin.v2.validators,1,32
services:test.java.org.keycloak.admin.internal.openapi,3,864
services:main.java.org.keycloak.services,20,3207
services:main.java.org.keycloak.validation.jakarta,3,164
services:main.java.org.keycloak.services.client,2,362
services:main.java.org.keycloak.services.error,5,354
services:main.java.org.keycloak.services.client.query,2,103
services:main.java.org.keycloak.services.client.scim,4,1166
services:main.java.org.keycloak.rest.admin.api,2,70
services:main.java.org.keycloak.rest.admin.api.client,2,347
services:main.java.org.keycloak.representations.admin.v2.validators,13,499
services:main.java.org.keycloak.models.utils,1,34
services:main.java.org.keycloak.events.admin.v2,1,57
services:main.java.org.keycloak.admin.internal.openapi,3,1770
main:org.keycloak.services,20,3207
main:org.keycloak.validation.jakarta,3,164
main:org.keycloak.services.client,2,362
main:org.keycloak.services.error,5,354
main:org.keycloak.services.client.query,2,103
main:org.keycloak.services.client.scim,4,1166
main:org.keycloak.rest.admin.api,2,70
main:org.keycloak.rest.admin.api.client,2,347
main:org.keycloak.representations.admin.v2.validators,13,499
main:org.keycloak.models.utils,34,10687
main:org.keycloak.events.admin.v2,1,57
main:org.keycloak.admin.internal.openapi,3,1770
tests:test.java.org.keycloak.tests.admin.mapper,3,1152
tests:test.java.org.keycloak.tests.admin.client.v2,11,4747
tests:test.java.org.keycloak.tests.admin.client.v2.validation,6,2332
tests:test.java.org.keycloak.tests.admin.cli.v2,7,1963
saml-core:test.java.org.keycloak.rotation,1,153
saml-core:test.java.org.keycloak.saml,3,274
saml-core:test.java.org.keycloak.saml.validators,1,121
saml-core:test.java.org.keycloak.saml.processing.core.util,2,156
saml-core:test.java.org.keycloak.saml.processing.core.saml.v2.util,3,288
saml-core:test.java.org.keycloak.saml.processing.core.saml.v2.writers,2,130
saml-core:test.java.org.keycloak.saml.processing.core.parsers.saml,6,1667
saml-core:test.java.org.keycloak.saml.processing.api.saml.v2.sig,1,188
saml-core:test.java.org.keycloak.saml.common.util,3,457
saml-core:main.java.org.keycloak.rotation,3,418
saml-core:main.java.org.keycloak.saml,15,2038
saml-core:main.java.org.keycloak.saml.common,4,3861
saml-core:main.java.org.keycloak.saml.validators,3,511
saml-core:main.java.org.keycloak.saml.processing.web.util,2,357
saml-core:main.java.org.keycloak.saml.processing.core.constants,2,62
saml-core:main.java.org.keycloak.saml.processing.core.util,11,2505
saml-core:main.java.org.keycloak.saml.processing.core.saml.v1,1,118
saml-core:main.java.org.keycloak.saml.processing.core.saml.v2.common,2,121
saml-core:main.java.org.keycloak.saml.processing.core.saml.v2.constants,1,162
saml-core:main.java.org.keycloak.saml.processing.core.saml.v2.factories,3,469
saml-core:main.java.org.keycloak.saml.processing.core.saml.v2.holders,5,314
saml-core:main.java.org.keycloak.saml.processing.core.saml.v2.util,8,1902
saml-core:main.java.org.keycloak.saml.processing.core.saml.v2.writers,5,1949
saml-core:main.java.org.keycloak.saml.processing.core.saml.v1.writers,4,795
saml-core:main.java.org.keycloak.saml.processing.core.parsers.saml,5,696
saml-core:main.java.org.keycloak.saml.processing.core.parsers.util,4,984
saml-core:main.java.org.keycloak.saml.processing.core.parsers.saml.assertion,15,1247
saml-core:main.java.org.keycloak.saml.processing.core.parsers.saml.mdattr,1,44
saml-core:main.java.org.keycloak.saml.processing.core.parsers.saml.mdui,1,95
saml-core:main.java.org.keycloak.saml.processing.core.parsers.saml.metadata,31,1592
saml-core:main.java.org.keycloak.saml.processing.core.parsers.saml.protocol,15,1260
saml-core:main.java.org.keycloak.saml.processing.core.parsers.saml.xmldsig,6,440
saml-core:main.java.org.keycloak.saml.processing.api.util,2,238
saml-core:main.java.org.keycloak.saml.processing.api.saml.v2.request,2,541
saml-core:main.java.org.keycloak.saml.processing.api.saml.v2.response,2,607
saml-core:main.java.org.keycloak.saml.processing.api.saml.v2.sig,1,228
saml-core:main.java.org.keycloak.saml.common.parsers,4,438
saml-core:main.java.org.keycloak.saml.common.util,8,2751
main:org.keycloak.rotation,3,418
main:org.keycloak.saml,15,2038
main:org.keycloak.saml.common,4,3861
main:org.keycloak.saml.validators,3,511
main:org.keycloak.saml.processing.web.util,2,357
main:org.keycloak.saml.processing.core.constants,2,62
main:org.keycloak.saml.processing.core.util,11,2505
main:org.keycloak.saml.processing.core.saml.v1,1,118
main:org.keycloak.saml.processing.core.saml.v2.common,2,121
main:org.keycloak.saml.processing.core.saml.v2.constants,1,162
main:org.keycloak.saml.processing.core.saml.v2.factories,3,469
main:org.keycloak.saml.processing.core.saml.v2.holders,5,314
main:org.keycloak.saml.processing.core.saml.v2.util,8,1902
main:org.keycloak.saml.processing.core.saml.v2.writers,5,1949
main:org.keycloak.saml.processing.core.saml.v1.writers,4,795
main:org.keycloak.saml.processing.core.parsers.saml,5,696
main:org.keycloak.saml.processing.core.parsers.util,4,984
main:org.keycloak.saml.processing.core.parsers.saml.assertion,15,1247
main:org.keycloak.saml.processing.core.parsers.saml.mdattr,1,44
main:org.keycloak.saml.processing.core.parsers.saml.mdui,1,95
main:org.keycloak.saml.processing.core.parsers.saml.metadata,31,1592
main:org.keycloak.saml.processing.core.parsers.saml.protocol,15,1260
main:org.keycloak.saml.processing.core.parsers.saml.xmldsig,6,440
main:org.keycloak.saml.processing.api.util,2,238
main:org.keycloak.saml.processing.api.saml.v2.request,2,541
main:org.keycloak.saml.processing.api.saml.v2.response,2,607
main:org.keycloak.saml.processing.api.saml.v2.sig,1,228
main:org.keycloak.saml.common.parsers,4,438
main:org.keycloak.saml.common.util,8,2751
main:org.keycloak.saml.common.constants,4,940
main:org.keycloak.saml.common.exceptions,7,309
main:org.keycloak.saml.common.exceptions.fed,5,247
main:org.keycloak.dom.xmlsec.w3.xmldsig,24,2269
main:org.keycloak.dom.xmlsec.w3.xmlenc,13,1121
main:org.keycloak.dom.saml.common,7,483
main:org.keycloak.dom.saml.v2,1,27
main:org.keycloak.dom.saml.v2.ac,40,4503
main:org.keycloak.dom.saml.v2.assertion,30,2734
main:org.keycloak.dom.saml.v2.mdattr,1,61
main:org.keycloak.dom.saml.v2.mdui,3,210
main:org.keycloak.dom.saml.v2.metadata,25,3590
main:org.keycloak.dom.saml.v2.protocol,27,2884
main:org.keycloak.dom.saml.v2.profiles.sso.ecp,4,380
main:org.keycloak.dom.saml.v2.profiles.attribute.dce,2,116
main:org.keycloak.dom.saml.v2.ac.classes,45,3371
main:org.keycloak.dom.saml.v1.assertion,24,1220
main:org.keycloak.dom.saml.v1.protocol,11,664
main:org.keycloak.scim.client,9,784
main:org.keycloak.scim.client.authorization,2,47
core:test.java.org.keycloak.scim.filter,1,337
core:test.java.org.keycloak.scim.resource.response,1,222
core:test.java.org.keycloak.scim.protocol.request,1,77
core:main.java.org.keycloak.scim.filter,3,221
core:main.java.org.keycloak.scim.protocol,1,8
core:main.java.org.keycloak.scim.resource,2,165
core:main.java.org.keycloak.scim.resource.common,2,126
core:main.java.org.keycloak.scim.resource.config,1,242
core:main.java.org.keycloak.scim.resource.group,2,63
core:main.java.org.keycloak.scim.resource.resourcetype,1,100
core:main.java.org.keycloak.scim.resource.schema,3,820
core:main.java.org.keycloak.scim.resource.spi,11,786
core:main.java.org.keycloak.scim.resource.user,5,473
core:main.java.org.keycloak.scim.resource.schema.attribute,4,844
core:main.java.org.keycloak.scim.resource.schema.path,2,235
core:main.java.org.keycloak.scim.protocol.request,2,326
core:main.java.org.keycloak.scim.protocol.response,3,230
main:org.keycloak.scim.filter,3,221
main:org.keycloak.scim.protocol,1,8
main:org.keycloak.scim.resource,2,165
main:org.keycloak.scim.resource.common,2,126
main:org.keycloak.scim.resource.config,1,242
main:org.keycloak.scim.resource.group,2,63
main:org.keycloak.scim.resource.resourcetype,1,100
main:org.keycloak.scim.resource.schema,3,820
main:org.keycloak.scim.resource.spi,11,786
main:org.keycloak.scim.resource.user,5,473
main:org.keycloak.scim.resource.schema.attribute,4,844
main:org.keycloak.scim.resource.schema.path,2,235
main:org.keycloak.scim.protocol.request,2,326
main:org.keycloak.scim.protocol.response,3,230
main:org.keycloak.scim.model.config,2,118
main:org.keycloak.scim.model.filter,4,579
main:org.keycloak.scim.model.group,3,578
main:org.keycloak.scim.model.resourcetype,2,151
main:org.keycloak.scim.model.schema,2,289
main:org.keycloak.scim.model.user,7,1261
main:org.keycloak.scim.services,4,634
base:test.java.org.keycloak.tests.scim.tck,16,9639
main:org.keycloak.testframework.scim.client,2,118
main:org.keycloak.testframework.scim.client.annotations,1,22
server-spi:test.java.org.keycloak.models,2,159
server-spi:test.java.org.keycloak.provider,1,66
server-spi:test.java.org.keycloak.storage,1,90
server-spi:test.java.org.keycloak.utils,2,139
server-spi:test.java.org.keycloak.models.credential,2,175
server-spi:main.java.org.keycloak.component,7,648
server-spi:main.java.org.keycloak.credential,11,1116
server-spi:main.java.org.keycloak.http,3,187
server-spi:main.java.org.keycloak.keys,3,138
server-spi:main.java.org.keycloak.locale,6,196
server-spi:main.java.org.keycloak.migration,1,30
server-spi:main.java.org.keycloak.models,88,11284
server-spi:main.java.org.keycloak.organization,2,591
server-spi:main.java.org.keycloak.policy,4,150
server-spi:main.java.org.keycloak.provider,12,829
server-spi:main.java.org.keycloak.rar,3,204
server-spi:main.java.org.keycloak.sessions,5,593
server-spi:main.java.org.keycloak.storage,3,230
server-spi:main.java.org.keycloak.theme,7,387
server-spi:main.java.org.keycloak.urls,4,236
server-spi:main.java.org.keycloak.userprofile,10,1175
server-spi:main.java.org.keycloak.utils,2,212
server-spi:main.java.org.keycloak.validate,11,1226
server-spi:main.java.org.keycloak.vault,8,389
server-spi:main.java.org.keycloak.storage.client,1,85
server-spi:main.java.org.keycloak.storage.clientscope,1,32
server-spi:main.java.org.keycloak.storage.group,1,88
server-spi:main.java.org.keycloak.storage.role,2,126
server-spi:main.java.org.keycloak.storage.user,7,720
server-spi:main.java.org.keycloak.services.clientpolicy,4,314
server-spi:main.java.org.keycloak.models.credential,5,493
server-spi:main.java.org.keycloak.models.utils,6,1045
server-spi:main.java.org.keycloak.models.credential.dto,10,498
server-spi:main.java.org.keycloak.credential.hash,1,86
main:org.keycloak.component,12,947
main:org.keycloak.http,3,187
main:org.keycloak.keys,43,3850
main:org.keycloak.locale,10,599
main:org.keycloak.organization,4,675
main:org.keycloak.policy,42,3288
main:org.keycloak.provider,25,1699
main:org.keycloak.rar,3,204
main:org.keycloak.sessions,10,862
main:org.keycloak.theme,35,3128
main:org.keycloak.urls,4,236
main:org.keycloak.userprofile,23,4179
main:org.keycloak.validate,12,1313
main:org.keycloak.vault,20,1406
main:org.keycloak.services.clientpolicy,13,1594
main:org.keycloak.models.credential,5,493
main:org.keycloak.models.credential.dto,10,498
main:org.keycloak.credential.hash,9,514
server-spi-private:test.java.org.keycloak.component,1,60
server-spi-private:test.java.org.keycloak.models,6,844
server-spi-private:test.java.org.keycloak.policy,2,236
server-spi-private:test.java.org.keycloak.utils,1,230
server-spi-private:test.java.org.keycloak.models.utils,4,869
server-spi-private:test.java.org.keycloak.http.simple,1,257
server-spi-private:test.java.org.keycloak.connections.httpclient,1,207
server-spi-private:test.java.org.keycloak.connections.jpa.support,1,60
server-spi-private:test.java.org.keycloak.broker.provider.util,2,2023
server-spi-private:main.java.org.keycloak,1,48
server-spi-private:main.java.org.keycloak.authentication,35,2455
server-spi-private:main.java.org.keycloak.authorization,6,877
server-spi-private:main.java.org.keycloak.cache,8,288
server-spi-private:main.java.org.keycloak.cluster,5,280
server-spi-private:main.java.org.keycloak.compatibility,6,271
server-spi-private:main.java.org.keycloak.component,5,299
server-spi-private:main.java.org.keycloak.constants,1,66
server-spi-private:main.java.org.keycloak.cookie,7,227
server-spi-private:main.java.org.keycloak.credential,2,100
server-spi-private:main.java.org.keycloak.crl,3,118
server-spi-private:main.java.org.keycloak.crypto,15,625
server-spi-private:main.java.org.keycloak.deployment,4,195
server-spi-private:main.java.org.keycloak.device,4,147
server-spi-private:main.java.org.keycloak.email,7,364
server-spi-private:main.java.org.keycloak.events,13,1553
server-spi-private:main.java.org.keycloak.executors,3,113
server-spi-private:main.java.org.keycloak.exportimport,10,406
server-spi-private:main.java.org.keycloak.headers,4,145
server-spi-private:main.java.org.keycloak.health,3,115
server-spi-private:main.java.org.keycloak.keys,8,363
server-spi-private:main.java.org.keycloak.logging,5,198
server-spi-private:main.java.org.keycloak.migration,4,325
server-spi-private:main.java.org.keycloak.models,49,2845
server-spi-private:main.java.org.keycloak.organization,2,84
server-spi-private:main.java.org.keycloak.partialimport,4,267
server-spi-private:main.java.org.keycloak.policy,38,3138
server-spi-private:main.java.org.keycloak.protocol,10,838
server-spi-private:main.java.org.keycloak.provider,8,465
server-spi-private:main.java.org.keycloak.scripting,9,445
server-spi-private:main.java.org.keycloak.securityprofile,3,127
server-spi-private:main.java.org.keycloak.sessions,5,269
server-spi-private:main.java.org.keycloak.storage,11,566
server-spi-private:main.java.org.keycloak.theme,5,151
server-spi-private:main.java.org.keycloak.timer,5,226
server-spi-private:main.java.org.keycloak.tracing,7,583
server-spi-private:main.java.org.keycloak.transaction,3,223
server-spi-private:main.java.org.keycloak.truststore,3,134
server-spi-private:main.java.org.keycloak.userprofile,9,1663
server-spi-private:main.java.org.keycloak.utils,11,2697
server-spi-private:main.java.org.keycloak.validate,1,87
server-spi-private:main.java.org.keycloak.validation,10,511
server-spi-private:main.java.org.keycloak.validate.validators,13,1405
server-spi-private:main.java.org.keycloak.storage.adapter,2,495
server-spi-private:main.java.org.keycloak.storage.role,2,189
server-spi-private:main.java.org.keycloak.services.clientpolicy,3,103
server-spi-private:main.java.org.keycloak.services.cors,3,192
server-spi-private:main.java.org.keycloak.services.managers,3,128
server-spi-private:main.java.org.keycloak.services.resource,6,186
server-spi-private:main.java.org.keycloak.services.scheduled,2,134
server-spi-private:main.java.org.keycloak.services.ui.extend,6,120
server-spi-private:main.java.org.keycloak.services.clientpolicy.condition,5,289
server-spi-private:main.java.org.keycloak.services.clientpolicy.executor,3,153
server-spi-private:main.java.org.keycloak.protocol.oidc,9,577
server-spi-private:main.java.org.keycloak.protocol.saml,5,116
server-spi-private:main.java.org.keycloak.protocol.saml.util,1,54
server-spi-private:main.java.org.keycloak.protocol.oidc.grants,3,301
server-spi-private:main.java.org.keycloak.protocol.oidc.rar,7,356
server-spi-private:main.java.org.keycloak.protocol.oidc.scope,3,183
server-spi-private:main.java.org.keycloak.protocol.oidc.verifier,4,95
server-spi-private:main.java.org.keycloak.organization.validation,1,56
server-spi-private:main.java.org.keycloak.models.delegate,1,653
server-spi-private:main.java.org.keycloak.models.light,3,597
server-spi-private:main.java.org.keycloak.models.oid4vci,2,774
server-spi-private:main.java.org.keycloak.models.utils,27,9608
server-spi-private:main.java.org.keycloak.models.workflow,30,1991
server-spi-private:main.java.org.keycloak.models.utils.reflection,10,892
server-spi-private:main.java.org.keycloak.models.cache.authorization,3,108
server-spi-private:main.java.org.keycloak.migration.migrators,2,163
server-spi-private:main.java.org.keycloak.http.simple,4,508
server-spi-private:main.java.org.keycloak.forms.login,5,310
server-spi-private:main.java.org.keycloak.events.admin,6,837
server-spi-private:main.java.org.keycloak.credential.hash,8,428
server-spi-private:main.java.org.keycloak.connections.httpclient,5,592
server-spi-private:main.java.org.keycloak.connections.jpa.support,2,410
server-spi-private:main.java.org.keycloak.client.clienttype,8,350
server-spi-private:main.java.org.keycloak.broker.provider,25,2062
server-spi-private:main.java.org.keycloak.broker.social,3,100
server-spi-private:main.java.org.keycloak.broker.provider.mappersync,5,291
server-spi-private:main.java.org.keycloak.broker.provider.util,3,746
server-spi-private:main.java.org.keycloak.authorization.attribute,2,174
server-spi-private:main.java.org.keycloak.authorization.fgap,1,693
server-spi-private:main.java.org.keycloak.authorization.identity,3,185
server-spi-private:main.java.org.keycloak.authorization.model,9,957
server-spi-private:main.java.org.keycloak.authorization.permission,2,344
server-spi-private:main.java.org.keycloak.authorization.store,9,943
server-spi-private:main.java.org.keycloak.authorization.store.syncronization,7,295
server-spi-private:main.java.org.keycloak.authorization.policy.evaluation,12,1491
server-spi-private:main.java.org.keycloak.authorization.policy.provider,5,212
server-spi-private:main.java.org.keycloak.authorization.permission.evaluator,4,267
server-spi-private:main.java.org.keycloak.authorization.fgap.evaluation,3,356
server-spi-private:main.java.org.keycloak.authorization.fgap.evaluation.partial,6,808
server-spi-private:main.java.org.keycloak.authentication.otp,3,58
main:org.keycloak.authentication,44,5775
main:org.keycloak.authorization,9,1028
main:org.keycloak.cache,13,782
main:org.keycloak.cookie,10,429
main:org.keycloak.crl,3,118
main:org.keycloak.deployment,6,307
main:org.keycloak.device,6,342
main:org.keycloak.email,14,1218
main:org.keycloak.events,13,1553
main:org.keycloak.executors,4,332
main:org.keycloak.headers,8,495
main:org.keycloak.health,3,115
main:org.keycloak.logging,5,198
main:org.keycloak.partialimport,15,1570
main:org.keycloak.protocol,13,1478
main:org.keycloak.scripting,14,838
main:org.keycloak.securityprofile,3,127
main:org.keycloak.timer,5,226
main:org.keycloak.tracing,7,583
main:org.keycloak.transaction,7,649
main:org.keycloak.truststore,9,1082
main:org.keycloak.validation,12,1175
main:org.keycloak.validate.validators,13,1405
main:org.keycloak.services.cors,5,523
main:org.keycloak.services.resource,6,186
main:org.keycloak.services.ui.extend,6,120
main:org.keycloak.services.clientpolicy.condition,31,2822
main:org.keycloak.services.clientpolicy.executor,76,8838
main:org.keycloak.protocol.oidc,29,6774
main:org.keycloak.protocol.saml,24,5520
main:org.keycloak.protocol.saml.util,1,54
main:org.keycloak.protocol.oidc.grants,23,3206
main:org.keycloak.protocol.oidc.rar,8,502
main:org.keycloak.protocol.oidc.scope,11,559
main:org.keycloak.protocol.oidc.verifier,4,95
main:org.keycloak.organization.validation,1,56
main:org.keycloak.models.delegate,1,653
main:org.keycloak.models.light,3,597
main:org.keycloak.models.oid4vci,2,774
main:org.keycloak.models.utils.reflection,10,892
main:org.keycloak.models.cache.authorization,3,108
main:org.keycloak.http.simple,4,508
main:org.keycloak.forms.login,5,310
main:org.keycloak.events.admin,6,837
main:org.keycloak.connections.httpclient,11,1879
main:org.keycloak.connections.jpa.support,2,410
main:org.keycloak.client.clienttype,8,350
main:org.keycloak.broker.provider,31,2866
main:org.keycloak.broker.social,3,100
main:org.keycloak.broker.provider.mappersync,5,291
main:org.keycloak.broker.provider.util,3,746
main:org.keycloak.authorization.attribute,2,174
main:org.keycloak.authorization.fgap,1,693
main:org.keycloak.authorization.identity,3,185
main:org.keycloak.authorization.model,9,957
main:org.keycloak.authorization.permission,2,344
main:org.keycloak.authorization.store,9,943
main:org.keycloak.authorization.store.syncronization,7,295
main:org.keycloak.authorization.policy.evaluation,12,1491
main:org.keycloak.authorization.policy.provider,5,212
main:org.keycloak.authorization.permission.evaluator,4,267
main:org.keycloak.authorization.fgap.evaluation,3,356
main:org.keycloak.authorization.fgap.evaluation.partial,6,808
main:org.keycloak.authentication.otp,6,165
services:test.java.org.keycloak.cache,1,32
services:test.java.org.keycloak.compatibility,3,279
services:test.java.org.keycloak.crypto,1,40
services:test.java.org.keycloak.email,1,85
services:test.java.org.keycloak.exportimport,1,87
services:test.java.org.keycloak.locale,1,81
services:test.java.org.keycloak.protocol,3,215
services:test.java.org.keycloak.services,2,283
services:test.java.org.keycloak.test,2,164
services:test.java.org.keycloak.theme,7,787
services:test.java.org.keycloak.truststore,2,408
services:test.java.org.keycloak.url,1,96
services:test.java.org.keycloak.utils,6,530
services:test.java.org.keycloak.vault,6,938
services:test.java.org.keycloak.userprofile.validator,2,214
services:test.java.org.keycloak.theme.beans,3,347
services:test.java.org.keycloak.test.login.freemarker.model,1,88
services:test.java.org.keycloak.test.broker.oidc,2,354
services:test.java.org.keycloak.test.broker.saml,3,385
services:test.java.org.keycloak.test.broker.oidc.mappers,1,149
services:test.java.org.keycloak.social.github,1,68
services:test.java.org.keycloak.social.openshift,1,74
services:test.java.org.keycloak.social.twitter,1,78
services:test.java.org.keycloak.services.resteasy,9,590
services:test.java.org.keycloak.services.securityprofile,1,83
services:test.java.org.keycloak.services.util,2,316
services:test.java.org.keycloak.services.x509,4,805
services:test.java.org.keycloak.services.resources.admin.fgap,1,30
services:test.java.org.keycloak.services.clientregistration.policy.impl,3,308
services:test.java.org.keycloak.services.clientpolicy.executor,2,889
services:test.java.org.keycloak.protocol.oid4vc,1,84
services:test.java.org.keycloak.protocol.oidc,3,294
services:test.java.org.keycloak.protocol.saml,4,2838
services:test.java.org.keycloak.protocol.saml.profile.util,1,177
services:test.java.org.keycloak.protocol.oidc.encode,1,127
services:test.java.org.keycloak.protocol.oidc.grants,1,155
services:test.java.org.keycloak.protocol.oidc.mappers,1,145
services:test.java.org.keycloak.protocol.oidc.resourceindicators,1,44
services:test.java.org.keycloak.protocol.oidc.utils,3,1403
services:test.java.org.keycloak.protocol.oidc.endpoints.request,1,263
services:test.java.org.keycloak.protocol.oid4vc.issuance,2,675
services:test.java.org.keycloak.protocol.oid4vc.model,4,255
services:test.java.org.keycloak.protocol.oid4vc.issuance.credentialbuilder,2,398
services:test.java.org.keycloak.protocol.oid4vc.issuance.credentialoffer,2,206
services:test.java.org.keycloak.protocol.oid4vc.issuance.keybinding,2,264
services:test.java.org.keycloak.protocol.oid4vc.issuance.mappers,1,181
services:test.java.org.keycloak.protocol.oid4vc.issuance.signing.vcdm,2,429
services:test.java.org.keycloak.protocol.docker.mapper,2,150
services:test.java.org.keycloak.procotol.docker.installation,2,243
services:test.java.org.keycloak.organization.utils,1,118
services:test.java.org.keycloak.jose.jwk,1,125
services:test.java.org.keycloak.forms.login.freemarker.model,1,47
services:test.java.org.keycloak.events.log,1,289
services:test.java.org.keycloak.connections.httpclient,4,642
services:test.java.org.keycloak.broker.kubernetes,1,67
services:test.java.org.keycloak.broker.oid4vp,2,171
services:test.java.org.keycloak.broker.oidc,1,209
services:test.java.org.keycloak.broker.oid4vp.mappers,3,557
services:test.java.org.keycloak.authentication.authenticators.browser,1,37
services:test.java.org.keycloak.authentication.authenticators.x509,2,396
services:main.java.org.keycloak,1,85
services:main.java.org.keycloak.authentication,9,3320
services:main.java.org.keycloak.authorization,3,151
services:main.java.org.keycloak.cache,5,494
services:main.java.org.keycloak.compatibility,2,186
services:main.java.org.keycloak.cookie,3,202
services:main.java.org.keycloak.credential,15,1729
services:main.java.org.keycloak.crypto,69,2820
services:main.java.org.keycloak.deployment,2,112
services:main.java.org.keycloak.device,2,195
services:main.java.org.keycloak.email,7,854
services:main.java.org.keycloak.encoding,6,272
services:main.java.org.keycloak.executors,1,219
services:main.java.org.keycloak.exportimport,6,476
services:main.java.org.keycloak.headers,4,350
services:main.java.org.keycloak.keys,32,3349
services:main.java.org.keycloak.locale,4,403
services:main.java.org.keycloak.partialimport,11,1303
services:main.java.org.keycloak.protocol,3,640
services:main.java.org.keycloak.provider,5,405
services:main.java.org.keycloak.scripting,5,393
services:main.java.org.keycloak.theme,23,2590
services:main.java.org.keycloak.transaction,4,426
services:main.java.org.keycloak.truststore,6,948
services:main.java.org.keycloak.url,2,327
services:main.java.org.keycloak.userprofile,4,1341
services:main.java.org.keycloak.utils,17,1969
services:main.java.org.keycloak.validation,2,664
services:main.java.org.keycloak.vault,12,1017
services:main.java.org.keycloak.wellknown,3,138
services:main.java.org.keycloak.workflow.admin.resource,2,431
services:main.java.org.keycloak.userprofile.config,2,493
services:main.java.org.keycloak.userprofile.validator,17,1473
services:main.java.org.keycloak.timer.basic,3,270
services:main.java.org.keycloak.theme.beans,6,510
services:main.java.org.keycloak.theme.freemarker,5,190
services:main.java.org.keycloak.social.bitbucket,2,248
services:main.java.org.keycloak.social.facebook,4,275
services:main.java.org.keycloak.social.github,3,351
services:main.java.org.keycloak.social.gitlab,2,232
services:main.java.org.keycloak.social.google,4,380
services:main.java.org.keycloak.social.instagram,3,201
services:main.java.org.keycloak.social.linkedin,4,264
services:main.java.org.keycloak.social.microsoft,4,329
services:main.java.org.keycloak.social.openshift,4,255
services:main.java.org.keycloak.social.paypal,4,264
services:main.java.org.keycloak.social.stackoverflow,4,392
services:main.java.org.keycloak.social.twitter,2,373
services:main.java.org.keycloak.services.clientpolicy,6,1177
services:main.java.org.keycloak.services.clientregistration,18,1829
services:main.java.org.keycloak.services.clienttype,2,278
services:main.java.org.keycloak.services.cors,2,331
services:main.java.org.keycloak.services.filters,2,120
services:main.java.org.keycloak.services.logging,1,148
services:main.java.org.keycloak.services.managers,20,6329
services:main.java.org.keycloak.services.messages,1,387
services:main.java.org.keycloak.services.migration,2,206
services:main.java.org.keycloak.services.resources,17,5747
services:main.java.org.keycloak.services.securityprofile,2,164
services:main.java.org.keycloak.services.util,17,3037
services:main.java.org.keycloak.services.validation,1,81
services:main.java.org.keycloak.services.x509,20,1778
services:main.java.org.keycloak.services.resources.account,13,2696
services:main.java.org.keycloak.services.resources.admin,42,15453
services:main.java.org.keycloak.services.resources.admin.ext,3,121
services:main.java.org.keycloak.services.resources.admin.fgap,33,6265
services:main.java.org.keycloak.services.resources.admin.info,1,508
services:main.java.org.keycloak.services.resources.account.resources,3,730
services:main.java.org.keycloak.services.clienttype.client,2,456
services:main.java.org.keycloak.services.clienttype.impl,3,213
services:main.java.org.keycloak.services.clientregistration.oidc,4,894
services:main.java.org.keycloak.services.clientregistration.policy,8,570
services:main.java.org.keycloak.services.clientregistration.policy.impl,16,1536
services:main.java.org.keycloak.services.clientpolicy.condition,26,2533
services:main.java.org.keycloak.services.clientpolicy.context,50,2325
services:main.java.org.keycloak.services.clientpolicy.executor,73,8685
services:main.java.org.keycloak.services.clientpolicy.context.admin,5,361
services:main.java.org.keycloak.protocol.docker,7,790
services:main.java.org.keycloak.protocol.oauth2,1,38
services:main.java.org.keycloak.protocol.oid4vc,3,587
services:main.java.org.keycloak.protocol.oidc,20,6197
services:main.java.org.keycloak.protocol.saml,19,5404
services:main.java.org.keycloak.protocol.util,1,23
services:main.java.org.keycloak.protocol.saml.clientregistration,3,153
services:main.java.org.keycloak.protocol.saml.installation,5,790
services:main.java.org.keycloak.protocol.saml.mappers,24,2115
services:main.java.org.keycloak.protocol.saml.preprocessor,2,139
services:main.java.org.keycloak.protocol.saml.profile.ecp,1,191
services:main.java.org.keycloak.protocol.saml.profile.util,1,373
services:main.java.org.keycloak.protocol.saml.profile.ecp.authenticator,2,253
services:main.java.org.keycloak.protocol.oidc.encode,6,537
services:main.java.org.keycloak.protocol.oidc.endpoints,13,3324
services:main.java.org.keycloak.protocol.oidc.ext,3,72
services:main.java.org.keycloak.protocol.oidc.grants,20,2905
services:main.java.org.keycloak.protocol.oidc.installation,3,470
services:main.java.org.keycloak.protocol.oidc.mappers,39,4906
services:main.java.org.keycloak.protocol.oidc.par,1,50
services:main.java.org.keycloak.protocol.oidc.rar,1,146
services:main.java.org.keycloak.protocol.oidc.refresh,9,676
services:main.java.org.keycloak.protocol.oidc.resourceindicators,4,188
services:main.java.org.keycloak.protocol.oidc.scope,8,376
services:main.java.org.keycloak.protocol.oidc.token,5,87
services:main.java.org.keycloak.protocol.oidc.tokenexchange,7,1815
services:main.java.org.keycloak.protocol.oidc.utils,19,2712
services:main.java.org.keycloak.protocol.oidc.rar.model,1,74
services:main.java.org.keycloak.protocol.oidc.rar.parsers,2,253
services:main.java.org.keycloak.protocol.oidc.par.endpoints,3,413
services:main.java.org.keycloak.protocol.oidc.par.endpoints.request,3,274
services:main.java.org.keycloak.protocol.oidc.par.clientpolicy.context,1,64
services:main.java.org.keycloak.protocol.oidc.grants.ciba,3,494
services:main.java.org.keycloak.protocol.oidc.grants.device,2,456
services:main.java.org.keycloak.protocol.oidc.grants.device.endpoints,2,538
services:main.java.org.keycloak.protocol.oidc.grants.device.clientpolicy.context,3,171
services:main.java.org.keycloak.protocol.oidc.grants.ciba.channel,8,687
services:main.java.org.keycloak.protocol.oidc.grants.ciba.endpoints,5,797
services:main.java.org.keycloak.protocol.oidc.grants.ciba.resolvers,5,264
services:main.java.org.keycloak.protocol.oidc.grants.ciba.endpoints.request,5,517
services:main.java.org.keycloak.protocol.oidc.grants.ciba.clientpolicy.context,4,211
services:main.java.org.keycloak.protocol.oidc.grants.ciba.clientpolicy.executor,6,669
services:main.java.org.keycloak.protocol.oidc.endpoints.request,6,835
services:main.java.org.keycloak.protocol.oid4vc.clientpolicy,5,257
services:main.java.org.keycloak.protocol.oid4vc.issuance,16,4005
services:main.java.org.keycloak.protocol.oid4vc.model,51,5424
services:main.java.org.keycloak.protocol.oid4vc.refresh,4,541
services:main.java.org.keycloak.protocol.oid4vc.utils,3,722
services:main.java.org.keycloak.protocol.oid4vc.verifier,3,130
services:main.java.org.keycloak.protocol.oid4vc.resources.admin,1,359
services:main.java.org.keycloak.protocol.oid4vc.model.vcdm,1,106
services:main.java.org.keycloak.protocol.oid4vc.issuance.credentialbuilder,18,1084
services:main.java.org.keycloak.protocol.oid4vc.issuance.credentialoffer,12,932
services:main.java.org.keycloak.protocol.oid4vc.issuance.keybinding,18,2042
services:main.java.org.keycloak.protocol.oid4vc.issuance.mappers,9,1676
services:main.java.org.keycloak.protocol.oid4vc.issuance.requiredactions,4,488
services:main.java.org.keycloak.protocol.oid4vc.issuance.signing,13,768
services:main.java.org.keycloak.protocol.oid4vc.issuance.signing.vcdm,4,549
services:main.java.org.keycloak.protocol.oid4vc.issuance.credentialoffer.preauth,5,217
services:main.java.org.keycloak.protocol.oauth2.cimd.provider,7,615
services:main.java.org.keycloak.protocol.oauth2.cimd.clientpolicy.condition,2,214
services:main.java.org.keycloak.protocol.oauth2.cimd.clientpolicy.context,4,104
services:main.java.org.keycloak.protocol.oauth2.cimd.clientpolicy.executor,5,1406
services:main.java.org.keycloak.protocol.docker.installation,3,316
services:main.java.org.keycloak.protocol.docker.mapper,3,120
services:main.java.org.keycloak.protocol.docker.installation.compose,4,205
services:main.java.org.keycloak.organization.utils,1,578
services:main.java.org.keycloak.organization.validator,1,175
services:main.java.org.keycloak.organization.protocol.mappers.oidc,5,1098
services:main.java.org.keycloak.organization.protocol.mappers.saml,2,306
services:main.java.org.keycloak.organization.forms.login.freemarker.model,3,272
services:main.java.org.keycloak.organization.authentication.authenticators.broker,2,278
services:main.java.org.keycloak.organization.authentication.authenticators.browser,2,644
services:main.java.org.keycloak.organization.admin.resource,7,2386
services:main.java.org.keycloak.models.workflow,32,1848
services:main.java.org.keycloak.models.workflow.client,4,212
services:main.java.org.keycloak.keys.loader,4,385
services:main.java.org.keycloak.jose.jws,1,392
services:main.java.org.keycloak.forms.login.freemarker,6,1470
services:main.java.org.keycloak.forms.login.freemarker.model,27,2474
services:main.java.org.keycloak.events.email,2,236
services:main.java.org.keycloak.events.log,2,355
services:main.java.org.keycloak.email.freemarker,2,418
services:main.java.org.keycloak.email.freemarker.beans,3,251
services:main.java.org.keycloak.connections.httpclient,6,1287
services:main.java.org.keycloak.broker.jwtauthorizationgrant,4,309
services:main.java.org.keycloak.broker.kubernetes,6,392
services:main.java.org.keycloak.broker.oauth,2,249
services:main.java.org.keycloak.broker.oid4vp,12,1626
services:main.java.org.keycloak.broker.oidc,8,3272
services:main.java.org.keycloak.broker.provider,6,804
services:main.java.org.keycloak.broker.saml,5,2510
services:main.java.org.keycloak.broker.spiffe,7,303
services:main.java.org.keycloak.broker.trust,5,411
services:main.java.org.keycloak.broker.saml.mappers,8,1487
services:main.java.org.keycloak.broker.oidc.mappers,11,1676
services:main.java.org.keycloak.broker.oid4vp.mappers,4,529
services:main.java.org.keycloak.authorization.admin,10,2476
services:main.java.org.keycloak.authorization.authorization,1,979
services:main.java.org.keycloak.authorization.common,3,637
services:main.java.org.keycloak.authorization.config,3,200
services:main.java.org.keycloak.authorization.protection,1,137
services:main.java.org.keycloak.authorization.util,1,53
services:main.java.org.keycloak.authorization.protection.introspect,2,184
services:main.java.org.keycloak.authorization.protection.permission,3,501
services:main.java.org.keycloak.authorization.protection.policy,1,193
services:main.java.org.keycloak.authorization.protection.resource,2,226
services:main.java.org.keycloak.authorization.admin.representation,2,412
services:main.java.org.keycloak.authentication.actiontoken,8,842
services:main.java.org.keycloak.authentication.authenticators,1,46
services:main.java.org.keycloak.authentication.forms,9,1798
services:main.java.org.keycloak.authentication.otp,3,107
services:main.java.org.keycloak.authentication.requiredactions,16,3137
services:main.java.org.keycloak.authentication.requiredactions.util,5,461
services:main.java.org.keycloak.authentication.authenticators.access,4,359
services:main.java.org.keycloak.authentication.authenticators.broker,17,2082
services:main.java.org.keycloak.authentication.authenticators.browser,31,4222
services:main.java.org.keycloak.authentication.authenticators.client,15,2429
services:main.java.org.keycloak.authentication.authenticators.conditional,16,1506
services:main.java.org.keycloak.authentication.authenticators.directgrant,4,543
services:main.java.org.keycloak.authentication.authenticators.resetcred,5,830
services:main.java.org.keycloak.authentication.authenticators.sessionlimits,2,338
services:main.java.org.keycloak.authentication.authenticators.util,3,672
services:main.java.org.keycloak.authentication.authenticators.x509,10,3018
services:main.java.org.keycloak.authentication.authenticators.broker.util,3,502
services:main.java.org.keycloak.authentication.actiontoken.execactions,2,225
services:main.java.org.keycloak.authentication.actiontoken.idpverifyemail,2,289
services:main.java.org.keycloak.authentication.actiontoken.inviteorg,2,367
services:main.java.org.keycloak.authentication.actiontoken.resetcred,2,150
services:main.java.org.keycloak.authentication.actiontoken.updateemail,2,198
services:main.java.org.keycloak.authentication.actiontoken.verifyemail,2,233
main:org.keycloak.encoding,6,272
main:org.keycloak.url,2,327
main:org.keycloak.wellknown,3,138
main:org.keycloak.workflow.admin.resource,2,431
main:org.keycloak.userprofile.config,2,493
main:org.keycloak.userprofile.validator,17,1473
main:org.keycloak.timer.basic,3,270
main:org.keycloak.theme.beans,6,510
main:org.keycloak.theme.freemarker,5,190
main:org.keycloak.social.bitbucket,2,248
main:org.keycloak.social.facebook,4,275
main:org.keycloak.social.github,3,351
main:org.keycloak.social.gitlab,2,232
main:org.keycloak.social.google,4,380
main:org.keycloak.social.instagram,3,201
main:org.keycloak.social.linkedin,4,264
main:org.keycloak.social.microsoft,4,329
main:org.keycloak.social.openshift,4,255
main:org.keycloak.social.paypal,4,264
main:org.keycloak.social.stackoverflow,4,392
main:org.keycloak.social.twitter,2,373
main:org.keycloak.services.clientregistration,18,1829
main:org.keycloak.services.clienttype,2,278
main:org.keycloak.services.filters,2,120
main:org.keycloak.services.logging,1,148
main:org.keycloak.services.messages,1,387
main:org.keycloak.services.migration,2,206
main:org.keycloak.services.resources,17,5747
main:org.keycloak.services.securityprofile,2,164
main:org.keycloak.services.util,17,3037
main:org.keycloak.services.validation,1,81
main:org.keycloak.services.x509,20,1778
main:org.keycloak.services.resources.account,13,2696
main:org.keycloak.services.resources.admin.ext,3,121
main:org.keycloak.services.resources.admin.fgap,33,6265
main:org.keycloak.services.resources.admin.info,1,508
main:org.keycloak.services.resources.account.resources,3,730
main:org.keycloak.services.clienttype.client,2,456
main:org.keycloak.services.clienttype.impl,3,213
main:org.keycloak.services.clientregistration.oidc,4,894
main:org.keycloak.services.clientregistration.policy,8,570
main:org.keycloak.services.clientregistration.policy.impl,16,1536
main:org.keycloak.services.clientpolicy.context,50,2325
main:org.keycloak.services.clientpolicy.context.admin,5,361
main:org.keycloak.protocol.docker,7,790
main:org.keycloak.protocol.oauth2,1,38
main:org.keycloak.protocol.oid4vc,3,587
main:org.keycloak.protocol.util,1,23
main:org.keycloak.protocol.saml.clientregistration,3,153
main:org.keycloak.protocol.saml.installation,5,790
main:org.keycloak.protocol.saml.mappers,24,2115
main:org.keycloak.protocol.saml.preprocessor,2,139
main:org.keycloak.protocol.saml.profile.ecp,1,191
main:org.keycloak.protocol.saml.profile.util,1,373
main:org.keycloak.protocol.saml.profile.ecp.authenticator,2,253
main:org.keycloak.protocol.oidc.encode,6,537
main:org.keycloak.protocol.oidc.endpoints,13,3324
main:org.keycloak.protocol.oidc.ext,3,72
main:org.keycloak.protocol.oidc.installation,3,470
main:org.keycloak.protocol.oidc.mappers,39,4906
main:org.keycloak.protocol.oidc.par,1,50
main:org.keycloak.protocol.oidc.refresh,9,676
main:org.keycloak.protocol.oidc.resourceindicators,4,188
main:org.keycloak.protocol.oidc.token,5,87
main:org.keycloak.protocol.oidc.tokenexchange,7,1815
main:org.keycloak.protocol.oidc.utils,19,2712
main:org.keycloak.protocol.oidc.rar.model,1,74
main:org.keycloak.protocol.oidc.rar.parsers,2,253
main:org.keycloak.protocol.oidc.par.endpoints,3,413
main:org.keycloak.protocol.oidc.par.endpoints.request,3,274
main:org.keycloak.protocol.oidc.par.clientpolicy.context,1,64
main:org.keycloak.protocol.oidc.grants.ciba,3,494
main:org.keycloak.protocol.oidc.grants.device,2,456
main:org.keycloak.protocol.oidc.grants.device.endpoints,2,538
main:org.keycloak.protocol.oidc.grants.device.clientpolicy.context,3,171
main:org.keycloak.protocol.oidc.grants.ciba.channel,8,687
main:org.keycloak.protocol.oidc.grants.ciba.endpoints,5,797
main:org.keycloak.protocol.oidc.grants.ciba.resolvers,5,264
main:org.keycloak.protocol.oidc.grants.ciba.endpoints.request,5,517
main:org.keycloak.protocol.oidc.grants.ciba.clientpolicy.context,4,211
main:org.keycloak.protocol.oidc.grants.ciba.clientpolicy.executor,6,669
main:org.keycloak.protocol.oidc.endpoints.request,6,835
main:org.keycloak.protocol.oid4vc.clientpolicy,5,257
main:org.keycloak.protocol.oid4vc.issuance,16,4005
main:org.keycloak.protocol.oid4vc.model,51,5424
main:org.keycloak.protocol.oid4vc.refresh,4,541
main:org.keycloak.protocol.oid4vc.utils,3,722
main:org.keycloak.protocol.oid4vc.verifier,3,130
main:org.keycloak.protocol.oid4vc.resources.admin,1,359
main:org.keycloak.protocol.oid4vc.model.vcdm,1,106
main:org.keycloak.protocol.oid4vc.issuance.credentialbuilder,18,1084
main:org.keycloak.protocol.oid4vc.issuance.credentialoffer,12,932
main:org.keycloak.protocol.oid4vc.issuance.keybinding,18,2042
main:org.keycloak.protocol.oid4vc.issuance.mappers,9,1676
main:org.keycloak.protocol.oid4vc.issuance.requiredactions,4,488
main:org.keycloak.protocol.oid4vc.issuance.signing,13,768
main:org.keycloak.protocol.oid4vc.issuance.signing.vcdm,4,549
main:org.keycloak.protocol.oid4vc.issuance.credentialoffer.preauth,5,217
main:org.keycloak.protocol.oauth2.cimd.provider,7,615
main:org.keycloak.protocol.oauth2.cimd.clientpolicy.condition,2,214
main:org.keycloak.protocol.oauth2.cimd.clientpolicy.context,4,104
main:org.keycloak.protocol.oauth2.cimd.clientpolicy.executor,5,1406
main:org.keycloak.protocol.docker.installation,3,316
main:org.keycloak.protocol.docker.mapper,3,120
main:org.keycloak.protocol.docker.installation.compose,4,205
main:org.keycloak.organization.utils,1,578
main:org.keycloak.organization.validator,1,175
main:org.keycloak.organization.protocol.mappers.oidc,5,1098
main:org.keycloak.organization.protocol.mappers.saml,2,306
main:org.keycloak.organization.forms.login.freemarker.model,3,272
main:org.keycloak.organization.authentication.authenticators.broker,2,278
main:org.keycloak.organization.authentication.authenticators.browser,2,644
main:org.keycloak.organization.admin.resource,7,2386
main:org.keycloak.models.workflow.client,4,212
main:org.keycloak.keys.loader,4,385
main:org.keycloak.forms.login.freemarker,6,1470
main:org.keycloak.forms.login.freemarker.model,27,2474
main:org.keycloak.events.email,2,236
main:org.keycloak.events.log,2,355
main:org.keycloak.email.freemarker,2,418
main:org.keycloak.email.freemarker.beans,3,251
main:org.keycloak.broker.jwtauthorizationgrant,4,309
main:org.keycloak.broker.kubernetes,6,392
main:org.keycloak.broker.oauth,2,249
main:org.keycloak.broker.oid4vp,12,1626
main:org.keycloak.broker.oidc,8,3272
main:org.keycloak.broker.saml,5,2510
main:org.keycloak.broker.spiffe,7,303
main:org.keycloak.broker.trust,5,411
main:org.keycloak.broker.saml.mappers,8,1487
main:org.keycloak.broker.oidc.mappers,11,1676
main:org.keycloak.broker.oid4vp.mappers,4,529
main:org.keycloak.authorization.admin,10,2476
main:org.keycloak.authorization.authorization,1,979
main:org.keycloak.authorization.common,3,637
main:org.keycloak.authorization.config,3,200
main:org.keycloak.authorization.protection,1,137
main:org.keycloak.authorization.util,1,53
main:org.keycloak.authorization.protection.introspect,2,184
main:org.keycloak.authorization.protection.permission,3,501
main:org.keycloak.authorization.protection.policy,1,193
main:org.keycloak.authorization.protection.resource,2,226
main:org.keycloak.authorization.admin.representation,2,412
main:org.keycloak.authentication.actiontoken,8,842
main:org.keycloak.authentication.authenticators,1,46
main:org.keycloak.authentication.forms,9,1798
main:org.keycloak.authentication.requiredactions,16,3137
main:org.keycloak.authentication.requiredactions.util,5,461
main:org.keycloak.authentication.authenticators.access,4,359
main:org.keycloak.authentication.authenticators.broker,17,2082
main:org.keycloak.authentication.authenticators.browser,31,4222
main:org.keycloak.authentication.authenticators.client,15,2429
main:org.keycloak.authentication.authenticators.conditional,16,1506
main:org.keycloak.authentication.authenticators.directgrant,4,543
main:org.keycloak.authentication.authenticators.resetcred,5,830
main:org.keycloak.authentication.authenticators.sessionlimits,2,338
main:org.keycloak.authentication.authenticators.util,3,672
main:org.keycloak.authentication.authenticators.x509,10,3018
main:org.keycloak.authentication.authenticators.broker.util,3,502
main:org.keycloak.authentication.actiontoken.execactions,2,225
main:org.keycloak.authentication.actiontoken.idpverifyemail,2,289
main:org.keycloak.authentication.actiontoken.inviteorg,2,367
main:org.keycloak.authentication.actiontoken.resetcred,2,150
main:org.keycloak.authentication.actiontoken.updateemail,2,198
main:org.keycloak.authentication.actiontoken.verifyemail,2,233
core:test.java.org.keycloak.ssf.event,2,254
core:test.java.org.keycloak.ssf.event.risc,1,105
core:main.java.org.keycloak.ssf,3,95
core:main.java.org.keycloak.ssf.event,11,935
core:main.java.org.keycloak.ssf.metadata,2,250
core:main.java.org.keycloak.ssf.stream,14,662
core:main.java.org.keycloak.ssf.subject,20,1055
core:main.java.org.keycloak.ssf.event.caep,4,424
core:main.java.org.keycloak.ssf.event.risc,4,256
core:main.java.org.keycloak.ssf.event.stream,3,126
core:main.java.org.keycloak.ssf.event.token,5,265
main:org.keycloak.ssf,3,95
main:org.keycloak.ssf.event,11,935
main:org.keycloak.ssf.metadata,2,250
main:org.keycloak.ssf.stream,14,662
main:org.keycloak.ssf.subject,20,1055
main:org.keycloak.ssf.event.caep,4,424
main:org.keycloak.ssf.event.risc,4,256
main:org.keycloak.ssf.event.stream,3,126
main:org.keycloak.ssf.event.token,5,265
main:org.keycloak.ssf.services,3,121
main:org.keycloak.ssf.services.admin,3,1958
base:test.java.org.keycloak.tests.ssf.subject,3,1271
base:test.java.org.keycloak.tests.ssf.transmitter,17,9252
transmitter:test.java.org.keycloak.ssf.transmitter,1,118
transmitter:test.java.org.keycloak.ssf.transmitter.event,2,930
transmitter:test.java.org.keycloak.ssf.transmitter.subject,4,1074
transmitter:test.java.org.keycloak.ssf.transmitter.support,3,681
transmitter:test.java.org.keycloak.ssf.transmitter.stream.storage.client,1,153
transmitter:main.java.org.keycloak.ssf.transmitter,10,2040
transmitter:main.java.org.keycloak.ssf.transmitter.admin,9,848
transmitter:main.java.org.keycloak.ssf.transmitter.delivery,2,626
transmitter:main.java.org.keycloak.ssf.transmitter.emit,4,592
transmitter:main.java.org.keycloak.ssf.transmitter.event,6,2187
transmitter:main.java.org.keycloak.ssf.transmitter.metadata,5,338
transmitter:main.java.org.keycloak.ssf.transmitter.metrics,1,488
transmitter:main.java.org.keycloak.ssf.transmitter.outbox,2,248
transmitter:main.java.org.keycloak.ssf.transmitter.resources,8,1222
transmitter:main.java.org.keycloak.ssf.transmitter.stream,11,2518
transmitter:main.java.org.keycloak.ssf.transmitter.subject,9,1956
transmitter:main.java.org.keycloak.ssf.transmitter.support,6,781
transmitter:main.java.org.keycloak.ssf.transmitter.stream.storage,1,132
transmitter:main.java.org.keycloak.ssf.transmitter.stream.storage.client,1,910
transmitter:main.java.org.keycloak.ssf.transmitter.delivery.poll,4,371
transmitter:main.java.org.keycloak.ssf.transmitter.delivery.push,2,222
main:org.keycloak.ssf.transmitter,10,2040
main:org.keycloak.ssf.transmitter.admin,9,848
main:org.keycloak.ssf.transmitter.delivery,2,626
main:org.keycloak.ssf.transmitter.emit,4,592
main:org.keycloak.ssf.transmitter.event,6,2187
main:org.keycloak.ssf.transmitter.metadata,5,338
main:org.keycloak.ssf.transmitter.metrics,1,488
main:org.keycloak.ssf.transmitter.outbox,2,248
main:org.keycloak.ssf.transmitter.resources,8,1222
main:org.keycloak.ssf.transmitter.stream,11,2518
main:org.keycloak.ssf.transmitter.subject,9,1956
main:org.keycloak.ssf.transmitter.support,6,781
main:org.keycloak.ssf.transmitter.stream.storage,1,132
main:org.keycloak.ssf.transmitter.stream.storage.client,1,910
main:org.keycloak.ssf.transmitter.delivery.poll,4,371
main:org.keycloak.ssf.transmitter.delivery.push,2,222
builders:test.java.org.keycloak.testframework.realm,2,87
builders:main.java.org.keycloak.testframework.realm,19,2389
main:org.keycloak.testframework.realm,37,3364
main:org.keycloak.testframework,10,544
main:org.keycloak.testframework.annotations,20,462
main:org.keycloak.testframework.clustering,2,132
main:org.keycloak.testframework.server,20,2030
main:org.keycloak.testframework.conformance,3,277
main:org.keycloak.testframework.conformance.annotations,1,28
main:org.keycloak.testframework.conformance.runner,7,740
core:test.java.org.keycloak.testframework,1,37
core:test.java.org.keycloak.testframework.events,3,113
core:test.java.org.keycloak.testframework.injection,4,678
core:test.java.org.keycloak.testframework.util,1,90
core:test.java.org.keycloak.testframework.injection.mocks,9,262
core:main.java.org.keycloak.testframework,8,490
core:main.java.org.keycloak.testframework.admin,4,244
core:main.java.org.keycloak.testframework.annotations,19,451
core:main.java.org.keycloak.testframework.conditions,5,128
core:main.java.org.keycloak.testframework.config,3,251
core:main.java.org.keycloak.testframework.crypto,4,211
core:main.java.org.keycloak.testframework.database,10,377
core:main.java.org.keycloak.testframework.events,15,1462
core:main.java.org.keycloak.testframework.github,1,197
core:main.java.org.keycloak.testframework.http,3,145
core:main.java.org.keycloak.testframework.https,7,465
core:main.java.org.keycloak.testframework.infinispan,2,22
core:main.java.org.keycloak.testframework.injection,21,1556
core:main.java.org.keycloak.testframework.realm,18,975
core:main.java.org.keycloak.testframework.server,17,1738
core:main.java.org.keycloak.testframework.util,8,426
core:main.java.org.keycloak.testframework.injection.predicates,4,69
main:org.keycloak.testframework.admin,4,244
main:org.keycloak.testframework.conditions,5,128
main:org.keycloak.testframework.config,3,251
main:org.keycloak.testframework.crypto,4,211
main:org.keycloak.testframework.database,34,1131
main:org.keycloak.testframework.events,15,1462
main:org.keycloak.testframework.github,1,197
main:org.keycloak.testframework.http,3,145
main:org.keycloak.testframework.https,7,465
main:org.keycloak.testframework.infinispan,5,133
main:org.keycloak.testframework.injection,21,1556
main:org.keycloak.testframework.util,8,426
main:org.keycloak.testframework.injection.predicates,4,69
main:org.keycloak.testframework.mail,3,146
main:org.keycloak.testframework.mail.annotations,1,13
main:org.keycloak.testframework.oauth,24,1567
main:org.keycloak.testframework.oauth.annotations,7,143
remote:test.java.org.keycloak.testframework.remote.runonserver,1,54
remote:main.java.org.keycloak.testframework.remote,4,117
remote:main.java.org.keycloak.testframework.remote.annotations,1,14
remote:main.java.org.keycloak.testframework.remote.runonserver,7,396
remote:main.java.org.keycloak.testframework.remote.timeoffset,3,186
main:org.keycloak.testframework.remote,4,117
main:org.keycloak.testframework.remote.annotations,1,14
main:org.keycloak.testframework.remote.runonserver,7,396
main:org.keycloak.testframework.remote.timeoffset,3,186
main:org.keycloak.testframework.remote.providers.runonserver,8,287
main:org.keycloak.testframework.remote.providers.timeoffset,3,157
main:org.keycloak.testframework.logging,1,29
test-providers:test.java.org.keycloak.testframework.tests.providers,1,51
test-providers:main.java.org.keycloak.testframework.tests.providers,2,82
main:org.keycloak.testframework.tests.providers,2,82
tests:test.java.org.keycloak.testframework.tests,30,2037
main:org.keycloak.testframework.ui,1,38
main:org.keycloak.testframework.ui.annotations,2,50
main:org.keycloak.testframework.ui.page,31,2548
main:org.keycloak.testframework.ui.webdriver,16,683
base:test.java.org.keycloak.tests.account,12,5961
base:test.java.org.keycloak.tests.actions,2,822
base:test.java.org.keycloak.tests.admin,39,11022
base:test.java.org.keycloak.tests.broker,20,3255
base:test.java.org.keycloak.tests.cli,4,318
base:test.java.org.keycloak.tests.client,27,7915
base:test.java.org.keycloak.tests.common,6,111
base:test.java.org.keycloak.tests.composites,3,569
base:test.java.org.keycloak.tests.cookies,3,441
base:test.java.org.keycloak.tests.cors,1,49
base:test.java.org.keycloak.tests.db,9,879
base:test.java.org.keycloak.tests.docker,5,642
base:test.java.org.keycloak.tests.error,3,391
base:test.java.org.keycloak.tests.events,5,1307
base:test.java.org.keycloak.tests.exportimport,3,1642
base:test.java.org.keycloak.tests.forms,14,4951
base:test.java.org.keycloak.tests.httpclient,1,51
base:test.java.org.keycloak.tests.i18n,5,1043
base:test.java.org.keycloak.tests.infinispan,1,35
base:test.java.org.keycloak.tests.keys,8,2298
base:test.java.org.keycloak.tests.login,5,766
base:test.java.org.keycloak.tests.loginfailures,1,304
base:test.java.org.keycloak.tests.migration,10,1919
base:test.java.org.keycloak.tests.model,23,7234
base:test.java.org.keycloak.tests.oauth,32,13353
base:test.java.org.keycloak.tests.oid4vc,41,14236
base:test.java.org.keycloak.tests.oidc,3,848
base:test.java.org.keycloak.tests.policy,1,358
base:test.java.org.keycloak.tests.providers,1,100
base:test.java.org.keycloak.tests.saml,5,725
base:test.java.org.keycloak.tests.securityprofile,1,260
base:test.java.org.keycloak.tests.session,4,797
base:test.java.org.keycloak.tests.sessionlimits,5,1295
base:test.java.org.keycloak.tests.ssl,7,720
base:test.java.org.keycloak.tests.suites,15,661
base:test.java.org.keycloak.tests.tracing,3,404
base:test.java.org.keycloak.tests.transactions,1,105
base:test.java.org.keycloak.tests.url,8,456
base:test.java.org.keycloak.tests.utils,3,546
base:test.java.org.keycloak.tests.vault,3,92
base:test.java.org.keycloak.tests.welcomepage,2,295
base:test.java.org.keycloak.tests.workflow,4,1362
base:test.java.org.keycloak.tests.x509,8,1613
base:test.java.org.keycloak.tests.workflow.activation,6,1384
base:test.java.org.keycloak.tests.workflow.condition,5,1108
base:test.java.org.keycloak.tests.workflow.config,3,74
base:test.java.org.keycloak.tests.workflow.execution,7,1826
base:test.java.org.keycloak.tests.workflow.step,11,2189
base:test.java.org.keycloak.tests.workflow.util,1,82
base:test.java.org.keycloak.tests.user.profile,4,3653
base:test.java.org.keycloak.tests.user.profile.config,2,474
base:test.java.org.keycloak.tests.organization.admin,4,2336
base:test.java.org.keycloak.tests.organization.authentication,4,1804
base:test.java.org.keycloak.tests.organization.authz,4,1743
base:test.java.org.keycloak.tests.organization.broker,2,920
base:test.java.org.keycloak.tests.organization.cache,1,1078
base:test.java.org.keycloak.tests.organization.group,8,3185
base:test.java.org.keycloak.tests.organization.mapper,3,3593
base:test.java.org.keycloak.tests.organization.member,2,1319
base:test.java.org.keycloak.tests.organization.authz.fgap,6,1251
base:test.java.org.keycloak.tests.oid4vc.abca,4,1000
base:test.java.org.keycloak.tests.oid4vc.issuance,4,1247
base:test.java.org.keycloak.tests.oid4vc.preauth,10,2578
base:test.java.org.keycloak.tests.oid4vc.presentation,7,1800
base:test.java.org.keycloak.tests.oid4vc.issuance.credentialbuilder,3,515
base:test.java.org.keycloak.tests.oid4vc.issuance.signing,17,4577
base:test.java.org.keycloak.tests.oauth.par,1,271
base:test.java.org.keycloak.tests.oauth.tokenexchange,10,5188
base:test.java.org.keycloak.tests.events.outbox,1,1160
base:test.java.org.keycloak.tests.client.policies,8,3041
base:test.java.org.keycloak.tests.client.authentication.external,11,1471
base:test.java.org.keycloak.tests.cli.admin,6,1774
base:test.java.org.keycloak.tests.cli.exec,5,539
base:test.java.org.keycloak.tests.cli.registration,7,1913
base:test.java.org.keycloak.tests.broker.oidc,37,1910
base:test.java.org.keycloak.tests.broker.saml,2,62
base:test.java.org.keycloak.tests.broker.trust,1,333
base:test.java.org.keycloak.tests.authz.services,4,412
base:test.java.org.keycloak.tests.authz.services.config,3,44
base:test.java.org.keycloak.tests.authz.services.uma,1,90
base:test.java.org.keycloak.tests.authz.admin.permissions,1,138
base:test.java.org.keycloak.tests.admin.authentication,11,3297
base:test.java.org.keycloak.tests.admin.authz,1,120
base:test.java.org.keycloak.tests.admin.client,19,4203
base:test.java.org.keycloak.tests.admin.concurrency,3,985
base:test.java.org.keycloak.tests.admin.event,5,1032
base:test.java.org.keycloak.tests.admin.finegrainedadminv1,8,1698
base:test.java.org.keycloak.tests.admin.group,5,2150
base:test.java.org.keycloak.tests.admin.identityprovider,8,2684
base:test.java.org.keycloak.tests.admin.metric,2,214
base:test.java.org.keycloak.tests.admin.partialexport,1,341
base:test.java.org.keycloak.tests.admin.partialimport,7,1099
base:test.java.org.keycloak.tests.admin.realm,14,2435
base:test.java.org.keycloak.tests.admin.tracing,1,88
base:test.java.org.keycloak.tests.admin.user,19,7253
base:test.java.org.keycloak.tests.admin.userprofile,1,128
base:test.java.org.keycloak.tests.admin.userstorage,3,525
base:test.java.org.keycloak.tests.admin.authz.fgap,27,10108
base:test.java.org.keycloak.tests.admin.authz.rbac,6,2338
base:test.java.org.keycloak.tests.account.custom,7,1278
clustering:test.java.org.keycloak.tests.clustering,1,41
clustering:test.java.org.keycloak.tests.compatibility,2,165
conformance:test.java.org.keycloak.tests.conformance,2,370
conformance:test.java.org.keycloak.tests.conformance.suites,3,30
conformance:test.java.org.keycloak.tests.conformance.vci,6,974
conformance:test.java.org.keycloak.tests.conformance.vp,19,1338
conformance:test.java.org.keycloak.tests.conformance.vci.nonhaip,2,150
conformance:test.java.org.keycloak.tests.conformance.vci.nonhaip.configs,4,181
conformance:test.java.org.keycloak.tests.conformance.vci.nonhaip.issuer,19,976
conformance:test.java.org.keycloak.tests.conformance.vci.nonhaip.mdoc,1,54
conformance:test.java.org.keycloak.tests.conformance.vci.haip.configs,4,255
conformance:test.java.org.keycloak.tests.conformance.vci.haip.fapi2,12,661
conformance:test.java.org.keycloak.tests.conformance.vci.haip.issuer,25,1248
conformance:test.java.org.keycloak.tests.conformance.vci.haip.mdoc,1,55
main:org.keycloak.tests.providers.actions,2,208
main:org.keycloak.tests.providers.components,4,225
main:org.keycloak.tests.providers.events,2,121
main:org.keycloak.tests.providers.federation,6,1180
main:org.keycloak.tests.providers.forms,3,304
main:org.keycloak.tests.providers.hash,1,71
main:org.keycloak.tests.providers.providersoverride,11,390
main:org.keycloak.tests.providers.rest,4,219
main:org.keycloak.tests.providers.ssf,2,81
main:org.keycloak.tests.providers.theme,1,53
main:org.keycloak.tests.providers.userprofile,3,147
main:org.keycloak.tests.providers.client.policies,1,107
main:org.keycloak.tests.providers.broker.oidc,8,445
main:org.keycloak.tests.providers.authorization.policy,1,76
main:org.keycloak.test.migration,20,867
main:org.keycloak.tests.utils,5,580
main:org.keycloak.tests.utils.admin,2,822
main:org.keycloak.tests.utils.matchers,9,617
main:org.keycloak.testsuite.util,52,7570
main:org.keycloak.testsuite.util.broker,1,43
main:org.keycloak.testsuite.util.oauth,48,3258
main:org.keycloak.testsuite.util.runonserver,4,477
main:org.keycloak.testsuite.util.saml,17,2347
main:org.keycloak.testsuite.util.userprofile,1,84
main:org.keycloak.testsuite.util.oauth.ciba,4,206
main:org.keycloak.testsuite.util.oauth.device,4,184
main:org.keycloak.testsuite.util.oauth.oid4vc,17,874
webauthn:test.java.org.keycloak.tests.webauthn,5,1808
webauthn:test.java.org.keycloak.tests.webauthn.passwordless,2,1087
webauthn:test.java.org.keycloak.tests.webauthn.registration,2,472
webauthn:test.java.org.keycloak.tests.webauthn.registration.passwordless,2,73
webauthn:main.java.org.keycloak.tests.webauthn.authenticators,4,290
webauthn:main.java.org.keycloak.tests.webauthn.page,3,308
main:org.keycloak.tests.webauthn.authenticators,4,290
main:org.keycloak.tests.webauthn.page,3,308
main:org.keycloak.testsuite.arquillian.container,2,107
main:org.keycloak.testsuite.arquillian.galleon,1,31
main:org.keycloak.testsuite.arquillian.galleon.container,2,224
main:org.keycloak.testsuite.arquillian.wildfly,1,34
main:org.keycloak.testsuite.arquillian.wildfly.container,2,233
main:org.keycloak.testsuite.actions,2,204
main:org.keycloak.testsuite.arquillian,15,2556
main:org.keycloak.testsuite.authentication,11,912
main:org.keycloak.testsuite.authorization,8,682
main:org.keycloak.testsuite.domainextension,1,51
main:org.keycloak.testsuite.events,4,243
main:org.keycloak.testsuite.federation,22,3630
main:org.keycloak.testsuite.forms,8,1080
main:org.keycloak.testsuite.rest,7,1281
main:org.keycloak.testsuite.theme,2,73
main:org.keycloak.testsuite.validate,1,55
main:org.keycloak.testsuite.wellknown,2,120
main:org.keycloak.testsuite.user.profile,2,86
main:org.keycloak.testsuite.services.clientpolicy.condition,1,55
main:org.keycloak.testsuite.services.clientpolicy.executor,1,81
main:org.keycloak.testsuite.rest.representation,4,249
main:org.keycloak.testsuite.rest.resource,1,784
main:org.keycloak.testsuite.model.infinispan,2,180
main:org.keycloak.testsuite.federation.sync,2,184
main:org.keycloak.testsuite.domainextension.jpa,3,173
main:org.keycloak.testsuite.domainextension.rest,4,229
main:org.keycloak.testsuite.domainextension.spi,3,106
main:org.keycloak.testsuite.domainextension.spi.impl,2,153
main:org.keycloak.testsuite.components.amphibian,4,221
main:org.keycloak.testsuite.broker.oidc,5,287
main:org.keycloak.testsuite.broker.provider,1,78
main:org.keycloak.testsuite.arquillian.undertow,3,458
main:org.keycloak.testsuite.arquillian.undertow.lb,3,588
main:org.keycloak.testsuite.adapter.filter,1,84
main:org.keycloak.testsuite.adapter.servlet,6,678
base:test.java.org.keycloak.testsuite,10,1867
base:test.java.org.keycloak.testsuite.actions,23,8129
base:test.java.org.keycloak.testsuite.adapter,4,836
base:test.java.org.keycloak.testsuite.authz,28,11865
base:test.java.org.keycloak.testsuite.broker,98,22462
base:test.java.org.keycloak.testsuite.client,12,6916
base:test.java.org.keycloak.testsuite.cluster,17,2500
base:test.java.org.keycloak.testsuite.domainextension,1,84
base:test.java.org.keycloak.testsuite.exportimport,1,899
base:test.java.org.keycloak.testsuite.federation,1,187
base:test.java.org.keycloak.testsuite.forms,32,14699
base:test.java.org.keycloak.testsuite.migration,2,1584
base:test.java.org.keycloak.testsuite.oauth,34,16612
base:test.java.org.keycloak.testsuite.oidc,15,7508
base:test.java.org.keycloak.testsuite.policy,2,555
base:test.java.org.keycloak.testsuite.saml,24,6836
base:test.java.org.keycloak.testsuite.script,5,849
base:test.java.org.keycloak.testsuite.theme,5,779
base:test.java.org.keycloak.testsuite.util,25,3344
base:test.java.org.keycloak.testsuite.validation,3,1121
base:test.java.org.keycloak.testsuite.webauthn,7,1738
base:test.java.org.keycloak.testsuite.x509,12,2129
base:test.java.org.keycloak.testsuite.webauthn.account,3,845
base:test.java.org.keycloak.testsuite.webauthn.passwordless,7,1096
base:test.java.org.keycloak.testsuite.webauthn.registration,5,740
base:test.java.org.keycloak.testsuite.webauthn.registration.passwordless,5,171
base:test.java.org.keycloak.testsuite.organization.account,1,181
base:test.java.org.keycloak.testsuite.organization.admin,5,2272
base:test.java.org.keycloak.testsuite.organization.broker,6,2369
base:test.java.org.keycloak.testsuite.organization.exportimport,1,446
base:test.java.org.keycloak.testsuite.organization.federation,2,246
base:test.java.org.keycloak.testsuite.organization.mapper,3,454
base:test.java.org.keycloak.testsuite.oidc.flows,10,1175
base:test.java.org.keycloak.testsuite.oauth.hok,1,964
base:test.java.org.keycloak.testsuite.oauth.par,3,2631
base:test.java.org.keycloak.testsuite.oauth.rar,3,390
base:test.java.org.keycloak.testsuite.oauth.tokenexchange,6,3671
base:test.java.org.keycloak.testsuite.federation.kerberos,9,1928
base:test.java.org.keycloak.testsuite.federation.ldap,41,12940
base:test.java.org.keycloak.testsuite.federation.storage,14,4212
base:test.java.org.keycloak.testsuite.federation.sync,1,444
base:test.java.org.keycloak.testsuite.federation.ldap.noimport,5,1132
base:test.java.org.keycloak.testsuite.client.policies,11,9233
base:test.java.org.keycloak.testsuite.authz.admin,21,4347
base:test.java.org.keycloak.testsuite.adapter.servlet,8,3687
base:test.java.org.keycloak.testsuite.adapter.servlet.cluster,1,52
base:test.java.org.keycloak.testframework.events,2,539
base:test.java.org.keycloak.testframework.realm,1,24
base:test.java.org.keycloak.testframework.remote.timeoffset,1,35
base:main.java.org.keycloak.testsuite,2,155
base:main.java.org.keycloak.testsuite.account,1,174
base:main.java.org.keycloak.testsuite.admin,3,428
base:main.java.org.keycloak.testsuite.arquillian,14,2523
base:main.java.org.keycloak.testsuite.broker,1,86
base:main.java.org.keycloak.testsuite.client,1,240
base:main.java.org.keycloak.testsuite.drone,4,386
base:main.java.org.keycloak.testsuite.model,4,215
base:main.java.org.keycloak.testsuite.page,4,338
base:main.java.org.keycloak.testsuite.pages,38,3492
base:main.java.org.keycloak.testsuite.servlet,1,57
base:main.java.org.keycloak.testsuite.updaters,11,1317
base:main.java.org.keycloak.testsuite.util,44,6021
base:main.java.org.keycloak.testsuite.webauthn.authenticators,4,289
base:main.java.org.keycloak.testsuite.webauthn.pages,9,1051
base:main.java.org.keycloak.testsuite.webauthn.updaters,3,282
base:main.java.org.keycloak.testsuite.webauthn.utils,5,455
base:main.java.org.keycloak.testsuite.webauthn.pages.fragments,5,360
base:main.java.org.keycloak.testsuite.util.matchers,8,449
base:main.java.org.keycloak.testsuite.util.oauth,1,95
base:main.java.org.keycloak.testsuite.util.saml,16,2319
base:main.java.org.keycloak.testsuite.pages.social,14,871
base:main.java.org.keycloak.testsuite.pages.x509,1,89
base:main.java.org.keycloak.testsuite.console.page.fragment,2,122
base:main.java.org.keycloak.testsuite.client.resources,6,614
base:main.java.org.keycloak.testsuite.broker.util,1,52
base:main.java.org.keycloak.testsuite.auth.page,7,629
base:main.java.org.keycloak.testsuite.auth.page.login,20,1306
base:main.java.org.keycloak.testsuite.arquillian.annotation,18,672
base:main.java.org.keycloak.testsuite.arquillian.containers,16,2841
base:main.java.org.keycloak.testsuite.arquillian.decider,4,336
base:main.java.org.keycloak.testsuite.arquillian.h2,1,64
base:main.java.org.keycloak.testsuite.arquillian.jmx,2,115
base:main.java.org.keycloak.testsuite.arquillian.migration,2,147
base:main.java.org.keycloak.testsuite.arquillian.provider,6,375
base:main.java.org.keycloak.testsuite.adapter.page,37,1634
main:org.keycloak.testsuite,7,1264
main:org.keycloak.testsuite.account,1,174
main:org.keycloak.testsuite.admin,3,428
main:org.keycloak.testsuite.broker,1,86
main:org.keycloak.testsuite.client,1,240
main:org.keycloak.testsuite.drone,4,386
main:org.keycloak.testsuite.model,9,733
main:org.keycloak.testsuite.page,4,338
main:org.keycloak.testsuite.pages,38,3492
main:org.keycloak.testsuite.servlet,1,57
main:org.keycloak.testsuite.updaters,11,1317
main:org.keycloak.testsuite.webauthn.authenticators,4,289
main:org.keycloak.testsuite.webauthn.pages,9,1051
main:org.keycloak.testsuite.webauthn.updaters,3,282
main:org.keycloak.testsuite.webauthn.utils,5,455
main:org.keycloak.testsuite.webauthn.pages.fragments,5,360
main:org.keycloak.testsuite.util.matchers,8,449
main:org.keycloak.testsuite.pages.social,14,871
main:org.keycloak.testsuite.pages.x509,1,89
main:org.keycloak.testsuite.console.page.fragment,2,122
main:org.keycloak.testsuite.client.resources,6,614
main:org.keycloak.testsuite.broker.util,1,52
main:org.keycloak.testsuite.auth.page,7,629
main:org.keycloak.testsuite.auth.page.login,20,1306
main:org.keycloak.testsuite.arquillian.annotation,18,672
main:org.keycloak.testsuite.arquillian.containers,16,2841
main:org.keycloak.testsuite.arquillian.decider,4,336
main:org.keycloak.testsuite.arquillian.h2,1,64
main:org.keycloak.testsuite.arquillian.jmx,2,115
main:org.keycloak.testsuite.arquillian.migration,2,147
main:org.keycloak.testsuite.arquillian.provider,6,375
main:org.keycloak.testsuite.adapter.page,37,1634
sssd:test.java.org.keycloak.testsuite.sssd,3,640
main:org.keycloak.testsuite.utils.arquillian,3,269
main:org.keycloak.testsuite.utils.io,1,351
main:org.keycloak.testsuite.utils.tls,1,73
main:org.keycloak.testsuite.utils.undertow,3,587
model:test.java.org.keycloak.testsuite.model,8,1778
model:test.java.org.keycloak.testsuite.model.authz,1,195
model:test.java.org.keycloak.testsuite.model.client,1,227
model:test.java.org.keycloak.testsuite.model.clientscope,2,279
model:test.java.org.keycloak.testsuite.model.events,2,422
model:test.java.org.keycloak.testsuite.model.exportimport,2,284
model:test.java.org.keycloak.testsuite.model.group,1,230
model:test.java.org.keycloak.testsuite.model.infinispan,7,1558
model:test.java.org.keycloak.testsuite.model.loginfailure,1,261
model:test.java.org.keycloak.testsuite.model.parameters,11,986
model:test.java.org.keycloak.testsuite.model.role,1,463
model:test.java.org.keycloak.testsuite.model.session,9,4421
model:test.java.org.keycloak.testsuite.model.singleUseObject,1,335
model:test.java.org.keycloak.testsuite.model.transaction,1,117
model:test.java.org.keycloak.testsuite.model.user,4,1237
model:test.java.org.keycloak.testsuite.model.util,1,132
model:main.java.org.keycloak.testsuite.model,5,518
main:org.keycloak.testsuite.util.cli,15,2063
main:org.keycloak.util.ldap,5,1000
