project,fr_id,nfr_id,relationship
P10,R16,NFR1,trace
P10,R16,NFR2,trace
P10,R16,NFR3,trace
P10,R16,NFR4,trace
P10,R16,NFR5,trace
P10,R16,NFR6,trace
P10,R16,NFR7,trace
P10,R16,NFR8,anti_trace
P10,R16,NFR9,trace
P10,R16,NFR10,trace
P10,R16,NFR11,anti_trace
P10,R16,NFR12,anti_trace
P10,R16,NFR13,anti_trace
P10,R16,NFR14,anti_trace
P10,R16,NFR15,trace
P10,R17,NFR1,trace
P10,R17,NFR2,trace
P10,R17,NFR3,trace
P10,R17,NFR4,trace
P10,R17,NFR5,trace
P10,R17,NFR6,trace
P10,R17,NFR7,trace
P10,R17,NFR8,anti_trace
P10,R17,NFR9,trace
P10,R17,NFR10,trace
P10,R17,NFR11,anti_trace
P10,R17,NFR12,anti_trace
P10,R17,NFR13,anti_trace
P10,R17,NFR14,anti_trace
P10,R17,NFR15,trace
P10,R18,NFR1,trace
P10,R18,NFR2,trace
P10,R18,NFR3,trace
P10,R18,NFR4,trace
P10,R18,NFR5,trace
P10,R18,NFR6,trace
P10,R18,NFR7,trace
P10,R18,NFR8,anti_trace
P10,R18,NFR9,anti_trace
P10,R18,NFR10,trace
P10,R18,NFR11,anti_trace
P10,R18,NFR12,trace
P10,R18,NFR13,trace
P10,R18,NFR14,anti_trace
P10,R18,NFR15,trace
P10,R19,NFR1,trace
P10,R19,NFR2,trace
P10,R19,NFR3,trace
P10,R19,NFR4,trace
P10,R19,NFR5,trace
P10,R19,NFR6,trace
P10,R19,NFR7,trace
P10,R19,NFR8,anti_trace
P10,R19,NFR9,anti_trace
P10,R19,NFR10,trace
P10,R19,NFR11,anti_trace
P10,R19,NFR12,anti_trace
P10,R19,NFR13,anti_trace
P10,R19,NFR14,trace
P10,R19,NFR15,trace
P10,R20,NFR1,trace
P10,R20,NFR2,trace
P10,R20,NFR3,trace
P10,R20,NFR4,trace
P10,R20,NFR5,trace
P10,R20,NFR6,trace
P10,R20,NFR7,trace
P10,R20,NFR8,anti_trace
P10,R20,NFR9,anti_trace
P10,R20,NFR10,trace
P10,R20,NFR11,anti_trace
P10,R20,NFR12,trace
P10,R20,NFR13,trace
P10,R20,NFR14,anti_trace
P10,R20,NFR15,trace
P10,R21,NFR1,trace
P10,R21,NFR2,trace
P10,R21,NFR3,trace
P10,R21,NFR4,trace
P10,R21,NFR5,trace
P10,R21,NFR6,trace
P10,R21,NFR7,trace
P10,R21,NFR8,anti_trace
P10,R21,NFR9,anti_trace
P10,R21,NFR10,trace
P10,R21,NFR11,anti_trace
P10,R21,NFR12,trace
P10,R21,NFR13,trace
P10,R21,NFR14,anti_trace
P10,R21,NFR15,trace
P10,R22,NFR1,trace
P10,R22,NFR2,trace
P10,R22,NFR3,trace
P10,R22,NFR4,trace
P10,R22,NFR5,trace
P10,R22,NFR6,trace
P10,R22,NFR7,trace
P10,R22,NFR8,anti_trace
P10,R22,NFR9,anti_trace
P10,R22,NFR10,trace
P10,R22,NFR11,trace
P10,R22,NFR12,anti_trace
P10,R22,NFR13,trace
P10,R22,NFR14,trace
P10,R22,NFR15,trace
P10,R23,NFR1,trace
P10,R23,NFR2,anti_trace
P10,R23,NFR3,anti_trace
P10,R23,NFR4,trace
P10,R23,NFR5,trace
P10,R23,NFR6,trace
P10,R23,NFR7,trace
P10,R23,NFR8,anti_trace
P10,R23,NFR9,trace
P10,R23,NFR10,anti_trace
P10,R23,NFR11,trace
P10,R23,NFR12,anti_trace
P10,R23,NFR13,trace
P10,R23,NFR14,trace
P10,R23,NFR15,anti_trace
P10,R24,NFR1,trace
P10,R24,NFR2,anti_trace
P10,R24,NFR3,anti_trace
P10,R24,NFR4,trace
P10,R24,NFR5,trace
P10,R24,NFR6,trace
P10,R24,NFR7,trace
P10,R24,NFR8,anti_trace
P10,R24,NFR9,trace
P10,R24,NFR10,trace
P10,R24,NFR11,trace
P10,R24,NFR12,anti_trace
P10,R24,NFR13,trace
P10,R24,NFR14,trace
P10,R24,NFR15,trace
P10,R25,NFR1,trace
P10,R25,NFR2,anti_trace
P10,R25,NFR3,trace
P10,R25,NFR4,trace
P10,R25,NFR5,trace
P10,R25,NFR6,trace
P10,R25,NFR7,trace
P10,R25,NFR8,anti_trace
P10,R25,NFR9,trace
P10,R25,NFR10,trace
P10,R25,NFR11,trace
P10,R25,NFR12,trace
P10,R25,NFR13,trace
P10,R25,NFR14,trace
P10,R25,NFR15,trace
P10,R26,NFR1,anti_trace
P10,R26,NFR2,anti_trace
P10,R26,NFR3,anti_trace
P10,R26,NFR4,trace
P10,R26,NFR5,trace
P10,R26,NFR6,trace
P10,R26,NFR7,trace
P10,R26,NFR8,anti_trace
P10,R26,NFR9,trace
P10,R26,NFR10,anti_trace
P10,R26,NFR11,trace
P10,R26,NFR12,anti_trace
P10,R26,NFR13,trace
P10,R26,NFR14,trace
P10,R26,NFR15,anti_trace
P10,R27,NFR1,anti_trace
P10,R27,NFR2,anti_trace
P10,R27,NFR3,anti_trace
P10,R27,NFR4,trace
P10,R27,NFR5,trace
P10,R27,NFR6,trace
P10,R27,NFR7,trace
P10,R27,NFR8,anti_trace
P10,R27,NFR9,trace
P10,R27,NFR10,anti_trace
P10,R27,NFR11,trace
P10,R27,NFR12,anti_trace
P10,R27,NFR13,trace
P10,R27,NFR14,trace
P10,R27,NFR15,anti_trace
P10,R28,NFR1,anti_trace
P10,R28,NFR2,anti_trace
P10,R28,NFR3,anti_trace
P10,R28,NFR4,trace
P10,R28,NFR5,trace
P10,R28,NFR6,trace
P10,R28,NFR7,trace
P10,R28,NFR8,anti_trace
P10,R28,NFR9,trace
P10,R28,NFR10,anti_trace
P10,R28,NFR11,trace
P10,R28,NFR12,anti_trace
P10,R28,NFR13,trace
P10,R28,NFR14,trace
P10,R28,NFR15,anti_trace
P10,R29,NFR1,anti_trace
P10,R29,NFR2,anti_trace
P10,R29,NFR3,anti_trace
P10,R29,NFR4,trace
P10,R29,NFR5,trace
P10,R29,NFR6,trace
P10,R29,NFR7,trace
P10,R29,NFR8,anti_trace
P10,R29,NFR9,trace
P10,R29,NFR10,anti_trace
P10,R29,NFR11,trace
P10,R29,NFR12,anti_trace
P10,R29,NFR13,trace
P10,R29,NFR14,trace
P10,R29,NFR15,anti_trace
P10,R30,NFR1,anti_trace
P10,R30,NFR2,anti_trace
P10,R30,NFR3,anti_trace
P10,R30,NFR4,trace
P10,R30,NFR5,trace
P10,R30,NFR6,trace
P10,R30,NFR7,trace
P10,R30,NFR8,anti_trace
P10,R30,NFR9,trace
P10,R30,NFR10,anti_trace
P10,R30,NFR11,trace
P10,R30,NFR12,anti_trace
P10,R30,NFR13,trace
P10,R30,NFR14,trace
P10,R30,NFR15,anti_trace
P10,R31,NFR1,trace
P10,R31,NFR2,anti_trace
P10,R31,NFR3,anti_trace
P10,R31,NFR4,trace
P10,R31,NFR5,trace
P10,R31,NFR6,trace
P10,R31,NFR7,trace
P10,R31,NFR8,anti_trace
P10,R31,NFR9,trace
P10,R31,NFR10,anti_trace
P10,R31,NFR11,trace
P10,R31,NFR12,anti_trace
P10,R31,NFR13,trace
P10,R31,NFR14,trace
P10,R31,NFR15,anti_trace
P10,R32,NFR1,trace
P10,R32,NFR2,trace
P10,R32,NFR3,trace
P10,R32,NFR4,trace
P10,R32,NFR5,trace
P10,R32,NFR6,trace
P10,R32,NFR7,trace
P10,R32,NFR8,anti_trace
P10,R32,NFR9,trace
P10,R32,NFR10,trace
P10,R32,NFR11,trace
P10,R32,NFR12,trace
P10,R32,NFR13,trace
P10,R32,NFR14,trace
P10,R32,NFR15,trace
P10,R33,NFR1,trace
P10,R33,NFR2,trace
P10,R33,NFR3,trace
P10,R33,NFR4,trace
P10,R33,NFR5,trace
P10,R33,NFR6,trace
P10,R33,NFR7,trace
P10,R33,NFR8,anti_trace
P10,R33,NFR9,trace
P10,R33,NFR10,trace
P10,R33,NFR11,trace
P10,R33,NFR12,trace
P10,R33,NFR13,trace
P10,R33,NFR14,trace
P10,R33,NFR15,trace
P10,R34,NFR1,anti_trace
P10,R34,NFR2,anti_trace
P10,R34,NFR3,anti_trace
P10,R34,NFR4,anti_trace
P10,R34,NFR5,anti_trace
P10,R34,NFR6,anti_trace
P10,R34,NFR7,anti_trace
P10,R34,NFR8,anti_trace
P10,R34,NFR9,anti_trace
P10,R34,NFR10,anti_trace
P10,R34,NFR11,anti_trace
P10,R34,NFR12,anti_trace
P10,R34,NFR13,anti_trace
P10,R34,NFR14,anti_trace
P10,R34,NFR15,anti_trace
P10,R35,NFR1,trace
P10,R35,NFR2,trace
P10,R35,NFR3,trace
P10,R35,NFR4,anti_trace
P10,R35,NFR5,trace
P10,R35,NFR6,trace
P10,R35,NFR7,trace
P10,R35,NFR8,anti_trace
P10,R35,NFR9,trace
P10,R35,NFR10,anti_trace
P10,R35,NFR11,trace
P10,R35,NFR12,anti_trace
P10,R35,NFR13,anti_trace
P10,R35,NFR14,trace
P10,R35,NFR15,anti_trace
P10,R36,NFR1,trace
P10,R36,NFR2,anti_trace
P10,R36,NFR3,trace
P10,R36,NFR4,anti_trace
P10,R36,NFR5,anti_trace
P10,R36,NFR6,anti_trace
P10,R36,NFR7,trace
P10,R36,NFR8,anti_trace
P10,R36,NFR9,trace
P10,R36,NFR10,anti_trace
P10,R36,NFR11,trace
P10,R36,NFR12,trace
P10,R36,NFR13,trace
P10,R36,NFR14,trace
P10,R36,NFR15,trace
P10,R37,NFR1,trace
P10,R37,NFR2,trace
P10,R37,NFR3,trace
P10,R37,NFR4,anti_trace
P10,R37,NFR5,anti_trace
P10,R37,NFR6,anti_trace
P10,R37,NFR7,trace
P10,R37,NFR8,anti_trace
P10,R37,NFR9,trace
P10,R37,NFR10,anti_trace
P10,R37,NFR11,trace
P10,R37,NFR12,anti_trace
P10,R37,NFR13,anti_trace
P10,R37,NFR14,trace
P10,R37,NFR15,anti_trace
P10,R38,NFR1,trace
P10,R38,NFR2,anti_trace
P10,R38,NFR3,trace
P10,R38,NFR4,trace
P10,R38,NFR5,trace
P10,R38,NFR6,trace
P10,R38,NFR7,trace
P10,R38,NFR8,anti_trace
P10,R38,NFR9,trace
P10,R38,NFR10,anti_trace
P10,R38,NFR11,trace
P10,R38,NFR12,anti_trace
P10,R38,NFR13,anti_trace
P10,R38,NFR14,trace
P10,R38,NFR15,anti_trace
P10,R39,NFR1,trace
P10,R39,NFR2,anti_trace
P10,R39,NFR3,trace
P10,R39,NFR4,trace
P10,R39,NFR5,trace
P10,R39,NFR6,trace
P10,R39,NFR7,anti_trace
P10,R39,NFR8,anti_trace
P10,R39,NFR9,trace
P10,R39,NFR10,anti_trace
P10,R39,NFR11,trace
P10,R39,NFR12,anti_trace
P10,R39,NFR13,anti_trace
P10,R39,NFR14,trace
P10,R39,NFR15,anti_trace
P10,R40,NFR1,anti_trace
P10,R40,NFR2,trace
P10,R40,NFR3,trace
P10,R40,NFR4,trace
P10,R40,NFR5,trace
P10,R40,NFR6,trace
P10,R40,NFR7,anti_trace
P10,R40,NFR8,anti_trace
P10,R40,NFR9,trace
P10,R40,NFR10,anti_trace
P10,R40,NFR11,trace
P10,R40,NFR12,anti_trace
P10,R40,NFR13,anti_trace
P10,R40,NFR14,trace
P10,R40,NFR15,anti_trace
P10,R41,NFR1,anti_trace
P10,R41,NFR2,anti_trace
P10,R41,NFR3,anti_trace
P10,R41,NFR4,trace
P10,R41,NFR5,trace
P10,R41,NFR6,trace
P10,R41,NFR7,trace
P10,R41,NFR8,anti_trace
P10,R41,NFR9,trace
P10,R41,NFR10,anti_trace
P10,R41,NFR11,trace
P10,R41,NFR12,anti_trace
P10,R41,NFR13,anti_trace
P10,R41,NFR14,trace
P10,R41,NFR15,anti_trace
P10,R42,NFR1,anti_trace
P10,R42,NFR2,anti_trace
P10,R42,NFR3,anti_trace
P10,R42,NFR4,trace
P10,R42,NFR5,trace
P10,R42,NFR6,trace
P10,R42,NFR7,trace
P10,R42,NFR8,anti_trace
P10,R42,NFR9,trace
P10,R42,NFR10,anti_trace
P10,R42,NFR11,trace
P10,R42,NFR12,anti_trace
P10,R42,NFR13,trace
P10,R42,NFR14,trace
P10,R42,NFR15,anti_trace
P10,R43,NFR1,anti_trace
P10,R43,NFR2,anti_trace
P10,R43,NFR3,anti_trace
P10,R43,NFR4,anti_trace
P10,R43,NFR5,trace
P10,R43,NFR6,trace
P10,R43,NFR7,trace
P10,R43,NFR8,anti_trace
P10,R43,NFR9,trace
P10,R43,NFR10,anti_trace
P10,R43,NFR11,trace
P10,R43,NFR12,anti_trace
P10,R43,NFR13,trace
P10,R43,NFR14,trace
P10,R43,NFR15,anti_trace
P10,R44,NFR1,trace
P10,R44,NFR2,trace
P10,R44,NFR3,trace
P10,R44,NFR4,anti_trace
P10,R44,NFR5,trace
P10,R44,NFR6,trace
P10,R44,NFR7,trace
P10,R44,NFR8,anti_trace
P10,R44,NFR9,trace
P10,R44,NFR10,anti_trace
P10,R44,NFR11,trace
P10,R44,NFR12,anti_trace
P10,R44,NFR13,anti_trace
P10,R44,NFR14,trace
P10,R44,NFR15,anti_trace
P10,R45,NFR1,trace
P10,R45,NFR2,trace
P10,R45,NFR3,trace
P10,R45,NFR4,trace
P10,R45,NFR5,trace
P10,R45,NFR6,trace
P10,R45,NFR7,trace
P10,R45,NFR8,anti_trace
P10,R45,NFR9,trace
P10,R45,NFR10,anti_trace
P10,R45,NFR11,trace
P10,R45,NFR12,anti_trace
P10,R45,NFR13,trace
P10,R45,NFR14,trace
P10,R45,NFR15,trace
P10,R46,NFR1,trace
P10,R46,NFR2,trace
P10,R46,NFR3,trace
P10,R46,NFR4,trace
P10,R46,NFR5,trace
P10,R46,NFR6,trace
P10,R46,NFR7,trace
P10,R46,NFR8,anti_trace
P10,R46,NFR9,trace
P10,R46,NFR10,anti_trace
P10,R46,NFR11,trace
P10,R46,NFR12,trace
P10,R46,NFR13,trace
P10,R46,NFR14,trace
P10,R46,NFR15,trace
P10,R47,NFR1,trace
P10,R47,NFR2,trace
P10,R47,NFR3,trace
P10,R47,NFR4,trace
P10,R47,NFR5,trace
P10,R47,NFR6,trace
P10,R47,NFR7,trace
P10,R47,NFR8,anti_trace
P10,R47,NFR9,trace
P10,R47,NFR10,trace
P10,R47,NFR11,trace
P10,R47,NFR12,anti_trace
P10,R47,NFR13,trace
P10,R47,NFR14,trace
P10,R47,NFR15,trace
P10,R48,NFR1,anti_trace
P10,R48,NFR2,trace
P10,R48,NFR3,anti_trace
P10,R48,NFR4,trace
P10,R48,NFR5,trace
P10,R48,NFR6,trace
P10,R48,NFR7,trace
P10,R48,NFR8,anti_trace
P10,R48,NFR9,trace
P10,R48,NFR10,anti_trace
P10,R48,NFR11,trace
P10,R48,NFR12,trace
P10,R48,NFR13,trace
P10,R48,NFR14,trace
P10,R48,NFR15,trace
P10,R49,NFR1,trace
P10,R49,NFR2,trace
P10,R49,NFR3,trace
P10,R49,NFR4,trace
P10,R49,NFR5,trace
P10,R49,NFR6,trace
P10,R49,NFR7,trace
P10,R49,NFR8,anti_trace
P10,R49,NFR9,trace
P10,R49,NFR10,anti_trace
P10,R49,NFR11,trace
P10,R49,NFR12,anti_trace
P10,R49,NFR13,anti_trace
P10,R49,NFR14,trace
P10,R49,NFR15,trace
P10,R50,NFR1,trace
P10,R50,NFR2,trace
P10,R50,NFR3,trace
P10,R50,NFR4,trace
P10,R50,NFR5,trace
P10,R50,NFR6,trace
P10,R50,NFR7,trace
P10,R50,NFR8,anti_trace
P10,R50,NFR9,trace
P10,R50,NFR10,anti_trace
P10,R50,NFR11,trace
P10,R50,NFR12,anti_trace
P10,R50,NFR13,anti_trace
P10,R50,NFR14,trace
P10,R50,NFR15,trace
P10,R51,NFR1,trace
P10,R51,NFR2,trace
P10,R51,NFR3,trace
P10,R51,NFR4,trace
P10,R51,NFR5,trace
P10,R51,NFR6,trace
P10,R51,NFR7,trace
P10,R51,NFR8,anti_trace
P10,R51,NFR9,trace
P10,R51,NFR10,trace
P10,R51,NFR11,trace
P10,R51,NFR12,anti_trace
P10,R51,NFR13,anti_trace
P10,R51,NFR14,trace
P10,R51,NFR15,trace
P10,R52,NFR1,trace
P10,R52,NFR2,trace
P10,R52,NFR3,trace
P10,R52,NFR4,trace
P10,R52,NFR5,trace
P10,R52,NFR6,trace
P10,R52,NFR7,trace
P10,R52,NFR8,anti_trace
P10,R52,NFR9,anti_trace
P10,R52,NFR10,trace
P10,R52,NFR11,anti_trace
P10,R52,NFR12,anti_trace
P10,R52,NFR13,trace
P10,R52,NFR14,anti_trace
P10,R52,NFR15,trace
P10,R53,NFR1,trace
P10,R53,NFR2,trace
P10,R53,NFR3,trace
P10,R53,NFR4,trace
P10,R53,NFR5,trace
P10,R53,NFR6,trace
P10,R53,NFR7,trace
P10,R53,NFR8,anti_trace
P10,R53,NFR9,anti_trace
P10,R53,NFR10,trace
P10,R53,NFR11,anti_trace
P10,R53,NFR12,anti_trace
P10,R53,NFR13,trace
P10,R53,NFR14,anti_trace
P10,R53,NFR15,trace
P1,R9,NFR1,trace
P1,R9,NFR2,trace
P1,R9,NFR3,trace
P1,R9,NFR4,trace
P1,R9,NFR5,trace
P1,R9,NFR6,anti_trace
P1,R9,NFR7,anti_trace
P1,R9,NFR8,anti_trace
P1,R10,NFR1,anti_trace
P1,R10,NFR2,anti_trace
P1,R10,NFR3,anti_trace
P1,R10,NFR4,anti_trace
P1,R10,NFR5,anti_trace
P1,R10,NFR6,anti_trace
P1,R10,NFR7,anti_trace
P1,R10,NFR8,anti_trace
P1,R11,NFR1,anti_trace
P1,R11,NFR2,anti_trace
P1,R11,NFR3,anti_trace
P1,R11,NFR4,anti_trace
P1,R11,NFR5,anti_trace
P1,R11,NFR6,anti_trace
P1,R11,NFR7,anti_trace
P1,R11,NFR8,anti_trace
P1,R12,NFR1,anti_trace
P1,R12,NFR2,anti_trace
P1,R12,NFR3,anti_trace
P1,R12,NFR4,anti_trace
P1,R12,NFR5,anti_trace
P1,R12,NFR6,anti_trace
P1,R12,NFR7,anti_trace
P1,R12,NFR8,anti_trace
P1,R13,NFR1,trace
P1,R13,NFR2,trace
P1,R13,NFR3,anti_trace
P1,R13,NFR4,trace
P1,R13,NFR5,anti_trace
P1,R13,NFR6,trace
P1,R13,NFR7,anti_trace
P1,R13,NFR8,trace
P1,R14,NFR1,trace
P1,R14,NFR2,trace
P1,R14,NFR3,anti_trace
P1,R14,NFR4,trace
P1,R14,NFR5,anti_trace
P1,R14,NFR6,trace
P1,R14,NFR7,anti_trace
P1,R14,NFR8,trace
P1,R15,NFR1,trace
P1,R15,NFR2,trace
P1,R15,NFR3,anti_trace
P1,R15,NFR4,trace
P1,R15,NFR5,anti_trace
P1,R15,NFR6,trace
P1,R15,NFR7,anti_trace
P1,R15,NFR8,trace
P1,R16,NFR1,trace
P1,R16,NFR2,trace
P1,R16,NFR3,anti_trace
P1,R16,NFR4,trace
P1,R16,NFR5,anti_trace
P1,R16,NFR6,trace
P1,R16,NFR7,trace
P1,R16,NFR8,trace
P1,R17,NFR1,trace
P1,R17,NFR2,trace
P1,R17,NFR3,anti_trace
P1,R17,NFR4,trace
P1,R17,NFR5,anti_trace
P1,R17,NFR6,trace
P1,R17,NFR7,trace
P1,R17,NFR8,trace
P1,R18,NFR1,trace
P1,R18,NFR2,anti_trace
P1,R18,NFR3,trace
P1,R18,NFR4,trace
P1,R18,NFR5,trace
P1,R18,NFR6,trace
P1,R18,NFR7,trace
P1,R18,NFR8,trace
P1,R19,NFR1,trace
P1,R19,NFR2,trace
P1,R19,NFR3,trace
P1,R19,NFR4,anti_trace
P1,R19,NFR5,trace
P1,R19,NFR6,trace
P1,R19,NFR7,trace
P1,R19,NFR8,trace
P1,R20,NFR1,trace
P1,R20,NFR2,trace
P1,R20,NFR3,trace
P1,R20,NFR4,anti_trace
P1,R20,NFR5,trace
P1,R20,NFR6,trace
P1,R20,NFR7,trace
P1,R20,NFR8,trace
P1,R21,NFR1,trace
P1,R21,NFR2,trace
P1,R21,NFR3,anti_trace
P1,R21,NFR4,anti_trace
P1,R21,NFR5,trace
P1,R21,NFR6,anti_trace
P1,R21,NFR7,trace
P1,R21,NFR8,anti_trace
P1,R22,NFR1,trace
P1,R22,NFR2,trace
P1,R22,NFR3,anti_trace
P1,R22,NFR4,anti_trace
P1,R22,NFR5,trace
P1,R22,NFR6,anti_trace
P1,R22,NFR7,trace
P1,R22,NFR8,anti_trace
P1,R23,NFR1,trace
P1,R23,NFR2,trace
P1,R23,NFR3,trace
P1,R23,NFR4,anti_trace
P1,R23,NFR5,anti_trace
P1,R23,NFR6,anti_trace
P1,R23,NFR7,anti_trace
P1,R23,NFR8,trace
P1,R24,NFR1,trace
P1,R24,NFR2,trace
P1,R24,NFR3,trace
P1,R24,NFR4,anti_trace
P1,R24,NFR5,trace
P1,R24,NFR6,trace
P1,R24,NFR7,trace
P1,R24,NFR8,anti_trace
P1,R25,NFR1,anti_trace
P1,R25,NFR2,trace
P1,R25,NFR3,anti_trace
P1,R25,NFR4,anti_trace
P1,R25,NFR5,trace
P1,R25,NFR6,trace
P1,R25,NFR7,trace
P1,R25,NFR8,trace
P1,R26,NFR1,anti_trace
P1,R26,NFR2,trace
P1,R26,NFR3,trace
P1,R26,NFR4,anti_trace
P1,R26,NFR5,trace
P1,R26,NFR6,trace
P1,R26,NFR7,trace
P1,R26,NFR8,trace
P1,R27,NFR1,trace
P1,R27,NFR2,trace
P1,R27,NFR3,anti_trace
P1,R27,NFR4,trace
P1,R27,NFR5,trace
P1,R27,NFR6,anti_trace
P1,R27,NFR7,trace
P1,R27,NFR8,anti_trace
P1,R28,NFR1,trace
P1,R28,NFR2,trace
P1,R28,NFR3,trace
P1,R28,NFR4,anti_trace
P1,R28,NFR5,anti_trace
P1,R28,NFR6,trace
P1,R28,NFR7,trace
P1,R28,NFR8,anti_trace
P2,R30,NFR1,trace
P2,R30,NFR2,anti_trace
P2,R30,NFR3,anti_trace
P2,R30,NFR4,anti_trace
P2,R30,NFR5,anti_trace
P2,R30,NFR6,anti_trace
P2,R30,NFR7,anti_trace
P2,R30,NFR8,anti_trace
P2,R30,NFR9,anti_trace
P2,R30,NFR10,anti_trace
P2,R30,NFR11,trace
P2,R30,NFR12,trace
P2,R30,NFR13,trace
P2,R30,NFR14,anti_trace
P2,R30,NFR15,anti_trace
P2,R30,NFR16,trace
P2,R30,NFR17,trace
P2,R30,NFR18,trace
P2,R30,NFR19,trace
P2,R30,NFR20,trace
P2,R30,NFR21,anti_trace
P2,R30,NFR22,anti_trace
P2,R30,NFR23,anti_trace
P2,R30,NFR24,trace
P2,R30,NFR25,trace
P2,R30,NFR26,trace
P2,R30,NFR27,trace
P2,R30,NFR28,trace
P2,R30,NFR29,trace
P2,R31,NFR1,anti_trace
P2,R31,NFR2,anti_trace
P2,R31,NFR3,anti_trace
P2,R31,NFR4,anti_trace
P2,R31,NFR5,anti_trace
P2,R31,NFR6,trace
P2,R31,NFR7,anti_trace
P2,R31,NFR8,anti_trace
P2,R31,NFR9,anti_trace
P2,R31,NFR10,trace
P2,R31,NFR11,trace
P2,R31,NFR12,trace
P2,R31,NFR13,trace
P2,R31,NFR14,trace
P2,R31,NFR15,anti_trace
P2,R31,NFR16,trace
P2,R31,NFR17,anti_trace
P2,R31,NFR18,trace
P2,R31,NFR19,trace
P2,R31,NFR20,trace
P2,R31,NFR21,trace
P2,R31,NFR22,anti_trace
P2,R31,NFR23,anti_trace
P2,R31,NFR24,trace
P2,R31,NFR25,trace
P2,R31,NFR26,trace
P2,R31,NFR27,trace
P2,R31,NFR28,trace
P2,R31,NFR29,trace
P2,R32,NFR1,trace
P2,R32,NFR2,anti_trace
P2,R32,NFR3,trace
P2,R32,NFR4,trace
P2,R32,NFR5,anti_trace
P2,R32,NFR6,trace
P2,R32,NFR7,trace
P2,R32,NFR8,trace
P2,R32,NFR9,trace
P2,R32,NFR10,trace
P2,R32,NFR11,trace
P2,R32,NFR12,trace
P2,R32,NFR13,trace
P2,R32,NFR14,trace
P2,R32,NFR15,anti_trace
P2,R32,NFR16,trace
P2,R32,NFR17,trace
P2,R32,NFR18,anti_trace
P2,R32,NFR19,trace
P2,R32,NFR20,anti_trace
P2,R32,NFR21,trace
P2,R32,NFR22,anti_trace
P2,R32,NFR23,anti_trace
P2,R32,NFR24,trace
P2,R32,NFR25,trace
P2,R32,NFR26,trace
P2,R32,NFR27,trace
P2,R32,NFR28,trace
P2,R32,NFR29,trace
P2,R33,NFR1,anti_trace
P2,R33,NFR2,trace
P2,R33,NFR3,anti_trace
P2,R33,NFR4,anti_trace
P2,R33,NFR5,trace
P2,R33,NFR6,trace
P2,R33,NFR7,trace
P2,R33,NFR8,trace
P2,R33,NFR9,anti_trace
P2,R33,NFR10,trace
P2,R33,NFR11,trace
P2,R33,NFR12,trace
P2,R33,NFR13,trace
P2,R33,NFR14,trace
P2,R33,NFR15,anti_trace
P2,R33,NFR16,trace
P2,R33,NFR17,anti_trace
P2,R33,NFR18,trace
P2,R33,NFR19,trace
P2,R33,NFR20,trace
P2,R33,NFR21,trace
P2,R33,NFR22,trace
P2,R33,NFR23,trace
P2,R33,NFR24,trace
P2,R33,NFR25,trace
P2,R33,NFR26,trace
P2,R33,NFR27,trace
P2,R33,NFR28,trace
P2,R33,NFR29,trace
P2,R34,NFR1,anti_trace
P2,R34,NFR2,trace
P2,R34,NFR3,anti_trace
P2,R34,NFR4,anti_trace
P2,R34,NFR5,trace
P2,R34,NFR6,trace
P2,R34,NFR7,trace
P2,R34,NFR8,trace
P2,R34,NFR9,anti_trace
P2,R34,NFR10,trace
P2,R34,NFR11,trace
P2,R34,NFR12,trace
P2,R34,NFR13,trace
P2,R34,NFR14,anti_trace
P2,R34,NFR15,anti_trace
P2,R34,NFR16,trace
P2,R34,NFR17,anti_trace
P2,R34,NFR18,trace
P2,R34,NFR19,trace
P2,R34,NFR20,trace
P2,R34,NFR21,trace
P2,R34,NFR22,trace
P2,R34,NFR23,trace
P2,R34,NFR24,trace
P2,R34,NFR25,trace
P2,R34,NFR26,trace
P2,R34,NFR27,trace
P2,R34,NFR28,trace
P2,R34,NFR29,trace
P2,R35,NFR1,anti_trace
P2,R35,NFR2,anti_trace
P2,R35,NFR3,anti_trace
P2,R35,NFR4,anti_trace
P2,R35,NFR5,anti_trace
P2,R35,NFR6,trace
P2,R35,NFR7,anti_trace
P2,R35,NFR8,anti_trace
P2,R35,NFR9,anti_trace
P2,R35,NFR10,anti_trace
P2,R35,NFR11,anti_trace
P2,R35,NFR12,anti_trace
P2,R35,NFR13,trace
P2,R35,NFR14,trace
P2,R35,NFR15,anti_trace
P2,R35,NFR16,trace
P2,R35,NFR17,anti_trace
P2,R35,NFR18,anti_trace
P2,R35,NFR19,trace
P2,R35,NFR20,anti_trace
P2,R35,NFR21,trace
P2,R35,NFR22,trace
P2,R35,NFR23,trace
P2,R35,NFR24,trace
P2,R35,NFR25,trace
P2,R35,NFR26,trace
P2,R35,NFR27,trace
P2,R35,NFR28,trace
P2,R35,NFR29,trace
P2,R36,NFR1,trace
P2,R36,NFR2,trace
P2,R36,NFR3,trace
P2,R36,NFR4,trace
P2,R36,NFR5,trace
P2,R36,NFR6,anti_trace
P2,R36,NFR7,trace
P2,R36,NFR8,trace
P2,R36,NFR9,trace
P2,R36,NFR10,trace
P2,R36,NFR11,trace
P2,R36,NFR12,trace
P2,R36,NFR13,anti_trace
P2,R36,NFR14,trace
P2,R36,NFR15,anti_trace
P2,R36,NFR16,trace
P2,R36,NFR17,anti_trace
P2,R36,NFR18,trace
P2,R36,NFR19,trace
P2,R36,NFR20,trace
P2,R36,NFR21,trace
P2,R36,NFR22,trace
P2,R36,NFR23,trace
P2,R36,NFR24,trace
P2,R36,NFR25,trace
P2,R36,NFR26,trace
P2,R36,NFR27,trace
P2,R36,NFR28,trace
P2,R36,NFR29,trace
P2,R37,NFR1,trace
P2,R37,NFR2,trace
P2,R37,NFR3,trace
P2,R37,NFR4,trace
P2,R37,NFR5,anti_trace
P2,R37,NFR6,anti_trace
P2,R37,NFR7,anti_trace
P2,R37,NFR8,anti_trace
P2,R37,NFR9,trace
P2,R37,NFR10,trace
P2,R37,NFR11,trace
P2,R37,NFR12,trace
P2,R37,NFR13,anti_trace
P2,R37,NFR14,trace
P2,R37,NFR15,anti_trace
P2,R37,NFR16,trace
P2,R37,NFR17,anti_trace
P2,R37,NFR18,trace
P2,R37,NFR19,trace
P2,R37,NFR20,trace
P2,R37,NFR21,trace
P2,R37,NFR22,anti_trace
P2,R37,NFR23,anti_trace
P2,R37,NFR24,trace
P2,R37,NFR25,trace
P2,R37,NFR26,trace
P2,R37,NFR27,trace
P2,R37,NFR28,trace
P2,R37,NFR29,trace
P2,R38,NFR1,trace
P2,R38,NFR2,anti_trace
P2,R38,NFR3,anti_trace
P2,R38,NFR4,anti_trace
P2,R38,NFR5,anti_trace
P2,R38,NFR6,trace
P2,R38,NFR7,anti_trace
P2,R38,NFR8,anti_trace
P2,R38,NFR9,trace
P2,R38,NFR10,trace
P2,R38,NFR11,trace
P2,R38,NFR12,trace
P2,R38,NFR13,trace
P2,R38,NFR14,trace
P2,R38,NFR15,anti_trace
P2,R38,NFR16,trace
P2,R38,NFR17,anti_trace
P2,R38,NFR18,trace
P2,R38,NFR19,trace
P2,R38,NFR20,trace
P2,R38,NFR21,trace
P2,R38,NFR22,anti_trace
P2,R38,NFR23,anti_trace
P2,R38,NFR24,trace
P2,R38,NFR25,trace
P2,R38,NFR26,trace
P2,R38,NFR27,trace
P2,R38,NFR28,trace
P2,R38,NFR29,trace
P2,R39,NFR1,trace
P2,R39,NFR2,anti_trace
P2,R39,NFR3,trace
P2,R39,NFR4,trace
P2,R39,NFR5,anti_trace
P2,R39,NFR6,anti_trace
P2,R39,NFR7,trace
P2,R39,NFR8,trace
P2,R39,NFR9,trace
P2,R39,NFR10,trace
P2,R39,NFR11,trace
P2,R39,NFR12,trace
P2,R39,NFR13,anti_trace
P2,R39,NFR14,trace
P2,R39,NFR15,anti_trace
P2,R39,NFR16,trace
P2,R39,NFR17,anti_trace
P2,R39,NFR18,trace
P2,R39,NFR19,trace
P2,R39,NFR20,trace
P2,R39,NFR21,trace
P2,R39,NFR22,trace
P2,R39,NFR23,trace
P2,R39,NFR24,trace
P2,R39,NFR25,trace
P2,R39,NFR26,trace
P2,R39,NFR27,trace
P2,R39,NFR28,trace
P2,R39,NFR29,trace
P2,R40,NFR1,trace
P2,R40,NFR2,anti_trace
P2,R40,NFR3,anti_trace
P2,R40,NFR4,anti_trace
P2,R40,NFR5,anti_trace
P2,R40,NFR6,trace
P2,R40,NFR7,anti_trace
P2,R40,NFR8,anti_trace
P2,R40,NFR9,trace
P2,R40,NFR10,trace
P2,R40,NFR11,trace
P2,R40,NFR12,trace
P2,R40,NFR13,trace
P2,R40,NFR14,trace
P2,R40,NFR15,anti_trace
P2,R40,NFR16,trace
P2,R40,NFR17,anti_trace
P2,R40,NFR18,trace
P2,R40,NFR19,trace
P2,R40,NFR20,anti_trace
P2,R40,NFR21,trace
P2,R40,NFR22,trace
P2,R40,NFR23,trace
P2,R40,NFR24,trace
P2,R40,NFR25,trace
P2,R40,NFR26,trace
P2,R40,NFR27,trace
P2,R40,NFR28,trace
P2,R40,NFR29,trace
P3,R34,NFR1,anti_trace
P3,R34,NFR2,trace
P3,R34,NFR3,trace
P3,R34,NFR4,trace
P3,R34,NFR5,trace
P3,R34,NFR6,trace
P3,R34,NFR7,trace
P3,R34,NFR8,trace
P3,R34,NFR9,trace
P3,R34,NFR10,trace
P3,R34,NFR11,trace
P3,R34,NFR12,trace
P3,R34,NFR13,trace
P3,R34,NFR14,trace
P3,R34,NFR15,anti_trace
P3,R34,NFR16,trace
P3,R34,NFR17,anti_trace
P3,R34,NFR18,anti_trace
P3,R34,NFR19,trace
P3,R34,NFR20,trace
P3,R34,NFR21,trace
P3,R34,NFR22,trace
P3,R34,NFR23,trace
P3,R34,NFR24,trace
P3,R34,NFR25,trace
P3,R34,NFR26,trace
P3,R34,NFR27,trace
P3,R34,NFR28,trace
P3,R34,NFR29,trace
P3,R34,NFR30,trace
P3,R34,NFR31,trace
P3,R34,NFR32,trace
P3,R34,NFR33,trace
P3,R35,NFR1,anti_trace
P3,R35,NFR2,anti_trace
P3,R35,NFR3,trace
P3,R35,NFR4,trace
P3,R35,NFR5,anti_trace
P3,R35,NFR6,anti_trace
P3,R35,NFR7,trace
P3,R35,NFR8,trace
P3,R35,NFR9,anti_trace
P3,R35,NFR10,trace
P3,R35,NFR11,anti_trace
P3,R35,NFR12,anti_trace
P3,R35,NFR13,anti_trace
P3,R35,NFR14,trace
P3,R35,NFR15,trace
P3,R35,NFR16,trace
P3,R35,NFR17,trace
P3,R35,NFR18,trace
P3,R35,NFR19,trace
P3,R35,NFR20,trace
P3,R35,NFR21,trace
P3,R35,NFR22,trace
P3,R35,NFR23,trace
P3,R35,NFR24,trace
P3,R35,NFR25,trace
P3,R35,NFR26,anti_trace
P3,R35,NFR27,anti_trace
P3,R35,NFR28,trace
P3,R35,NFR29,trace
P3,R35,NFR30,trace
P3,R35,NFR31,trace
P3,R35,NFR32,trace
P3,R35,NFR33,trace
P3,R36,NFR1,anti_trace
P3,R36,NFR2,anti_trace
P3,R36,NFR3,trace
P3,R36,NFR4,trace
P3,R36,NFR5,anti_trace
P3,R36,NFR6,anti_trace
P3,R36,NFR7,trace
P3,R36,NFR8,trace
P3,R36,NFR9,anti_trace
P3,R36,NFR10,trace
P3,R36,NFR11,anti_trace
P3,R36,NFR12,trace
P3,R36,NFR13,anti_trace
P3,R36,NFR14,trace
P3,R36,NFR15,trace
P3,R36,NFR16,trace
P3,R36,NFR17,trace
P3,R36,NFR18,trace
P3,R36,NFR19,trace
P3,R36,NFR20,trace
P3,R36,NFR21,trace
P3,R36,NFR22,trace
P3,R36,NFR23,trace
P3,R36,NFR24,trace
P3,R36,NFR25,trace
P3,R36,NFR26,anti_trace
P3,R36,NFR27,anti_trace
P3,R36,NFR28,trace
P3,R36,NFR29,trace
P3,R36,NFR30,trace
P3,R36,NFR31,trace
P3,R36,NFR32,trace
P3,R36,NFR33,trace
P3,R37,NFR1,trace
P3,R37,NFR2,trace
P3,R37,NFR3,trace
P3,R37,NFR4,trace
P3,R37,NFR5,trace
P3,R37,NFR6,trace
P3,R37,NFR7,trace
P3,R37,NFR8,trace
P3,R37,NFR9,trace
P3,R37,NFR10,trace
P3,R37,NFR11,trace
P3,R37,NFR12,trace
P3,R37,NFR13,trace
P3,R37,NFR14,trace
P3,R37,NFR15,anti_trace
P3,R37,NFR16,trace
P3,R37,NFR17,trace
P3,R37,NFR18,trace
P3,R37,NFR19,trace
P3,R37,NFR20,trace
P3,R37,NFR21,trace
P3,R37,NFR22,trace
P3,R37,NFR23,trace
P3,R37,NFR24,trace
P3,R37,NFR25,trace
P3,R37,NFR26,anti_trace
P3,R37,NFR27,anti_trace
P3,R37,NFR28,trace
P3,R37,NFR29,trace
P3,R37,NFR30,trace
P3,R37,NFR31,trace
P3,R37,NFR32,trace
P3,R37,NFR33,trace
P3,R38,NFR1,trace
P3,R38,NFR2,anti_trace
P3,R38,NFR3,trace
P3,R38,NFR4,trace
P3,R38,NFR5,anti_trace
P3,R38,NFR6,trace
P3,R38,NFR7,trace
P3,R38,NFR8,trace
P3,R38,NFR9,trace
P3,R38,NFR10,trace
P3,R38,NFR11,anti_trace
P3,R38,NFR12,anti_trace
P3,R38,NFR13,anti_trace
P3,R38,NFR14,trace
P3,R38,NFR15,trace
P3,R38,NFR16,trace
P3,R38,NFR17,trace
P3,R38,NFR18,trace
P3,R38,NFR19,trace
P3,R38,NFR20,trace
P3,R38,NFR21,trace
P3,R38,NFR22,trace
P3,R38,NFR23,trace
P3,R38,NFR24,trace
P3,R38,NFR25,trace
P3,R38,NFR26,trace
P3,R38,NFR27,trace
P3,R38,NFR28,trace
P3,R38,NFR29,trace
P3,R38,NFR30,trace
P3,R38,NFR31,trace
P3,R38,NFR32,trace
P3,R38,NFR33,trace
P3,R39,NFR1,anti_trace
P3,R39,NFR2,anti_trace
P3,R39,NFR3,trace
P3,R39,NFR4,trace
P3,R39,NFR5,anti_trace
P3,R39,NFR6,trace
P3,R39,NFR7,trace
P3,R39,NFR8,trace
P3,R39,NFR9,trace
P3,R39,NFR10,trace
P3,R39,NFR11,anti_trace
P3,R39,NFR12,anti_trace
P3,R39,NFR13,anti_trace
P3,R39,NFR14,trace
P3,R39,NFR15,trace
P3,R39,NFR16,trace
P3,R39,NFR17,trace
P3,R39,NFR18,trace
P3,R39,NFR19,trace
P3,R39,NFR20,trace
P3,R39,NFR21,trace
P3,R39,NFR22,trace
P3,R39,NFR23,trace
P3,R39,NFR24,trace
P3,R39,NFR25,trace
P3,R39,NFR26,trace
P3,R39,NFR27,trace
P3,R39,NFR28,trace
P3,R39,NFR29,trace
P3,R39,NFR30,trace
P3,R39,NFR31,trace
P3,R39,NFR32,trace
P3,R39,NFR33,trace
P3,R40,NFR1,anti_trace
P3,R40,NFR2,anti_trace
P3,R40,NFR3,trace
P3,R40,NFR4,trace
P3,R40,NFR5,anti_trace
P3,R40,NFR6,trace
P3,R40,NFR7,trace
P3,R40,NFR8,trace
P3,R40,NFR9,trace
P3,R40,NFR10,trace
P3,R40,NFR11,anti_trace
P3,R40,NFR12,anti_trace
P3,R40,NFR13,anti_trace
P3,R40,NFR14,trace
P3,R40,NFR15,trace
P3,R40,NFR16,trace
P3,R40,NFR17,trace
P3,R40,NFR18,trace
P3,R40,NFR19,trace
P3,R40,NFR20,trace
P3,R40,NFR21,trace
P3,R40,NFR22,trace
P3,R40,NFR23,trace
P3,R40,NFR24,trace
P3,R40,NFR25,trace
P3,R40,NFR26,trace
P3,R40,NFR27,trace
P3,R40,NFR28,trace
P3,R40,NFR29,trace
P3,R40,NFR30,trace
P3,R40,NFR31,trace
P3,R40,NFR32,trace
P3,R40,NFR33,trace
P3,R41,NFR1,anti_trace
P3,R41,NFR2,anti_trace
P3,R41,NFR3,anti_trace
P3,R41,NFR4,trace
P3,R41,NFR5,anti_trace
P3,R41,NFR6,anti_trace
P3,R41,NFR7,trace
P3,R41,NFR8,anti_trace
P3,R41,NFR9,anti_trace
P3,R41,NFR10,trace
P3,R41,NFR11,anti_trace
P3,R41,NFR12,anti_trace
P3,R41,NFR13,anti_trace
P3,R41,NFR14,trace
P3,R41,NFR15,trace
P3,R41,NFR16,trace
P3,R41,NFR17,trace
P3,R41,NFR18,trace
P3,R41,NFR19,trace
P3,R41,NFR20,trace
P3,R41,NFR21,trace
P3,R41,NFR22,trace
P3,R41,NFR23,trace
P3,R41,NFR24,trace
P3,R41,NFR25,trace
P3,R41,NFR26,trace
P3,R41,NFR27,trace
P3,R41,NFR28,trace
P3,R41,NFR29,trace
P3,R41,NFR30,trace
P3,R41,NFR31,trace
P3,R41,NFR32,trace
P3,R41,NFR33,trace
P3,R42,NFR1,anti_trace
P3,R42,NFR2,anti_trace
P3,R42,NFR3,anti_trace
P3,R42,NFR4,trace
P3,R42,NFR5,anti_trace
P3,R42,NFR6,anti_trace
P3,R42,NFR7,trace
P3,R42,NFR8,anti_trace
P3,R42,NFR9,anti_trace
P3,R42,NFR10,trace
P3,R42,NFR11,anti_trace
P3,R42,NFR12,anti_trace
P3,R42,NFR13,anti_trace
P3,R42,NFR14,trace
P3,R42,NFR15,trace
P3,R42,NFR16,trace
P3,R42,NFR17,trace
P3,R42,NFR18,trace
P3,R42,NFR19,trace
P3,R42,NFR20,trace
P3,R42,NFR21,trace
P3,R42,NFR22,trace
P3,R42,NFR23,trace
P3,R42,NFR24,anti_trace
P3,R42,NFR25,trace
P3,R42,NFR26,trace
P3,R42,NFR27,trace
P3,R42,NFR28,trace
P3,R42,NFR29,trace
P3,R42,NFR30,trace
P3,R42,NFR31,trace
P3,R42,NFR32,trace
P3,R42,NFR33,trace
P3,R43,NFR1,anti_trace
P3,R43,NFR2,anti_trace
P3,R43,NFR3,trace
P3,R43,NFR4,trace
P3,R43,NFR5,anti_trace
P3,R43,NFR6,trace
P3,R43,NFR7,trace
P3,R43,NFR8,anti_trace
P3,R43,NFR9,anti_trace
P3,R43,NFR10,trace
P3,R43,NFR11,anti_trace
P3,R43,NFR12,anti_trace
P3,R43,NFR13,anti_trace
P3,R43,NFR14,trace
P3,R43,NFR15,trace
P3,R43,NFR16,trace
P3,R43,NFR17,trace
P3,R43,NFR18,trace
P3,R43,NFR19,trace
P3,R43,NFR20,trace
P3,R43,NFR21,trace
P3,R43,NFR22,trace
P3,R43,NFR23,trace
P3,R43,NFR24,trace
P3,R43,NFR25,trace
P3,R43,NFR26,trace
P3,R43,NFR27,trace
P3,R43,NFR28,trace
P3,R43,NFR29,trace
P3,R43,NFR30,trace
P3,R43,NFR31,trace
P3,R43,NFR32,trace
P3,R43,NFR33,trace
P3,R44,NFR1,anti_trace
P3,R44,NFR2,anti_trace
P3,R44,NFR3,anti_trace
P3,R44,NFR4,trace
P3,R44,NFR5,anti_trace
P3,R44,NFR6,anti_trace
P3,R44,NFR7,trace
P3,R44,NFR8,trace
P3,R44,NFR9,anti_trace
P3,R44,NFR10,trace
P3,R44,NFR11,anti_trace
P3,R44,NFR12,anti_trace
P3,R44,NFR13,anti_trace
P3,R44,NFR14,trace
P3,R44,NFR15,trace
P3,R44,NFR16,trace
P3,R44,NFR17,trace
P3,R44,NFR18,trace
P3,R44,NFR19,trace
P3,R44,NFR20,trace
P3,R44,NFR21,trace
P3,R44,NFR22,trace
P3,R44,NFR23,trace
P3,R44,NFR24,trace
P3,R44,NFR25,trace
P3,R44,NFR26,trace
P3,R44,NFR27,trace
P3,R44,NFR28,trace
P3,R44,NFR29,trace
P3,R44,NFR30,trace
P3,R44,NFR31,trace
P3,R44,NFR32,trace
P3,R44,NFR33,trace
P3,R45,NFR1,trace
P3,R45,NFR2,trace
P3,R45,NFR3,trace
P3,R45,NFR4,trace
P3,R45,NFR5,trace
P3,R45,NFR6,trace
P3,R45,NFR7,anti_trace
P3,R45,NFR8,anti_trace
P3,R45,NFR9,trace
P3,R45,NFR10,trace
P3,R45,NFR11,trace
P3,R45,NFR12,trace
P3,R45,NFR13,trace
P3,R45,NFR14,trace
P3,R45,NFR15,trace
P3,R45,NFR16,trace
P3,R45,NFR17,trace
P3,R45,NFR18,trace
P3,R45,NFR19,trace
P3,R45,NFR20,trace
P3,R45,NFR21,trace
P3,R45,NFR22,trace
P3,R45,NFR23,trace
P3,R45,NFR24,anti_trace
P3,R45,NFR25,trace
P3,R45,NFR26,trace
P3,R45,NFR27,trace
P3,R45,NFR28,trace
P3,R45,NFR29,trace
P3,R45,NFR30,trace
P3,R45,NFR31,trace
P3,R45,NFR32,trace
P3,R45,NFR33,trace
P3,R46,NFR1,trace
P3,R46,NFR2,trace
P3,R46,NFR3,trace
P3,R46,NFR4,trace
P3,R46,NFR5,trace
P3,R46,NFR6,trace
P3,R46,NFR7,trace
P3,R46,NFR8,trace
P3,R46,NFR9,trace
P3,R46,NFR10,trace
P3,R46,NFR11,trace
P3,R46,NFR12,trace
P3,R46,NFR13,trace
P3,R46,NFR14,trace
P3,R46,NFR15,trace
P3,R46,NFR16,trace
P3,R46,NFR17,trace
P3,R46,NFR18,trace
P3,R46,NFR19,trace
P3,R46,NFR20,trace
P3,R46,NFR21,trace
P3,R46,NFR22,trace
P3,R46,NFR23,trace
P3,R46,NFR24,trace
P3,R46,NFR25,trace
P3,R46,NFR26,trace
P3,R46,NFR27,trace
P3,R46,NFR28,trace
P3,R46,NFR29,trace
P3,R46,NFR30,trace
P3,R46,NFR31,trace
P3,R46,NFR32,trace
P3,R46,NFR33,trace
P3,R47,NFR1,trace
P3,R47,NFR2,trace
P3,R47,NFR3,trace
P3,R47,NFR4,trace
P3,R47,NFR5,trace
P3,R47,NFR6,trace
P3,R47,NFR7,trace
P3,R47,NFR8,trace
P3,R47,NFR9,trace
P3,R47,NFR10,trace
P3,R47,NFR11,trace
P3,R47,NFR12,trace
P3,R47,NFR13,trace
P3,R47,NFR14,trace
P3,R47,NFR15,trace
P3,R47,NFR16,trace
P3,R47,NFR17,trace
P3,R47,NFR18,trace
P3,R47,NFR19,trace
P3,R47,NFR20,trace
P3,R47,NFR21,trace
P3,R47,NFR22,trace
P3,R47,NFR23,trace
P3,R47,NFR24,anti_trace
P3,R47,NFR25,anti_trace
P3,R47,NFR26,trace
P3,R47,NFR27,trace
P3,R47,NFR28,trace
P3,R47,NFR29,trace
P3,R47,NFR30,trace
P3,R47,NFR31,trace
P3,R47,NFR32,trace
P3,R47,NFR33,trace
P3,R48,NFR1,anti_trace
P3,R48,NFR2,anti_trace
P3,R48,NFR3,trace
P3,R48,NFR4,trace
P3,R48,NFR5,anti_trace
P3,R48,NFR6,trace
P3,R48,NFR7,trace
P3,R48,NFR8,trace
P3,R48,NFR9,anti_trace
P3,R48,NFR10,trace
P3,R48,NFR11,anti_trace
P3,R48,NFR12,anti_trace
P3,R48,NFR13,anti_trace
P3,R48,NFR14,trace
P3,R48,NFR15,trace
P3,R48,NFR16,trace
P3,R48,NFR17,trace
P3,R48,NFR18,trace
P3,R48,NFR19,trace
P3,R48,NFR20,trace
P3,R48,NFR21,trace
P3,R48,NFR22,trace
P3,R48,NFR23,trace
P3,R48,NFR24,trace
P3,R48,NFR25,trace
P3,R48,NFR26,trace
P3,R48,NFR27,trace
P3,R48,NFR28,trace
P3,R48,NFR29,trace
P3,R48,NFR30,trace
P3,R48,NFR31,trace
P3,R48,NFR32,trace
P3,R48,NFR33,trace
P3,R49,NFR1,trace
P3,R49,NFR2,trace
P3,R49,NFR3,trace
P3,R49,NFR4,trace
P3,R49,NFR5,trace
P3,R49,NFR6,trace
P3,R49,NFR7,trace
P3,R49,NFR8,trace
P3,R49,NFR9,trace
P3,R49,NFR10,trace
P3,R49,NFR11,trace
P3,R49,NFR12,trace
P3,R49,NFR13,trace
P3,R49,NFR14,trace
P3,R49,NFR15,trace
P3,R49,NFR16,trace
P3,R49,NFR17,trace
P3,R49,NFR18,trace
P3,R49,NFR19,trace
P3,R49,NFR20,trace
P3,R49,NFR21,trace
P3,R49,NFR22,trace
P3,R49,NFR23,trace
P3,R49,NFR24,anti_trace
P3,R49,NFR25,trace
P3,R49,NFR26,trace
P3,R49,NFR27,trace
P3,R49,NFR28,trace
P3,R49,NFR29,trace
P3,R49,NFR30,trace
P3,R49,NFR31,trace
P3,R49,NFR32,trace
P3,R49,NFR33,trace
P3,R50,NFR1,anti_trace
P3,R50,NFR2,anti_trace
P3,R50,NFR3,trace
P3,R50,NFR4,trace
P3,R50,NFR5,trace
P3,R50,NFR6,trace
P3,R50,NFR7,anti_trace
P3,R50,NFR8,anti_trace
P3,R50,NFR9,trace
P3,R50,NFR10,trace
P3,R50,NFR11,trace
P3,R50,NFR12,trace
P3,R50,NFR13,trace
P3,R50,NFR14,trace
P3,R50,NFR15,trace
P3,R50,NFR16,trace
P3,R50,NFR17,trace
P3,R50,NFR18,trace
P3,R50,NFR19,trace
P3,R50,NFR20,trace
P3,R50,NFR21,trace
P3,R50,NFR22,trace
P3,R50,NFR23,trace
P3,R50,NFR24,trace
P3,R50,NFR25,trace
P3,R50,NFR26,trace
P3,R50,NFR27,trace
P3,R50,NFR28,trace
P3,R50,NFR29,trace
P3,R50,NFR30,trace
P3,R50,NFR31,trace
P3,R50,NFR32,trace
P3,R50,NFR33,trace
P3,R51,NFR1,anti_trace
P3,R51,NFR2,anti_trace
P3,R51,NFR3,trace
P3,R51,NFR4,trace
P3,R51,NFR5,anti_trace
P3,R51,NFR6,trace
P3,R51,NFR7,trace
P3,R51,NFR8,trace
P3,R51,NFR9,trace
P3,R51,NFR10,trace
P3,R51,NFR11,trace
P3,R51,NFR12,trace
P3,R51,NFR13,trace
P3,R51,NFR14,trace
P3,R51,NFR15,trace
P3,R51,NFR16,trace
P3,R51,NFR17,trace
P3,R51,NFR18,trace
P3,R51,NFR19,trace
P3,R51,NFR20,trace
P3,R51,NFR21,trace
P3,R51,NFR22,trace
P3,R51,NFR23,trace
P3,R51,NFR24,trace
P3,R51,NFR25,trace
P3,R51,NFR26,trace
P3,R51,NFR27,trace
P3,R51,NFR28,trace
P3,R51,NFR29,trace
P3,R51,NFR30,trace
P3,R51,NFR31,trace
P3,R51,NFR32,trace
P3,R51,NFR33,trace
P3,R52,NFR1,trace
P3,R52,NFR2,trace
P3,R52,NFR3,trace
P3,R52,NFR4,trace
P3,R52,NFR5,trace
P3,R52,NFR6,trace
P3,R52,NFR7,trace
P3,R52,NFR8,trace
P3,R52,NFR9,trace
P3,R52,NFR10,trace
P3,R52,NFR11,trace
P3,R52,NFR12,trace
P3,R52,NFR13,trace
P3,R52,NFR14,trace
P3,R52,NFR15,trace
P3,R52,NFR16,trace
P3,R52,NFR17,trace
P3,R52,NFR18,trace
P3,R52,NFR19,trace
P3,R52,NFR20,trace
P3,R52,NFR21,trace
P3,R52,NFR22,trace
P3,R52,NFR23,trace
P3,R52,NFR24,trace
P3,R52,NFR25,trace
P3,R52,NFR26,trace
P3,R52,NFR27,trace
P3,R52,NFR28,trace
P3,R52,NFR29,trace
P3,R52,NFR30,trace
P3,R52,NFR31,trace
P3,R52,NFR32,trace
P3,R52,NFR33,trace
P3,R53,NFR1,trace
P3,R53,NFR2,trace
P3,R53,NFR3,anti_trace
P3,R53,NFR4,trace
P3,R53,NFR5,trace
P3,R53,NFR6,trace
P3,R53,NFR7,trace
P3,R53,NFR8,trace
P3,R53,NFR9,trace
P3,R53,NFR10,trace
P3,R53,NFR11,trace
P3,R53,NFR12,trace
P3,R53,NFR13,trace
P3,R53,NFR14,trace
P3,R53,NFR15,trace
P3,R53,NFR16,trace
P3,R53,NFR17,trace
P3,R53,NFR18,trace
P3,R53,NFR19,trace
P3,R53,NFR20,trace
P3,R53,NFR21,trace
P3,R53,NFR22,trace
P3,R53,NFR23,trace
P3,R53,NFR24,trace
P3,R53,NFR25,trace
P3,R53,NFR26,trace
P3,R53,NFR27,trace
P3,R53,NFR28,trace
P3,R53,NFR29,trace
P3,R53,NFR30,trace
P3,R53,NFR31,trace
P3,R53,NFR32,trace
P3,R53,NFR33,trace
P3,R54,NFR1,anti_trace
P3,R54,NFR2,anti_trace
P3,R54,NFR3,anti_trace
P3,R54,NFR4,trace
P3,R54,NFR5,anti_trace
P3,R54,NFR6,anti_trace
P3,R54,NFR7,trace
P3,R54,NFR8,trace
P3,R54,NFR9,trace
P3,R54,NFR10,trace
P3,R54,NFR11,anti_trace
P3,R54,NFR12,anti_trace
P3,R54,NFR13,anti_trace
P3,R54,NFR14,trace
P3,R54,NFR15,trace
P3,R54,NFR16,trace
P3,R54,NFR17,trace
P3,R54,NFR18,trace
P3,R54,NFR19,trace
P3,R54,NFR20,trace
P3,R54,NFR21,trace
P3,R54,NFR22,trace
P3,R54,NFR23,trace
P3,R54,NFR24,anti_trace
P3,R54,NFR25,anti_trace
P3,R54,NFR26,trace
P3,R54,NFR27,trace
P3,R54,NFR28,trace
P3,R54,NFR29,trace
P3,R54,NFR30,trace
P3,R54,NFR31,trace
P3,R54,NFR32,trace
P3,R54,NFR33,trace
P3,R55,NFR1,trace
P3,R55,NFR2,trace
P3,R55,NFR3,trace
P3,R55,NFR4,trace
P3,R55,NFR5,trace
P3,R55,NFR6,trace
P3,R55,NFR7,trace
P3,R55,NFR8,trace
P3,R55,NFR9,trace
P3,R55,NFR10,trace
P3,R55,NFR11,trace
P3,R55,NFR12,trace
P3,R55,NFR13,trace
P3,R55,NFR14,trace
P3,R55,NFR15,trace
P3,R55,NFR16,trace
P3,R55,NFR17,trace
P3,R55,NFR18,trace
P3,R55,NFR19,trace
P3,R55,NFR20,trace
P3,R55,NFR21,trace
P3,R55,NFR22,trace
P3,R55,NFR23,trace
P3,R55,NFR24,anti_trace
P3,R55,NFR25,anti_trace
P3,R55,NFR26,trace
P3,R55,NFR27,trace
P3,R55,NFR28,trace
P3,R55,NFR29,trace
P3,R55,NFR30,trace
P3,R55,NFR31,trace
P3,R55,NFR32,trace
P3,R55,NFR33,trace
P3,R56,NFR1,anti_trace
P3,R56,NFR2,anti_trace
P3,R56,NFR3,anti_trace
P3,R56,NFR4,trace
P3,R56,NFR5,anti_trace
P3,R56,NFR6,anti_trace
P3,R56,NFR7,trace
P3,R56,NFR8,trace
P3,R56,NFR9,anti_trace
P3,R56,NFR10,trace
P3,R56,NFR11,anti_trace
P3,R56,NFR12,anti_trace
P3,R56,NFR13,anti_trace
P3,R56,NFR14,trace
P3,R56,NFR15,trace
P3,R56,NFR16,trace
P3,R56,NFR17,trace
P3,R56,NFR18,trace
P3,R56,NFR19,trace
P3,R56,NFR20,trace
P3,R56,NFR21,trace
P3,R56,NFR22,trace
P3,R56,NFR23,trace
P3,R56,NFR24,anti_trace
P3,R56,NFR25,trace
P3,R56,NFR26,trace
P3,R56,NFR27,trace
P3,R56,NFR28,trace
P3,R56,NFR29,trace
P3,R56,NFR30,trace
P3,R56,NFR31,trace
P3,R56,NFR32,trace
P3,R56,NFR33,trace
P3,R57,NFR1,trace
P3,R57,NFR2,trace
P3,R57,NFR3,trace
P3,R57,NFR4,trace
P3,R57,NFR5,trace
P3,R57,NFR6,trace
P3,R57,NFR7,trace
P3,R57,NFR8,trace
P3,R57,NFR9,trace
P3,R57,NFR10,trace
P3,R57,NFR11,trace
P3,R57,NFR12,trace
P3,R57,NFR13,trace
P3,R57,NFR14,trace
P3,R57,NFR15,trace
P3,R57,NFR16,trace
P3,R57,NFR17,trace
P3,R57,NFR18,trace
P3,R57,NFR19,trace
P3,R57,NFR20,trace
P3,R57,NFR21,trace
P3,R57,NFR22,trace
P3,R57,NFR23,trace
P3,R57,NFR24,anti_trace
P3,R57,NFR25,anti_trace
P3,R57,NFR26,trace
P3,R57,NFR27,trace
P3,R57,NFR28,trace
P3,R57,NFR29,trace
P3,R57,NFR30,trace
P3,R57,NFR31,trace
P3,R57,NFR32,trace
P3,R57,NFR33,trace
P3,R58,NFR1,anti_trace
P3,R58,NFR2,anti_trace
P3,R58,NFR3,trace
P3,R58,NFR4,trace
P3,R58,NFR5,anti_trace
P3,R58,NFR6,trace
P3,R58,NFR7,trace
P3,R58,NFR8,trace
P3,R58,NFR9,anti_trace
P3,R58,NFR10,trace
P3,R58,NFR11,anti_trace
P3,R58,NFR12,anti_trace
P3,R58,NFR13,anti_trace
P3,R58,NFR14,trace
P3,R58,NFR15,trace
P3,R58,NFR16,trace
P3,R58,NFR17,trace
P3,R58,NFR18,trace
P3,R58,NFR19,trace
P3,R58,NFR20,trace
P3,R58,NFR21,trace
P3,R58,NFR22,trace
P3,R58,NFR23,trace
P3,R58,NFR24,anti_trace
P3,R58,NFR25,trace
P3,R58,NFR26,anti_trace
P3,R58,NFR27,anti_trace
P3,R58,NFR28,trace
P3,R58,NFR29,trace
P3,R58,NFR30,trace
P3,R58,NFR31,trace
P3,R58,NFR32,trace
P3,R58,NFR33,trace
P3,R59,NFR1,anti_trace
P3,R59,NFR2,anti_trace
P3,R59,NFR3,trace
P3,R59,NFR4,trace
P3,R59,NFR5,anti_trace
P3,R59,NFR6,trace
P3,R59,NFR7,trace
P3,R59,NFR8,trace
P3,R59,NFR9,anti_trace
P3,R59,NFR10,trace
P3,R59,NFR11,anti_trace
P3,R59,NFR12,anti_trace
P3,R59,NFR13,anti_trace
P3,R59,NFR14,trace
P3,R59,NFR15,trace
P3,R59,NFR16,trace
P3,R59,NFR17,trace
P3,R59,NFR18,trace
P3,R59,NFR19,trace
P3,R59,NFR20,trace
P3,R59,NFR21,trace
P3,R59,NFR22,trace
P3,R59,NFR23,trace
P3,R59,NFR24,anti_trace
P3,R59,NFR25,trace
P3,R59,NFR26,anti_trace
P3,R59,NFR27,anti_trace
P3,R59,NFR28,trace
P3,R59,NFR29,trace
P3,R59,NFR30,trace
P3,R59,NFR31,trace
P3,R59,NFR32,trace
P3,R59,NFR33,trace
P3,R60,NFR1,anti_trace
P3,R60,NFR2,anti_trace
P3,R60,NFR3,trace
P3,R60,NFR4,trace
P3,R60,NFR5,anti_trace
P3,R60,NFR6,trace
P3,R60,NFR7,trace
P3,R60,NFR8,trace
P3,R60,NFR9,anti_trace
P3,R60,NFR10,trace
P3,R60,NFR11,trace
P3,R60,NFR12,trace
P3,R60,NFR13,trace
P3,R60,NFR14,trace
P3,R60,NFR15,trace
P3,R60,NFR16,trace
P3,R60,NFR17,trace
P3,R60,NFR18,trace
P3,R60,NFR19,trace
P3,R60,NFR20,trace
P3,R60,NFR21,trace
P3,R60,NFR22,trace
P3,R60,NFR23,trace
P3,R60,NFR24,anti_trace
P3,R60,NFR25,trace
P3,R60,NFR26,anti_trace
P3,R60,NFR27,anti_trace
P3,R60,NFR28,trace
P3,R60,NFR29,trace
P3,R60,NFR30,trace
P3,R60,NFR31,trace
P3,R60,NFR32,trace
P3,R60,NFR33,trace
P3,R61,NFR1,anti_trace
P3,R61,NFR2,anti_trace
P3,R61,NFR3,trace
P3,R61,NFR4,trace
P3,R61,NFR5,anti_trace
P3,R61,NFR6,anti_trace
P3,R61,NFR7,trace
P3,R61,NFR8,trace
P3,R61,NFR9,anti_trace
P3,R61,NFR10,trace
P3,R61,NFR11,anti_trace
P3,R61,NFR12,anti_trace
P3,R61,NFR13,anti_trace
P3,R61,NFR14,trace
P3,R61,NFR15,trace
P3,R61,NFR16,trace
P3,R61,NFR17,trace
P3,R61,NFR18,trace
P3,R61,NFR19,trace
P3,R61,NFR20,trace
P3,R61,NFR21,trace
P3,R61,NFR22,trace
P3,R61,NFR23,trace
P3,R61,NFR24,anti_trace
P3,R61,NFR25,trace
P3,R61,NFR26,trace
P3,R61,NFR27,trace
P3,R61,NFR28,trace
P3,R61,NFR29,trace
P3,R61,NFR30,trace
P3,R61,NFR31,trace
P3,R61,NFR32,trace
P3,R61,NFR33,trace
P3,R62,NFR1,anti_trace
P3,R62,NFR2,anti_trace
P3,R62,NFR3,trace
P3,R62,NFR4,trace
P3,R62,NFR5,anti_trace
P3,R62,NFR6,trace
P3,R62,NFR7,trace
P3,R62,NFR8,trace
P3,R62,NFR9,trace
P3,R62,NFR10,trace
P3,R62,NFR11,anti_trace
P3,R62,NFR12,anti_trace
P3,R62,NFR13,anti_trace
P3,R62,NFR14,trace
P3,R62,NFR15,trace
P3,R62,NFR16,trace
P3,R62,NFR17,trace
P3,R62,NFR18,trace
P3,R62,NFR19,trace
P3,R62,NFR20,trace
P3,R62,NFR21,trace
P3,R62,NFR22,trace
P3,R62,NFR23,trace
P3,R62,NFR24,trace
P3,R62,NFR25,trace
P3,R62,NFR26,anti_trace
P3,R62,NFR27,anti_trace
P3,R62,NFR28,trace
P3,R62,NFR29,trace
P3,R62,NFR30,trace
P3,R62,NFR31,trace
P3,R62,NFR32,trace
P3,R62,NFR33,trace
P3,R63,NFR1,anti_trace
P3,R63,NFR2,trace
P3,R63,NFR3,trace
P3,R63,NFR4,trace
P3,R63,NFR5,trace
P3,R63,NFR6,trace
P3,R63,NFR7,trace
P3,R63,NFR8,trace
P3,R63,NFR9,trace
P3,R63,NFR10,trace
P3,R63,NFR11,trace
P3,R63,NFR12,trace
P3,R63,NFR13,trace
P3,R63,NFR14,trace
P3,R63,NFR15,trace
P3,R63,NFR16,trace
P3,R63,NFR17,trace
P3,R63,NFR18,trace
P3,R63,NFR19,trace
P3,R63,NFR20,trace
P3,R63,NFR21,trace
P3,R63,NFR22,trace
P3,R63,NFR23,trace
P3,R63,NFR24,trace
P3,R63,NFR25,trace
P3,R63,NFR26,anti_trace
P3,R63,NFR27,anti_trace
P3,R63,NFR28,trace
P3,R63,NFR29,trace
P3,R63,NFR30,trace
P3,R63,NFR31,trace
P3,R63,NFR32,trace
P3,R63,NFR33,trace
P3,R64,NFR1,trace
P3,R64,NFR2,trace
P3,R64,NFR3,trace
P3,R64,NFR4,trace
P3,R64,NFR5,trace
P3,R64,NFR6,trace
P3,R64,NFR7,anti_trace
P3,R64,NFR8,anti_trace
P3,R64,NFR9,trace
P3,R64,NFR10,trace
P3,R64,NFR11,trace
P3,R64,NFR12,trace
P3,R64,NFR13,trace
P3,R64,NFR14,trace
P3,R64,NFR15,trace
P3,R64,NFR16,trace
P3,R64,NFR17,trace
P3,R64,NFR18,trace
P3,R64,NFR19,trace
P3,R64,NFR20,trace
P3,R64,NFR21,trace
P3,R64,NFR22,trace
P3,R64,NFR23,trace
P3,R64,NFR24,trace
P3,R64,NFR25,trace
P3,R64,NFR26,anti_trace
P3,R64,NFR27,anti_trace
P3,R64,NFR28,trace
P3,R64,NFR29,trace
P3,R64,NFR30,trace
P3,R64,NFR31,trace
P3,R64,NFR32,trace
P3,R64,NFR33,trace
P3,R65,NFR1,trace
P3,R65,NFR2,trace
P3,R65,NFR3,trace
P3,R65,NFR4,trace
P3,R65,NFR5,trace
P3,R65,NFR6,trace
P3,R65,NFR7,anti_trace
P3,R65,NFR8,anti_trace
P3,R65,NFR9,trace
P3,R65,NFR10,trace
P3,R65,NFR11,trace
P3,R65,NFR12,trace
P3,R65,NFR13,trace
P3,R65,NFR14,trace
P3,R65,NFR15,trace
P3,R65,NFR16,trace
P3,R65,NFR17,trace
P3,R65,NFR18,trace
P3,R65,NFR19,trace
P3,R65,NFR20,trace
P3,R65,NFR21,trace
P3,R65,NFR22,trace
P3,R65,NFR23,trace
P3,R65,NFR24,anti_trace
P3,R65,NFR25,anti_trace
P3,R65,NFR26,trace
P3,R65,NFR27,trace
P3,R65,NFR28,trace
P3,R65,NFR29,trace
P3,R65,NFR30,trace
P3,R65,NFR31,trace
P3,R65,NFR32,trace
P3,R65,NFR33,trace
P3,R66,NFR1,trace
P3,R66,NFR2,trace
P3,R66,NFR3,trace
P3,R66,NFR4,trace
P3,R66,NFR5,trace
P3,R66,NFR6,trace
P3,R66,NFR7,trace
P3,R66,NFR8,trace
P3,R66,NFR9,trace
P3,R66,NFR10,trace
P3,R66,NFR11,trace
P3,R66,NFR12,trace
P3,R66,NFR13,trace
P3,R66,NFR14,trace
P3,R66,NFR15,trace
P3,R66,NFR16,trace
P3,R66,NFR17,trace
P3,R66,NFR18,trace
P3,R66,NFR19,trace
P3,R66,NFR20,trace
P3,R66,NFR21,trace
P3,R66,NFR22,trace
P3,R66,NFR23,trace
P3,R66,NFR24,anti_trace
P3,R66,NFR25,trace
P3,R66,NFR26,anti_trace
P3,R66,NFR27,anti_trace
P3,R66,NFR28,trace
P3,R66,NFR29,trace
P3,R66,NFR30,trace
P3,R66,NFR31,trace
P3,R66,NFR32,trace
P3,R66,NFR33,trace
P3,R67,NFR1,trace
P3,R67,NFR2,trace
P3,R67,NFR3,trace
P3,R67,NFR4,trace
P3,R67,NFR5,trace
P3,R67,NFR6,trace
P3,R67,NFR7,trace
P3,R67,NFR8,trace
P3,R67,NFR9,trace
P3,R67,NFR10,trace
P3,R67,NFR11,trace
P3,R67,NFR12,trace
P3,R67,NFR13,trace
P3,R67,NFR14,trace
P3,R67,NFR15,trace
P3,R67,NFR16,trace
P3,R67,NFR17,trace
P3,R67,NFR18,trace
P3,R67,NFR19,trace
P3,R67,NFR20,trace
P3,R67,NFR21,trace
P3,R67,NFR22,trace
P3,R67,NFR23,trace
P3,R67,NFR24,trace
P3,R67,NFR25,trace
P3,R67,NFR26,anti_trace
P3,R67,NFR27,anti_trace
P3,R67,NFR28,trace
P3,R67,NFR29,trace
P3,R67,NFR30,trace
P3,R67,NFR31,trace
P3,R67,NFR32,trace
P3,R67,NFR33,trace
P3,R68,NFR1,trace
P3,R68,NFR2,trace
P3,R68,NFR3,trace
P3,R68,NFR4,trace
P3,R68,NFR5,trace
P3,R68,NFR6,trace
P3,R68,NFR7,anti_trace
P3,R68,NFR8,anti_trace
P3,R68,NFR9,trace
P3,R68,NFR10,trace
P3,R68,NFR11,trace
P3,R68,NFR12,trace
P3,R68,NFR13,trace
P3,R68,NFR14,trace
P3,R68,NFR15,trace
P3,R68,NFR16,trace
P3,R68,NFR17,trace
P3,R68,NFR18,trace
P3,R68,NFR19,trace
P3,R68,NFR20,trace
P3,R68,NFR21,trace
P3,R68,NFR22,trace
P3,R68,NFR23,trace
P3,R68,NFR24,trace
P3,R68,NFR25,trace
P3,R68,NFR26,trace
P3,R68,NFR27,trace
P3,R68,NFR28,trace
P3,R68,NFR29,trace
P3,R68,NFR30,trace
P3,R68,NFR31,trace
P3,R68,NFR32,trace
P3,R68,NFR33,trace
P3,R69,NFR1,trace
P3,R69,NFR2,trace
P3,R69,NFR3,trace
P3,R69,NFR4,trace
P3,R69,NFR5,trace
P3,R69,NFR6,trace
P3,R69,NFR7,trace
P3,R69,NFR8,trace
P3,R69,NFR9,anti_trace
P3,R69,NFR10,trace
P3,R69,NFR11,trace
P3,R69,NFR12,trace
P3,R69,NFR13,trace
P3,R69,NFR14,trace
P3,R69,NFR15,trace
P3,R69,NFR16,trace
P3,R69,NFR17,trace
P3,R69,NFR18,trace
P3,R69,NFR19,trace
P3,R69,NFR20,trace
P3,R69,NFR21,trace
P3,R69,NFR22,trace
P3,R69,NFR23,trace
P3,R69,NFR24,anti_trace
P3,R69,NFR25,anti_trace
P3,R69,NFR26,anti_trace
P3,R69,NFR27,anti_trace
P3,R69,NFR28,trace
P3,R69,NFR29,trace
P3,R69,NFR30,trace
P3,R69,NFR31,trace
P3,R69,NFR32,trace
P3,R69,NFR33,trace
P3,R70,NFR1,trace
P3,R70,NFR2,trace
P3,R70,NFR3,trace
P3,R70,NFR4,trace
P3,R70,NFR5,trace
P3,R70,NFR6,trace
P3,R70,NFR7,trace
P3,R70,NFR8,trace
P3,R70,NFR9,trace
P3,R70,NFR10,trace
P3,R70,NFR11,trace
P3,R70,NFR12,trace
P3,R70,NFR13,trace
P3,R70,NFR14,trace
P3,R70,NFR15,trace
P3,R70,NFR16,trace
P3,R70,NFR17,trace
P3,R70,NFR18,trace
P3,R70,NFR19,trace
P3,R70,NFR20,trace
P3,R70,NFR21,trace
P3,R70,NFR22,trace
P3,R70,NFR23,trace
P3,R70,NFR24,trace
P3,R70,NFR25,trace
P3,R70,NFR26,trace
P3,R70,NFR27,trace
P3,R70,NFR28,trace
P3,R70,NFR29,trace
P3,R70,NFR30,trace
P3,R70,NFR31,trace
P3,R70,NFR32,trace
P3,R70,NFR33,trace
P3,R71,NFR1,trace
P3,R71,NFR2,trace
P3,R71,NFR3,anti_trace
P3,R71,NFR4,trace
P3,R71,NFR5,trace
P3,R71,NFR6,trace
P3,R71,NFR7,trace
P3,R71,NFR8,trace
P3,R71,NFR9,trace
P3,R71,NFR10,trace
P3,R71,NFR11,trace
P3,R71,NFR12,trace
P3,R71,NFR13,trace
P3,R71,NFR14,trace
P3,R71,NFR15,trace
P3,R71,NFR16,trace
P3,R71,NFR17,trace
P3,R71,NFR18,trace
P3,R71,NFR19,trace
P3,R71,NFR20,trace
P3,R71,NFR21,trace
P3,R71,NFR22,trace
P3,R71,NFR23,trace
P3,R71,NFR24,trace
P3,R71,NFR25,trace
P3,R71,NFR26,trace
P3,R71,NFR27,trace
P3,R71,NFR28,trace
P3,R71,NFR29,trace
P3,R71,NFR30,trace
P3,R71,NFR31,trace
P3,R71,NFR32,trace
P3,R71,NFR33,trace
P3,R72,NFR1,trace
P3,R72,NFR2,trace
P3,R72,NFR3,trace
P3,R72,NFR4,trace
P3,R72,NFR5,trace
P3,R72,NFR6,trace
P3,R72,NFR7,trace
P3,R72,NFR8,trace
P3,R72,NFR9,trace
P3,R72,NFR10,trace
P3,R72,NFR11,trace
P3,R72,NFR12,trace
P3,R72,NFR13,trace
P3,R72,NFR14,trace
P3,R72,NFR15,trace
P3,R72,NFR16,trace
P3,R72,NFR17,trace
P3,R72,NFR18,trace
P3,R72,NFR19,trace
P3,R72,NFR20,trace
P3,R72,NFR21,trace
P3,R72,NFR22,trace
P3,R72,NFR23,trace
P3,R72,NFR24,trace
P3,R72,NFR25,trace
P3,R72,NFR26,trace
P3,R72,NFR27,trace
P3,R72,NFR28,trace
P3,R72,NFR29,trace
P3,R72,NFR30,trace
P3,R72,NFR31,trace
P3,R72,NFR32,trace
P3,R72,NFR33,trace
P3,R73,NFR1,trace
P3,R73,NFR2,trace
P3,R73,NFR3,trace
P3,R73,NFR4,trace
P3,R73,NFR5,trace
P3,R73,NFR6,trace
P3,R73,NFR7,trace
P3,R73,NFR8,trace
P3,R73,NFR9,trace
P3,R73,NFR10,trace
P3,R73,NFR11,trace
P3,R73,NFR12,trace
P3,R73,NFR13,trace
P3,R73,NFR14,trace
P3,R73,NFR15,trace
P3,R73,NFR16,trace
P3,R73,NFR17,trace
P3,R73,NFR18,trace
P3,R73,NFR19,trace
P3,R73,NFR20,trace
P3,R73,NFR21,trace
P3,R73,NFR22,trace
P3,R73,NFR23,trace
P3,R73,NFR24,trace
P3,R73,NFR25,trace
P3,R73,NFR26,trace
P3,R73,NFR27,trace
P3,R73,NFR28,trace
P3,R73,NFR29,trace
P3,R73,NFR30,trace
P3,R73,NFR31,trace
P3,R73,NFR32,trace
P3,R73,NFR33,trace
P3,R74,NFR1,trace
P3,R74,NFR2,trace
P3,R74,NFR3,anti_trace
P3,R74,NFR4,trace
P3,R74,NFR5,trace
P3,R74,NFR6,trace
P3,R74,NFR7,trace
P3,R74,NFR8,trace
P3,R74,NFR9,trace
P3,R74,NFR10,trace
P3,R74,NFR11,trace
P3,R74,NFR12,trace
P3,R74,NFR13,trace
P3,R74,NFR14,trace
P3,R74,NFR15,trace
P3,R74,NFR16,trace
P3,R74,NFR17,trace
P3,R74,NFR18,trace
P3,R74,NFR19,trace
P3,R74,NFR20,trace
P3,R74,NFR21,trace
P3,R74,NFR22,trace
P3,R74,NFR23,trace
P3,R74,NFR24,trace
P3,R74,NFR25,trace
P3,R74,NFR26,trace
P3,R74,NFR27,trace
P3,R74,NFR28,trace
P3,R74,NFR29,trace
P3,R74,NFR30,trace
P3,R74,NFR31,trace
P3,R74,NFR32,trace
P3,R74,NFR33,trace
P3,R75,NFR1,trace
P3,R75,NFR2,trace
P3,R75,NFR3,trace
P3,R75,NFR4,trace
P3,R75,NFR5,trace
P3,R75,NFR6,trace
P3,R75,NFR7,trace
P3,R75,NFR8,trace
P3,R75,NFR9,trace
P3,R75,NFR10,trace
P3,R75,NFR11,trace
P3,R75,NFR12,trace
P3,R75,NFR13,trace
P3,R75,NFR14,trace
P3,R75,NFR15,trace
P3,R75,NFR16,trace
P3,R75,NFR17,trace
P3,R75,NFR18,trace
P3,R75,NFR19,trace
P3,R75,NFR20,trace
P3,R75,NFR21,trace
P3,R75,NFR22,trace
P3,R75,NFR23,trace
P3,R75,NFR24,trace
P3,R75,NFR25,trace
P3,R75,NFR26,trace
P3,R75,NFR27,trace
P3,R75,NFR28,trace
P3,R75,NFR29,trace
P3,R75,NFR30,trace
P3,R75,NFR31,trace
P3,R75,NFR32,trace
P3,R75,NFR33,trace
P3,R76,NFR1,anti_trace
P3,R76,NFR2,anti_trace
P3,R76,NFR3,trace
P3,R76,NFR4,trace
P3,R76,NFR5,anti_trace
P3,R76,NFR6,trace
P3,R76,NFR7,anti_trace
P3,R76,NFR8,anti_trace
P3,R76,NFR9,anti_trace
P3,R76,NFR10,trace
P3,R76,NFR11,anti_trace
P3,R76,NFR12,anti_trace
P3,R76,NFR13,anti_trace
P3,R76,NFR14,trace
P3,R76,NFR15,trace
P3,R76,NFR16,trace
P3,R76,NFR17,trace
P3,R76,NFR18,trace
P3,R76,NFR19,trace
P3,R76,NFR20,trace
P3,R76,NFR21,trace
P3,R76,NFR22,trace
P3,R76,NFR23,trace
P3,R76,NFR24,trace
P3,R76,NFR25,trace
P3,R76,NFR26,trace
P3,R76,NFR27,trace
P3,R76,NFR28,trace
P3,R76,NFR29,trace
P3,R76,NFR30,trace
P3,R76,NFR31,trace
P3,R76,NFR32,trace
P3,R76,NFR33,trace
P3,R77,NFR1,anti_trace
P3,R77,NFR2,anti_trace
P3,R77,NFR3,trace
P3,R77,NFR4,trace
P3,R77,NFR5,anti_trace
P3,R77,NFR6,trace
P3,R77,NFR7,trace
P3,R77,NFR8,trace
P3,R77,NFR9,anti_trace
P3,R77,NFR10,trace
P3,R77,NFR11,anti_trace
P3,R77,NFR12,anti_trace
P3,R77,NFR13,anti_trace
P3,R77,NFR14,trace
P3,R77,NFR15,trace
P3,R77,NFR16,trace
P3,R77,NFR17,trace
P3,R77,NFR18,trace
P3,R77,NFR19,trace
P3,R77,NFR20,trace
P3,R77,NFR21,trace
P3,R77,NFR22,trace
P3,R77,NFR23,trace
P3,R77,NFR24,trace
P3,R77,NFR25,trace
P3,R77,NFR26,trace
P3,R77,NFR27,trace
P3,R77,NFR28,trace
P3,R77,NFR29,trace
P3,R77,NFR30,trace
P3,R77,NFR31,trace
P3,R77,NFR32,trace
P3,R77,NFR33,trace
P3,R78,NFR1,anti_trace
P3,R78,NFR2,anti_trace
P3,R78,NFR3,trace
P3,R78,NFR4,trace
P3,R78,NFR5,trace
P3,R78,NFR6,trace
P3,R78,NFR7,trace
P3,R78,NFR8,anti_trace
P3,R78,NFR9,anti_trace
P3,R78,NFR10,trace
P3,R78,NFR11,anti_trace
P3,R78,NFR12,anti_trace
P3,R78,NFR13,anti_trace
P3,R78,NFR14,trace
P3,R78,NFR15,trace
P3,R78,NFR16,trace
P3,R78,NFR17,trace
P3,R78,NFR18,trace
P3,R78,NFR19,trace
P3,R78,NFR20,trace
P3,R78,NFR21,trace
P3,R78,NFR22,trace
P3,R78,NFR23,trace
P3,R78,NFR24,anti_trace
P3,R78,NFR25,anti_trace
P3,R78,NFR26,trace
P3,R78,NFR27,trace
P3,R78,NFR28,trace
P3,R78,NFR29,trace
P3,R78,NFR30,trace
P3,R78,NFR31,trace
P3,R78,NFR32,trace
P3,R78,NFR33,trace
P3,R79,NFR1,anti_trace
P3,R79,NFR2,anti_trace
P3,R79,NFR3,trace
P3,R79,NFR4,trace
P3,R79,NFR5,trace
P3,R79,NFR6,trace
P3,R79,NFR7,trace
P3,R79,NFR8,trace
P3,R79,NFR9,anti_trace
P3,R79,NFR10,trace
P3,R79,NFR11,anti_trace
P3,R79,NFR12,anti_trace
P3,R79,NFR13,anti_trace
P3,R79,NFR14,trace
P3,R79,NFR15,trace
P3,R79,NFR16,trace
P3,R79,NFR17,trace
P3,R79,NFR18,trace
P3,R79,NFR19,trace
P3,R79,NFR20,trace
P3,R79,NFR21,trace
P3,R79,NFR22,trace
P3,R79,NFR23,trace
P3,R79,NFR24,anti_trace
P3,R79,NFR25,anti_trace
P3,R79,NFR26,trace
P3,R79,NFR27,trace
P3,R79,NFR28,trace
P3,R79,NFR29,trace
P3,R79,NFR30,trace
P3,R79,NFR31,trace
P3,R79,NFR32,trace
P3,R79,NFR33,trace
P3,R80,NFR1,anti_trace
P3,R80,NFR2,anti_trace
P3,R80,NFR3,trace
P3,R80,NFR4,trace
P3,R80,NFR5,trace
P3,R80,NFR6,trace
P3,R80,NFR7,trace
P3,R80,NFR8,trace
P3,R80,NFR9,trace
P3,R80,NFR10,trace
P3,R80,NFR11,anti_trace
P3,R80,NFR12,anti_trace
P3,R80,NFR13,anti_trace
P3,R80,NFR14,trace
P3,R80,NFR15,trace
P3,R80,NFR16,trace
P3,R80,NFR17,trace
P3,R80,NFR18,trace
P3,R80,NFR19,trace
P3,R80,NFR20,trace
P3,R80,NFR21,trace
P3,R80,NFR22,trace
P3,R80,NFR23,trace
P3,R80,NFR24,trace
P3,R80,NFR25,trace
P3,R80,NFR26,anti_trace
P3,R80,NFR27,anti_trace
P3,R80,NFR28,trace
P3,R80,NFR29,trace
P3,R80,NFR30,trace
P3,R80,NFR31,trace
P3,R80,NFR32,trace
P3,R80,NFR33,trace
P4,R31,NFR1,anti_trace
P4,R31,NFR2,trace
P4,R31,NFR3,trace
P4,R31,NFR4,anti_trace
P4,R31,NFR5,trace
P4,R31,NFR6,anti_trace
P4,R31,NFR7,trace
P4,R31,NFR8,trace
P4,R31,NFR9,trace
P4,R31,NFR10,trace
P4,R31,NFR11,anti_trace
P4,R31,NFR12,anti_trace
P4,R31,NFR13,anti_trace
P4,R31,NFR14,trace
P4,R31,NFR15,trace
P4,R31,NFR16,trace
P4,R31,NFR17,trace
P4,R31,NFR18,anti_trace
P4,R31,NFR19,trace
P4,R31,NFR20,trace
P4,R31,NFR21,trace
P4,R31,NFR22,trace
P4,R31,NFR23,trace
P4,R31,NFR24,trace
P4,R31,NFR25,anti_trace
P4,R31,NFR26,trace
P4,R31,NFR27,trace
P4,R31,NFR28,trace
P4,R31,NFR29,trace
P4,R31,NFR30,trace
P4,R32,NFR1,anti_trace
P4,R32,NFR2,trace
P4,R32,NFR3,trace
P4,R32,NFR4,anti_trace
P4,R32,NFR5,anti_trace
P4,R32,NFR6,trace
P4,R32,NFR7,trace
P4,R32,NFR8,trace
P4,R32,NFR9,trace
P4,R32,NFR10,trace
P4,R32,NFR11,anti_trace
P4,R32,NFR12,trace
P4,R32,NFR13,trace
P4,R32,NFR14,trace
P4,R32,NFR15,trace
P4,R32,NFR16,trace
P4,R32,NFR17,trace
P4,R32,NFR18,trace
P4,R32,NFR19,anti_trace
P4,R32,NFR20,anti_trace
P4,R32,NFR21,trace
P4,R32,NFR22,trace
P4,R32,NFR23,trace
P4,R32,NFR24,trace
P4,R32,NFR25,trace
P4,R32,NFR26,trace
P4,R32,NFR27,trace
P4,R32,NFR28,trace
P4,R32,NFR29,trace
P4,R32,NFR30,trace
P4,R33,NFR1,anti_trace
P4,R33,NFR2,anti_trace
P4,R33,NFR3,trace
P4,R33,NFR4,anti_trace
P4,R33,NFR5,anti_trace
P4,R33,NFR6,trace
P4,R33,NFR7,anti_trace
P4,R33,NFR8,trace
P4,R33,NFR9,trace
P4,R33,NFR10,trace
P4,R33,NFR11,trace
P4,R33,NFR12,anti_trace
P4,R33,NFR13,trace
P4,R33,NFR14,trace
P4,R33,NFR15,trace
P4,R33,NFR16,trace
P4,R33,NFR17,trace
P4,R33,NFR18,trace
P4,R33,NFR19,trace
P4,R33,NFR20,trace
P4,R33,NFR21,trace
P4,R33,NFR22,trace
P4,R33,NFR23,trace
P4,R33,NFR24,trace
P4,R33,NFR25,trace
P4,R33,NFR26,trace
P4,R33,NFR27,trace
P4,R33,NFR28,trace
P4,R33,NFR29,trace
P4,R33,NFR30,trace
P4,R34,NFR1,anti_trace
P4,R34,NFR2,trace
P4,R34,NFR3,trace
P4,R34,NFR4,trace
P4,R34,NFR5,trace
P4,R34,NFR6,trace
P4,R34,NFR7,trace
P4,R34,NFR8,trace
P4,R34,NFR9,trace
P4,R34,NFR10,anti_trace
P4,R34,NFR11,trace
P4,R34,NFR12,anti_trace
P4,R34,NFR13,trace
P4,R34,NFR14,trace
P4,R34,NFR15,trace
P4,R34,NFR16,trace
P4,R34,NFR17,trace
P4,R34,NFR18,trace
P4,R34,NFR19,anti_trace
P4,R34,NFR20,anti_trace
P4,R34,NFR21,trace
P4,R34,NFR22,trace
P4,R34,NFR23,trace
P4,R34,NFR24,trace
P4,R34,NFR25,anti_trace
P4,R34,NFR26,trace
P4,R34,NFR27,trace
P4,R34,NFR28,trace
P4,R34,NFR29,trace
P4,R34,NFR30,trace
P4,R35,NFR1,anti_trace
P4,R35,NFR2,trace
P4,R35,NFR3,trace
P4,R35,NFR4,anti_trace
P4,R35,NFR5,anti_trace
P4,R35,NFR6,trace
P4,R35,NFR7,anti_trace
P4,R35,NFR8,trace
P4,R35,NFR9,trace
P4,R35,NFR10,trace
P4,R35,NFR11,anti_trace
P4,R35,NFR12,anti_trace
P4,R35,NFR13,trace
P4,R35,NFR14,trace
P4,R35,NFR15,trace
P4,R35,NFR16,trace
P4,R35,NFR17,anti_trace
P4,R35,NFR18,anti_trace
P4,R35,NFR19,anti_trace
P4,R35,NFR20,anti_trace
P4,R35,NFR21,trace
P4,R35,NFR22,trace
P4,R35,NFR23,trace
P4,R35,NFR24,trace
P4,R35,NFR25,anti_trace
P4,R35,NFR26,trace
P4,R35,NFR27,trace
P4,R35,NFR28,trace
P4,R35,NFR29,trace
P4,R35,NFR30,trace
P4,R36,NFR1,anti_trace
P4,R36,NFR2,trace
P4,R36,NFR3,trace
P4,R36,NFR4,anti_trace
P4,R36,NFR5,anti_trace
P4,R36,NFR6,anti_trace
P4,R36,NFR7,trace
P4,R36,NFR8,trace
P4,R36,NFR9,trace
P4,R36,NFR10,anti_trace
P4,R36,NFR11,anti_trace
P4,R36,NFR12,anti_trace
P4,R36,NFR13,anti_trace
P4,R36,NFR14,trace
P4,R36,NFR15,trace
P4,R36,NFR16,anti_trace
P4,R36,NFR17,trace
P4,R36,NFR18,trace
P4,R36,NFR19,anti_trace
P4,R36,NFR20,anti_trace
P4,R36,NFR21,trace
P4,R36,NFR22,trace
P4,R36,NFR23,trace
P4,R36,NFR24,trace
P4,R36,NFR25,trace
P4,R36,NFR26,trace
P4,R36,NFR27,trace
P4,R36,NFR28,trace
P4,R36,NFR29,trace
P4,R36,NFR30,trace
P4,R37,NFR1,anti_trace
P4,R37,NFR2,anti_trace
P4,R37,NFR3,trace
P4,R37,NFR4,trace
P4,R37,NFR5,trace
P4,R37,NFR6,anti_trace
P4,R37,NFR7,anti_trace
P4,R37,NFR8,trace
P4,R37,NFR9,trace
P4,R37,NFR10,trace
P4,R37,NFR11,trace
P4,R37,NFR12,trace
P4,R37,NFR13,trace
P4,R37,NFR14,trace
P4,R37,NFR15,trace
P4,R37,NFR16,trace
P4,R37,NFR17,trace
P4,R37,NFR18,trace
P4,R37,NFR19,trace
P4,R37,NFR20,trace
P4,R37,NFR21,trace
P4,R37,NFR22,trace
P4,R37,NFR23,trace
P4,R37,NFR24,trace
P4,R37,NFR25,trace
P4,R37,NFR26,trace
P4,R37,NFR27,trace
P4,R37,NFR28,trace
P4,R37,NFR29,trace
P4,R37,NFR30,trace
P4,R38,NFR1,anti_trace
P4,R38,NFR2,trace
P4,R38,NFR3,trace
P4,R38,NFR4,anti_trace
P4,R38,NFR5,anti_trace
P4,R38,NFR6,anti_trace
P4,R38,NFR7,trace
P4,R38,NFR8,trace
P4,R38,NFR9,trace
P4,R38,NFR10,trace
P4,R38,NFR11,anti_trace
P4,R38,NFR12,anti_trace
P4,R38,NFR13,trace
P4,R38,NFR14,trace
P4,R38,NFR15,trace
P4,R38,NFR16,trace
P4,R38,NFR17,trace
P4,R38,NFR18,trace
P4,R38,NFR19,trace
P4,R38,NFR20,trace
P4,R38,NFR21,trace
P4,R38,NFR22,trace
P4,R38,NFR23,trace
P4,R38,NFR24,trace
P4,R38,NFR25,trace
P4,R38,NFR26,anti_trace
P4,R38,NFR27,trace
P4,R38,NFR28,trace
P4,R38,NFR29,trace
P4,R38,NFR30,trace
P4,R39,NFR1,anti_trace
P4,R39,NFR2,trace
P4,R39,NFR3,trace
P4,R39,NFR4,trace
P4,R39,NFR5,trace
P4,R39,NFR6,trace
P4,R39,NFR7,trace
P4,R39,NFR8,trace
P4,R39,NFR9,trace
P4,R39,NFR10,trace
P4,R39,NFR11,trace
P4,R39,NFR12,trace
P4,R39,NFR13,trace
P4,R39,NFR14,trace
P4,R39,NFR15,trace
P4,R39,NFR16,trace
P4,R39,NFR17,trace
P4,R39,NFR18,trace
P4,R39,NFR19,trace
P4,R39,NFR20,trace
P4,R39,NFR21,trace
P4,R39,NFR22,trace
P4,R39,NFR23,trace
P4,R39,NFR24,trace
P4,R39,NFR25,trace
P4,R39,NFR26,trace
P4,R39,NFR27,trace
P4,R39,NFR28,trace
P4,R39,NFR29,trace
P4,R39,NFR30,trace
P4,R40,NFR1,anti_trace
P4,R40,NFR2,trace
P4,R40,NFR3,trace
P4,R40,NFR4,anti_trace
P4,R40,NFR5,anti_trace
P4,R40,NFR6,trace
P4,R40,NFR7,trace
P4,R40,NFR8,trace
P4,R40,NFR9,trace
P4,R40,NFR10,trace
P4,R40,NFR11,trace
P4,R40,NFR12,trace
P4,R40,NFR13,trace
P4,R40,NFR14,trace
P4,R40,NFR15,trace
P4,R40,NFR16,trace
P4,R40,NFR17,trace
P4,R40,NFR18,trace
P4,R40,NFR19,trace
P4,R40,NFR20,trace
P4,R40,NFR21,trace
P4,R40,NFR22,trace
P4,R40,NFR23,trace
P4,R40,NFR24,trace
P4,R40,NFR25,trace
P4,R40,NFR26,trace
P4,R40,NFR27,trace
P4,R40,NFR28,trace
P4,R40,NFR29,trace
P4,R40,NFR30,trace
P4,R41,NFR1,anti_trace
P4,R41,NFR2,trace
P4,R41,NFR3,trace
P4,R41,NFR4,anti_trace
P4,R41,NFR5,anti_trace
P4,R41,NFR6,trace
P4,R41,NFR7,trace
P4,R41,NFR8,trace
P4,R41,NFR9,trace
P4,R41,NFR10,trace
P4,R41,NFR11,anti_trace
P4,R41,NFR12,trace
P4,R41,NFR13,trace
P4,R41,NFR14,trace
P4,R41,NFR15,trace
P4,R41,NFR16,trace
P4,R41,NFR17,trace
P4,R41,NFR18,trace
P4,R41,NFR19,trace
P4,R41,NFR20,trace
P4,R41,NFR21,trace
P4,R41,NFR22,trace
P4,R41,NFR23,trace
P4,R41,NFR24,trace
P4,R41,NFR25,trace
P4,R41,NFR26,trace
P4,R41,NFR27,trace
P4,R41,NFR28,trace
P4,R41,NFR29,trace
P4,R41,NFR30,trace
P4,R42,NFR1,anti_trace
P4,R42,NFR2,trace
P4,R42,NFR3,trace
P4,R42,NFR4,trace
P4,R42,NFR5,trace
P4,R42,NFR6,trace
P4,R42,NFR7,trace
P4,R42,NFR8,trace
P4,R42,NFR9,trace
P4,R42,NFR10,trace
P4,R42,NFR11,trace
P4,R42,NFR12,trace
P4,R42,NFR13,trace
P4,R42,NFR14,trace
P4,R42,NFR15,trace
P4,R42,NFR16,trace
P4,R42,NFR17,trace
P4,R42,NFR18,trace
P4,R42,NFR19,trace
P4,R42,NFR20,trace
P4,R42,NFR21,trace
P4,R42,NFR22,trace
P4,R42,NFR23,trace
P4,R42,NFR24,trace
P4,R42,NFR25,trace
P4,R42,NFR26,anti_trace
P4,R42,NFR27,trace
P4,R42,NFR28,trace
P4,R42,NFR29,trace
P4,R42,NFR30,trace
P4,R43,NFR1,anti_trace
P4,R43,NFR2,trace
P4,R43,NFR3,trace
P4,R43,NFR4,anti_trace
P4,R43,NFR5,anti_trace
P4,R43,NFR6,trace
P4,R43,NFR7,trace
P4,R43,NFR8,trace
P4,R43,NFR9,trace
P4,R43,NFR10,trace
P4,R43,NFR11,trace
P4,R43,NFR12,trace
P4,R43,NFR13,trace
P4,R43,NFR14,trace
P4,R43,NFR15,trace
P4,R43,NFR16,trace
P4,R43,NFR17,trace
P4,R43,NFR18,trace
P4,R43,NFR19,trace
P4,R43,NFR20,trace
P4,R43,NFR21,trace
P4,R43,NFR22,trace
P4,R43,NFR23,trace
P4,R43,NFR24,trace
P4,R43,NFR25,anti_trace
P4,R43,NFR26,trace
P4,R43,NFR27,trace
P4,R43,NFR28,trace
P4,R43,NFR29,trace
P4,R43,NFR30,trace
P4,R44,NFR1,anti_trace
P4,R44,NFR2,trace
P4,R44,NFR3,trace
P4,R44,NFR4,trace
P4,R44,NFR5,trace
P4,R44,NFR6,trace
P4,R44,NFR7,trace
P4,R44,NFR8,trace
P4,R44,NFR9,trace
P4,R44,NFR10,trace
P4,R44,NFR11,trace
P4,R44,NFR12,trace
P4,R44,NFR13,trace
P4,R44,NFR14,trace
P4,R44,NFR15,trace
P4,R44,NFR16,trace
P4,R44,NFR17,trace
P4,R44,NFR18,trace
P4,R44,NFR19,trace
P4,R44,NFR20,trace
P4,R44,NFR21,trace
P4,R44,NFR22,trace
P4,R44,NFR23,trace
P4,R44,NFR24,trace
P4,R44,NFR25,trace
P4,R44,NFR26,anti_trace
P4,R44,NFR27,trace
P4,R44,NFR28,trace
P4,R44,NFR29,trace
P4,R44,NFR30,trace
P4,R45,NFR1,anti_trace
P4,R45,NFR2,trace
P4,R45,NFR3,trace
P4,R45,NFR4,anti_trace
P4,R45,NFR5,anti_trace
P4,R45,NFR6,trace
P4,R45,NFR7,trace
P4,R45,NFR8,trace
P4,R45,NFR9,trace
P4,R45,NFR10,trace
P4,R45,NFR11,anti_trace
P4,R45,NFR12,anti_trace
P4,R45,NFR13,trace
P4,R45,NFR14,trace
P4,R45,NFR15,anti_trace
P4,R45,NFR16,trace
P4,R45,NFR17,trace
P4,R45,NFR18,trace
P4,R45,NFR19,trace
P4,R45,NFR20,trace
P4,R45,NFR21,trace
P4,R45,NFR22,trace
P4,R45,NFR23,trace
P4,R45,NFR24,trace
P4,R45,NFR25,trace
P4,R45,NFR26,trace
P4,R45,NFR27,trace
P4,R45,NFR28,trace
P4,R45,NFR29,trace
P4,R45,NFR30,trace
P4,R46,NFR1,anti_trace
P4,R46,NFR2,trace
P4,R46,NFR3,trace
P4,R46,NFR4,trace
P4,R46,NFR5,trace
P4,R46,NFR6,trace
P4,R46,NFR7,trace
P4,R46,NFR8,trace
P4,R46,NFR9,trace
P4,R46,NFR10,trace
P4,R46,NFR11,trace
P4,R46,NFR12,trace
P4,R46,NFR13,trace
P4,R46,NFR14,trace
P4,R46,NFR15,trace
P4,R46,NFR16,trace
P4,R46,NFR17,trace
P4,R46,NFR18,trace
P4,R46,NFR19,trace
P4,R46,NFR20,trace
P4,R46,NFR21,trace
P4,R46,NFR22,trace
P4,R46,NFR23,trace
P4,R46,NFR24,trace
P4,R46,NFR25,trace
P4,R46,NFR26,anti_trace
P4,R46,NFR27,trace
P4,R46,NFR28,trace
P4,R46,NFR29,trace
P4,R46,NFR30,trace
P4,R47,NFR1,anti_trace
P4,R47,NFR2,anti_trace
P4,R47,NFR3,trace
P4,R47,NFR4,anti_trace
P4,R47,NFR5,trace
P4,R47,NFR6,anti_trace
P4,R47,NFR7,anti_trace
P4,R47,NFR8,trace
P4,R47,NFR9,trace
P4,R47,NFR10,anti_trace
P4,R47,NFR11,trace
P4,R47,NFR12,anti_trace
P4,R47,NFR13,trace
P4,R47,NFR14,trace
P4,R47,NFR15,trace
P4,R47,NFR16,trace
P4,R47,NFR17,trace
P4,R47,NFR18,trace
P4,R47,NFR19,trace
P4,R47,NFR20,trace
P4,R47,NFR21,trace
P4,R47,NFR22,trace
P4,R47,NFR23,trace
P4,R47,NFR24,trace
P4,R47,NFR25,trace
P4,R47,NFR26,trace
P4,R47,NFR27,trace
P4,R47,NFR28,trace
P4,R47,NFR29,trace
P4,R47,NFR30,trace
P4,R48,NFR1,anti_trace
P4,R48,NFR2,trace
P4,R48,NFR3,trace
P4,R48,NFR4,trace
P4,R48,NFR5,trace
P4,R48,NFR6,anti_trace
P4,R48,NFR7,anti_trace
P4,R48,NFR8,trace
P4,R48,NFR9,trace
P4,R48,NFR10,trace
P4,R48,NFR11,trace
P4,R48,NFR12,trace
P4,R48,NFR13,trace
P4,R48,NFR14,trace
P4,R48,NFR15,trace
P4,R48,NFR16,trace
P4,R48,NFR17,trace
P4,R48,NFR18,trace
P4,R48,NFR19,trace
P4,R48,NFR20,trace
P4,R48,NFR21,trace
P4,R48,NFR22,trace
P4,R48,NFR23,trace
P4,R48,NFR24,trace
P4,R48,NFR25,trace
P4,R48,NFR26,trace
P4,R48,NFR27,trace
P4,R48,NFR28,trace
P4,R48,NFR29,trace
P4,R48,NFR30,trace
P4,R49,NFR1,anti_trace
P4,R49,NFR2,anti_trace
P4,R49,NFR3,anti_trace
P4,R49,NFR4,trace
P4,R49,NFR5,trace
P4,R49,NFR6,anti_trace
P4,R49,NFR7,anti_trace
P4,R49,NFR8,trace
P4,R49,NFR9,trace
P4,R49,NFR10,trace
P4,R49,NFR11,trace
P4,R49,NFR12,trace
P4,R49,NFR13,trace
P4,R49,NFR14,trace
P4,R49,NFR15,trace
P4,R49,NFR16,trace
P4,R49,NFR17,trace
P4,R49,NFR18,trace
P4,R49,NFR19,trace
P4,R49,NFR20,trace
P4,R49,NFR21,trace
P4,R49,NFR22,trace
P4,R49,NFR23,trace
P4,R49,NFR24,trace
P4,R49,NFR25,trace
P4,R49,NFR26,trace
P4,R49,NFR27,trace
P4,R49,NFR28,trace
P4,R49,NFR29,trace
P4,R49,NFR30,trace
P4,R50,NFR1,anti_trace
P4,R50,NFR2,trace
P4,R50,NFR3,trace
P4,R50,NFR4,anti_trace
P4,R50,NFR5,trace
P4,R50,NFR6,trace
P4,R50,NFR7,trace
P4,R50,NFR8,trace
P4,R50,NFR9,trace
P4,R50,NFR10,trace
P4,R50,NFR11,anti_trace
P4,R50,NFR12,anti_trace
P4,R50,NFR13,trace
P4,R50,NFR14,trace
P4,R50,NFR15,trace
P4,R50,NFR16,trace
P4,R50,NFR17,trace
P4,R50,NFR18,trace
P4,R50,NFR19,trace
P4,R50,NFR20,trace
P4,R50,NFR21,trace
P4,R50,NFR22,trace
P4,R50,NFR23,trace
P4,R50,NFR24,trace
P4,R50,NFR25,anti_trace
P4,R50,NFR26,trace
P4,R50,NFR27,trace
P4,R50,NFR28,trace
P4,R50,NFR29,anti_trace
P4,R50,NFR30,anti_trace
P4,R51,NFR1,anti_trace
P4,R51,NFR2,trace
P4,R51,NFR3,trace
P4,R51,NFR4,trace
P4,R51,NFR5,trace
P4,R51,NFR6,anti_trace
P4,R51,NFR7,trace
P4,R51,NFR8,trace
P4,R51,NFR9,trace
P4,R51,NFR10,trace
P4,R51,NFR11,anti_trace
P4,R51,NFR12,anti_trace
P4,R51,NFR13,trace
P4,R51,NFR14,trace
P4,R51,NFR15,trace
P4,R51,NFR16,trace
P4,R51,NFR17,trace
P4,R51,NFR18,trace
P4,R51,NFR19,anti_trace
P4,R51,NFR20,trace
P4,R51,NFR21,trace
P4,R51,NFR22,trace
P4,R51,NFR23,trace
P4,R51,NFR24,trace
P4,R51,NFR25,anti_trace
P4,R51,NFR26,trace
P4,R51,NFR27,trace
P4,R51,NFR28,trace
P4,R51,NFR29,trace
P4,R51,NFR30,trace
P4,R52,NFR1,anti_trace
P4,R52,NFR2,trace
P4,R52,NFR3,trace
P4,R52,NFR4,anti_trace
P4,R52,NFR5,anti_trace
P4,R52,NFR6,trace
P4,R52,NFR7,trace
P4,R52,NFR8,trace
P4,R52,NFR9,trace
P4,R52,NFR10,anti_trace
P4,R52,NFR11,anti_trace
P4,R52,NFR12,anti_trace
P4,R52,NFR13,trace
P4,R52,NFR14,trace
P4,R52,NFR15,trace
P4,R52,NFR16,trace
P4,R52,NFR17,trace
P4,R52,NFR18,trace
P4,R52,NFR19,trace
P4,R52,NFR20,trace
P4,R52,NFR21,trace
P4,R52,NFR22,trace
P4,R52,NFR23,trace
P4,R52,NFR24,trace
P4,R52,NFR25,trace
P4,R52,NFR26,trace
P4,R52,NFR27,trace
P4,R52,NFR28,trace
P4,R52,NFR29,anti_trace
P4,R52,NFR30,anti_trace
P4,R53,NFR1,trace
P4,R53,NFR2,trace
P4,R53,NFR3,trace
P4,R53,NFR4,trace
P4,R53,NFR5,trace
P4,R53,NFR6,trace
P4,R53,NFR7,trace
P4,R53,NFR8,trace
P4,R53,NFR9,trace
P4,R53,NFR10,trace
P4,R53,NFR11,anti_trace
P4,R53,NFR12,trace
P4,R53,NFR13,trace
P4,R53,NFR14,trace
P4,R53,NFR15,trace
P4,R53,NFR16,trace
P4,R53,NFR17,trace
P4,R53,NFR18,trace
P4,R53,NFR19,trace
P4,R53,NFR20,trace
P4,R53,NFR21,trace
P4,R53,NFR22,trace
P4,R53,NFR23,trace
P4,R53,NFR24,trace
P4,R53,NFR25,trace
P4,R53,NFR26,trace
P4,R53,NFR27,trace
P4,R53,NFR28,trace
P4,R53,NFR29,trace
P4,R53,NFR30,trace
P4,R54,NFR1,trace
P4,R54,NFR2,trace
P4,R54,NFR3,trace
P4,R54,NFR4,trace
P4,R54,NFR5,trace
P4,R54,NFR6,trace
P4,R54,NFR7,trace
P4,R54,NFR8,trace
P4,R54,NFR9,trace
P4,R54,NFR10,trace
P4,R54,NFR11,trace
P4,R54,NFR12,trace
P4,R54,NFR13,anti_trace
P4,R54,NFR14,trace
P4,R54,NFR15,trace
P4,R54,NFR16,trace
P4,R54,NFR17,trace
P4,R54,NFR18,trace
P4,R54,NFR19,trace
P4,R54,NFR20,trace
P4,R54,NFR21,trace
P4,R54,NFR22,trace
P4,R54,NFR23,trace
P4,R54,NFR24,trace
P4,R54,NFR25,trace
P4,R54,NFR26,trace
P4,R54,NFR27,trace
P4,R54,NFR28,trace
P4,R54,NFR29,trace
P4,R54,NFR30,trace
P4,R55,NFR1,anti_trace
P4,R55,NFR2,trace
P4,R55,NFR3,trace
P4,R55,NFR4,trace
P4,R55,NFR5,trace
P4,R55,NFR6,trace
P4,R55,NFR7,trace
P4,R55,NFR8,trace
P4,R55,NFR9,trace
P4,R55,NFR10,anti_trace
P4,R55,NFR11,trace
P4,R55,NFR12,trace
P4,R55,NFR13,trace
P4,R55,NFR14,trace
P4,R55,NFR15,trace
P4,R55,NFR16,trace
P4,R55,NFR17,trace
P4,R55,NFR18,trace
P4,R55,NFR19,trace
P4,R55,NFR20,trace
P4,R55,NFR21,trace
P4,R55,NFR22,trace
P4,R55,NFR23,trace
P4,R55,NFR24,trace
P4,R55,NFR25,trace
P4,R55,NFR26,trace
P4,R55,NFR27,trace
P4,R55,NFR28,trace
P4,R55,NFR29,anti_trace
P4,R55,NFR30,trace
P5,R38,NFR1,anti_trace
P5,R38,NFR2,trace
P5,R38,NFR3,trace
P5,R38,NFR4,trace
P5,R38,NFR5,trace
P5,R38,NFR6,trace
P5,R38,NFR7,trace
P5,R38,NFR8,trace
P5,R38,NFR9,trace
P5,R38,NFR10,trace
P5,R38,NFR11,anti_trace
P5,R38,NFR12,trace
P5,R38,NFR13,anti_trace
P5,R38,NFR14,trace
P5,R38,NFR15,anti_trace
P5,R38,NFR16,trace
P5,R38,NFR17,trace
P5,R38,NFR18,trace
P5,R38,NFR19,trace
P5,R38,NFR20,trace
P5,R38,NFR21,trace
P5,R38,NFR22,trace
P5,R38,NFR23,trace
P5,R38,NFR24,trace
P5,R38,NFR25,trace
P5,R38,NFR26,trace
P5,R38,NFR27,trace
P5,R38,NFR28,trace
P5,R38,NFR29,trace
P5,R38,NFR30,trace
P5,R38,NFR31,trace
P5,R38,NFR32,trace
P5,R38,NFR33,trace
P5,R38,NFR34,trace
P5,R38,NFR35,trace
P5,R38,NFR36,trace
P5,R38,NFR37,trace
P5,R39,NFR1,trace
P5,R39,NFR2,trace
P5,R39,NFR3,trace
P5,R39,NFR4,trace
P5,R39,NFR5,trace
P5,R39,NFR6,trace
P5,R39,NFR7,trace
P5,R39,NFR8,trace
P5,R39,NFR9,trace
P5,R39,NFR10,trace
P5,R39,NFR11,trace
P5,R39,NFR12,trace
P5,R39,NFR13,trace
P5,R39,NFR14,trace
P5,R39,NFR15,trace
P5,R39,NFR16,trace
P5,R39,NFR17,trace
P5,R39,NFR18,trace
P5,R39,NFR19,trace
P5,R39,NFR20,trace
P5,R39,NFR21,trace
P5,R39,NFR22,trace
P5,R39,NFR23,trace
P5,R39,NFR24,trace
P5,R39,NFR25,trace
P5,R39,NFR26,trace
P5,R39,NFR27,trace
P5,R39,NFR28,trace
P5,R39,NFR29,trace
P5,R39,NFR30,trace
P5,R39,NFR31,trace
P5,R39,NFR32,trace
P5,R39,NFR33,trace
P5,R39,NFR34,trace
P5,R39,NFR35,trace
P5,R39,NFR36,trace
P5,R39,NFR37,trace
P5,R40,NFR1,trace
P5,R40,NFR2,trace
P5,R40,NFR3,trace
P5,R40,NFR4,trace
P5,R40,NFR5,trace
P5,R40,NFR6,trace
P5,R40,NFR7,trace
P5,R40,NFR8,trace
P5,R40,NFR9,trace
P5,R40,NFR10,trace
P5,R40,NFR11,trace
P5,R40,NFR12,trace
P5,R40,NFR13,trace
P5,R40,NFR14,trace
P5,R40,NFR15,trace
P5,R40,NFR16,trace
P5,R40,NFR17,trace
P5,R40,NFR18,trace
P5,R40,NFR19,trace
P5,R40,NFR20,trace
P5,R40,NFR21,trace
P5,R40,NFR22,trace
P5,R40,NFR23,trace
P5,R40,NFR24,trace
P5,R40,NFR25,trace
P5,R40,NFR26,trace
P5,R40,NFR27,trace
P5,R40,NFR28,trace
P5,R40,NFR29,trace
P5,R40,NFR30,trace
P5,R40,NFR31,trace
P5,R40,NFR32,trace
P5,R40,NFR33,trace
P5,R40,NFR34,trace
P5,R40,NFR35,trace
P5,R40,NFR36,trace
P5,R40,NFR37,trace
P5,R41,NFR1,anti_trace
P5,R41,NFR2,anti_trace
P5,R41,NFR3,trace
P5,R41,NFR4,trace
P5,R41,NFR5,trace
P5,R41,NFR6,trace
P5,R41,NFR7,trace
P5,R41,NFR8,trace
P5,R41,NFR9,trace
P5,R41,NFR10,trace
P5,R41,NFR11,anti_trace
P5,R41,NFR12,trace
P5,R41,NFR13,anti_trace
P5,R41,NFR14,trace
P5,R41,NFR15,trace
P5,R41,NFR16,trace
P5,R41,NFR17,trace
P5,R41,NFR18,trace
P5,R41,NFR19,trace
P5,R41,NFR20,trace
P5,R41,NFR21,trace
P5,R41,NFR22,trace
P5,R41,NFR23,trace
P5,R41,NFR24,trace
P5,R41,NFR25,trace
P5,R41,NFR26,trace
P5,R41,NFR27,trace
P5,R41,NFR28,trace
P5,R41,NFR29,trace
P5,R41,NFR30,trace
P5,R41,NFR31,trace
P5,R41,NFR32,trace
P5,R41,NFR33,trace
P5,R41,NFR34,trace
P5,R41,NFR35,trace
P5,R41,NFR36,trace
P5,R41,NFR37,trace
P5,R42,NFR1,anti_trace
P5,R42,NFR2,anti_trace
P5,R42,NFR3,trace
P5,R42,NFR4,trace
P5,R42,NFR5,trace
P5,R42,NFR6,trace
P5,R42,NFR7,trace
P5,R42,NFR8,trace
P5,R42,NFR9,trace
P5,R42,NFR10,trace
P5,R42,NFR11,anti_trace
P5,R42,NFR12,trace
P5,R42,NFR13,trace
P5,R42,NFR14,trace
P5,R42,NFR15,anti_trace
P5,R42,NFR16,trace
P5,R42,NFR17,trace
P5,R42,NFR18,trace
P5,R42,NFR19,trace
P5,R42,NFR20,trace
P5,R42,NFR21,trace
P5,R42,NFR22,trace
P5,R42,NFR23,trace
P5,R42,NFR24,trace
P5,R42,NFR25,trace
P5,R42,NFR26,trace
P5,R42,NFR27,trace
P5,R42,NFR28,trace
P5,R42,NFR29,trace
P5,R42,NFR30,trace
P5,R42,NFR31,trace
P5,R42,NFR32,trace
P5,R42,NFR33,trace
P5,R42,NFR34,trace
P5,R42,NFR35,trace
P5,R42,NFR36,trace
P5,R42,NFR37,trace
P5,R43,NFR1,anti_trace
P5,R43,NFR2,anti_trace
P5,R43,NFR3,trace
P5,R43,NFR4,trace
P5,R43,NFR5,trace
P5,R43,NFR6,trace
P5,R43,NFR7,trace
P5,R43,NFR8,trace
P5,R43,NFR9,trace
P5,R43,NFR10,trace
P5,R43,NFR11,anti_trace
P5,R43,NFR12,trace
P5,R43,NFR13,anti_trace
P5,R43,NFR14,trace
P5,R43,NFR15,trace
P5,R43,NFR16,trace
P5,R43,NFR17,trace
P5,R43,NFR18,trace
P5,R43,NFR19,trace
P5,R43,NFR20,trace
P5,R43,NFR21,trace
P5,R43,NFR22,trace
P5,R43,NFR23,trace
P5,R43,NFR24,trace
P5,R43,NFR25,trace
P5,R43,NFR26,trace
P5,R43,NFR27,trace
P5,R43,NFR28,trace
P5,R43,NFR29,trace
P5,R43,NFR30,trace
P5,R43,NFR31,trace
P5,R43,NFR32,trace
P5,R43,NFR33,trace
P5,R43,NFR34,trace
P5,R43,NFR35,trace
P5,R43,NFR36,trace
P5,R43,NFR37,trace
P5,R44,NFR1,trace
P5,R44,NFR2,trace
P5,R44,NFR3,trace
P5,R44,NFR4,trace
P5,R44,NFR5,trace
P5,R44,NFR6,trace
P5,R44,NFR7,trace
P5,R44,NFR8,trace
P5,R44,NFR9,anti_trace
P5,R44,NFR10,trace
P5,R44,NFR11,anti_trace
P5,R44,NFR12,trace
P5,R44,NFR13,anti_trace
P5,R44,NFR14,trace
P5,R44,NFR15,trace
P5,R44,NFR16,trace
P5,R44,NFR17,trace
P5,R44,NFR18,trace
P5,R44,NFR19,trace
P5,R44,NFR20,trace
P5,R44,NFR21,trace
P5,R44,NFR22,trace
P5,R44,NFR23,trace
P5,R44,NFR24,trace
P5,R44,NFR25,trace
P5,R44,NFR26,trace
P5,R44,NFR27,trace
P5,R44,NFR28,trace
P5,R44,NFR29,trace
P5,R44,NFR30,trace
P5,R44,NFR31,trace
P5,R44,NFR32,trace
P5,R44,NFR33,trace
P5,R44,NFR34,trace
P5,R44,NFR35,trace
P5,R44,NFR36,trace
P5,R44,NFR37,trace
P5,R45,NFR1,trace
P5,R45,NFR2,trace
P5,R45,NFR3,trace
P5,R45,NFR4,trace
P5,R45,NFR5,trace
P5,R45,NFR6,trace
P5,R45,NFR7,trace
P5,R45,NFR8,trace
P5,R45,NFR9,anti_trace
P5,R45,NFR10,trace
P5,R45,NFR11,anti_trace
P5,R45,NFR12,anti_trace
P5,R45,NFR13,anti_trace
P5,R45,NFR14,trace
P5,R45,NFR15,trace
P5,R45,NFR16,trace
P5,R45,NFR17,trace
P5,R45,NFR18,trace
P5,R45,NFR19,trace
P5,R45,NFR20,trace
P5,R45,NFR21,trace
P5,R45,NFR22,trace
P5,R45,NFR23,trace
P5,R45,NFR24,trace
P5,R45,NFR25,trace
P5,R45,NFR26,trace
P5,R45,NFR27,trace
P5,R45,NFR28,trace
P5,R45,NFR29,trace
P5,R45,NFR30,trace
P5,R45,NFR31,trace
P5,R45,NFR32,trace
P5,R45,NFR33,trace
P5,R45,NFR34,trace
P5,R45,NFR35,trace
P5,R45,NFR36,trace
P5,R45,NFR37,trace
P5,R46,NFR1,trace
P5,R46,NFR2,trace
P5,R46,NFR3,trace
P5,R46,NFR4,trace
P5,R46,NFR5,trace
P5,R46,NFR6,trace
P5,R46,NFR7,trace
P5,R46,NFR8,trace
P5,R46,NFR9,trace
P5,R46,NFR10,trace
P5,R46,NFR11,trace
P5,R46,NFR12,trace
P5,R46,NFR13,trace
P5,R46,NFR14,trace
P5,R46,NFR15,trace
P5,R46,NFR16,trace
P5,R46,NFR17,trace
P5,R46,NFR18,trace
P5,R46,NFR19,trace
P5,R46,NFR20,trace
P5,R46,NFR21,trace
P5,R46,NFR22,trace
P5,R46,NFR23,trace
P5,R46,NFR24,trace
P5,R46,NFR25,trace
P5,R46,NFR26,trace
P5,R46,NFR27,trace
P5,R46,NFR28,trace
P5,R46,NFR29,trace
P5,R46,NFR30,trace
P5,R46,NFR31,trace
P5,R46,NFR32,trace
P5,R46,NFR33,trace
P5,R46,NFR34,trace
P5,R46,NFR35,trace
P5,R46,NFR36,trace
P5,R46,NFR37,trace
P5,R47,NFR1,anti_trace
P5,R47,NFR2,anti_trace
P5,R47,NFR3,trace
P5,R47,NFR4,trace
P5,R47,NFR5,trace
P5,R47,NFR6,trace
P5,R47,NFR7,trace
P5,R47,NFR8,trace
P5,R47,NFR9,trace
P5,R47,NFR10,trace
P5,R47,NFR11,trace
P5,R47,NFR12,trace
P5,R47,NFR13,trace
P5,R47,NFR14,trace
P5,R47,NFR15,trace
P5,R47,NFR16,trace
P5,R47,NFR17,trace
P5,R47,NFR18,trace
P5,R47,NFR19,trace
P5,R47,NFR20,trace
P5,R47,NFR21,trace
P5,R47,NFR22,trace
P5,R47,NFR23,trace
P5,R47,NFR24,trace
P5,R47,NFR25,trace
P5,R47,NFR26,trace
P5,R47,NFR27,trace
P5,R47,NFR28,trace
P5,R47,NFR29,trace
P5,R47,NFR30,trace
P5,R47,NFR31,trace
P5,R47,NFR32,trace
P5,R47,NFR33,trace
P5,R47,NFR34,trace
P5,R47,NFR35,trace
P5,R47,NFR36,trace
P5,R47,NFR37,trace
P5,R48,NFR1,trace
P5,R48,NFR2,trace
P5,R48,NFR3,anti_trace
P5,R48,NFR4,trace
P5,R48,NFR5,trace
P5,R48,NFR6,trace
P5,R48,NFR7,trace
P5,R48,NFR8,trace
P5,R48,NFR9,anti_trace
P5,R48,NFR10,anti_trace
P5,R48,NFR11,anti_trace
P5,R48,NFR12,anti_trace
P5,R48,NFR13,trace
P5,R48,NFR14,anti_trace
P5,R48,NFR15,trace
P5,R48,NFR16,trace
P5,R48,NFR17,trace
P5,R48,NFR18,trace
P5,R48,NFR19,trace
P5,R48,NFR20,trace
P5,R48,NFR21,anti_trace
P5,R48,NFR22,trace
P5,R48,NFR23,trace
P5,R48,NFR24,trace
P5,R48,NFR25,trace
P5,R48,NFR26,trace
P5,R48,NFR27,trace
P5,R48,NFR28,trace
P5,R48,NFR29,trace
P5,R48,NFR30,anti_trace
P5,R48,NFR31,trace
P5,R48,NFR32,trace
P5,R48,NFR33,trace
P5,R48,NFR34,trace
P5,R48,NFR35,trace
P5,R48,NFR36,trace
P5,R48,NFR37,trace
P5,R49,NFR1,trace
P5,R49,NFR2,trace
P5,R49,NFR3,anti_trace
P5,R49,NFR4,trace
P5,R49,NFR5,trace
P5,R49,NFR6,trace
P5,R49,NFR7,trace
P5,R49,NFR8,trace
P5,R49,NFR9,anti_trace
P5,R49,NFR10,trace
P5,R49,NFR11,anti_trace
P5,R49,NFR12,anti_trace
P5,R49,NFR13,anti_trace
P5,R49,NFR14,anti_trace
P5,R49,NFR15,trace
P5,R49,NFR16,trace
P5,R49,NFR17,trace
P5,R49,NFR18,trace
P5,R49,NFR19,trace
P5,R49,NFR20,trace
P5,R49,NFR21,anti_trace
P5,R49,NFR22,trace
P5,R49,NFR23,trace
P5,R49,NFR24,trace
P5,R49,NFR25,trace
P5,R49,NFR26,trace
P5,R49,NFR27,trace
P5,R49,NFR28,trace
P5,R49,NFR29,trace
P5,R49,NFR30,anti_trace
P5,R49,NFR31,trace
P5,R49,NFR32,trace
P5,R49,NFR33,trace
P5,R49,NFR34,trace
P5,R49,NFR35,trace
P5,R49,NFR36,trace
P5,R49,NFR37,trace
P5,R50,NFR1,anti_trace
P5,R50,NFR2,anti_trace
P5,R50,NFR3,anti_trace
P5,R50,NFR4,trace
P5,R50,NFR5,trace
P5,R50,NFR6,trace
P5,R50,NFR7,trace
P5,R50,NFR8,trace
P5,R50,NFR9,trace
P5,R50,NFR10,trace
P5,R50,NFR11,anti_trace
P5,R50,NFR12,trace
P5,R50,NFR13,anti_trace
P5,R50,NFR14,anti_trace
P5,R50,NFR15,trace
P5,R50,NFR16,trace
P5,R50,NFR17,trace
P5,R50,NFR18,trace
P5,R50,NFR19,trace
P5,R50,NFR20,trace
P5,R50,NFR21,anti_trace
P5,R50,NFR22,trace
P5,R50,NFR23,trace
P5,R50,NFR24,trace
P5,R50,NFR25,trace
P5,R50,NFR26,trace
P5,R50,NFR27,trace
P5,R50,NFR28,trace
P5,R50,NFR29,trace
P5,R50,NFR30,anti_trace
P5,R50,NFR31,trace
P5,R50,NFR32,trace
P5,R50,NFR33,trace
P5,R50,NFR34,trace
P5,R50,NFR35,trace
P5,R50,NFR36,trace
P5,R50,NFR37,trace
P5,R51,NFR1,trace
P5,R51,NFR2,trace
P5,R51,NFR3,trace
P5,R51,NFR4,trace
P5,R51,NFR5,trace
P5,R51,NFR6,trace
P5,R51,NFR7,trace
P5,R51,NFR8,trace
P5,R51,NFR9,anti_trace
P5,R51,NFR10,anti_trace
P5,R51,NFR11,anti_trace
P5,R51,NFR12,anti_trace
P5,R51,NFR13,anti_trace
P5,R51,NFR14,trace
P5,R51,NFR15,anti_trace
P5,R51,NFR16,trace
P5,R51,NFR17,trace
P5,R51,NFR18,trace
P5,R51,NFR19,trace
P5,R51,NFR20,trace
P5,R51,NFR21,trace
P5,R51,NFR22,trace
P5,R51,NFR23,trace
P5,R51,NFR24,trace
P5,R51,NFR25,trace
P5,R51,NFR26,trace
P5,R51,NFR27,trace
P5,R51,NFR28,trace
P5,R51,NFR29,trace
P5,R51,NFR30,trace
P5,R51,NFR31,trace
P5,R51,NFR32,trace
P5,R51,NFR33,trace
P5,R51,NFR34,trace
P5,R51,NFR35,trace
P5,R51,NFR36,trace
P5,R51,NFR37,trace
P5,R52,NFR1,anti_trace
P5,R52,NFR2,anti_trace
P5,R52,NFR3,anti_trace
P5,R52,NFR4,trace
P5,R52,NFR5,trace
P5,R52,NFR6,trace
P5,R52,NFR7,trace
P5,R52,NFR8,trace
P5,R52,NFR9,trace
P5,R52,NFR10,trace
P5,R52,NFR11,anti_trace
P5,R52,NFR12,trace
P5,R52,NFR13,trace
P5,R52,NFR14,anti_trace
P5,R52,NFR15,trace
P5,R52,NFR16,trace
P5,R52,NFR17,trace
P5,R52,NFR18,trace
P5,R52,NFR19,trace
P5,R52,NFR20,trace
P5,R52,NFR21,anti_trace
P5,R52,NFR22,trace
P5,R52,NFR23,trace
P5,R52,NFR24,trace
P5,R52,NFR25,trace
P5,R52,NFR26,trace
P5,R52,NFR27,trace
P5,R52,NFR28,trace
P5,R52,NFR29,trace
P5,R52,NFR30,anti_trace
P5,R52,NFR31,trace
P5,R52,NFR32,trace
P5,R52,NFR33,trace
P5,R52,NFR34,trace
P5,R52,NFR35,trace
P5,R52,NFR36,trace
P5,R52,NFR37,trace
P5,R53,NFR1,trace
P5,R53,NFR2,trace
P5,R53,NFR3,anti_trace
P5,R53,NFR4,trace
P5,R53,NFR5,trace
P5,R53,NFR6,trace
P5,R53,NFR7,trace
P5,R53,NFR8,trace
P5,R53,NFR9,trace
P5,R53,NFR10,trace
P5,R53,NFR11,anti_trace
P5,R53,NFR12,trace
P5,R53,NFR13,trace
P5,R53,NFR14,trace
P5,R53,NFR15,trace
P5,R53,NFR16,trace
P5,R53,NFR17,trace
P5,R53,NFR18,trace
P5,R53,NFR19,trace
P5,R53,NFR20,trace
P5,R53,NFR21,trace
P5,R53,NFR22,trace
P5,R53,NFR23,trace
P5,R53,NFR24,trace
P5,R53,NFR25,trace
P5,R53,NFR26,trace
P5,R53,NFR27,trace
P5,R53,NFR28,trace
P5,R53,NFR29,trace
P5,R53,NFR30,trace
P5,R53,NFR31,trace
P5,R53,NFR32,trace
P5,R53,NFR33,trace
P5,R53,NFR34,trace
P5,R53,NFR35,trace
P5,R53,NFR36,trace
P5,R53,NFR37,trace
P5,R54,NFR1,trace
P5,R54,NFR2,trace
P5,R54,NFR3,anti_trace
P5,R54,NFR4,trace
P5,R54,NFR5,trace
P5,R54,NFR6,trace
P5,R54,NFR7,trace
P5,R54,NFR8,trace
P5,R54,NFR9,anti_trace
P5,R54,NFR10,anti_trace
P5,R54,NFR11,anti_trace
P5,R54,NFR12,trace
P5,R54,NFR13,anti_trace
P5,R54,NFR14,trace
P5,R54,NFR15,trace
P5,R54,NFR16,trace
P5,R54,NFR17,trace
P5,R54,NFR18,trace
P5,R54,NFR19,trace
P5,R54,NFR20,trace
P5,R54,NFR21,trace
P5,R54,NFR22,trace
P5,R54,NFR23,trace
P5,R54,NFR24,trace
P5,R54,NFR25,trace
P5,R54,NFR26,trace
P5,R54,NFR27,trace
P5,R54,NFR28,trace
P5,R54,NFR29,trace
P5,R54,NFR30,trace
P5,R54,NFR31,trace
P5,R54,NFR32,trace
P5,R54,NFR33,trace
P5,R54,NFR34,trace
P5,R54,NFR35,trace
P5,R54,NFR36,trace
P5,R54,NFR37,trace
P5,R55,NFR1,trace
P5,R55,NFR2,trace
P5,R55,NFR3,anti_trace
P5,R55,NFR4,trace
P5,R55,NFR5,trace
P5,R55,NFR6,trace
P5,R55,NFR7,trace
P5,R55,NFR8,trace
P5,R55,NFR9,anti_trace
P5,R55,NFR10,anti_trace
P5,R55,NFR11,trace
P5,R55,NFR12,trace
P5,R55,NFR13,trace
P5,R55,NFR14,trace
P5,R55,NFR15,trace
P5,R55,NFR16,trace
P5,R55,NFR17,trace
P5,R55,NFR18,trace
P5,R55,NFR19,trace
P5,R55,NFR20,trace
P5,R55,NFR21,trace
P5,R55,NFR22,trace
P5,R55,NFR23,trace
P5,R55,NFR24,trace
P5,R55,NFR25,trace
P5,R55,NFR26,trace
P5,R55,NFR27,trace
P5,R55,NFR28,trace
P5,R55,NFR29,trace
P5,R55,NFR30,trace
P5,R55,NFR31,trace
P5,R55,NFR32,trace
P5,R55,NFR33,trace
P5,R55,NFR34,trace
P5,R55,NFR35,trace
P5,R55,NFR36,trace
P5,R55,NFR37,trace
P5,R56,NFR1,trace
P5,R56,NFR2,trace
P5,R56,NFR3,trace
P5,R56,NFR4,trace
P5,R56,NFR5,trace
P5,R56,NFR6,trace
P5,R56,NFR7,trace
P5,R56,NFR8,trace
P5,R56,NFR9,anti_trace
P5,R56,NFR10,trace
P5,R56,NFR11,anti_trace
P5,R56,NFR12,trace
P5,R56,NFR13,trace
P5,R56,NFR14,trace
P5,R56,NFR15,trace
P5,R56,NFR16,trace
P5,R56,NFR17,trace
P5,R56,NFR18,trace
P5,R56,NFR19,trace
P5,R56,NFR20,trace
P5,R56,NFR21,trace
P5,R56,NFR22,trace
P5,R56,NFR23,trace
P5,R56,NFR24,trace
P5,R56,NFR25,trace
P5,R56,NFR26,trace
P5,R56,NFR27,trace
P5,R56,NFR28,trace
P5,R56,NFR29,trace
P5,R56,NFR30,trace
P5,R56,NFR31,trace
P5,R56,NFR32,trace
P5,R56,NFR33,trace
P5,R56,NFR34,trace
P5,R56,NFR35,trace
P5,R56,NFR36,trace
P5,R56,NFR37,trace
P5,R57,NFR1,trace
P5,R57,NFR2,trace
P5,R57,NFR3,anti_trace
P5,R57,NFR4,trace
P5,R57,NFR5,trace
P5,R57,NFR6,trace
P5,R57,NFR7,trace
P5,R57,NFR8,trace
P5,R57,NFR9,anti_trace
P5,R57,NFR10,trace
P5,R57,NFR11,trace
P5,R57,NFR12,trace
P5,R57,NFR13,anti_trace
P5,R57,NFR14,trace
P5,R57,NFR15,trace
P5,R57,NFR16,trace
P5,R57,NFR17,trace
P5,R57,NFR18,trace
P5,R57,NFR19,trace
P5,R57,NFR20,trace
P5,R57,NFR21,anti_trace
P5,R57,NFR22,trace
P5,R57,NFR23,trace
P5,R57,NFR24,trace
P5,R57,NFR25,trace
P5,R57,NFR26,trace
P5,R57,NFR27,trace
P5,R57,NFR28,trace
P5,R57,NFR29,trace
P5,R57,NFR30,trace
P5,R57,NFR31,trace
P5,R57,NFR32,trace
P5,R57,NFR33,trace
P5,R57,NFR34,trace
P5,R57,NFR35,trace
P5,R57,NFR36,trace
P5,R57,NFR37,trace
P5,R58,NFR1,trace
P5,R58,NFR2,trace
P5,R58,NFR3,anti_trace
P5,R58,NFR4,trace
P5,R58,NFR5,trace
P5,R58,NFR6,trace
P5,R58,NFR7,trace
P5,R58,NFR8,trace
P5,R58,NFR9,anti_trace
P5,R58,NFR10,anti_trace
P5,R58,NFR11,anti_trace
P5,R58,NFR12,trace
P5,R58,NFR13,anti_trace
P5,R58,NFR14,anti_trace
P5,R58,NFR15,trace
P5,R58,NFR16,trace
P5,R58,NFR17,trace
P5,R58,NFR18,trace
P5,R58,NFR19,trace
P5,R58,NFR20,trace
P5,R58,NFR21,anti_trace
P5,R58,NFR22,trace
P5,R58,NFR23,trace
P5,R58,NFR24,trace
P5,R58,NFR25,trace
P5,R58,NFR26,trace
P5,R58,NFR27,trace
P5,R58,NFR28,trace
P5,R58,NFR29,trace
P5,R58,NFR30,anti_trace
P5,R58,NFR31,trace
P5,R58,NFR32,trace
P5,R58,NFR33,trace
P5,R58,NFR34,trace
P5,R58,NFR35,trace
P5,R58,NFR36,trace
P5,R58,NFR37,trace
P5,R59,NFR1,anti_trace
P5,R59,NFR2,anti_trace
P5,R59,NFR3,anti_trace
P5,R59,NFR4,trace
P5,R59,NFR5,trace
P5,R59,NFR6,trace
P5,R59,NFR7,trace
P5,R59,NFR8,trace
P5,R59,NFR9,trace
P5,R59,NFR10,trace
P5,R59,NFR11,anti_trace
P5,R59,NFR12,trace
P5,R59,NFR13,trace
P5,R59,NFR14,trace
P5,R59,NFR15,trace
P5,R59,NFR16,trace
P5,R59,NFR17,trace
P5,R59,NFR18,trace
P5,R59,NFR19,trace
P5,R59,NFR20,trace
P5,R59,NFR21,trace
P5,R59,NFR22,trace
P5,R59,NFR23,trace
P5,R59,NFR24,trace
P5,R59,NFR25,trace
P5,R59,NFR26,trace
P5,R59,NFR27,trace
P5,R59,NFR28,anti_trace
P5,R59,NFR29,trace
P5,R59,NFR30,trace
P5,R59,NFR31,trace
P5,R59,NFR32,trace
P5,R59,NFR33,trace
P5,R59,NFR34,trace
P5,R59,NFR35,trace
P5,R59,NFR36,trace
P5,R59,NFR37,trace
P5,R60,NFR1,trace
P5,R60,NFR2,trace
P5,R60,NFR3,anti_trace
P5,R60,NFR4,trace
P5,R60,NFR5,trace
P5,R60,NFR6,trace
P5,R60,NFR7,trace
P5,R60,NFR8,trace
P5,R60,NFR9,trace
P5,R60,NFR10,trace
P5,R60,NFR11,trace
P5,R60,NFR12,trace
P5,R60,NFR13,trace
P5,R60,NFR14,trace
P5,R60,NFR15,trace
P5,R60,NFR16,anti_trace
P5,R60,NFR17,trace
P5,R60,NFR18,trace
P5,R60,NFR19,trace
P5,R60,NFR20,trace
P5,R60,NFR21,trace
P5,R60,NFR22,trace
P5,R60,NFR23,trace
P5,R60,NFR24,trace
P5,R60,NFR25,trace
P5,R60,NFR26,trace
P5,R60,NFR27,trace
P5,R60,NFR28,anti_trace
P5,R60,NFR29,trace
P5,R60,NFR30,trace
P5,R60,NFR31,trace
P5,R60,NFR32,trace
P5,R60,NFR33,trace
P5,R60,NFR34,trace
P5,R60,NFR35,trace
P5,R60,NFR36,trace
P5,R60,NFR37,trace
P5,R61,NFR1,trace
P5,R61,NFR2,trace
P5,R61,NFR3,anti_trace
P5,R61,NFR4,trace
P5,R61,NFR5,trace
P5,R61,NFR6,trace
P5,R61,NFR7,trace
P5,R61,NFR8,trace
P5,R61,NFR9,trace
P5,R61,NFR10,trace
P5,R61,NFR11,trace
P5,R61,NFR12,trace
P5,R61,NFR13,trace
P5,R61,NFR14,trace
P5,R61,NFR15,trace
P5,R61,NFR16,trace
P5,R61,NFR17,trace
P5,R61,NFR18,trace
P5,R61,NFR19,trace
P5,R61,NFR20,trace
P5,R61,NFR21,trace
P5,R61,NFR22,trace
P5,R61,NFR23,trace
P5,R61,NFR24,trace
P5,R61,NFR25,trace
P5,R61,NFR26,trace
P5,R61,NFR27,trace
P5,R61,NFR28,anti_trace
P5,R61,NFR29,trace
P5,R61,NFR30,trace
P5,R61,NFR31,trace
P5,R61,NFR32,trace
P5,R61,NFR33,trace
P5,R61,NFR34,trace
P5,R61,NFR35,trace
P5,R61,NFR36,trace
P5,R61,NFR37,trace
P5,R62,NFR1,trace
P5,R62,NFR2,trace
P5,R62,NFR3,anti_trace
P5,R62,NFR4,trace
P5,R62,NFR5,trace
P5,R62,NFR6,trace
P5,R62,NFR7,trace
P5,R62,NFR8,trace
P5,R62,NFR9,trace
P5,R62,NFR10,trace
P5,R62,NFR11,trace
P5,R62,NFR12,trace
P5,R62,NFR13,trace
P5,R62,NFR14,trace
P5,R62,NFR15,trace
P5,R62,NFR16,anti_trace
P5,R62,NFR17,trace
P5,R62,NFR18,trace
P5,R62,NFR19,trace
P5,R62,NFR20,trace
P5,R62,NFR21,trace
P5,R62,NFR22,trace
P5,R62,NFR23,trace
P5,R62,NFR24,trace
P5,R62,NFR25,trace
P5,R62,NFR26,trace
P5,R62,NFR27,trace
P5,R62,NFR28,anti_trace
P5,R62,NFR29,trace
P5,R62,NFR30,trace
P5,R62,NFR31,trace
P5,R62,NFR32,trace
P5,R62,NFR33,trace
P5,R62,NFR34,trace
P5,R62,NFR35,trace
P5,R62,NFR36,trace
P5,R62,NFR37,trace
P5,R63,NFR1,trace
P5,R63,NFR2,trace
P5,R63,NFR3,trace
P5,R63,NFR4,trace
P5,R63,NFR5,trace
P5,R63,NFR6,trace
P5,R63,NFR7,trace
P5,R63,NFR8,trace
P5,R63,NFR9,trace
P5,R63,NFR10,trace
P5,R63,NFR11,trace
P5,R63,NFR12,trace
P5,R63,NFR13,trace
P5,R63,NFR14,trace
P5,R63,NFR15,trace
P5,R63,NFR16,anti_trace
P5,R63,NFR17,trace
P5,R63,NFR18,trace
P5,R63,NFR19,trace
P5,R63,NFR20,trace
P5,R63,NFR21,trace
P5,R63,NFR22,trace
P5,R63,NFR23,trace
P5,R63,NFR24,trace
P5,R63,NFR25,trace
P5,R63,NFR26,trace
P5,R63,NFR27,trace
P5,R63,NFR28,trace
P5,R63,NFR29,trace
P5,R63,NFR30,trace
P5,R63,NFR31,trace
P5,R63,NFR32,trace
P5,R63,NFR33,trace
P5,R63,NFR34,trace
P5,R63,NFR35,trace
P5,R63,NFR36,trace
P5,R63,NFR37,trace
P5,R64,NFR1,trace
P5,R64,NFR2,trace
P5,R64,NFR3,trace
P5,R64,NFR4,trace
P5,R64,NFR5,trace
P5,R64,NFR6,trace
P5,R64,NFR7,trace
P5,R64,NFR8,trace
P5,R64,NFR9,trace
P5,R64,NFR10,trace
P5,R64,NFR11,anti_trace
P5,R64,NFR12,trace
P5,R64,NFR13,trace
P5,R64,NFR14,trace
P5,R64,NFR15,trace
P5,R64,NFR16,anti_trace
P5,R64,NFR17,trace
P5,R64,NFR18,trace
P5,R64,NFR19,trace
P5,R64,NFR20,trace
P5,R64,NFR21,trace
P5,R64,NFR22,trace
P5,R64,NFR23,trace
P5,R64,NFR24,trace
P5,R64,NFR25,trace
P5,R64,NFR26,trace
P5,R64,NFR27,trace
P5,R64,NFR28,trace
P5,R64,NFR29,trace
P5,R64,NFR30,trace
P5,R64,NFR31,trace
P5,R64,NFR32,trace
P5,R64,NFR33,trace
P5,R64,NFR34,trace
P5,R64,NFR35,trace
P5,R64,NFR36,trace
P5,R64,NFR37,trace
P5,R65,NFR1,trace
P5,R65,NFR2,trace
P5,R65,NFR3,trace
P5,R65,NFR4,trace
P5,R65,NFR5,trace
P5,R65,NFR6,trace
P5,R65,NFR7,trace
P5,R65,NFR8,trace
P5,R65,NFR9,anti_trace
P5,R65,NFR10,trace
P5,R65,NFR11,trace
P5,R65,NFR12,trace
P5,R65,NFR13,trace
P5,R65,NFR14,trace
P5,R65,NFR15,trace
P5,R65,NFR16,trace
P5,R65,NFR17,trace
P5,R65,NFR18,trace
P5,R65,NFR19,trace
P5,R65,NFR20,trace
P5,R65,NFR21,trace
P5,R65,NFR22,trace
P5,R65,NFR23,trace
P5,R65,NFR24,trace
P5,R65,NFR25,trace
P5,R65,NFR26,trace
P5,R65,NFR27,trace
P5,R65,NFR28,anti_trace
P5,R65,NFR29,trace
P5,R65,NFR30,trace
P5,R65,NFR31,trace
P5,R65,NFR32,trace
P5,R65,NFR33,trace
P5,R65,NFR34,trace
P5,R65,NFR35,trace
P5,R65,NFR36,trace
P5,R65,NFR37,trace
P5,R66,NFR1,trace
P5,R66,NFR2,trace
P5,R66,NFR3,trace
P5,R66,NFR4,trace
P5,R66,NFR5,trace
P5,R66,NFR6,trace
P5,R66,NFR7,trace
P5,R66,NFR8,trace
P5,R66,NFR9,trace
P5,R66,NFR10,trace
P5,R66,NFR11,anti_trace
P5,R66,NFR12,trace
P5,R66,NFR13,anti_trace
P5,R66,NFR14,trace
P5,R66,NFR15,trace
P5,R66,NFR16,trace
P5,R66,NFR17,anti_trace
P5,R66,NFR18,trace
P5,R66,NFR19,trace
P5,R66,NFR20,trace
P5,R66,NFR21,trace
P5,R66,NFR22,trace
P5,R66,NFR23,trace
P5,R66,NFR24,trace
P5,R66,NFR25,trace
P5,R66,NFR26,trace
P5,R66,NFR27,trace
P5,R66,NFR28,trace
P5,R66,NFR29,anti_trace
P5,R66,NFR30,trace
P5,R66,NFR31,trace
P5,R66,NFR32,trace
P5,R66,NFR33,trace
P5,R66,NFR34,trace
P5,R66,NFR35,trace
P5,R66,NFR36,trace
P5,R66,NFR37,trace
P5,R67,NFR1,trace
P5,R67,NFR2,trace
P5,R67,NFR3,trace
P5,R67,NFR4,trace
P5,R67,NFR5,trace
P5,R67,NFR6,trace
P5,R67,NFR7,trace
P5,R67,NFR8,trace
P5,R67,NFR9,trace
P5,R67,NFR10,trace
P5,R67,NFR11,anti_trace
P5,R67,NFR12,trace
P5,R67,NFR13,trace
P5,R67,NFR14,trace
P5,R67,NFR15,trace
P5,R67,NFR16,trace
P5,R67,NFR17,anti_trace
P5,R67,NFR18,trace
P5,R67,NFR19,trace
P5,R67,NFR20,trace
P5,R67,NFR21,trace
P5,R67,NFR22,trace
P5,R67,NFR23,trace
P5,R67,NFR24,trace
P5,R67,NFR25,trace
P5,R67,NFR26,trace
P5,R67,NFR27,trace
P5,R67,NFR28,trace
P5,R67,NFR29,anti_trace
P5,R67,NFR30,trace
P5,R67,NFR31,trace
P5,R67,NFR32,trace
P5,R67,NFR33,trace
P5,R67,NFR34,trace
P5,R67,NFR35,trace
P5,R67,NFR36,trace
P5,R67,NFR37,trace
P5,R68,NFR1,anti_trace
P5,R68,NFR2,anti_trace
P5,R68,NFR3,trace
P5,R68,NFR4,trace
P5,R68,NFR5,trace
P5,R68,NFR6,trace
P5,R68,NFR7,trace
P5,R68,NFR8,trace
P5,R68,NFR9,trace
P5,R68,NFR10,trace
P5,R68,NFR11,trace
P5,R68,NFR12,trace
P5,R68,NFR13,trace
P5,R68,NFR14,trace
P5,R68,NFR15,trace
P5,R68,NFR16,trace
P5,R68,NFR17,trace
P5,R68,NFR18,trace
P5,R68,NFR19,trace
P5,R68,NFR20,trace
P5,R68,NFR21,trace
P5,R68,NFR22,trace
P5,R68,NFR23,trace
P5,R68,NFR24,trace
P5,R68,NFR25,trace
P5,R68,NFR26,trace
P5,R68,NFR27,trace
P5,R68,NFR28,trace
P5,R68,NFR29,trace
P5,R68,NFR30,trace
P5,R68,NFR31,trace
P5,R68,NFR32,trace
P5,R68,NFR33,trace
P5,R68,NFR34,trace
P5,R68,NFR35,trace
P5,R68,NFR36,trace
P5,R68,NFR37,trace
P5,R69,NFR1,trace
P5,R69,NFR2,trace
P5,R69,NFR3,trace
P5,R69,NFR4,trace
P5,R69,NFR5,trace
P5,R69,NFR6,trace
P5,R69,NFR7,trace
P5,R69,NFR8,trace
P5,R69,NFR9,trace
P5,R69,NFR10,trace
P5,R69,NFR11,trace
P5,R69,NFR12,anti_trace
P5,R69,NFR13,trace
P5,R69,NFR14,trace
P5,R69,NFR15,trace
P5,R69,NFR16,anti_trace
P5,R69,NFR17,trace
P5,R69,NFR18,trace
P5,R69,NFR19,trace
P5,R69,NFR20,trace
P5,R69,NFR21,trace
P5,R69,NFR22,trace
P5,R69,NFR23,trace
P5,R69,NFR24,trace
P5,R69,NFR25,trace
P5,R69,NFR26,trace
P5,R69,NFR27,trace
P5,R69,NFR28,anti_trace
P5,R69,NFR29,trace
P5,R69,NFR30,trace
P5,R69,NFR31,trace
P5,R69,NFR32,trace
P5,R69,NFR33,trace
P5,R69,NFR34,trace
P5,R69,NFR35,trace
P5,R69,NFR36,trace
P5,R69,NFR37,trace
P5,R70,NFR1,trace
P5,R70,NFR2,trace
P5,R70,NFR3,trace
P5,R70,NFR4,trace
P5,R70,NFR5,trace
P5,R70,NFR6,trace
P5,R70,NFR7,trace
P5,R70,NFR8,trace
P5,R70,NFR9,trace
P5,R70,NFR10,trace
P5,R70,NFR11,trace
P5,R70,NFR12,trace
P5,R70,NFR13,anti_trace
P5,R70,NFR14,trace
P5,R70,NFR15,trace
P5,R70,NFR16,trace
P5,R70,NFR17,trace
P5,R70,NFR18,trace
P5,R70,NFR19,trace
P5,R70,NFR20,trace
P5,R70,NFR21,trace
P5,R70,NFR22,trace
P5,R70,NFR23,trace
P5,R70,NFR24,trace
P5,R70,NFR25,trace
P5,R70,NFR26,trace
P5,R70,NFR27,trace
P5,R70,NFR28,trace
P5,R70,NFR29,trace
P5,R70,NFR30,trace
P5,R70,NFR31,trace
P5,R70,NFR32,trace
P5,R70,NFR33,trace
P5,R70,NFR34,trace
P5,R70,NFR35,trace
P5,R70,NFR36,trace
P5,R70,NFR37,trace
P5,R71,NFR1,trace
P5,R71,NFR2,trace
P5,R71,NFR3,anti_trace
P5,R71,NFR4,trace
P5,R71,NFR5,trace
P5,R71,NFR6,trace
P5,R71,NFR7,trace
P5,R71,NFR8,trace
P5,R71,NFR9,trace
P5,R71,NFR10,trace
P5,R71,NFR11,trace
P5,R71,NFR12,trace
P5,R71,NFR13,trace
P5,R71,NFR14,trace
P5,R71,NFR15,trace
P5,R71,NFR16,trace
P5,R71,NFR17,trace
P5,R71,NFR18,trace
P5,R71,NFR19,trace
P5,R71,NFR20,trace
P5,R71,NFR21,trace
P5,R71,NFR22,trace
P5,R71,NFR23,trace
P5,R71,NFR24,trace
P5,R71,NFR25,trace
P5,R71,NFR26,trace
P5,R71,NFR27,trace
P5,R71,NFR28,trace
P5,R71,NFR29,trace
P5,R71,NFR30,trace
P5,R71,NFR31,trace
P5,R71,NFR32,trace
P5,R71,NFR33,trace
P5,R71,NFR34,trace
P5,R71,NFR35,trace
P5,R71,NFR36,trace
P5,R71,NFR37,trace
P5,R72,NFR1,trace
P5,R72,NFR2,trace
P5,R72,NFR3,trace
P5,R72,NFR4,trace
P5,R72,NFR5,trace
P5,R72,NFR6,trace
P5,R72,NFR7,trace
P5,R72,NFR8,trace
P5,R72,NFR9,trace
P5,R72,NFR10,trace
P5,R72,NFR11,trace
P5,R72,NFR12,trace
P5,R72,NFR13,trace
P5,R72,NFR14,trace
P5,R72,NFR15,trace
P5,R72,NFR16,trace
P5,R72,NFR17,anti_trace
P5,R72,NFR18,trace
P5,R72,NFR19,trace
P5,R72,NFR20,trace
P5,R72,NFR21,trace
P5,R72,NFR22,trace
P5,R72,NFR23,trace
P5,R72,NFR24,trace
P5,R72,NFR25,trace
P5,R72,NFR26,trace
P5,R72,NFR27,trace
P5,R72,NFR28,trace
P5,R72,NFR29,anti_trace
P5,R72,NFR30,trace
P5,R72,NFR31,trace
P5,R72,NFR32,trace
P5,R72,NFR33,trace
P5,R72,NFR34,trace
P5,R72,NFR35,trace
P5,R72,NFR36,trace
P5,R72,NFR37,trace
P5,R73,NFR1,trace
P5,R73,NFR2,trace
P5,R73,NFR3,trace
P5,R73,NFR4,trace
P5,R73,NFR5,trace
P5,R73,NFR6,trace
P5,R73,NFR7,trace
P5,R73,NFR8,trace
P5,R73,NFR9,trace
P5,R73,NFR10,trace
P5,R73,NFR11,trace
P5,R73,NFR12,trace
P5,R73,NFR13,trace
P5,R73,NFR14,trace
P5,R73,NFR15,trace
P5,R73,NFR16,trace
P5,R73,NFR17,anti_trace
P5,R73,NFR18,trace
P5,R73,NFR19,trace
P5,R73,NFR20,trace
P5,R73,NFR21,trace
P5,R73,NFR22,trace
P5,R73,NFR23,trace
P5,R73,NFR24,trace
P5,R73,NFR25,trace
P5,R73,NFR26,trace
P5,R73,NFR27,trace
P5,R73,NFR28,trace
P5,R73,NFR29,anti_trace
P5,R73,NFR30,trace
P5,R73,NFR31,trace
P5,R73,NFR32,trace
P5,R73,NFR33,trace
P5,R73,NFR34,trace
P5,R73,NFR35,trace
P5,R73,NFR36,trace
P5,R73,NFR37,trace
P6,R48,NFR1,anti_trace
P6,R48,NFR2,trace
P6,R48,NFR3,anti_trace
P6,R48,NRR4,trace
P6,R48,NFR5,anti_trace
P6,R48,NFR6,trace
P6,R48,NFR7,trace
P6,R48,NFR8,trace
P6,R48,NFR9,trace
P6,R48,NFR10,trace
P6,R48,NFR11,trace
P6,R48,NFR12,trace
P6,R48,NFR13,trace
P6,R48,NFR14,trace
P6,R48,NFR15,trace
P6,R48,NFR16,trace
P6,R48,NFR17,trace
P6,R48,NFR18,trace
P6,R48,NFR19,trace
P6,R48,NFR20,trace
P6,R48,NFR21,trace
P6,R48,NFR22,trace
P6,R48,NFR23,trace
P6,R48,NFR24,trace
P6,R48,NFR25,anti_trace
P6,R48,NFR26,trace
P6,R48,NFR27,trace
P6,R48,NFR28,trace
P6,R48,NFR29,trace
P6,R48,NFR30,trace
P6,R48,NFR31,trace
P6,R48,NFR32,trace
P6,R48,NFR33,trace
P6,R48,NFR34,trace
P6,R48,NFR35,trace
P6,R48,NFR36,trace
P6,R48,NFR37,trace
P6,R48,NFR38,trace
P6,R48,NFR39,trace
P6,R48,NFR40,trace
P6,R48,NFR41,trace
P6,R48,NFR42,trace
P6,R48,NFR43,trace
P6,R48,NFR44,trace
P6,R48,NFR45,trace
P6,R48,NFR46,trace
P6,R48,NFR47,trace
P6,R49,NFR1,trace
P6,R49,NFR2,trace
P6,R49,NFR3,trace
P6,R49,NRR4,trace
P6,R49,NFR5,trace
P6,R49,NFR6,trace
P6,R49,NFR7,trace
P6,R49,NFR8,trace
P6,R49,NFR9,trace
P6,R49,NFR10,trace
P6,R49,NFR11,trace
P6,R49,NFR12,trace
P6,R49,NFR13,trace
P6,R49,NFR14,trace
P6,R49,NFR15,trace
P6,R49,NFR16,trace
P6,R49,NFR17,trace
P6,R49,NFR18,trace
P6,R49,NFR19,trace
P6,R49,NFR20,trace
P6,R49,NFR21,trace
P6,R49,NFR22,trace
P6,R49,NFR23,trace
P6,R49,NFR24,trace
P6,R49,NFR25,trace
P6,R49,NFR26,trace
P6,R49,NFR27,trace
P6,R49,NFR28,trace
P6,R49,NFR29,trace
P6,R49,NFR30,trace
P6,R49,NFR31,trace
P6,R49,NFR32,trace
P6,R49,NFR33,trace
P6,R49,NFR34,trace
P6,R49,NFR35,trace
P6,R49,NFR36,trace
P6,R49,NFR37,trace
P6,R49,NFR38,trace
P6,R49,NFR39,trace
P6,R49,NFR40,trace
P6,R49,NFR41,trace
P6,R49,NFR42,trace
P6,R49,NFR43,trace
P6,R49,NFR44,trace
P6,R49,NFR45,trace
P6,R49,NFR46,trace
P6,R49,NFR47,trace
P6,R50,NFR1,trace
P6,R50,NFR2,trace
P6,R50,NFR3,trace
P6,R50,NRR4,trace
P6,R50,NFR5,trace
P6,R50,NFR6,trace
P6,R50,NFR7,trace
P6,R50,NFR8,trace
P6,R50,NFR9,trace
P6,R50,NFR10,trace
P6,R50,NFR11,trace
P6,R50,NFR12,trace
P6,R50,NFR13,trace
P6,R50,NFR14,trace
P6,R50,NFR15,trace
P6,R50,NFR16,trace
P6,R50,NFR17,trace
P6,R50,NFR18,trace
P6,R50,NFR19,trace
P6,R50,NFR20,trace
P6,R50,NFR21,trace
P6,R50,NFR22,trace
P6,R50,NFR23,trace
P6,R50,NFR24,trace
P6,R50,NFR25,trace
P6,R50,NFR26,trace
P6,R50,NFR27,trace
P6,R50,NFR28,trace
P6,R50,NFR29,trace
P6,R50,NFR30,trace
P6,R50,NFR31,trace
P6,R50,NFR32,trace
P6,R50,NFR33,trace
P6,R50,NFR34,trace
P6,R50,NFR35,trace
P6,R50,NFR36,trace
P6,R50,NFR37,trace
P6,R50,NFR38,trace
P6,R50,NFR39,trace
P6,R50,NFR40,trace
P6,R50,NFR41,trace
P6,R50,NFR42,trace
P6,R50,NFR43,trace
P6,R50,NFR44,trace
P6,R50,NFR45,trace
P6,R50,NFR46,trace
P6,R50,NFR47,trace
P6,R51,NFR1,trace
P6,R51,NFR2,trace
P6,R51,NFR3,trace
P6,R51,NRR4,trace
P6,R51,NFR5,trace
P6,R51,NFR6,trace
P6,R51,NFR7,trace
P6,R51,NFR8,trace
P6,R51,NFR9,trace
P6,R51,NFR10,trace
P6,R51,NFR11,trace
P6,R51,NFR12,trace
P6,R51,NFR13,trace
P6,R51,NFR14,trace
P6,R51,NFR15,trace
P6,R51,NFR16,trace
P6,R51,NFR17,trace
P6,R51,NFR18,trace
P6,R51,NFR19,trace
P6,R51,NFR20,trace
P6,R51,NFR21,trace
P6,R51,NFR22,trace
P6,R51,NFR23,trace
P6,R51,NFR24,trace
P6,R51,NFR25,trace
P6,R51,NFR26,trace
P6,R51,NFR27,trace
P6,R51,NFR28,trace
P6,R51,NFR29,trace
P6,R51,NFR30,trace
P6,R51,NFR31,trace
P6,R51,NFR32,trace
P6,R51,NFR33,trace
P6,R51,NFR34,trace
P6,R51,NFR35,trace
P6,R51,NFR36,trace
P6,R51,NFR37,trace
P6,R51,NFR38,trace
P6,R51,NFR39,trace
P6,R51,NFR40,trace
P6,R51,NFR41,trace
P6,R51,NFR42,trace
P6,R51,NFR43,trace
P6,R51,NFR44,trace
P6,R51,NFR45,trace
P6,R51,NFR46,trace
P6,R51,NFR47,trace
P6,R52,NFR1,trace
P6,R52,NFR2,trace
P6,R52,NFR3,trace
P6,R52,NRR4,trace
P6,R52,NFR5,trace
P6,R52,NFR6,trace
P6,R52,NFR7,trace
P6,R52,NFR8,trace
P6,R52,NFR9,trace
P6,R52,NFR10,trace
P6,R52,NFR11,trace
P6,R52,NFR12,trace
P6,R52,NFR13,trace
P6,R52,NFR14,trace
P6,R52,NFR15,trace
P6,R52,NFR16,trace
P6,R52,NFR17,trace
P6,R52,NFR18,trace
P6,R52,NFR19,trace
P6,R52,NFR20,trace
P6,R52,NFR21,trace
P6,R52,NFR22,trace
P6,R52,NFR23,trace
P6,R52,NFR24,trace
P6,R52,NFR25,trace
P6,R52,NFR26,trace
P6,R52,NFR27,trace
P6,R52,NFR28,trace
P6,R52,NFR29,trace
P6,R52,NFR30,trace
P6,R52,NFR31,trace
P6,R52,NFR32,trace
P6,R52,NFR33,trace
P6,R52,NFR34,trace
P6,R52,NFR35,trace
P6,R52,NFR36,trace
P6,R52,NFR37,trace
P6,R52,NFR38,trace
P6,R52,NFR39,trace
P6,R52,NFR40,trace
P6,R52,NFR41,trace
P6,R52,NFR42,trace
P6,R52,NFR43,trace
P6,R52,NFR44,trace
P6,R52,NFR45,trace
P6,R52,NFR46,trace
P6,R52,NFR47,trace
P6,R53,NFR1,anti_trace
P6,R53,NFR2,trace
P6,R53,NFR3,anti_trace
P6,R53,NRR4,trace
P6,R53,NFR5,anti_trace
P6,R53,NFR6,trace
P6,R53,NFR7,trace
P6,R53,NFR8,trace
P6,R53,NFR9,trace
P6,R53,NFR10,trace
P6,R53,NFR11,trace
P6,R53,NFR12,trace
P6,R53,NFR13,trace
P6,R53,NFR14,trace
P6,R53,NFR15,trace
P6,R53,NFR16,trace
P6,R53,NFR17,trace
P6,R53,NFR18,trace
P6,R53,NFR19,trace
P6,R53,NFR20,trace
P6,R53,NFR21,trace
P6,R53,NFR22,trace
P6,R53,NFR23,trace
P6,R53,NFR24,trace
P6,R53,NFR25,anti_trace
P6,R53,NFR26,trace
P6,R53,NFR27,trace
P6,R53,NFR28,trace
P6,R53,NFR29,trace
P6,R53,NFR30,trace
P6,R53,NFR31,trace
P6,R53,NFR32,trace
P6,R53,NFR33,trace
P6,R53,NFR34,trace
P6,R53,NFR35,trace
P6,R53,NFR36,trace
P6,R53,NFR37,trace
P6,R53,NFR38,trace
P6,R53,NFR39,trace
P6,R53,NFR40,trace
P6,R53,NFR41,trace
P6,R53,NFR42,trace
P6,R53,NFR43,trace
P6,R53,NFR44,trace
P6,R53,NFR45,trace
P6,R53,NFR46,trace
P6,R53,NFR47,trace
P6,R54,NFR1,anti_trace
P6,R54,NFR2,trace
P6,R54,NFR3,anti_trace
P6,R54,NRR4,trace
P6,R54,NFR5,anti_trace
P6,R54,NFR6,trace
P6,R54,NFR7,trace
P6,R54,NFR8,trace
P6,R54,NFR9,trace
P6,R54,NFR10,trace
P6,R54,NFR11,trace
P6,R54,NFR12,trace
P6,R54,NFR13,trace
P6,R54,NFR14,trace
P6,R54,NFR15,trace
P6,R54,NFR16,trace
P6,R54,NFR17,trace
P6,R54,NFR18,trace
P6,R54,NFR19,trace
P6,R54,NFR20,trace
P6,R54,NFR21,trace
P6,R54,NFR22,trace
P6,R54,NFR23,trace
P6,R54,NFR24,trace
P6,R54,NFR25,anti_trace
P6,R54,NFR26,trace
P6,R54,NFR27,trace
P6,R54,NFR28,trace
P6,R54,NFR29,trace
P6,R54,NFR30,trace
P6,R54,NFR31,trace
P6,R54,NFR32,trace
P6,R54,NFR33,trace
P6,R54,NFR34,trace
P6,R54,NFR35,trace
P6,R54,NFR36,trace
P6,R54,NFR37,trace
P6,R54,NFR38,trace
P6,R54,NFR39,trace
P6,R54,NFR40,trace
P6,R54,NFR41,trace
P6,R54,NFR42,trace
P6,R54,NFR43,trace
P6,R54,NFR44,trace
P6,R54,NFR45,trace
P6,R54,NFR46,trace
P6,R54,NFR47,trace
P6,R55,NFR1,anti_trace
P6,R55,NFR2,trace
P6,R55,NFR3,anti_trace
P6,R55,NRR4,trace
P6,R55,NFR5,anti_trace
P6,R55,NFR6,trace
P6,R55,NFR7,trace
P6,R55,NFR8,trace
P6,R55,NFR9,trace
P6,R55,NFR10,trace
P6,R55,NFR11,trace
P6,R55,NFR12,trace
P6,R55,NFR13,trace
P6,R55,NFR14,trace
P6,R55,NFR15,trace
P6,R55,NFR16,trace
P6,R55,NFR17,trace
P6,R55,NFR18,trace
P6,R55,NFR19,trace
P6,R55,NFR20,trace
P6,R55,NFR21,trace
P6,R55,NFR22,trace
P6,R55,NFR23,trace
P6,R55,NFR24,trace
P6,R55,NFR25,anti_trace
P6,R55,NFR26,trace
P6,R55,NFR27,trace
P6,R55,NFR28,trace
P6,R55,NFR29,trace
P6,R55,NFR30,trace
P6,R55,NFR31,trace
P6,R55,NFR32,trace
P6,R55,NFR33,trace
P6,R55,NFR34,trace
P6,R55,NFR35,trace
P6,R55,NFR36,trace
P6,R55,NFR37,trace
P6,R55,NFR38,trace
P6,R55,NFR39,trace
P6,R55,NFR40,trace
P6,R55,NFR41,trace
P6,R55,NFR42,trace
P6,R55,NFR43,trace
P6,R55,NFR44,trace
P6,R55,NFR45,trace
P6,R55,NFR46,trace
P6,R55,NFR47,trace
P6,R56,NFR1,anti_trace
P6,R56,NFR2,trace
P6,R56,NFR3,anti_trace
P6,R56,NRR4,trace
P6,R56,NFR5,anti_trace
P6,R56,NFR6,trace
P6,R56,NFR7,trace
P6,R56,NFR8,trace
P6,R56,NFR9,trace
P6,R56,NFR10,trace
P6,R56,NFR11,trace
P6,R56,NFR12,trace
P6,R56,NFR13,trace
P6,R56,NFR14,trace
P6,R56,NFR15,trace
P6,R56,NFR16,trace
P6,R56,NFR17,trace
P6,R56,NFR18,trace
P6,R56,NFR19,trace
P6,R56,NFR20,trace
P6,R56,NFR21,trace
P6,R56,NFR22,trace
P6,R56,NFR23,trace
P6,R56,NFR24,trace
P6,R56,NFR25,anti_trace
P6,R56,NFR26,trace
P6,R56,NFR27,trace
P6,R56,NFR28,trace
P6,R56,NFR29,trace
P6,R56,NFR30,trace
P6,R56,NFR31,trace
P6,R56,NFR32,trace
P6,R56,NFR33,trace
P6,R56,NFR34,trace
P6,R56,NFR35,trace
P6,R56,NFR36,trace
P6,R56,NFR37,trace
P6,R56,NFR38,trace
P6,R56,NFR39,trace
P6,R56,NFR40,trace
P6,R56,NFR41,trace
P6,R56,NFR42,trace
P6,R56,NFR43,trace
P6,R56,NFR44,trace
P6,R56,NFR45,trace
P6,R56,NFR46,trace
P6,R56,NFR47,trace
P6,R57,NFR1,anti_trace
P6,R57,NFR2,trace
P6,R57,NFR3,anti_trace
P6,R57,NRR4,trace
P6,R57,NFR5,anti_trace
P6,R57,NFR6,trace
P6,R57,NFR7,trace
P6,R57,NFR8,trace
P6,R57,NFR9,trace
P6,R57,NFR10,trace
P6,R57,NFR11,trace
P6,R57,NFR12,trace
P6,R57,NFR13,trace
P6,R57,NFR14,trace
P6,R57,NFR15,trace
P6,R57,NFR16,trace
P6,R57,NFR17,trace
P6,R57,NFR18,trace
P6,R57,NFR19,trace
P6,R57,NFR20,trace
P6,R57,NFR21,trace
P6,R57,NFR22,trace
P6,R57,NFR23,trace
P6,R57,NFR24,trace
P6,R57,NFR25,anti_trace
P6,R57,NFR26,trace
P6,R57,NFR27,trace
P6,R57,NFR28,trace
P6,R57,NFR29,trace
P6,R57,NFR30,trace
P6,R57,NFR31,trace
P6,R57,NFR32,trace
P6,R57,NFR33,trace
P6,R57,NFR34,trace
P6,R57,NFR35,trace
P6,R57,NFR36,trace
P6,R57,NFR37,trace
P6,R57,NFR38,trace
P6,R57,NFR39,trace
P6,R57,NFR40,trace
P6,R57,NFR41,trace
P6,R57,NFR42,trace
P6,R57,NFR43,trace
P6,R57,NFR44,trace
P6,R57,NFR45,trace
P6,R57,NFR46,trace
P6,R57,NFR47,trace
P6,R58,NFR1,anti_trace
P6,R58,NFR2,trace
P6,R58,NFR3,anti_trace
P6,R58,NRR4,trace
P6,R58,NFR5,anti_trace
P6,R58,NFR6,trace
P6,R58,NFR7,trace
P6,R58,NFR8,trace
P6,R58,NFR9,trace
P6,R58,NFR10,trace
P6,R58,NFR11,trace
P6,R58,NFR12,trace
P6,R58,NFR13,trace
P6,R58,NFR14,trace
P6,R58,NFR15,trace
P6,R58,NFR16,trace
P6,R58,NFR17,trace
P6,R58,NFR18,trace
P6,R58,NFR19,trace
P6,R58,NFR20,trace
P6,R58,NFR21,trace
P6,R58,NFR22,trace
P6,R58,NFR23,trace
P6,R58,NFR24,trace
P6,R58,NFR25,anti_trace
P6,R58,NFR26,trace
P6,R58,NFR27,trace
P6,R58,NFR28,trace
P6,R58,NFR29,trace
P6,R58,NFR30,trace
P6,R58,NFR31,trace
P6,R58,NFR32,trace
P6,R58,NFR33,trace
P6,R58,NFR34,trace
P6,R58,NFR35,trace
P6,R58,NFR36,trace
P6,R58,NFR37,trace
P6,R58,NFR38,trace
P6,R58,NFR39,trace
P6,R58,NFR40,trace
P6,R58,NFR41,trace
P6,R58,NFR42,trace
P6,R58,NFR43,trace
P6,R58,NFR44,trace
P6,R58,NFR45,trace
P6,R58,NFR46,trace
P6,R58,NFR47,trace
P6,R59,NFR1,trace
P6,R59,NFR2,trace
P6,R59,NFR3,trace
P6,R59,NRR4,trace
P6,R59,NFR5,trace
P6,R59,NFR6,trace
P6,R59,NFR7,trace
P6,R59,NFR8,trace
P6,R59,NFR9,trace
P6,R59,NFR10,trace
P6,R59,NFR11,trace
P6,R59,NFR12,trace
P6,R59,NFR13,trace
P6,R59,NFR14,trace
P6,R59,NFR15,trace
P6,R59,NFR16,trace
P6,R59,NFR17,trace
P6,R59,NFR18,trace
P6,R59,NFR19,trace
P6,R59,NFR20,trace
P6,R59,NFR21,trace
P6,R59,NFR22,trace
P6,R59,NFR23,trace
P6,R59,NFR24,trace
P6,R59,NFR25,trace
P6,R59,NFR26,trace
P6,R59,NFR27,trace
P6,R59,NFR28,trace
P6,R59,NFR29,trace
P6,R59,NFR30,trace
P6,R59,NFR31,trace
P6,R59,NFR32,trace
P6,R59,NFR33,trace
P6,R59,NFR34,trace
P6,R59,NFR35,trace
P6,R59,NFR36,trace
P6,R59,NFR37,trace
P6,R59,NFR38,trace
P6,R59,NFR39,trace
P6,R59,NFR40,trace
P6,R59,NFR41,trace
P6,R59,NFR42,trace
P6,R59,NFR43,trace
P6,R59,NFR44,trace
P6,R59,NFR45,trace
P6,R59,NFR46,trace
P6,R59,NFR47,trace
P6,R60,NFR1,trace
P6,R60,NFR2,trace
P6,R60,NFR3,trace
P6,R60,NRR4,trace
P6,R60,NFR5,trace
P6,R60,NFR6,trace
P6,R60,NFR7,trace
P6,R60,NFR8,trace
P6,R60,NFR9,anti_trace
P6,R60,NFR10,trace
P6,R60,NFR11,trace
P6,R60,NFR12,trace
P6,R60,NFR13,trace
P6,R60,NFR14,trace
P6,R60,NFR15,trace
P6,R60,NFR16,trace
P6,R60,NFR17,trace
P6,R60,NFR18,trace
P6,R60,NFR19,trace
P6,R60,NFR20,trace
P6,R60,NFR21,trace
P6,R60,NFR22,trace
P6,R60,NFR23,trace
P6,R60,NFR24,trace
P6,R60,NFR25,trace
P6,R60,NFR26,trace
P6,R60,NFR27,trace
P6,R60,NFR28,trace
P6,R60,NFR29,trace
P6,R60,NFR30,trace
P6,R60,NFR31,trace
P6,R60,NFR32,trace
P6,R60,NFR33,trace
P6,R60,NFR34,trace
P6,R60,NFR35,trace
P6,R60,NFR36,trace
P6,R60,NFR37,trace
P6,R60,NFR38,trace
P6,R60,NFR39,trace
P6,R60,NFR40,trace
P6,R60,NFR41,anti_trace
P6,R60,NFR42,trace
P6,R60,NFR43,trace
P6,R60,NFR44,trace
P6,R60,NFR45,trace
P6,R60,NFR46,trace
P6,R60,NFR47,trace
P6,R61,NFR1,anti_trace
P6,R61,NFR2,trace
P6,R61,NFR3,anti_trace
P6,R61,NRR4,trace
P6,R61,NFR5,anti_trace
P6,R61,NFR6,trace
P6,R61,NFR7,trace
P6,R61,NFR8,trace
P6,R61,NFR9,trace
P6,R61,NFR10,trace
P6,R61,NFR11,trace
P6,R61,NFR12,trace
P6,R61,NFR13,trace
P6,R61,NFR14,trace
P6,R61,NFR15,trace
P6,R61,NFR16,trace
P6,R61,NFR17,trace
P6,R61,NFR18,trace
P6,R61,NFR19,trace
P6,R61,NFR20,trace
P6,R61,NFR21,trace
P6,R61,NFR22,trace
P6,R61,NFR23,trace
P6,R61,NFR24,trace
P6,R61,NFR25,anti_trace
P6,R61,NFR26,trace
P6,R61,NFR27,trace
P6,R61,NFR28,trace
P6,R61,NFR29,trace
P6,R61,NFR30,trace
P6,R61,NFR31,trace
P6,R61,NFR32,trace
P6,R61,NFR33,trace
P6,R61,NFR34,trace
P6,R61,NFR35,trace
P6,R61,NFR36,trace
P6,R61,NFR37,trace
P6,R61,NFR38,trace
P6,R61,NFR39,trace
P6,R61,NFR40,trace
P6,R61,NFR41,trace
P6,R61,NFR42,trace
P6,R61,NFR43,trace
P6,R61,NFR44,trace
P6,R61,NFR45,trace
P6,R61,NFR46,trace
P6,R61,NFR47,trace
P6,R62,NFR1,trace
P6,R62,NFR2,trace
P6,R62,NFR3,trace
P6,R62,NRR4,trace
P6,R62,NFR5,trace
P6,R62,NFR6,trace
P6,R62,NFR7,trace
P6,R62,NFR8,trace
P6,R62,NFR9,trace
P6,R62,NFR10,trace
P6,R62,NFR11,trace
P6,R62,NFR12,trace
P6,R62,NFR13,trace
P6,R62,NFR14,trace
P6,R62,NFR15,anti_trace
P6,R62,NFR16,trace
P6,R62,NFR17,trace
P6,R62,NFR18,trace
P6,R62,NFR19,trace
P6,R62,NFR20,trace
P6,R62,NFR21,trace
P6,R62,NFR22,trace
P6,R62,NFR23,trace
P6,R62,NFR24,trace
P6,R62,NFR25,trace
P6,R62,NFR26,trace
P6,R62,NFR27,trace
P6,R62,NFR28,trace
P6,R62,NFR29,trace
P6,R62,NFR30,trace
P6,R62,NFR31,anti_trace
P6,R62,NFR32,trace
P6,R62,NFR33,trace
P6,R62,NFR34,trace
P6,R62,NFR35,trace
P6,R62,NFR36,trace
P6,R62,NFR37,trace
P6,R62,NFR38,trace
P6,R62,NFR39,trace
P6,R62,NFR40,trace
P6,R62,NFR41,trace
P6,R62,NFR42,trace
P6,R62,NFR43,trace
P6,R62,NFR44,trace
P6,R62,NFR45,trace
P6,R62,NFR46,trace
P6,R62,NFR47,trace
P6,R63,NFR1,anti_trace
P6,R63,NFR2,trace
P6,R63,NFR3,anti_trace
P6,R63,NRR4,trace
P6,R63,NFR5,anti_trace
P6,R63,NFR6,trace
P6,R63,NFR7,trace
P6,R63,NFR8,trace
P6,R63,NFR9,trace
P6,R63,NFR10,trace
P6,R63,NFR11,trace
P6,R63,NFR12,trace
P6,R63,NFR13,trace
P6,R63,NFR14,trace
P6,R63,NFR15,trace
P6,R63,NFR16,trace
P6,R63,NFR17,trace
P6,R63,NFR18,trace
P6,R63,NFR19,trace
P6,R63,NFR20,trace
P6,R63,NFR21,trace
P6,R63,NFR22,trace
P6,R63,NFR23,trace
P6,R63,NFR24,trace
P6,R63,NFR25,anti_trace
P6,R63,NFR26,trace
P6,R63,NFR27,trace
P6,R63,NFR28,trace
P6,R63,NFR29,trace
P6,R63,NFR30,trace
P6,R63,NFR31,trace
P6,R63,NFR32,trace
P6,R63,NFR33,trace
P6,R63,NFR34,trace
P6,R63,NFR35,trace
P6,R63,NFR36,trace
P6,R63,NFR37,trace
P6,R63,NFR38,trace
P6,R63,NFR39,trace
P6,R63,NFR40,trace
P6,R63,NFR41,trace
P6,R63,NFR42,trace
P6,R63,NFR43,trace
P6,R63,NFR44,trace
P6,R63,NFR45,trace
P6,R63,NFR46,trace
P6,R63,NFR47,trace
P6,R64,NFR1,trace
P6,R64,NFR2,trace
P6,R64,NFR3,trace
P6,R64,NRR4,trace
P6,R64,NFR5,trace
P6,R64,NFR6,trace
P6,R64,NFR7,trace
P6,R64,NFR8,trace
P6,R64,NFR9,trace
P6,R64,NFR10,trace
P6,R64,NFR11,trace
P6,R64,NFR12,trace
P6,R64,NFR13,trace
P6,R64,NFR14,trace
P6,R64,NFR15,trace
P6,R64,NFR16,trace
P6,R64,NFR17,trace
P6,R64,NFR18,trace
P6,R64,NFR19,trace
P6,R64,NFR20,trace
P6,R64,NFR21,trace
P6,R64,NFR22,trace
P6,R64,NFR23,trace
P6,R64,NFR24,trace
P6,R64,NFR25,trace
P6,R64,NFR26,anti_trace
P6,R64,NFR27,trace
P6,R64,NFR28,trace
P6,R64,NFR29,trace
P6,R64,NFR30,trace
P6,R64,NFR31,trace
P6,R64,NFR32,trace
P6,R64,NFR33,trace
P6,R64,NFR34,trace
P6,R64,NFR35,trace
P6,R64,NFR36,trace
P6,R64,NFR37,trace
P6,R64,NFR38,trace
P6,R64,NFR39,trace
P6,R64,NFR40,trace
P6,R64,NFR41,trace
P6,R64,NFR42,trace
P6,R64,NFR43,trace
P6,R64,NFR44,trace
P6,R64,NFR45,trace
P6,R64,NFR46,trace
P6,R64,NFR47,trace
P6,R65,NFR1,trace
P6,R65,NFR2,trace
P6,R65,NFR3,trace
P6,R65,NRR4,trace
P6,R65,NFR5,trace
P6,R65,NFR6,trace
P6,R65,NFR7,trace
P6,R65,NFR8,trace
P6,R65,NFR9,trace
P6,R65,NFR10,trace
P6,R65,NFR11,trace
P6,R65,NFR12,trace
P6,R65,NFR13,trace
P6,R65,NFR14,trace
P6,R65,NFR15,trace
P6,R65,NFR16,trace
P6,R65,NFR17,trace
P6,R65,NFR18,trace
P6,R65,NFR19,trace
P6,R65,NFR20,trace
P6,R65,NFR21,trace
P6,R65,NFR22,trace
P6,R65,NFR23,trace
P6,R65,NFR24,trace
P6,R65,NFR25,trace
P6,R65,NFR26,trace
P6,R65,NFR27,trace
P6,R65,NFR28,trace
P6,R65,NFR29,trace
P6,R65,NFR30,trace
P6,R65,NFR31,trace
P6,R65,NFR32,trace
P6,R65,NFR33,trace
P6,R65,NFR34,trace
P6,R65,NFR35,trace
P6,R65,NFR36,trace
P6,R65,NFR37,trace
P6,R65,NFR38,trace
P6,R65,NFR39,trace
P6,R65,NFR40,trace
P6,R65,NFR41,trace
P6,R65,NFR42,trace
P6,R65,NFR43,trace
P6,R65,NFR44,trace
P6,R65,NFR45,trace
P6,R65,NFR46,trace
P6,R65,NFR47,trace
P6,R66,NFR1,trace
P6,R66,NFR2,trace
P6,R66,NFR3,trace
P6,R66,NRR4,trace
P6,R66,NFR5,trace
P6,R66,NFR6,trace
P6,R66,NFR7,trace
P6,R66,NFR8,trace
P6,R66,NFR9,trace
P6,R66,NFR10,trace
P6,R66,NFR11,trace
P6,R66,NFR12,trace
P6,R66,NFR13,trace
P6,R66,NFR14,trace
P6,R66,NFR15,trace
P6,R66,NFR16,trace
P6,R66,NFR17,trace
P6,R66,NFR18,trace
P6,R66,NFR19,trace
P6,R66,NFR20,trace
P6,R66,NFR21,trace
P6,R66,NFR22,trace
P6,R66,NFR23,trace
P6,R66,NFR24,trace
P6,R66,NFR25,trace
P6,R66,NFR26,trace
P6,R66,NFR27,trace
P6,R66,NFR28,trace
P6,R66,NFR29,trace
P6,R66,NFR30,trace
P6,R66,NFR31,trace
P6,R66,NFR32,trace
P6,R66,NFR33,trace
P6,R66,NFR34,trace
P6,R66,NFR35,trace
P6,R66,NFR36,trace
P6,R66,NFR37,trace
P6,R66,NFR38,trace
P6,R66,NFR39,trace
P6,R66,NFR40,trace
P6,R66,NFR41,trace
P6,R66,NFR42,trace
P6,R66,NFR43,trace
P6,R66,NFR44,trace
P6,R66,NFR45,trace
P6,R66,NFR46,trace
P6,R66,NFR47,trace
P6,R67,NFR1,anti_trace
P6,R67,NFR2,trace
P6,R67,NFR3,anti_trace
P6,R67,NRR4,trace
P6,R67,NFR5,anti_trace
P6,R67,NFR6,trace
P6,R67,NFR7,trace
P6,R67,NFR8,trace
P6,R67,NFR9,trace
P6,R67,NFR10,trace
P6,R67,NFR11,trace
P6,R67,NFR12,trace
P6,R67,NFR13,trace
P6,R67,NFR14,trace
P6,R67,NFR15,trace
P6,R67,NFR16,trace
P6,R67,NFR17,trace
P6,R67,NFR18,trace
P6,R67,NFR19,trace
P6,R67,NFR20,trace
P6,R67,NFR21,trace
P6,R67,NFR22,trace
P6,R67,NFR23,trace
P6,R67,NFR24,trace
P6,R67,NFR25,anti_trace
P6,R67,NFR26,trace
P6,R67,NFR27,trace
P6,R67,NFR28,trace
P6,R67,NFR29,trace
P6,R67,NFR30,trace
P6,R67,NFR31,trace
P6,R67,NFR32,trace
P6,R67,NFR33,trace
P6,R67,NFR34,trace
P6,R67,NFR35,trace
P6,R67,NFR36,trace
P6,R67,NFR37,trace
P6,R67,NFR38,trace
P6,R67,NFR39,trace
P6,R67,NFR40,trace
P6,R67,NFR41,trace
P6,R67,NFR42,trace
P6,R67,NFR43,trace
P6,R67,NFR44,trace
P6,R67,NFR45,trace
P6,R67,NFR46,trace
P6,R67,NFR47,trace
P6,R68,NFR1,anti_trace
P6,R68,NFR2,trace
P6,R68,NFR3,anti_trace
P6,R68,NRR4,trace
P6,R68,NFR5,anti_trace
P6,R68,NFR6,trace
P6,R68,NFR7,trace
P6,R68,NFR8,trace
P6,R68,NFR9,trace
P6,R68,NFR10,trace
P6,R68,NFR11,trace
P6,R68,NFR12,trace
P6,R68,NFR13,trace
P6,R68,NFR14,trace
P6,R68,NFR15,trace
P6,R68,NFR16,trace
P6,R68,NFR17,trace
P6,R68,NFR18,trace
P6,R68,NFR19,trace
P6,R68,NFR20,trace
P6,R68,NFR21,trace
P6,R68,NFR22,trace
P6,R68,NFR23,trace
P6,R68,NFR24,trace
P6,R68,NFR25,anti_trace
P6,R68,NFR26,trace
P6,R68,NFR27,trace
P6,R68,NFR28,trace
P6,R68,NFR29,trace
P6,R68,NFR30,trace
P6,R68,NFR31,trace
P6,R68,NFR32,trace
P6,R68,NFR33,trace
P6,R68,NFR34,trace
P6,R68,NFR35,trace
P6,R68,NFR36,trace
P6,R68,NFR37,trace
P6,R68,NFR38,trace
P6,R68,NFR39,trace
P6,R68,NFR40,trace
P6,R68,NFR41,trace
P6,R68,NFR42,trace
P6,R68,NFR43,trace
P6,R68,NFR44,trace
P6,R68,NFR45,trace
P6,R68,NFR46,trace
P6,R68,NFR47,trace
P6,R69,NFR1,trace
P6,R69,NFR2,trace
P6,R69,NFR3,trace
P6,R69,NRR4,trace
P6,R69,NFR5,trace
P6,R69,NFR6,trace
P6,R69,NFR7,trace
P6,R69,NFR8,trace
P6,R69,NFR9,trace
P6,R69,NFR10,trace
P6,R69,NFR11,trace
P6,R69,NFR12,trace
P6,R69,NFR13,trace
P6,R69,NFR14,trace
P6,R69,NFR15,trace
P6,R69,NFR16,trace
P6,R69,NFR17,trace
P6,R69,NFR18,trace
P6,R69,NFR19,trace
P6,R69,NFR20,trace
P6,R69,NFR21,trace
P6,R69,NFR22,trace
P6,R69,NFR23,trace
P6,R69,NFR24,trace
P6,R69,NFR25,trace
P6,R69,NFR26,trace
P6,R69,NFR27,trace
P6,R69,NFR28,trace
P6,R69,NFR29,trace
P6,R69,NFR30,trace
P6,R69,NFR31,trace
P6,R69,NFR32,trace
P6,R69,NFR33,trace
P6,R69,NFR34,trace
P6,R69,NFR35,trace
P6,R69,NFR36,trace
P6,R69,NFR37,trace
P6,R69,NFR38,trace
P6,R69,NFR39,trace
P6,R69,NFR40,trace
P6,R69,NFR41,trace
P6,R69,NFR42,trace
P6,R69,NFR43,trace
P6,R69,NFR44,trace
P6,R69,NFR45,trace
P6,R69,NFR46,trace
P6,R69,NFR47,trace
P6,R70,NFR1,anti_trace
P6,R70,NFR2,trace
P6,R70,NFR3,anti_trace
P6,R70,NRR4,trace
P6,R70,NFR5,anti_trace
P6,R70,NFR6,trace
P6,R70,NFR7,trace
P6,R70,NFR8,trace
P6,R70,NFR9,trace
P6,R70,NFR10,trace
P6,R70,NFR11,trace
P6,R70,NFR12,anti_trace
P6,R70,NFR13,trace
P6,R70,NFR14,trace
P6,R70,NFR15,trace
P6,R70,NFR16,trace
P6,R70,NFR17,trace
P6,R70,NFR18,trace
P6,R70,NFR19,trace
P6,R70,NFR20,trace
P6,R70,NFR21,trace
P6,R70,NFR22,trace
P6,R70,NFR23,trace
P6,R70,NFR24,trace
P6,R70,NFR25,anti_trace
P6,R70,NFR26,trace
P6,R70,NFR27,trace
P6,R70,NFR28,trace
P6,R70,NFR29,trace
P6,R70,NFR30,trace
P6,R70,NFR31,trace
P6,R70,NFR32,trace
P6,R70,NFR33,trace
P6,R70,NFR34,trace
P6,R70,NFR35,trace
P6,R70,NFR36,trace
P6,R70,NFR37,trace
P6,R70,NFR38,trace
P6,R70,NFR39,trace
P6,R70,NFR40,trace
P6,R70,NFR41,trace
P6,R70,NFR42,trace
P6,R70,NFR43,trace
P6,R70,NFR44,trace
P6,R70,NFR45,trace
P6,R70,NFR46,trace
P6,R70,NFR47,trace
P6,R71,NFR1,trace
P6,R71,NFR2,trace
P6,R71,NFR3,trace
P6,R71,NRR4,trace
P6,R71,NFR5,trace
P6,R71,NFR6,trace
P6,R71,NFR7,trace
P6,R71,NFR8,trace
P6,R71,NFR9,trace
P6,R71,NFR10,trace
P6,R71,NFR11,trace
P6,R71,NFR12,trace
P6,R71,NFR13,trace
P6,R71,NFR14,trace
P6,R71,NFR15,trace
P6,R71,NFR16,trace
P6,R71,NFR17,trace
P6,R71,NFR18,trace
P6,R71,NFR19,trace
P6,R71,NFR20,trace
P6,R71,NFR21,trace
P6,R71,NFR22,trace
P6,R71,NFR23,trace
P6,R71,NFR24,trace
P6,R71,NFR25,trace
P6,R71,NFR26,anti_trace
P6,R71,NFR27,trace
P6,R71,NFR28,trace
P6,R71,NFR29,trace
P6,R71,NFR30,trace
P6,R71,NFR31,trace
P6,R71,NFR32,trace
P6,R71,NFR33,trace
P6,R71,NFR34,trace
P6,R71,NFR35,trace
P6,R71,NFR36,trace
P6,R71,NFR37,trace
P6,R71,NFR38,trace
P6,R71,NFR39,trace
P6,R71,NFR40,trace
P6,R71,NFR41,trace
P6,R71,NFR42,trace
P6,R71,NFR43,trace
P6,R71,NFR44,trace
P6,R71,NFR45,trace
P6,R71,NFR46,trace
P6,R71,NFR47,trace
P6,R72,NFR1,trace
P6,R72,NFR2,trace
P6,R72,NFR3,trace
P6,R72,NRR4,trace
P6,R72,NFR5,trace
P6,R72,NFR6,trace
P6,R72,NFR7,trace
P6,R72,NFR8,trace
P6,R72,NFR9,trace
P6,R72,NFR10,trace
P6,R72,NFR11,trace
P6,R72,NFR12,anti_trace
P6,R72,NFR13,trace
P6,R72,NFR14,trace
P6,R72,NFR15,trace
P6,R72,NFR16,trace
P6,R72,NFR17,trace
P6,R72,NFR18,trace
P6,R72,NFR19,trace
P6,R72,NFR20,trace
P6,R72,NFR21,trace
P6,R72,NFR22,trace
P6,R72,NFR23,trace
P6,R72,NFR24,trace
P6,R72,NFR25,trace
P6,R72,NFR26,trace
P6,R72,NFR27,trace
P6,R72,NFR28,trace
P6,R72,NFR29,trace
P6,R72,NFR30,trace
P6,R72,NFR31,trace
P6,R72,NFR32,trace
P6,R72,NFR33,trace
P6,R72,NFR34,trace
P6,R72,NFR35,trace
P6,R72,NFR36,trace
P6,R72,NFR37,trace
P6,R72,NFR38,trace
P6,R72,NFR39,trace
P6,R72,NFR40,trace
P6,R72,NFR41,trace
P6,R72,NFR42,trace
P6,R72,NFR43,trace
P6,R72,NFR44,trace
P6,R72,NFR45,trace
P6,R72,NFR46,trace
P6,R72,NFR47,trace
P6,R73,NFR1,trace
P6,R73,NFR2,trace
P6,R73,NFR3,trace
P6,R73,NRR4,trace
P6,R73,NFR5,trace
P6,R73,NFR6,trace
P6,R73,NFR7,trace
P6,R73,NFR8,trace
P6,R73,NFR9,trace
P6,R73,NFR10,trace
P6,R73,NFR11,trace
P6,R73,NFR12,anti_trace
P6,R73,NFR13,trace
P6,R73,NFR14,trace
P6,R73,NFR15,trace
P6,R73,NFR16,trace
P6,R73,NFR17,trace
P6,R73,NFR18,trace
P6,R73,NFR19,trace
P6,R73,NFR20,trace
P6,R73,NFR21,trace
P6,R73,NFR22,trace
P6,R73,NFR23,trace
P6,R73,NFR24,trace
P6,R73,NFR25,trace
P6,R73,NFR26,trace
P6,R73,NFR27,trace
P6,R73,NFR28,trace
P6,R73,NFR29,trace
P6,R73,NFR30,trace
P6,R73,NFR31,trace
P6,R73,NFR32,trace
P6,R73,NFR33,trace
P6,R73,NFR34,trace
P6,R73,NFR35,trace
P6,R73,NFR36,trace
P6,R73,NFR37,trace
P6,R73,NFR38,trace
P6,R73,NFR39,trace
P6,R73,NFR40,trace
P6,R73,NFR41,trace
P6,R73,NFR42,trace
P6,R73,NFR43,trace
P6,R73,NFR44,trace
P6,R73,NFR45,trace
P6,R73,NFR46,trace
P6,R73,NFR47,trace
P6,R74,NFR1,trace
P6,R74,NFR2,trace
P6,R74,NFR3,trace
P6,R74,NRR4,trace
P6,R74,NFR5,trace
P6,R74,NFR6,trace
P6,R74,NFR7,trace
P6,R74,NFR8,trace
P6,R74,NFR9,anti_trace
P6,R74,NFR10,trace
P6,R74,NFR11,trace
P6,R74,NFR12,trace
P6,R74,NFR13,trace
P6,R74,NFR14,trace
P6,R74,NFR15,anti_trace
P6,R74,NFR16,trace
P6,R74,NFR17,trace
P6,R74,NFR18,trace
P6,R74,NFR19,trace
P6,R74,NFR20,trace
P6,R74,NFR21,trace
P6,R74,NFR22,trace
P6,R74,NFR23,trace
P6,R74,NFR24,trace
P6,R74,NFR25,trace
P6,R74,NFR26,trace
P6,R74,NFR27,trace
P6,R74,NFR28,trace
P6,R74,NFR29,trace
P6,R74,NFR30,trace
P6,R74,NFR31,trace
P6,R74,NFR32,trace
P6,R74,NFR33,trace
P6,R74,NFR34,trace
P6,R74,NFR35,trace
P6,R74,NFR36,trace
P6,R74,NFR37,trace
P6,R74,NFR38,trace
P6,R74,NFR39,trace
P6,R74,NFR40,trace
P6,R74,NFR41,trace
P6,R74,NFR42,trace
P6,R74,NFR43,trace
P6,R74,NFR44,trace
P6,R74,NFR45,trace
P6,R74,NFR46,trace
P6,R74,NFR47,trace
P7,R9,NFR1,anti_trace
P7,R9,NFR2,trace
P7,R9,NFR3,trace
P7,R9,NFR4,trace
P7,R9,NFR5,anti_trace
P7,R9,NFR6,trace
P7,R9,NFR7,trace
P7,R9,NFR8,anti_trace
P7,R10,NFR1,anti_trace
P7,R10,NFR2,trace
P7,R10,NFR3,trace
P7,R10,NFR4,trace
P7,R10,NFR5,anti_trace
P7,R10,NFR6,trace
P7,R10,NFR7,trace
P7,R10,NFR8,anti_trace
P7,R11,NFR1,anti_trace
P7,R11,NFR2,trace
P7,R11,NFR3,trace
P7,R11,NFR4,trace
P7,R11,NFR5,anti_trace
P7,R11,NFR6,trace
P7,R11,NFR7,trace
P7,R11,NFR8,anti_trace
P7,R12,NFR1,trace
P7,R12,NFR2,anti_trace
P7,R12,NFR3,trace
P7,R12,NFR4,anti_trace
P7,R12,NFR5,anti_trace
P7,R12,NFR6,trace
P7,R12,NFR7,anti_trace
P7,R12,NFR8,anti_trace
P7,R13,NFR1,trace
P7,R13,NFR2,trace
P7,R13,NFR3,trace
P7,R13,NFR4,trace
P7,R13,NFR5,trace
P7,R13,NFR6,trace
P7,R13,NFR7,trace
P7,R13,NFR8,trace
P7,R14,NFR1,trace
P7,R14,NFR2,trace
P7,R14,NFR3,trace
P7,R14,NFR4,trace
P7,R14,NFR5,trace
P7,R14,NFR6,trace
P7,R14,NFR7,trace
P7,R14,NFR8,trace
P7,R15,NFR1,trace
P7,R15,NFR2,trace
P7,R15,NFR3,trace
P7,R15,NFR4,anti_trace
P7,R15,NFR5,trace
P7,R15,NFR6,trace
P7,R15,NFR7,trace
P7,R15,NFR8,anti_trace
P7,R16,NFR1,trace
P7,R16,NFR2,trace
P7,R16,NFR3,trace
P7,R16,NFR4,trace
P7,R16,NFR5,trace
P7,R16,NFR6,trace
P7,R16,NFR7,trace
P7,R16,NFR8,trace
P7,R17,NFR1,trace
P7,R17,NFR2,anti_trace
P7,R17,NFR3,trace
P7,R17,NFR4,anti_trace
P7,R17,NFR5,anti_trace
P7,R17,NFR6,trace
P7,R17,NFR7,anti_trace
P7,R17,NFR8,trace
P7,R18,NFR1,trace
P7,R18,NFR2,trace
P7,R18,NFR3,trace
P7,R18,NFR4,trace
P7,R18,NFR5,trace
P7,R18,NFR6,trace
P7,R18,NFR7,trace
P7,R18,NFR8,trace
P7,R19,NFR1,trace
P7,R19,NFR2,trace
P7,R19,NFR3,trace
P7,R19,NFR4,trace
P7,R19,NFR5,trace
P7,R19,NFR6,anti_trace
P7,R19,NFR7,anti_trace
P7,R19,NFR8,trace
P7,R20,NFR1,trace
P7,R20,NFR2,trace
P7,R20,NFR3,trace
P7,R20,NFR4,trace
P7,R20,NFR5,trace
P7,R20,NFR6,trace
P7,R20,NFR7,trace
P7,R20,NFR8,trace
P7,R21,NFR1,trace
P7,R21,NFR2,trace
P7,R21,NFR3,anti_trace
P7,R21,NFR4,trace
P7,R21,NFR5,trace
P7,R21,NFR6,trace
P7,R21,NFR7,anti_trace
P7,R21,NFR8,trace
P7,R22,NFR1,trace
P7,R22,NFR2,trace
P7,R22,NFR3,trace
P7,R22,NFR4,anti_trace
P7,R22,NFR5,trace
P7,R22,NFR6,trace
P7,R22,NFR7,trace
P7,R22,NFR8,anti_trace
P7,R23,NFR1,trace
P7,R23,NFR2,trace
P7,R23,NFR3,trace
P7,R23,NFR4,anti_trace
P7,R23,NFR5,trace
P7,R23,NFR6,trace
P7,R23,NFR7,trace
P7,R23,NFR8,trace
P8,R74,NFR1,trace
P8,R74,NFR2,trace
P8,R74,NFR3,trace
P8,R74,NFR4,trace
P8,R74,NFR5,anti_trace
P8,R74,NFR6,trace
P8,R74,NFR7,trace
P8,R74,NFR8,trace
P8,R74,NFR9,trace
P8,R74,NFR10,trace
P8,R74,NFR11,trace
P8,R74,NFR12,trace
P8,R74,NFR13,trace
P8,R74,NFR14,trace
P8,R74,NFR15,trace
P8,R74,NFR16,trace
P8,R74,NFR17,trace
P8,R74,NFR18,trace
P8,R74,NFR19,trace
P8,R74,NFR20,trace
P8,R74,NFR21,trace
P8,R74,NFR22,trace
P8,R74,NFR23,trace
P8,R74,NFR24,anti_trace
P8,R74,NFR25,trace
P8,R74,NFR26,trace
P8,R74,NFR27,trace
P8,R74,NFR28,trace
P8,R74,NFR29,trace
P8,R74,NFR30,trace
P8,R74,NFR31,trace
P8,R74,NFR32,trace
P8,R74,NFR33,trace
P8,R74,NFR34,trace
P8,R74,NFR35,trace
P8,R74,NFR36,trace
P8,R74,NFR37,trace
P8,R74,NFR38,trace
P8,R74,NFR39,trace
P8,R74,NFR40,trace
P8,R74,NFR41,trace
P8,R74,NFR42,trace
P8,R74,NFR43,trace
P8,R74,NFR44,trace
P8,R74,NFR45,trace
P8,R74,NFR46,trace
P8,R74,NFR47,trace
P8,R74,NFR48,trace
P8,R74,NFR49,trace
P8,R74,NFR50,trace
P8,R74,NFR51,trace
P8,R74,NFR52,trace
P8,R74,NFR53,trace
P8,R74,NFR54,trace
P8,R74,NFR55,trace
P8,R74,NFR56,trace
P8,R74,NFR57,trace
P8,R74,NFR58,trace
P8,R74,NFR59,trace
P8,R74,NFR60,trace
P8,R74,NFR61,trace
P8,R74,NFR62,trace
P8,R74,NFR63,trace
P8,R74,NFR64,trace
P8,R74,NFR65,trace
P8,R74,NFR66,trace
P8,R74,NFR67,trace
P8,R74,NFR68,trace
P8,R74,NFR69,trace
P8,R74,NFR70,trace
P8,R74,NFR71,trace
P8,R74,NFR72,trace
P8,R74,NFR73,trace
P8,R75,NFR1,trace
P8,R75,NFR2,trace
P8,R75,NFR3,trace
P8,R75,NFR4,trace
P8,R75,NFR5,trace
P8,R75,NFR6,trace
P8,R75,NFR7,trace
P8,R75,NFR8,trace
P8,R75,NFR9,trace
P8,R75,NFR10,trace
P8,R75,NFR11,trace
P8,R75,NFR12,trace
P8,R75,NFR13,trace
P8,R75,NFR14,trace
P8,R75,NFR15,trace
P8,R75,NFR16,trace
P8,R75,NFR17,trace
P8,R75,NFR18,trace
P8,R75,NFR19,trace
P8,R75,NFR20,trace
P8,R75,NFR21,trace
P8,R75,NFR22,trace
P8,R75,NFR23,trace
P8,R75,NFR24,anti_trace
P8,R75,NFR25,trace
P8,R75,NFR26,trace
P8,R75,NFR27,trace
P8,R75,NFR28,trace
P8,R75,NFR29,trace
P8,R75,NFR30,trace
P8,R75,NFR31,trace
P8,R75,NFR32,trace
P8,R75,NFR33,trace
P8,R75,NFR34,trace
P8,R75,NFR35,trace
P8,R75,NFR36,trace
P8,R75,NFR37,trace
P8,R75,NFR38,trace
P8,R75,NFR39,trace
P8,R75,NFR40,trace
P8,R75,NFR41,trace
P8,R75,NFR42,trace
P8,R75,NFR43,trace
P8,R75,NFR44,trace
P8,R75,NFR45,trace
P8,R75,NFR46,trace
P8,R75,NFR47,trace
P8,R75,NFR48,trace
P8,R75,NFR49,trace
P8,R75,NFR50,trace
P8,R75,NFR51,trace
P8,R75,NFR52,trace
P8,R75,NFR53,trace
P8,R75,NFR54,trace
P8,R75,NFR55,trace
P8,R75,NFR56,trace
P8,R75,NFR57,trace
P8,R75,NFR58,trace
P8,R75,NFR59,trace
P8,R75,NFR60,trace
P8,R75,NFR61,trace
P8,R75,NFR62,trace
P8,R75,NFR63,trace
P8,R75,NFR64,trace
P8,R75,NFR65,trace
P8,R75,NFR66,trace
P8,R75,NFR67,trace
P8,R75,NFR68,trace
P8,R75,NFR69,trace
P8,R75,NFR70,trace
P8,R75,NFR71,trace
P8,R75,NFR72,trace
P8,R75,NFR73,trace
P8,R76,NFR1,trace
P8,R76,NFR2,trace
P8,R76,NFR3,trace
P8,R76,NFR4,trace
P8,R76,NFR5,trace
P8,R76,NFR6,trace
P8,R76,NFR7,trace
P8,R76,NFR8,trace
P8,R76,NFR9,trace
P8,R76,NFR10,trace
P8,R76,NFR11,trace
P8,R76,NFR12,trace
P8,R76,NFR13,trace
P8,R76,NFR14,trace
P8,R76,NFR15,trace
P8,R76,NFR16,trace
P8,R76,NFR17,trace
P8,R76,NFR18,trace
P8,R76,NFR19,trace
P8,R76,NFR20,trace
P8,R76,NFR21,trace
P8,R76,NFR22,trace
P8,R76,NFR23,trace
P8,R76,NFR24,trace
P8,R76,NFR25,trace
P8,R76,NFR26,trace
P8,R76,NFR27,trace
P8,R76,NFR28,anti_trace
P8,R76,NFR29,trace
P8,R76,NFR30,trace
P8,R76,NFR31,trace
P8,R76,NFR32,trace
P8,R76,NFR33,trace
P8,R76,NFR34,trace
P8,R76,NFR35,trace
P8,R76,NFR36,trace
P8,R76,NFR37,trace
P8,R76,NFR38,trace
P8,R76,NFR39,trace
P8,R76,NFR40,trace
P8,R76,NFR41,trace
P8,R76,NFR42,trace
P8,R76,NFR43,trace
P8,R76,NFR44,trace
P8,R76,NFR45,trace
P8,R76,NFR46,trace
P8,R76,NFR47,trace
P8,R76,NFR48,trace
P8,R76,NFR49,trace
P8,R76,NFR50,trace
P8,R76,NFR51,trace
P8,R76,NFR52,trace
P8,R76,NFR53,trace
P8,R76,NFR54,trace
P8,R76,NFR55,trace
P8,R76,NFR56,trace
P8,R76,NFR57,trace
P8,R76,NFR58,trace
P8,R76,NFR59,trace
P8,R76,NFR60,trace
P8,R76,NFR61,trace
P8,R76,NFR62,trace
P8,R76,NFR63,trace
P8,R76,NFR64,trace
P8,R76,NFR65,trace
P8,R76,NFR66,trace
P8,R76,NFR67,trace
P8,R76,NFR68,trace
P8,R76,NFR69,trace
P8,R76,NFR70,trace
P8,R76,NFR71,trace
P8,R76,NFR72,trace
P8,R76,NFR73,trace
P8,R77,NFR1,trace
P8,R77,NFR2,trace
P8,R77,NFR3,trace
P8,R77,NFR4,trace
P8,R77,NFR5,trace
P8,R77,NFR6,trace
P8,R77,NFR7,trace
P8,R77,NFR8,trace
P8,R77,NFR9,trace
P8,R77,NFR10,trace
P8,R77,NFR11,trace
P8,R77,NFR12,trace
P8,R77,NFR13,trace
P8,R77,NFR14,trace
P8,R77,NFR15,trace
P8,R77,NFR16,trace
P8,R77,NFR17,trace
P8,R77,NFR18,trace
P8,R77,NFR19,trace
P8,R77,NFR20,trace
P8,R77,NFR21,trace
P8,R77,NFR22,trace
P8,R77,NFR23,trace
P8,R77,NFR24,anti_trace
P8,R77,NFR25,anti_trace
P8,R77,NFR26,anti_trace
P8,R77,NFR27,anti_trace
P8,R77,NFR28,trace
P8,R77,NFR29,trace
P8,R77,NFR30,trace
P8,R77,NFR31,trace
P8,R77,NFR32,trace
P8,R77,NFR33,trace
P8,R77,NFR34,trace
P8,R77,NFR35,trace
P8,R77,NFR36,trace
P8,R77,NFR37,trace
P8,R77,NFR38,trace
P8,R77,NFR39,trace
P8,R77,NFR40,trace
P8,R77,NFR41,trace
P8,R77,NFR42,trace
P8,R77,NFR43,trace
P8,R77,NFR44,trace
P8,R77,NFR45,trace
P8,R77,NFR46,trace
P8,R77,NFR47,trace
P8,R77,NFR48,trace
P8,R77,NFR49,trace
P8,R77,NFR50,trace
P8,R77,NFR51,trace
P8,R77,NFR52,trace
P8,R77,NFR53,trace
P8,R77,NFR54,anti_trace
P8,R77,NFR55,trace
P8,R77,NFR56,trace
P8,R77,NFR57,trace
P8,R77,NFR58,trace
P8,R77,NFR59,trace
P8,R77,NFR60,trace
P8,R77,NFR61,trace
P8,R77,NFR62,trace
P8,R77,NFR63,trace
P8,R77,NFR64,trace
P8,R77,NFR65,trace
P8,R77,NFR66,trace
P8,R77,NFR67,trace
P8,R77,NFR68,trace
P8,R77,NFR69,trace
P8,R77,NFR70,trace
P8,R77,NFR71,trace
P8,R77,NFR72,trace
P8,R77,NFR73,trace
P8,R78,NFR1,trace
P8,R78,NFR2,trace
P8,R78,NFR3,trace
P8,R78,NFR4,trace
P8,R78,NFR5,anti_trace
P8,R78,NFR6,trace
P8,R78,NFR7,trace
P8,R78,NFR8,trace
P8,R78,NFR9,anti_trace
P8,R78,NFR10,trace
P8,R78,NFR11,trace
P8,R78,NFR12,trace
P8,R78,NFR13,trace
P8,R78,NFR14,trace
P8,R78,NFR15,trace
P8,R78,NFR16,trace
P8,R78,NFR17,trace
P8,R78,NFR18,trace
P8,R78,NFR19,trace
P8,R78,NFR20,trace
P8,R78,NFR21,trace
P8,R78,NFR22,trace
P8,R78,NFR23,trace
P8,R78,NFR24,anti_trace
P8,R78,NFR25,trace
P8,R78,NFR26,trace
P8,R78,NFR27,trace
P8,R78,NFR28,trace
P8,R78,NFR29,trace
P8,R78,NFR30,trace
P8,R78,NFR31,trace
P8,R78,NFR32,trace
P8,R78,NFR33,trace
P8,R78,NFR34,trace
P8,R78,NFR35,trace
P8,R78,NFR36,trace
P8,R78,NFR37,trace
P8,R78,NFR38,trace
P8,R78,NFR39,trace
P8,R78,NFR40,trace
P8,R78,NFR41,trace
P8,R78,NFR42,trace
P8,R78,NFR43,trace
P8,R78,NFR44,trace
P8,R78,NFR45,trace
P8,R78,NFR46,trace
P8,R78,NFR47,anti_trace
P8,R78,NFR48,trace
P8,R78,NFR49,trace
P8,R78,NFR50,trace
P8,R78,NFR51,trace
P8,R78,NFR52,trace
P8,R78,NFR53,trace
P8,R78,NFR54,trace
P8,R78,NFR55,trace
P8,R78,NFR56,trace
P8,R78,NFR57,trace
P8,R78,NFR58,trace
P8,R78,NFR59,trace
P8,R78,NFR60,trace
P8,R78,NFR61,trace
P8,R78,NFR62,trace
P8,R78,NFR63,trace
P8,R78,NFR64,trace
P8,R78,NFR65,trace
P8,R78,NFR66,trace
P8,R78,NFR67,trace
P8,R78,NFR68,trace
P8,R78,NFR69,trace
P8,R78,NFR70,trace
P8,R78,NFR71,trace
P8,R78,NFR72,trace
P8,R78,NFR73,trace
P8,R79,NFR1,trace
P8,R79,NFR2,trace
P8,R79,NFR3,trace
P8,R79,NFR4,trace
P8,R79,NFR5,trace
P8,R79,NFR6,trace
P8,R79,NFR7,trace
P8,R79,NFR8,trace
P8,R79,NFR9,trace
P8,R79,NFR10,trace
P8,R79,NFR11,trace
P8,R79,NFR12,trace
P8,R79,NFR13,trace
P8,R79,NFR14,trace
P8,R79,NFR15,trace
P8,R79,NFR16,trace
P8,R79,NFR17,trace
P8,R79,NFR18,trace
P8,R79,NFR19,trace
P8,R79,NFR20,trace
P8,R79,NFR21,trace
P8,R79,NFR22,trace
P8,R79,NFR23,trace
P8,R79,NFR24,anti_trace
P8,R79,NFR25,trace
P8,R79,NFR26,trace
P8,R79,NFR27,trace
P8,R79,NFR28,trace
P8,R79,NFR29,trace
P8,R79,NFR30,trace
P8,R79,NFR31,trace
P8,R79,NFR32,trace
P8,R79,NFR33,trace
P8,R79,NFR34,trace
P8,R79,NFR35,trace
P8,R79,NFR36,trace
P8,R79,NFR37,trace
P8,R79,NFR38,trace
P8,R79,NFR39,trace
P8,R79,NFR40,trace
P8,R79,NFR41,trace
P8,R79,NFR42,trace
P8,R79,NFR43,trace
P8,R79,NFR44,trace
P8,R79,NFR45,trace
P8,R79,NFR46,trace
P8,R79,NFR47,trace
P8,R79,NFR48,trace
P8,R79,NFR49,trace
P8,R79,NFR50,trace
P8,R79,NFR51,trace
P8,R79,NFR52,trace
P8,R79,NFR53,trace
P8,R79,NFR54,trace
P8,R79,NFR55,trace
P8,R79,NFR56,trace
P8,R79,NFR57,trace
P8,R79,NFR58,trace
P8,R79,NFR59,trace
P8,R79,NFR60,trace
P8,R79,NFR61,trace
P8,R79,NFR62,trace
P8,R79,NFR63,trace
P8,R79,NFR64,trace
P8,R79,NFR65,trace
P8,R79,NFR66,trace
P8,R79,NFR67,trace
P8,R79,NFR68,trace
P8,R79,NFR69,trace
P8,R79,NFR70,trace
P8,R79,NFR71,trace
P8,R79,NFR72,trace
P8,R79,NFR73,trace
P8,R80,NFR1,trace
P8,R80,NFR2,trace
P8,R80,NFR3,trace
P8,R80,NFR4,trace
P8,R80,NFR5,anti_trace
P8,R80,NFR6,trace
P8,R80,NFR7,trace
P8,R80,NFR8,trace
P8,R80,NFR9,trace
P8,R80,NFR10,trace
P8,R80,NFR11,trace
P8,R80,NFR12,trace
P8,R80,NFR13,trace
P8,R80,NFR14,trace
P8,R80,NFR15,trace
P8,R80,NFR16,trace
P8,R80,NFR17,trace
P8,R80,NFR18,trace
P8,R80,NFR19,trace
P8,R80,NFR20,trace
P8,R80,NFR21,trace
P8,R80,NFR22,trace
P8,R80,NFR23,trace
P8,R80,NFR24,anti_trace
P8,R80,NFR25,trace
P8,R80,NFR26,trace
P8,R80,NFR27,trace
P8,R80,NFR28,trace
P8,R80,NFR29,trace
P8,R80,NFR30,trace
P8,R80,NFR31,trace
P8,R80,NFR32,trace
P8,R80,NFR33,trace
P8,R80,NFR34,trace
P8,R80,NFR35,trace
P8,R80,NFR36,trace
P8,R80,NFR37,trace
P8,R80,NFR38,trace
P8,R80,NFR39,trace
P8,R80,NFR40,trace
P8,R80,NFR41,trace
P8,R80,NFR42,trace
P8,R80,NFR43,trace
P8,R80,NFR44,trace
P8,R80,NFR45,trace
P8,R80,NFR46,trace
P8,R80,NFR47,trace
P8,R80,NFR48,trace
P8,R80,NFR49,trace
P8,R80,NFR50,trace
P8,R80,NFR51,trace
P8,R80,NFR52,trace
P8,R80,NFR53,trace
P8,R80,NFR54,trace
P8,R80,NFR55,trace
P8,R80,NFR56,trace
P8,R80,NFR57,trace
P8,R80,NFR58,trace
P8,R80,NFR59,trace
P8,R80,NFR60,trace
P8,R80,NFR61,trace
P8,R80,NFR62,trace
P8,R80,NFR63,trace
P8,R80,NFR64,trace
P8,R80,NFR65,trace
P8,R80,NFR66,trace
P8,R80,NFR67,trace
P8,R80,NFR68,trace
P8,R80,NFR69,trace
P8,R80,NFR70,trace
P8,R80,NFR71,trace
P8,R80,NFR72,trace
P8,R80,NFR73,trace
P8,R81,NFR1,trace
P8,R81,NFR2,trace
P8,R81,NFR3,trace
P8,R81,NFR4,trace
P8,R81,NFR5,trace
P8,R81,NFR6,trace
P8,R81,NFR7,trace
P8,R81,NFR8,trace
P8,R81,NFR9,trace
P8,R81,NFR10,trace
P8,R81,NFR11,trace
P8,R81,NFR12,trace
P8,R81,NFR13,trace
P8,R81,NFR14,trace
P8,R81,NFR15,trace
P8,R81,NFR16,trace
P8,R81,NFR17,trace
P8,R81,NFR18,trace
P8,R81,NFR19,trace
P8,R81,NFR20,trace
P8,R81,NFR21,trace
P8,R81,NFR22,trace
P8,R81,NFR23,trace
P8,R81,NFR24,trace
P8,R81,NFR25,trace
P8,R81,NFR26,trace
P8,R81,NFR27,trace
P8,R81,NFR28,trace
P8,R81,NFR29,trace
P8,R81,NFR30,trace
P8,R81,NFR31,trace
P8,R81,NFR32,trace
P8,R81,NFR33,trace
P8,R81,NFR34,trace
P8,R81,NFR35,trace
P8,R81,NFR36,trace
P8,R81,NFR37,trace
P8,R81,NFR38,trace
P8,R81,NFR39,trace
P8,R81,NFR40,trace
P8,R81,NFR41,trace
P8,R81,NFR42,trace
P8,R81,NFR43,trace
P8,R81,NFR44,trace
P8,R81,NFR45,trace
P8,R81,NFR46,trace
P8,R81,NFR47,trace
P8,R81,NFR48,trace
P8,R81,NFR49,trace
P8,R81,NFR50,trace
P8,R81,NFR51,trace
P8,R81,NFR52,trace
P8,R81,NFR53,trace
P8,R81,NFR54,trace
P8,R81,NFR55,trace
P8,R81,NFR56,trace
P8,R81,NFR57,trace
P8,R81,NFR58,trace
P8,R81,NFR59,trace
P8,R81,NFR60,trace
P8,R81,NFR61,trace
P8,R81,NFR62,trace
P8,R81,NFR63,trace
P8,R81,NFR64,trace
P8,R81,NFR65,trace
P8,R81,NFR66,trace
P8,R81,NFR67,trace
P8,R81,NFR68,trace
P8,R81,NFR69,trace
P8,R81,NFR70,trace
P8,R81,NFR71,trace
P8,R81,NFR72,trace
P8,R81,NFR73,trace
P8,R82,NFR1,anti_trace
P8,R82,NFR2,trace
P8,R82,NFR3,trace
P8,R82,NFR4,trace
P8,R82,NFR5,trace
P8,R82,NFR6,trace
P8,R82,NFR7,trace
P8,R82,NFR8,trace
P8,R82,NFR9,trace
P8,R82,NFR10,trace
P8,R82,NFR11,trace
P8,R82,NFR12,trace
P8,R82,NFR13,trace
P8,R82,NFR14,trace
P8,R82,NFR15,trace
P8,R82,NFR16,trace
P8,R82,NFR17,trace
P8,R82,NFR18,trace
P8,R82,NFR19,trace
P8,R82,NFR20,trace
P8,R82,NFR21,anti_trace
P8,R82,NFR22,trace
P8,R82,NFR23,trace
P8,R82,NFR24,anti_trace
P8,R82,NFR25,trace
P8,R82,NFR26,trace
P8,R82,NFR27,trace
P8,R82,NFR28,trace
P8,R82,NFR29,trace
P8,R82,NFR30,trace
P8,R82,NFR31,trace
P8,R82,NFR32,trace
P8,R82,NFR33,trace
P8,R82,NFR34,trace
P8,R82,NFR35,trace
P8,R82,NFR36,trace
P8,R82,NFR37,trace
P8,R82,NFR38,trace
P8,R82,NFR39,trace
P8,R82,NFR40,trace
P8,R82,NFR41,trace
P8,R82,NFR42,trace
P8,R82,NFR43,trace
P8,R82,NFR44,trace
P8,R82,NFR45,trace
P8,R82,NFR46,trace
P8,R82,NFR47,trace
P8,R82,NFR48,trace
P8,R82,NFR49,trace
P8,R82,NFR50,trace
P8,R82,NFR51,trace
P8,R82,NFR52,trace
P8,R82,NFR53,trace
P8,R82,NFR54,trace
P8,R82,NFR55,trace
P8,R82,NFR56,trace
P8,R82,NFR57,trace
P8,R82,NFR58,trace
P8,R82,NFR59,trace
P8,R82,NFR60,trace
P8,R82,NFR61,trace
P8,R82,NFR62,trace
P8,R82,NFR63,trace
P8,R82,NFR64,trace
P8,R82,NFR65,trace
P8,R82,NFR66,trace
P8,R82,NFR67,trace
P8,R82,NFR68,trace
P8,R82,NFR69,trace
P8,R82,NFR70,trace
P8,R82,NFR71,trace
P8,R82,NFR72,trace
P8,R82,NFR73,trace
P8,R83,NFR1,trace
P8,R83,NFR2,trace
P8,R83,NFR3,trace
P8,R83,NFR4,trace
P8,R83,NFR5,anti_trace
P8,R83,NFR6,trace
P8,R83,NFR7,trace
P8,R83,NFR8,trace
P8,R83,NFR9,trace
P8,R83,NFR10,trace
P8,R83,NFR11,trace
P8,R83,NFR12,trace
P8,R83,NFR13,trace
P8,R83,NFR14,trace
P8,R83,NFR15,trace
P8,R83,NFR16,trace
P8,R83,NFR17,trace
P8,R83,NFR18,trace
P8,R83,NFR19,trace
P8,R83,NFR20,trace
P8,R83,NFR21,trace
P8,R83,NFR22,trace
P8,R83,NFR23,trace
P8,R83,NFR24,anti_trace
P8,R83,NFR25,trace
P8,R83,NFR26,trace
P8,R83,NFR27,trace
P8,R83,NFR28,anti_trace
P8,R83,NFR29,trace
P8,R83,NFR30,trace
P8,R83,NFR31,trace
P8,R83,NFR32,trace
P8,R83,NFR33,trace
P8,R83,NFR34,trace
P8,R83,NFR35,trace
P8,R83,NFR36,trace
P8,R83,NFR37,trace
P8,R83,NFR38,trace
P8,R83,NFR39,trace
P8,R83,NFR40,trace
P8,R83,NFR41,trace
P8,R83,NFR42,trace
P8,R83,NFR43,trace
P8,R83,NFR44,trace
P8,R83,NFR45,trace
P8,R83,NFR46,trace
P8,R83,NFR47,trace
P8,R83,NFR48,trace
P8,R83,NFR49,trace
P8,R83,NFR50,trace
P8,R83,NFR51,trace
P8,R83,NFR52,trace
P8,R83,NFR53,trace
P8,R83,NFR54,trace
P8,R83,NFR55,trace
P8,R83,NFR56,trace
P8,R83,NFR57,trace
P8,R83,NFR58,trace
P8,R83,NFR59,trace
P8,R83,NFR60,trace
P8,R83,NFR61,trace
P8,R83,NFR62,trace
P8,R83,NFR63,trace
P8,R83,NFR64,trace
P8,R83,NFR65,trace
P8,R83,NFR66,trace
P8,R83,NFR67,trace
P8,R83,NFR68,trace
P8,R83,NFR69,trace
P8,R83,NFR70,trace
P8,R83,NFR71,trace
P8,R83,NFR72,trace
P8,R83,NFR73,trace
P8,R84,NFR1,trace
P8,R84,NFR2,trace
P8,R84,NFR3,trace
P8,R84,NFR4,trace
P8,R84,NFR5,trace
P8,R84,NFR6,trace
P8,R84,NFR7,trace
P8,R84,NFR8,anti_trace
P8,R84,NFR9,trace
P8,R84,NFR10,trace
P8,R84,NFR11,trace
P8,R84,NFR12,trace
P8,R84,NFR13,trace
P8,R84,NFR14,trace
P8,R84,NFR15,trace
P8,R84,NFR16,trace
P8,R84,NFR17,trace
P8,R84,NFR18,trace
P8,R84,NFR19,trace
P8,R84,NFR20,trace
P8,R84,NFR21,trace
P8,R84,NFR22,trace
P8,R84,NFR23,trace
P8,R84,NFR24,trace
P8,R84,NFR25,trace
P8,R84,NFR26,trace
P8,R84,NFR27,trace
P8,R84,NFR28,trace
P8,R84,NFR29,trace
P8,R84,NFR30,trace
P8,R84,NFR31,trace
P8,R84,NFR32,trace
P8,R84,NFR33,trace
P8,R84,NFR34,trace
P8,R84,NFR35,trace
P8,R84,NFR36,trace
P8,R84,NFR37,trace
P8,R84,NFR38,trace
P8,R84,NFR39,trace
P8,R84,NFR40,trace
P8,R84,NFR41,trace
P8,R84,NFR42,trace
P8,R84,NFR43,trace
P8,R84,NFR44,trace
P8,R84,NFR45,trace
P8,R84,NFR46,trace
P8,R84,NFR47,trace
P8,R84,NFR48,trace
P8,R84,NFR49,trace
P8,R84,NFR50,trace
P8,R84,NFR51,trace
P8,R84,NFR52,trace
P8,R84,NFR53,trace
P8,R84,NFR54,trace
P8,R84,NFR55,trace
P8,R84,NFR56,trace
P8,R84,NFR57,trace
P8,R84,NFR58,trace
P8,R84,NFR59,trace
P8,R84,NFR60,trace
P8,R84,NFR61,trace
P8,R84,NFR62,trace
P8,R84,NFR63,trace
P8,R84,NFR64,trace
P8,R84,NFR65,trace
P8,R84,NFR66,trace
P8,R84,NFR67,trace
P8,R84,NFR68,trace
P8,R84,NFR69,trace
P8,R84,NFR70,trace
P8,R84,NFR71,trace
P8,R84,NFR72,trace
P8,R84,NFR73,trace
P8,R85,NFR1,trace
P8,R85,NFR2,trace
P8,R85,NFR3,trace
P8,R85,NFR4,trace
P8,R85,NFR5,trace
P8,R85,NFR6,trace
P8,R85,NFR7,trace
P8,R85,NFR8,trace
P8,R85,NFR9,trace
P8,R85,NFR10,trace
P8,R85,NFR11,trace
P8,R85,NFR12,trace
P8,R85,NFR13,trace
P8,R85,NFR14,trace
P8,R85,NFR15,trace
P8,R85,NFR16,trace
P8,R85,NFR17,trace
P8,R85,NFR18,trace
P8,R85,NFR19,trace
P8,R85,NFR20,trace
P8,R85,NFR21,trace
P8,R85,NFR22,trace
P8,R85,NFR23,trace
P8,R85,NFR24,anti_trace
P8,R85,NFR25,trace
P8,R85,NFR26,trace
P8,R85,NFR27,trace
P8,R85,NFR28,trace
P8,R85,NFR29,trace
P8,R85,NFR30,trace
P8,R85,NFR31,trace
P8,R85,NFR32,trace
P8,R85,NFR33,trace
P8,R85,NFR34,trace
P8,R85,NFR35,trace
P8,R85,NFR36,trace
P8,R85,NFR37,trace
P8,R85,NFR38,trace
P8,R85,NFR39,trace
P8,R85,NFR40,trace
P8,R85,NFR41,trace
P8,R85,NFR42,trace
P8,R85,NFR43,trace
P8,R85,NFR44,trace
P8,R85,NFR45,trace
P8,R85,NFR46,trace
P8,R85,NFR47,trace
P8,R85,NFR48,trace
P8,R85,NFR49,trace
P8,R85,NFR50,trace
P8,R85,NFR51,trace
P8,R85,NFR52,trace
P8,R85,NFR53,trace
P8,R85,NFR54,trace
P8,R85,NFR55,trace
P8,R85,NFR56,trace
P8,R85,NFR57,trace
P8,R85,NFR58,trace
P8,R85,NFR59,trace
P8,R85,NFR60,trace
P8,R85,NFR61,trace
P8,R85,NFR62,trace
P8,R85,NFR63,trace
P8,R85,NFR64,trace
P8,R85,NFR65,trace
P8,R85,NFR66,trace
P8,R85,NFR67,trace
P8,R85,NFR68,trace
P8,R85,NFR69,trace
P8,R85,NFR70,trace
P8,R85,NFR71,trace
P8,R85,NFR72,trace
P8,R85,NFR73,trace
P8,R86,NFR1,trace
P8,R86,NFR2,trace
P8,R86,NFR3,trace
P8,R86,NFR4,trace
P8,R86,NFR5,trace
P8,R86,NFR6,trace
P8,R86,NFR7,trace
P8,R86,NFR8,trace
P8,R86,NFR9,trace
P8,R86,NFR10,trace
P8,R86,NFR11,trace
P8,R86,NFR12,trace
P8,R86,NFR13,trace
P8,R86,NFR14,trace
P8,R86,NFR15,trace
P8,R86,NFR16,trace
P8,R86,NFR17,trace
P8,R86,NFR18,trace
P8,R86,NFR19,trace
P8,R86,NFR20,trace
P8,R86,NFR21,trace
P8,R86,NFR22,trace
P8,R86,NFR23,trace
P8,R86,NFR24,trace
P8,R86,NFR25,trace
P8,R86,NFR26,trace
P8,R86,NFR27,trace
P8,R86,NFR28,trace
P8,R86,NFR29,trace
P8,R86,NFR30,trace
P8,R86,NFR31,trace
P8,R86,NFR32,trace
P8,R86,NFR33,trace
P8,R86,NFR34,trace
P8,R86,NFR35,trace
P8,R86,NFR36,trace
P8,R86,NFR37,trace
P8,R86,NFR38,trace
P8,R86,NFR39,trace
P8,R86,NFR40,trace
P8,R86,NFR41,trace
P8,R86,NFR42,trace
P8,R86,NFR43,trace
P8,R86,NFR44,trace
P8,R86,NFR45,trace
P8,R86,NFR46,trace
P8,R86,NFR47,trace
P8,R86,NFR48,trace
P8,R86,NFR49,trace
P8,R86,NFR50,trace
P8,R86,NFR51,trace
P8,R86,NFR52,trace
P8,R86,NFR53,trace
P8,R86,NFR54,trace
P8,R86,NFR55,trace
P8,R86,NFR56,trace
P8,R86,NFR57,trace
P8,R86,NFR58,trace
P8,R86,NFR59,trace
P8,R86,NFR60,trace
P8,R86,NFR61,trace
P8,R86,NFR62,trace
P8,R86,NFR63,trace
P8,R86,NFR64,trace
P8,R86,NFR65,trace
P8,R86,NFR66,trace
P8,R86,NFR67,trace
P8,R86,NFR68,trace
P8,R86,NFR69,trace
P8,R86,NFR70,trace
P8,R86,NFR71,trace
P8,R86,NFR72,trace
P8,R86,NFR73,trace
P8,R87,NFR1,trace
P8,R87,NFR2,trace
P8,R87,NFR3,anti_trace
P8,R87,NFR4,anti_trace
P8,R87,NFR5,trace
P8,R87,NFR6,trace
P8,R87,NFR7,trace
P8,R87,NFR8,trace
P8,R87,NFR9,trace
P8,R87,NFR10,trace
P8,R87,NFR11,trace
P8,R87,NFR12,trace
P8,R87,NFR13,trace
P8,R87,NFR14,trace
P8,R87,NFR15,trace
P8,R87,NFR16,trace
P8,R87,NFR17,trace
P8,R87,NFR18,anti_trace
P8,R87,NFR19,trace
P8,R87,NFR20,trace
P8,R87,NFR21,anti_trace
P8,R87,NFR22,trace
P8,R87,NFR23,trace
P8,R87,NFR24,trace
P8,R87,NFR25,anti_trace
P8,R87,NFR26,anti_trace
P8,R87,NFR27,anti_trace
P8,R87,NFR28,trace
P8,R87,NFR29,trace
P8,R87,NFR30,trace
P8,R87,NFR31,trace
P8,R87,NFR32,trace
P8,R87,NFR33,trace
P8,R87,NFR34,trace
P8,R87,NFR35,trace
P8,R87,NFR36,trace
P8,R87,NFR37,trace
P8,R87,NFR38,trace
P8,R87,NFR39,trace
P8,R87,NFR40,trace
P8,R87,NFR41,trace
P8,R87,NFR42,trace
P8,R87,NFR43,trace
P8,R87,NFR44,trace
P8,R87,NFR45,trace
P8,R87,NFR46,trace
P8,R87,NFR47,trace
P8,R87,NFR48,trace
P8,R87,NFR49,trace
P8,R87,NFR50,trace
P8,R87,NFR51,trace
P8,R87,NFR52,trace
P8,R87,NFR53,anti_trace
P8,R87,NFR54,trace
P8,R87,NFR55,trace
P8,R87,NFR56,trace
P8,R87,NFR57,trace
P8,R87,NFR58,trace
P8,R87,NFR59,trace
P8,R87,NFR60,trace
P8,R87,NFR61,trace
P8,R87,NFR62,trace
P8,R87,NFR63,trace
P8,R87,NFR64,trace
P8,R87,NFR65,trace
P8,R87,NFR66,trace
P8,R87,NFR67,trace
P8,R87,NFR68,trace
P8,R87,NFR69,trace
P8,R87,NFR70,trace
P8,R87,NFR71,trace
P8,R87,NFR72,trace
P8,R87,NFR73,trace
P8,R88,NFR1,trace
P8,R88,NFR2,trace
P8,R88,NFR3,trace
P8,R88,NFR4,trace
P8,R88,NFR5,trace
P8,R88,NFR6,trace
P8,R88,NFR7,trace
P8,R88,NFR8,trace
P8,R88,NFR9,trace
P8,R88,NFR10,trace
P8,R88,NFR11,trace
P8,R88,NFR12,trace
P8,R88,NFR13,trace
P8,R88,NFR14,trace
P8,R88,NFR15,trace
P8,R88,NFR16,trace
P8,R88,NFR17,trace
P8,R88,NFR18,trace
P8,R88,NFR19,trace
P8,R88,NFR20,trace
P8,R88,NFR21,trace
P8,R88,NFR22,trace
P8,R88,NFR23,trace
P8,R88,NFR24,trace
P8,R88,NFR25,anti_trace
P8,R88,NFR26,anti_trace
P8,R88,NFR27,anti_trace
P8,R88,NFR28,trace
P8,R88,NFR29,trace
P8,R88,NFR30,trace
P8,R88,NFR31,trace
P8,R88,NFR32,trace
P8,R88,NFR33,trace
P8,R88,NFR34,trace
P8,R88,NFR35,trace
P8,R88,NFR36,trace
P8,R88,NFR37,trace
P8,R88,NFR38,trace
P8,R88,NFR39,trace
P8,R88,NFR40,trace
P8,R88,NFR41,trace
P8,R88,NFR42,trace
P8,R88,NFR43,trace
P8,R88,NFR44,trace
P8,R88,NFR45,trace
P8,R88,NFR46,trace
P8,R88,NFR47,trace
P8,R88,NFR48,trace
P8,R88,NFR49,trace
P8,R88,NFR50,trace
P8,R88,NFR51,trace
P8,R88,NFR52,trace
P8,R88,NFR53,trace
P8,R88,NFR54,trace
P8,R88,NFR55,trace
P8,R88,NFR56,trace
P8,R88,NFR57,trace
P8,R88,NFR58,trace
P8,R88,NFR59,trace
P8,R88,NFR60,trace
P8,R88,NFR61,trace
P8,R88,NFR62,trace
P8,R88,NFR63,trace
P8,R88,NFR64,trace
P8,R88,NFR65,trace
P8,R88,NFR66,trace
P8,R88,NFR67,trace
P8,R88,NFR68,trace
P8,R88,NFR69,trace
P8,R88,NFR70,trace
P8,R88,NFR71,trace
P8,R88,NFR72,trace
P8,R88,NFR73,trace
P8,R89,NFR1,trace
P8,R89,NFR2,trace
P8,R89,NFR3,trace
P8,R89,NFR4,trace
P8,R89,NFR5,trace
P8,R89,NFR6,trace
P8,R89,NFR7,trace
P8,R89,NFR8,trace
P8,R89,NFR9,trace
P8,R89,NFR10,anti_trace
P8,R89,NFR11,trace
P8,R89,NFR12,trace
P8,R89,NFR13,trace
P8,R89,NFR14,trace
P8,R89,NFR15,trace
P8,R89,NFR16,trace
P8,R89,NFR17,trace
P8,R89,NFR18,trace
P8,R89,NFR19,trace
P8,R89,NFR20,trace
P8,R89,NFR21,trace
P8,R89,NFR22,trace
P8,R89,NFR23,trace
P8,R89,NFR24,anti_trace
P8,R89,NFR25,trace
P8,R89,NFR26,trace
P8,R89,NFR27,trace
P8,R89,NFR28,trace
P8,R89,NFR29,trace
P8,R89,NFR30,trace
P8,R89,NFR31,trace
P8,R89,NFR32,trace
P8,R89,NFR33,trace
P8,R89,NFR34,trace
P8,R89,NFR35,trace
P8,R89,NFR36,trace
P8,R89,NFR37,trace
P8,R89,NFR38,trace
P8,R89,NFR39,trace
P8,R89,NFR40,trace
P8,R89,NFR41,trace
P8,R89,NFR42,trace
P8,R89,NFR43,trace
P8,R89,NFR44,trace
P8,R89,NFR45,trace
P8,R89,NFR46,trace
P8,R89,NFR47,trace
P8,R89,NFR48,trace
P8,R89,NFR49,trace
P8,R89,NFR50,trace
P8,R89,NFR51,trace
P8,R89,NFR52,trace
P8,R89,NFR53,trace
P8,R89,NFR54,trace
P8,R89,NFR55,trace
P8,R89,NFR56,trace
P8,R89,NFR57,trace
P8,R89,NFR58,trace
P8,R89,NFR59,trace
P8,R89,NFR60,trace
P8,R89,NFR61,trace
P8,R89,NFR62,trace
P8,R89,NFR63,trace
P8,R89,NFR64,trace
P8,R89,NFR65,trace
P8,R89,NFR66,trace
P8,R89,NFR67,trace
P8,R89,NFR68,trace
P8,R89,NFR69,trace
P8,R89,NFR70,trace
P8,R89,NFR71,trace
P8,R89,NFR72,trace
P8,R89,NFR73,trace
P8,R90,NFR1,trace
P8,R90,NFR2,trace
P8,R90,NFR3,trace
P8,R90,NFR4,trace
P8,R90,NFR5,trace
P8,R90,NFR6,trace
P8,R90,NFR7,trace
P8,R90,NFR8,trace
P8,R90,NFR9,trace
P8,R90,NFR10,trace
P8,R90,NFR11,trace
P8,R90,NFR12,trace
P8,R90,NFR13,trace
P8,R90,NFR14,trace
P8,R90,NFR15,trace
P8,R90,NFR16,trace
P8,R90,NFR17,trace
P8,R90,NFR18,trace
P8,R90,NFR19,trace
P8,R90,NFR20,trace
P8,R90,NFR21,anti_trace
P8,R90,NFR22,trace
P8,R90,NFR23,trace
P8,R90,NFR24,trace
P8,R90,NFR25,trace
P8,R90,NFR26,trace
P8,R90,NFR27,trace
P8,R90,NFR28,trace
P8,R90,NFR29,trace
P8,R90,NFR30,trace
P8,R90,NFR31,trace
P8,R90,NFR32,trace
P8,R90,NFR33,trace
P8,R90,NFR34,trace
P8,R90,NFR35,trace
P8,R90,NFR36,trace
P8,R90,NFR37,trace
P8,R90,NFR38,trace
P8,R90,NFR39,trace
P8,R90,NFR40,trace
P8,R90,NFR41,trace
P8,R90,NFR42,trace
P8,R90,NFR43,trace
P8,R90,NFR44,trace
P8,R90,NFR45,trace
P8,R90,NFR46,trace
P8,R90,NFR47,trace
P8,R90,NFR48,trace
P8,R90,NFR49,trace
P8,R90,NFR50,trace
P8,R90,NFR51,trace
P8,R90,NFR52,trace
P8,R90,NFR53,trace
P8,R90,NFR54,trace
P8,R90,NFR55,trace
P8,R90,NFR56,trace
P8,R90,NFR57,trace
P8,R90,NFR58,trace
P8,R90,NFR59,trace
P8,R90,NFR60,trace
P8,R90,NFR61,trace
P8,R90,NFR62,trace
P8,R90,NFR63,trace
P8,R90,NFR64,trace
P8,R90,NFR65,trace
P8,R90,NFR66,trace
P8,R90,NFR67,trace
P8,R90,NFR68,trace
P8,R90,NFR69,trace
P8,R90,NFR70,trace
P8,R90,NFR71,trace
P8,R90,NFR72,trace
P8,R90,NFR73,trace
P8,R91,NFR1,trace
P8,R91,NFR2,trace
P8,R91,NFR3,anti_trace
P8,R91,NFR4,anti_trace
P8,R91,NFR5,trace
P8,R91,NFR6,anti_trace
P8,R91,NFR7,anti_trace
P8,R91,NFR8,trace
P8,R91,NFR9,trace
P8,R91,NFR10,trace
P8,R91,NFR11,trace
P8,R91,NFR12,trace
P8,R91,NFR13,trace
P8,R91,NFR14,trace
P8,R91,NFR15,trace
P8,R91,NFR16,trace
P8,R91,NFR17,trace
P8,R91,NFR18,trace
P8,R91,NFR19,trace
P8,R91,NFR20,trace
P8,R91,NFR21,trace
P8,R91,NFR22,trace
P8,R91,NFR23,trace
P8,R91,NFR24,trace
P8,R91,NFR25,trace
P8,R91,NFR26,trace
P8,R91,NFR27,trace
P8,R91,NFR28,trace
P8,R91,NFR29,trace
P8,R91,NFR30,trace
P8,R91,NFR31,trace
P8,R91,NFR32,trace
P8,R91,NFR33,trace
P8,R91,NFR34,trace
P8,R91,NFR35,trace
P8,R91,NFR36,trace
P8,R91,NFR37,trace
P8,R91,NFR38,trace
P8,R91,NFR39,trace
P8,R91,NFR40,trace
P8,R91,NFR41,trace
P8,R91,NFR42,trace
P8,R91,NFR43,trace
P8,R91,NFR44,trace
P8,R91,NFR45,trace
P8,R91,NFR46,trace
P8,R91,NFR47,trace
P8,R91,NFR48,trace
P8,R91,NFR49,trace
P8,R91,NFR50,trace
P8,R91,NFR51,trace
P8,R91,NFR52,trace
P8,R91,NFR53,trace
P8,R91,NFR54,trace
P8,R91,NFR55,trace
P8,R91,NFR56,trace
P8,R91,NFR57,trace
P8,R91,NFR58,trace
P8,R91,NFR59,trace
P8,R91,NFR60,trace
P8,R91,NFR61,trace
P8,R91,NFR62,trace
P8,R91,NFR63,trace
P8,R91,NFR64,trace
P8,R91,NFR65,trace
P8,R91,NFR66,trace
P8,R91,NFR67,trace
P8,R91,NFR68,trace
P8,R91,NFR69,trace
P8,R91,NFR70,trace
P8,R91,NFR71,trace
P8,R91,NFR72,trace
P8,R91,NFR73,trace
P8,R92,NFR1,trace
P8,R92,NFR2,trace
P8,R92,NFR3,trace
P8,R92,NFR4,trace
P8,R92,NFR5,trace
P8,R92,NFR6,trace
P8,R92,NFR7,trace
P8,R92,NFR8,trace
P8,R92,NFR9,trace
P8,R92,NFR10,trace
P8,R92,NFR11,trace
P8,R92,NFR12,trace
P8,R92,NFR13,trace
P8,R92,NFR14,trace
P8,R92,NFR15,trace
P8,R92,NFR16,trace
P8,R92,NFR17,trace
P8,R92,NFR18,trace
P8,R92,NFR19,trace
P8,R92,NFR20,trace
P8,R92,NFR21,trace
P8,R92,NFR22,trace
P8,R92,NFR23,trace
P8,R92,NFR24,trace
P8,R92,NFR25,trace
P8,R92,NFR26,trace
P8,R92,NFR27,trace
P8,R92,NFR28,trace
P8,R92,NFR29,trace
P8,R92,NFR30,trace
P8,R92,NFR31,trace
P8,R92,NFR32,trace
P8,R92,NFR33,trace
P8,R92,NFR34,trace
P8,R92,NFR35,trace
P8,R92,NFR36,trace
P8,R92,NFR37,trace
P8,R92,NFR38,trace
P8,R92,NFR39,trace
P8,R92,NFR40,trace
P8,R92,NFR41,trace
P8,R92,NFR42,trace
P8,R92,NFR43,trace
P8,R92,NFR44,trace
P8,R92,NFR45,trace
P8,R92,NFR46,trace
P8,R92,NFR47,trace
P8,R92,NFR48,trace
P8,R92,NFR49,trace
P8,R92,NFR50,trace
P8,R92,NFR51,trace
P8,R92,NFR52,trace
P8,R92,NFR53,trace
P8,R92,NFR54,trace
P8,R92,NFR55,trace
P8,R92,NFR56,trace
P8,R92,NFR57,trace
P8,R92,NFR58,trace
P8,R92,NFR59,trace
P8,R92,NFR60,trace
P8,R92,NFR61,trace
P8,R92,NFR62,trace
P8,R92,NFR63,trace
P8,R92,NFR64,trace
P8,R92,NFR65,trace
P8,R92,NFR66,trace
P8,R92,NFR67,trace
P8,R92,NFR68,trace
P8,R92,NFR69,trace
P8,R92,NFR70,trace
P8,R92,NFR71,trace
P8,R92,NFR72,trace
P8,R92,NFR73,trace
P8,R93,NFR1,trace
P8,R93,NFR2,trace
P8,R93,NFR3,trace
P8,R93,NFR4,trace
P8,R93,NFR5,trace
P8,R93,NFR6,trace
P8,R93,NFR7,trace
P8,R93,NFR8,trace
P8,R93,NFR9,trace
P8,R93,NFR10,trace
P8,R93,NFR11,trace
P8,R93,NFR12,trace
P8,R93,NFR13,trace
P8,R93,NFR14,trace
P8,R93,NFR15,trace
P8,R93,NFR16,trace
P8,R93,NFR17,trace
P8,R93,NFR18,trace
P8,R93,NFR19,trace
P8,R93,NFR20,trace
P8,R93,NFR21,trace
P8,R93,NFR22,trace
P8,R93,NFR23,trace
P8,R93,NFR24,trace
P8,R93,NFR25,anti_trace
P8,R93,NFR26,anti_trace
P8,R93,NFR27,anti_trace
P8,R93,NFR28,trace
P8,R93,NFR29,trace
P8,R93,NFR30,trace
P8,R93,NFR31,trace
P8,R93,NFR32,trace
P8,R93,NFR33,trace
P8,R93,NFR34,trace
P8,R93,NFR35,trace
P8,R93,NFR36,trace
P8,R93,NFR37,trace
P8,R93,NFR38,trace
P8,R93,NFR39,trace
P8,R93,NFR40,trace
P8,R93,NFR41,trace
P8,R93,NFR42,trace
P8,R93,NFR43,trace
P8,R93,NFR44,trace
P8,R93,NFR45,trace
P8,R93,NFR46,trace
P8,R93,NFR47,trace
P8,R93,NFR48,trace
P8,R93,NFR49,trace
P8,R93,NFR50,trace
P8,R93,NFR51,trace
P8,R93,NFR52,trace
P8,R93,NFR53,trace
P8,R93,NFR54,trace
P8,R93,NFR55,trace
P8,R93,NFR56,trace
P8,R93,NFR57,trace
P8,R93,NFR58,trace
P8,R93,NFR59,trace
P8,R93,NFR60,trace
P8,R93,NFR61,trace
P8,R93,NFR62,trace
P8,R93,NFR63,trace
P8,R93,NFR64,trace
P8,R93,NFR65,trace
P8,R93,NFR66,trace
P8,R93,NFR67,trace
P8,R93,NFR68,trace
P8,R93,NFR69,trace
P8,R93,NFR70,trace
P8,R93,NFR71,trace
P8,R93,NFR72,trace
P8,R93,NFR73,trace
P9,R9,NFR1,anti_trace
P9,R9,NFR2,anti_trace
P9,R9,NFR3,trace
P9,R9,NFR4,trace
P9,R9,NFR5,trace
P9,R9,NFR6,trace
P9,R9,NFR7,trace
P9,R9,NFR8,trace
P9,R10,NFR1,anti_trace
P9,R10,NFR2,anti_trace
P9,R10,NFR3,anti_trace
P9,R10,NFR4,trace
P9,R10,NFR5,trace
P9,R10,NFR6,trace
P9,R10,NFR7,trace
P9,R10,NFR8,trace
P9,R11,NFR1,anti_trace
P9,R11,NFR2,trace
P9,R11,NFR3,trace
P9,R11,NFR4,trace
P9,R11,NFR5,trace
P9,R11,NFR6,trace
P9,R11,NFR7,trace
P9,R11,NFR8,trace
P9,R12,NFR1,anti_trace
P9,R12,NFR2,anti_trace
P9,R12,NFR3,anti_trace
P9,R12,NFR4,trace
P9,R12,NFR5,anti_trace
P9,R12,NFR6,trace
P9,R12,NFR7,trace
P9,R12,NFR8,anti_trace
P9,R13,NFR1,anti_trace
P9,R13,NFR2,trace
P9,R13,NFR3,trace
P9,R13,NFR4,trace
P9,R13,NFR5,trace
P9,R13,NFR6,trace
P9,R13,NFR7,trace
P9,R13,NFR8,anti_trace
P9,R14,NFR1,trace
P9,R14,NFR2,trace
P9,R14,NFR3,trace
P9,R14,NFR4,trace
P9,R14,NFR5,trace
P9,R14,NFR6,trace
P9,R14,NFR7,trace
P9,R14,NFR8,trace
P9,R15,NFR1,trace
P9,R15,NFR2,trace
P9,R15,NFR3,trace
P9,R15,NFR4,trace
P9,R15,NFR5,trace
P9,R15,NFR6,trace
P9,R15,NFR7,trace
P9,R15,NFR8,trace
P9,R16,NFR1,trace
P9,R16,NFR2,trace
P9,R16,NFR3,trace
P9,R16,NFR4,trace
P9,R16,NFR5,trace
P9,R16,NFR6,anti_trace
P9,R16,NFR7,trace
P9,R16,NFR8,trace
P9,R17,NFR1,anti_trace
P9,R17,NFR2,trace
P9,R17,NFR3,trace
P9,R17,NFR4,trace
P9,R17,NFR5,trace
P9,R17,NFR6,trace
P9,R17,NFR7,trace
P9,R17,NFR8,trace
P9,R18,NFR1,anti_trace
P9,R18,NFR2,trace
P9,R18,NFR3,trace
P9,R18,NFR4,trace
P9,R18,NFR5,trace
P9,R18,NFR6,trace
P9,R18,NFR7,trace
P9,R18,NFR8,anti_trace
P9,R19,NFR1,anti_trace
P9,R19,NFR2,trace
P9,R19,NFR3,trace
P9,R19,NFR4,trace
P9,R19,NFR5,trace
P9,R19,NFR6,trace
P9,R19,NFR7,anti_trace
P9,R19,NFR8,trace
P9,R20,NFR1,trace
P9,R20,NFR2,trace
P9,R20,NFR3,trace
P9,R20,NFR4,trace
P9,R20,NFR5,trace
P9,R20,NFR6,trace
P9,R20,NFR7,trace
P9,R20,NFR8,anti_trace
P9,R21,NFR1,anti_trace
P9,R21,NFR2,trace
P9,R21,NFR3,trace
P9,R21,NFR4,trace
P9,R21,NFR5,trace
P9,R21,NFR6,trace
P9,R21,NFR7,trace
P9,R21,NFR8,anti_trace
P9,R22,NFR1,anti_trace
P9,R22,NFR2,trace
P9,R22,NFR3,trace
P9,R22,NFR4,trace
P9,R22,NFR5,trace
P9,R22,NFR6,trace
P9,R22,NFR7,trace
P9,R22,NFR8,trace
P9,R23,NFR1,anti_trace
P9,R23,NFR2,trace
P9,R23,NFR3,trace
P9,R23,NFR4,anti_trace
P9,R23,NFR5,trace
P9,R23,NFR6,trace
P9,R23,NFR7,trace
P9,R23,NFR8,trace
P9,R24,NFR1,anti_trace
P9,R24,NFR2,trace
P9,R24,NFR3,trace
P9,R24,NFR4,trace
P9,R24,NFR5,trace
P9,R24,NFR6,trace
P9,R24,NFR7,trace
P9,R24,NFR8,trace
