source_package,target_package
org.apache.lucene,org.apache.lucene.analysis
org.apache.lucene,org.apache.lucene.analysis.standard
org.apache.lucene,org.apache.lucene.codecs
org.apache.lucene,org.apache.lucene.document
org.apache.lucene,org.apache.lucene.index
org.apache.lucene,org.apache.lucene.search
org.apache.lucene,org.apache.lucene.store
org.apache.lucene,org.apache.lucene.tests.analysis
org.apache.lucene,org.apache.lucene.tests.codecs.asserting
org.apache.lucene,org.apache.lucene.tests.store
org.apache.lucene,org.apache.lucene.tests.util
org.apache.lucene,org.apache.lucene.util
org.apache.lucene.analysis,org.apache.lucene.analysis.standard
org.apache.lucene.analysis,org.apache.lucene.analysis.tokenattributes
org.apache.lucene.analysis,org.apache.lucene.document
org.apache.lucene.analysis,org.apache.lucene.index
org.apache.lucene.analysis,org.apache.lucene.internal.hppc
org.apache.lucene.analysis,org.apache.lucene.search
org.apache.lucene.analysis,org.apache.lucene.store
org.apache.lucene.analysis,org.apache.lucene.tests.analysis
org.apache.lucene.analysis,org.apache.lucene.tests.index
org.apache.lucene.analysis,org.apache.lucene.tests.util
org.apache.lucene.analysis,org.apache.lucene.tests.util.automaton
org.apache.lucene.analysis,org.apache.lucene.util
org.apache.lucene.analysis,org.apache.lucene.util.automaton
org.apache.lucene.analysis,org.apache.lucene.util.fst
org.apache.lucene.analysis.ar,org.apache.lucene.analysis
org.apache.lucene.analysis.ar,org.apache.lucene.analysis.core
org.apache.lucene.analysis.ar,org.apache.lucene.analysis.miscellaneous
org.apache.lucene.analysis.ar,org.apache.lucene.analysis.standard
org.apache.lucene.analysis.ar,org.apache.lucene.analysis.tokenattributes
org.apache.lucene.analysis.ar,org.apache.lucene.tests.analysis
org.apache.lucene.analysis.ar,org.apache.lucene.util
org.apache.lucene.analysis.bg,org.apache.lucene.analysis
org.apache.lucene.analysis.bg,org.apache.lucene.analysis.core
org.apache.lucene.analysis.bg,org.apache.lucene.analysis.miscellaneous
org.apache.lucene.analysis.bg,org.apache.lucene.analysis.standard
org.apache.lucene.analysis.bg,org.apache.lucene.analysis.tokenattributes
org.apache.lucene.analysis.bg,org.apache.lucene.tests.analysis
org.apache.lucene.analysis.bg,org.apache.lucene.util
org.apache.lucene.analysis.bn,org.apache.lucene.analysis
org.apache.lucene.analysis.bn,org.apache.lucene.analysis.core
org.apache.lucene.analysis.bn,org.apache.lucene.analysis.in
org.apache.lucene.analysis.bn,org.apache.lucene.analysis.miscellaneous
org.apache.lucene.analysis.bn,org.apache.lucene.analysis.standard
org.apache.lucene.analysis.bn,org.apache.lucene.analysis.tokenattributes
org.apache.lucene.analysis.bn,org.apache.lucene.tests.analysis
org.apache.lucene.analysis.bn,org.apache.lucene.tests.util
org.apache.lucene.analysis.bn,org.apache.lucene.util
org.apache.lucene.analysis.boost,org.apache.lucene.analysis
org.apache.lucene.analysis.boost,org.apache.lucene.analysis.tokenattributes
org.apache.lucene.analysis.boost,org.apache.lucene.search
org.apache.lucene.analysis.boost,org.apache.lucene.tests.analysis
org.apache.lucene.analysis.boost,org.apache.lucene.util
org.apache.lucene.analysis.br,org.apache.lucene.analysis
org.apache.lucene.analysis.br,org.apache.lucene.analysis.core
org.apache.lucene.analysis.br,org.apache.lucene.analysis.miscellaneous
org.apache.lucene.analysis.br,org.apache.lucene.analysis.standard
org.apache.lucene.analysis.br,org.apache.lucene.analysis.tokenattributes
org.apache.lucene.analysis.br,org.apache.lucene.tests.analysis
org.apache.lucene.analysis.br,org.apache.lucene.util
org.apache.lucene.analysis.ca,org.apache.lucene.analysis
org.apache.lucene.analysis.ca,org.apache.lucene.analysis.miscellaneous
org.apache.lucene.analysis.ca,org.apache.lucene.analysis.snowball
org.apache.lucene.analysis.ca,org.apache.lucene.analysis.standard
org.apache.lucene.analysis.ca,org.apache.lucene.analysis.util
org.apache.lucene.analysis.ca,org.apache.lucene.tests.analysis
org.apache.lucene.analysis.ca,org.apache.lucene.util
org.apache.lucene.analysis.ca,org.tartarus.snowball.ext
org.apache.lucene.analysis.charfilter,org.apache.lucene.analysis
org.apache.lucene.analysis.charfilter,org.apache.lucene.analysis.util
org.apache.lucene.analysis.charfilter,org.apache.lucene.index
org.apache.lucene.analysis.charfilter,org.apache.lucene.internal.hppc
org.apache.lucene.analysis.charfilter,org.apache.lucene.tests.analysis
org.apache.lucene.analysis.charfilter,org.apache.lucene.tests.util
org.apache.lucene.analysis.charfilter,org.apache.lucene.util
org.apache.lucene.analysis.charfilter,org.apache.lucene.util.fst
org.apache.lucene.analysis.cjk,org.apache.lucene.analysis
org.apache.lucene.analysis.cjk,org.apache.lucene.analysis.charfilter
org.apache.lucene.analysis.cjk,org.apache.lucene.analysis.core
org.apache.lucene.analysis.cjk,org.apache.lucene.analysis.standard
org.apache.lucene.analysis.cjk,org.apache.lucene.analysis.tokenattributes
org.apache.lucene.analysis.cjk,org.apache.lucene.analysis.util
org.apache.lucene.analysis.cjk,org.apache.lucene.tests.analysis
org.apache.lucene.analysis.cjk,org.apache.lucene.util
org.apache.lucene.analysis.ckb,org.apache.lucene.analysis
org.apache.lucene.analysis.ckb,org.apache.lucene.analysis.core
org.apache.lucene.analysis.ckb,org.apache.lucene.analysis.miscellaneous
org.apache.lucene.analysis.ckb,org.apache.lucene.analysis.standard
org.apache.lucene.analysis.ckb,org.apache.lucene.analysis.tokenattributes
org.apache.lucene.analysis.ckb,org.apache.lucene.tests.analysis
org.apache.lucene.analysis.ckb,org.apache.lucene.util
org.apache.lucene.analysis.classic,org.apache.lucene.analysis
org.apache.lucene.analysis.classic,org.apache.lucene.analysis.en
org.apache.lucene.analysis.classic,org.apache.lucene.analysis.standard
org.apache.lucene.analysis.classic,org.apache.lucene.analysis.tokenattributes
org.apache.lucene.analysis.classic,org.apache.lucene.document
org.apache.lucene.analysis.classic,org.apache.lucene.index
org.apache.lucene.analysis.classic,org.apache.lucene.search
org.apache.lucene.analysis.classic,org.apache.lucene.store
org.apache.lucene.analysis.classic,org.apache.lucene.tests.analysis
org.apache.lucene.analysis.classic,org.apache.lucene.util
org.apache.lucene.analysis.cn.smart,org.apache.lucene.analysis
org.apache.lucene.analysis.cn.smart,org.apache.lucene.analysis.cn.smart.hhmm
org.apache.lucene.analysis.cn.smart,org.apache.lucene.analysis.en
org.apache.lucene.analysis.cn.smart,org.apache.lucene.analysis.tokenattributes
org.apache.lucene.analysis.cn.smart,org.apache.lucene.analysis.util
org.apache.lucene.analysis.cn.smart,org.apache.lucene.tests.analysis
org.apache.lucene.analysis.cn.smart,org.apache.lucene.util
org.apache.lucene.analysis.cn.smart.hhmm,org.apache.lucene.analysis.cn.smart
org.apache.lucene.analysis.cn.smart.hhmm,org.apache.lucene.internal.hppc
org.apache.lucene.analysis.cn.smart.hhmm,org.apache.lucene.util
org.apache.lucene.analysis.commongrams,org.apache.lucene.analysis
org.apache.lucene.analysis.commongrams,org.apache.lucene.analysis.core
org.apache.lucene.analysis.commongrams,org.apache.lucene.analysis.en
org.apache.lucene.analysis.commongrams,org.apache.lucene.analysis.tokenattributes
org.apache.lucene.analysis.commongrams,org.apache.lucene.tests.analysis
org.apache.lucene.analysis.commongrams,org.apache.lucene.util
org.apache.lucene.analysis.compound,org.apache.lucene.analysis
org.apache.lucene.analysis.compound,org.apache.lucene.analysis.charfilter
org.apache.lucene.analysis.compound,org.apache.lucene.analysis.compound.hyphenation
org.apache.lucene.analysis.compound,org.apache.lucene.analysis.core
org.apache.lucene.analysis.compound,org.apache.lucene.analysis.tokenattributes
org.apache.lucene.analysis.compound,org.apache.lucene.tests.analysis
org.apache.lucene.analysis.compound,org.apache.lucene.util
org.apache.lucene.analysis.compound.hyphenation,org.apache.lucene.tests.util
org.apache.lucene.analysis.core,org.apache.lucene.analysis
org.apache.lucene.analysis.core,org.apache.lucene.analysis.boost
org.apache.lucene.analysis.core,org.apache.lucene.analysis.en
org.apache.lucene.analysis.core,org.apache.lucene.analysis.miscellaneous
org.apache.lucene.analysis.core,org.apache.lucene.analysis.standard
org.apache.lucene.analysis.core,org.apache.lucene.analysis.synonym
org.apache.lucene.analysis.core,org.apache.lucene.analysis.tokenattributes
org.apache.lucene.analysis.core,org.apache.lucene.analysis.util
org.apache.lucene.analysis.core,org.apache.lucene.document
org.apache.lucene.analysis.core,org.apache.lucene.index
org.apache.lucene.analysis.core,org.apache.lucene.internal.hppc
org.apache.lucene.analysis.core,org.apache.lucene.search
org.apache.lucene.analysis.core,org.apache.lucene.store
org.apache.lucene.analysis.core,org.apache.lucene.tests.analysis
org.apache.lucene.analysis.core,org.apache.lucene.tests.util
org.apache.lucene.analysis.core,org.apache.lucene.util
org.apache.lucene.analysis.core,org.apache.lucene.util.automaton
org.apache.lucene.analysis.custom,org.apache.lucene.analysis
org.apache.lucene.analysis.custom,org.apache.lucene.analysis.charfilter
org.apache.lucene.analysis.custom,org.apache.lucene.analysis.classic
org.apache.lucene.analysis.custom,org.apache.lucene.analysis.core
org.apache.lucene.analysis.custom,org.apache.lucene.analysis.miscellaneous
org.apache.lucene.analysis.custom,org.apache.lucene.analysis.reverse
org.apache.lucene.analysis.custom,org.apache.lucene.analysis.standard
org.apache.lucene.analysis.custom,org.apache.lucene.analysis.tokenattributes
org.apache.lucene.analysis.custom,org.apache.lucene.analysis.util
org.apache.lucene.analysis.custom,org.apache.lucene.tests.analysis
org.apache.lucene.analysis.custom,org.apache.lucene.util
org.apache.lucene.analysis.cz,org.apache.lucene.analysis
org.apache.lucene.analysis.cz,org.apache.lucene.analysis.core
org.apache.lucene.analysis.cz,org.apache.lucene.analysis.miscellaneous
org.apache.lucene.analysis.cz,org.apache.lucene.analysis.standard
org.apache.lucene.analysis.cz,org.apache.lucene.analysis.tokenattributes
org.apache.lucene.analysis.cz,org.apache.lucene.tests.analysis
org.apache.lucene.analysis.cz,org.apache.lucene.util
org.apache.lucene.analysis.da,org.apache.lucene.analysis
org.apache.lucene.analysis.da,org.apache.lucene.analysis.miscellaneous
org.apache.lucene.analysis.da,org.apache.lucene.analysis.snowball
org.apache.lucene.analysis.da,org.apache.lucene.analysis.standard
org.apache.lucene.analysis.da,org.apache.lucene.tests.analysis
org.apache.lucene.analysis.da,org.apache.lucene.util
org.apache.lucene.analysis.da,org.tartarus.snowball.ext
org.apache.lucene.analysis.de,org.apache.lucene.analysis
org.apache.lucene.analysis.de,org.apache.lucene.analysis.core
org.apache.lucene.analysis.de,org.apache.lucene.analysis.miscellaneous
org.apache.lucene.analysis.de,org.apache.lucene.analysis.snowball
org.apache.lucene.analysis.de,org.apache.lucene.analysis.standard
org.apache.lucene.analysis.de,org.apache.lucene.analysis.tokenattributes
org.apache.lucene.analysis.de,org.apache.lucene.analysis.util
org.apache.lucene.analysis.de,org.apache.lucene.tests.analysis
org.apache.lucene.analysis.de,org.apache.lucene.util
org.apache.lucene.analysis.el,org.apache.lucene.analysis
org.apache.lucene.analysis.el,org.apache.lucene.analysis.core
org.apache.lucene.analysis.el,org.apache.lucene.analysis.miscellaneous
org.apache.lucene.analysis.el,org.apache.lucene.analysis.standard
org.apache.lucene.analysis.el,org.apache.lucene.analysis.tokenattributes
org.apache.lucene.analysis.el,org.apache.lucene.tests.analysis
org.apache.lucene.analysis.el,org.apache.lucene.util
org.apache.lucene.analysis.email,org.apache.lucene.analysis
org.apache.lucene.analysis.email,org.apache.lucene.analysis.en
org.apache.lucene.analysis.email,org.apache.lucene.analysis.standard
org.apache.lucene.analysis.email,org.apache.lucene.analysis.tokenattributes
org.apache.lucene.analysis.email,org.apache.lucene.tests.analysis
org.apache.lucene.analysis.email,org.apache.lucene.tests.analysis.standard
org.apache.lucene.analysis.email,org.apache.lucene.tests.util
org.apache.lucene.analysis.email,org.apache.lucene.util
org.apache.lucene.analysis.en,org.apache.lucene.analysis
org.apache.lucene.analysis.en,org.apache.lucene.analysis.core
org.apache.lucene.analysis.en,org.apache.lucene.analysis.miscellaneous
org.apache.lucene.analysis.en,org.apache.lucene.analysis.standard
org.apache.lucene.analysis.en,org.apache.lucene.analysis.tokenattributes
org.apache.lucene.analysis.en,org.apache.lucene.analysis.util
org.apache.lucene.analysis.en,org.apache.lucene.tests.analysis
org.apache.lucene.analysis.en,org.apache.lucene.util
org.apache.lucene.analysis.es,org.apache.lucene.analysis
org.apache.lucene.analysis.es,org.apache.lucene.analysis.core
org.apache.lucene.analysis.es,org.apache.lucene.analysis.en
org.apache.lucene.analysis.es,org.apache.lucene.analysis.miscellaneous
org.apache.lucene.analysis.es,org.apache.lucene.analysis.snowball
org.apache.lucene.analysis.es,org.apache.lucene.analysis.standard
org.apache.lucene.analysis.es,org.apache.lucene.analysis.tokenattributes
org.apache.lucene.analysis.es,org.apache.lucene.tests.analysis
org.apache.lucene.analysis.es,org.apache.lucene.util
org.apache.lucene.analysis.et,org.apache.lucene.analysis
org.apache.lucene.analysis.et,org.apache.lucene.analysis.miscellaneous
org.apache.lucene.analysis.et,org.apache.lucene.analysis.snowball
org.apache.lucene.analysis.et,org.apache.lucene.analysis.standard
org.apache.lucene.analysis.et,org.apache.lucene.tests.analysis
org.apache.lucene.analysis.et,org.apache.lucene.util
org.apache.lucene.analysis.et,org.tartarus.snowball.ext
org.apache.lucene.analysis.eu,org.apache.lucene.analysis
org.apache.lucene.analysis.eu,org.apache.lucene.analysis.miscellaneous
org.apache.lucene.analysis.eu,org.apache.lucene.analysis.snowball
org.apache.lucene.analysis.eu,org.apache.lucene.analysis.standard
org.apache.lucene.analysis.eu,org.apache.lucene.tests.analysis
org.apache.lucene.analysis.eu,org.apache.lucene.util
org.apache.lucene.analysis.eu,org.tartarus.snowball.ext
org.apache.lucene.analysis.fa,org.apache.lucene.analysis
org.apache.lucene.analysis.fa,org.apache.lucene.analysis.ar
org.apache.lucene.analysis.fa,org.apache.lucene.analysis.core
org.apache.lucene.analysis.fa,org.apache.lucene.analysis.miscellaneous
org.apache.lucene.analysis.fa,org.apache.lucene.analysis.standard
org.apache.lucene.analysis.fa,org.apache.lucene.analysis.tokenattributes
org.apache.lucene.analysis.fa,org.apache.lucene.tests.analysis
org.apache.lucene.analysis.fa,org.apache.lucene.util
org.apache.lucene.analysis.fi,org.apache.lucene.analysis
org.apache.lucene.analysis.fi,org.apache.lucene.analysis.core
org.apache.lucene.analysis.fi,org.apache.lucene.analysis.miscellaneous
org.apache.lucene.analysis.fi,org.apache.lucene.analysis.snowball
org.apache.lucene.analysis.fi,org.apache.lucene.analysis.standard
org.apache.lucene.analysis.fi,org.apache.lucene.analysis.tokenattributes
org.apache.lucene.analysis.fi,org.apache.lucene.tests.analysis
org.apache.lucene.analysis.fi,org.apache.lucene.util
org.apache.lucene.analysis.fi,org.tartarus.snowball.ext
org.apache.lucene.analysis.fr,org.apache.lucene.analysis
org.apache.lucene.analysis.fr,org.apache.lucene.analysis.core
org.apache.lucene.analysis.fr,org.apache.lucene.analysis.miscellaneous
org.apache.lucene.analysis.fr,org.apache.lucene.analysis.snowball
org.apache.lucene.analysis.fr,org.apache.lucene.analysis.standard
org.apache.lucene.analysis.fr,org.apache.lucene.analysis.tokenattributes
org.apache.lucene.analysis.fr,org.apache.lucene.analysis.util
org.apache.lucene.analysis.fr,org.apache.lucene.tests.analysis
org.apache.lucene.analysis.fr,org.apache.lucene.util
org.apache.lucene.analysis.ga,org.apache.lucene.analysis
org.apache.lucene.analysis.ga,org.apache.lucene.analysis.core
org.apache.lucene.analysis.ga,org.apache.lucene.analysis.miscellaneous
org.apache.lucene.analysis.ga,org.apache.lucene.analysis.snowball
org.apache.lucene.analysis.ga,org.apache.lucene.analysis.standard
org.apache.lucene.analysis.ga,org.apache.lucene.analysis.tokenattributes
org.apache.lucene.analysis.ga,org.apache.lucene.analysis.util
org.apache.lucene.analysis.ga,org.apache.lucene.tests.analysis
org.apache.lucene.analysis.ga,org.apache.lucene.util
org.apache.lucene.analysis.ga,org.tartarus.snowball.ext
org.apache.lucene.analysis.gl,org.apache.lucene.analysis
org.apache.lucene.analysis.gl,org.apache.lucene.analysis.core
org.apache.lucene.analysis.gl,org.apache.lucene.analysis.miscellaneous
org.apache.lucene.analysis.gl,org.apache.lucene.analysis.pt
org.apache.lucene.analysis.gl,org.apache.lucene.analysis.standard
org.apache.lucene.analysis.gl,org.apache.lucene.analysis.tokenattributes
org.apache.lucene.analysis.gl,org.apache.lucene.tests.analysis
org.apache.lucene.analysis.gl,org.apache.lucene.util
org.apache.lucene.analysis.hi,org.apache.lucene.analysis
org.apache.lucene.analysis.hi,org.apache.lucene.analysis.core
org.apache.lucene.analysis.hi,org.apache.lucene.analysis.in
org.apache.lucene.analysis.hi,org.apache.lucene.analysis.miscellaneous
org.apache.lucene.analysis.hi,org.apache.lucene.analysis.standard
org.apache.lucene.analysis.hi,org.apache.lucene.analysis.tokenattributes
org.apache.lucene.analysis.hi,org.apache.lucene.tests.analysis
org.apache.lucene.analysis.hi,org.apache.lucene.util
org.apache.lucene.analysis.hu,org.apache.lucene.analysis
org.apache.lucene.analysis.hu,org.apache.lucene.analysis.core
org.apache.lucene.analysis.hu,org.apache.lucene.analysis.miscellaneous
org.apache.lucene.analysis.hu,org.apache.lucene.analysis.snowball
org.apache.lucene.analysis.hu,org.apache.lucene.analysis.standard
org.apache.lucene.analysis.hu,org.apache.lucene.analysis.tokenattributes
org.apache.lucene.analysis.hu,org.apache.lucene.tests.analysis
org.apache.lucene.analysis.hu,org.apache.lucene.util
org.apache.lucene.analysis.hu,org.tartarus.snowball.ext
org.apache.lucene.analysis.hunspell,org.apache.lucene.analysis
org.apache.lucene.analysis.hunspell,org.apache.lucene.analysis.core
org.apache.lucene.analysis.hunspell,org.apache.lucene.analysis.miscellaneous
org.apache.lucene.analysis.hunspell,org.apache.lucene.analysis.tokenattributes
org.apache.lucene.analysis.hunspell,org.apache.lucene.codecs
org.apache.lucene.analysis.hunspell,org.apache.lucene.internal.hppc
org.apache.lucene.analysis.hunspell,org.apache.lucene.store
org.apache.lucene.analysis.hunspell,org.apache.lucene.tests.analysis
org.apache.lucene.analysis.hunspell,org.apache.lucene.tests.util
org.apache.lucene.analysis.hunspell,org.apache.lucene.util
org.apache.lucene.analysis.hunspell,org.apache.lucene.util.automaton
org.apache.lucene.analysis.hunspell,org.apache.lucene.util.fst
org.apache.lucene.analysis.hy,org.apache.lucene.analysis
org.apache.lucene.analysis.hy,org.apache.lucene.analysis.miscellaneous
org.apache.lucene.analysis.hy,org.apache.lucene.analysis.snowball
org.apache.lucene.analysis.hy,org.apache.lucene.analysis.standard
org.apache.lucene.analysis.hy,org.apache.lucene.tests.analysis
org.apache.lucene.analysis.hy,org.apache.lucene.util
org.apache.lucene.analysis.hy,org.tartarus.snowball.ext
org.apache.lucene.analysis.icu,org.apache.lucene.analysis
org.apache.lucene.analysis.icu,org.apache.lucene.analysis.charfilter
org.apache.lucene.analysis.icu,org.apache.lucene.analysis.core
org.apache.lucene.analysis.icu,org.apache.lucene.analysis.icu.tokenattributes
org.apache.lucene.analysis.icu,org.apache.lucene.analysis.ngram
org.apache.lucene.analysis.icu,org.apache.lucene.analysis.tokenattributes
org.apache.lucene.analysis.icu,org.apache.lucene.collation
org.apache.lucene.analysis.icu,org.apache.lucene.document
org.apache.lucene.analysis.icu,org.apache.lucene.index
org.apache.lucene.analysis.icu,org.apache.lucene.search
org.apache.lucene.analysis.icu,org.apache.lucene.store
org.apache.lucene.analysis.icu,org.apache.lucene.tests.analysis
org.apache.lucene.analysis.icu,org.apache.lucene.tests.index
org.apache.lucene.analysis.icu,org.apache.lucene.tests.util
org.apache.lucene.analysis.icu,org.apache.lucene.util
org.apache.lucene.analysis.icu.segmentation,org.apache.lucene.analysis
org.apache.lucene.analysis.icu.segmentation,org.apache.lucene.analysis.cjk
org.apache.lucene.analysis.icu.segmentation,org.apache.lucene.analysis.icu
org.apache.lucene.analysis.icu.segmentation,org.apache.lucene.analysis.icu.tokenattributes
org.apache.lucene.analysis.icu.segmentation,org.apache.lucene.analysis.standard
org.apache.lucene.analysis.icu.segmentation,org.apache.lucene.analysis.tokenattributes
org.apache.lucene.analysis.icu.segmentation,org.apache.lucene.internal.hppc
org.apache.lucene.analysis.icu.segmentation,org.apache.lucene.tests.analysis
org.apache.lucene.analysis.icu.segmentation,org.apache.lucene.tests.util
org.apache.lucene.analysis.icu.segmentation,org.apache.lucene.util
org.apache.lucene.analysis.icu.tokenattributes,org.apache.lucene.analysis.tokenattributes
org.apache.lucene.analysis.icu.tokenattributes,org.apache.lucene.util
org.apache.lucene.analysis.id,org.apache.lucene.analysis
org.apache.lucene.analysis.id,org.apache.lucene.analysis.core
org.apache.lucene.analysis.id,org.apache.lucene.analysis.miscellaneous
org.apache.lucene.analysis.id,org.apache.lucene.analysis.standard
org.apache.lucene.analysis.id,org.apache.lucene.analysis.tokenattributes
org.apache.lucene.analysis.id,org.apache.lucene.tests.analysis
org.apache.lucene.analysis.id,org.apache.lucene.util
org.apache.lucene.analysis.in,org.apache.lucene.analysis
org.apache.lucene.analysis.in,org.apache.lucene.analysis.core
org.apache.lucene.analysis.in,org.apache.lucene.analysis.tokenattributes
org.apache.lucene.analysis.in,org.apache.lucene.tests.analysis
org.apache.lucene.analysis.it,org.apache.lucene.analysis
org.apache.lucene.analysis.it,org.apache.lucene.analysis.core
org.apache.lucene.analysis.it,org.apache.lucene.analysis.miscellaneous
org.apache.lucene.analysis.it,org.apache.lucene.analysis.snowball
org.apache.lucene.analysis.it,org.apache.lucene.analysis.standard
org.apache.lucene.analysis.it,org.apache.lucene.analysis.tokenattributes
org.apache.lucene.analysis.it,org.apache.lucene.analysis.util
org.apache.lucene.analysis.it,org.apache.lucene.tests.analysis
org.apache.lucene.analysis.it,org.apache.lucene.util
org.apache.lucene.analysis.ja,org.apache.lucene.analysis
org.apache.lucene.analysis.ja,org.apache.lucene.analysis.boost
org.apache.lucene.analysis.ja,org.apache.lucene.analysis.cjk
org.apache.lucene.analysis.ja,org.apache.lucene.analysis.core
org.apache.lucene.analysis.ja,org.apache.lucene.analysis.ja.completion
org.apache.lucene.analysis.ja,org.apache.lucene.analysis.ja.dict
org.apache.lucene.analysis.ja,org.apache.lucene.analysis.ja.tokenattributes
org.apache.lucene.analysis.ja,org.apache.lucene.analysis.miscellaneous
org.apache.lucene.analysis.ja,org.apache.lucene.analysis.morph
org.apache.lucene.analysis.ja,org.apache.lucene.analysis.tokenattributes
org.apache.lucene.analysis.ja,org.apache.lucene.analysis.util
org.apache.lucene.analysis.ja,org.apache.lucene.internal.hppc
org.apache.lucene.analysis.ja,org.apache.lucene.tests.analysis
org.apache.lucene.analysis.ja,org.apache.lucene.tests.util
org.apache.lucene.analysis.ja,org.apache.lucene.util
org.apache.lucene.analysis.ja,org.apache.lucene.util.fst
org.apache.lucene.analysis.ja.completion,org.apache.lucene.tests.util
org.apache.lucene.analysis.ja.completion,org.apache.lucene.util
org.apache.lucene.analysis.ja.dict,org.apache.lucene.analysis.ja
org.apache.lucene.analysis.ja.dict,org.apache.lucene.analysis.morph
org.apache.lucene.analysis.ja.dict,org.apache.lucene.analysis.util
org.apache.lucene.analysis.ja.dict,org.apache.lucene.codecs
org.apache.lucene.analysis.ja.dict,org.apache.lucene.store
org.apache.lucene.analysis.ja.dict,org.apache.lucene.tests.util
org.apache.lucene.analysis.ja.dict,org.apache.lucene.util
org.apache.lucene.analysis.ja.dict,org.apache.lucene.util.fst
org.apache.lucene.analysis.ja.tokenattributes,org.apache.lucene.analysis.ja
org.apache.lucene.analysis.ja.tokenattributes,org.apache.lucene.analysis.ja.dict
org.apache.lucene.analysis.ja.tokenattributes,org.apache.lucene.util
org.apache.lucene.analysis.ko,org.apache.lucene.analysis
org.apache.lucene.analysis.ko,org.apache.lucene.analysis.charfilter
org.apache.lucene.analysis.ko,org.apache.lucene.analysis.core
org.apache.lucene.analysis.ko,org.apache.lucene.analysis.ko.dict
org.apache.lucene.analysis.ko,org.apache.lucene.analysis.ko.tokenattributes
org.apache.lucene.analysis.ko,org.apache.lucene.analysis.miscellaneous
org.apache.lucene.analysis.ko,org.apache.lucene.analysis.morph
org.apache.lucene.analysis.ko,org.apache.lucene.analysis.tokenattributes
org.apache.lucene.analysis.ko,org.apache.lucene.tests.analysis
org.apache.lucene.analysis.ko,org.apache.lucene.tests.util
org.apache.lucene.analysis.ko,org.apache.lucene.util
org.apache.lucene.analysis.ko,org.apache.lucene.util.fst
org.apache.lucene.analysis.ko.dict,org.apache.lucene.analysis.ko
org.apache.lucene.analysis.ko.dict,org.apache.lucene.analysis.morph
org.apache.lucene.analysis.ko.dict,org.apache.lucene.analysis.util
org.apache.lucene.analysis.ko.dict,org.apache.lucene.codecs
org.apache.lucene.analysis.ko.dict,org.apache.lucene.store
org.apache.lucene.analysis.ko.dict,org.apache.lucene.tests.util
org.apache.lucene.analysis.ko.dict,org.apache.lucene.util
org.apache.lucene.analysis.ko.dict,org.apache.lucene.util.fst
org.apache.lucene.analysis.ko.tokenattributes,org.apache.lucene.analysis.ko
org.apache.lucene.analysis.ko.tokenattributes,org.apache.lucene.analysis.ko.dict
org.apache.lucene.analysis.ko.tokenattributes,org.apache.lucene.util
org.apache.lucene.analysis.lt,org.apache.lucene.analysis
org.apache.lucene.analysis.lt,org.apache.lucene.analysis.miscellaneous
org.apache.lucene.analysis.lt,org.apache.lucene.analysis.snowball
org.apache.lucene.analysis.lt,org.apache.lucene.analysis.standard
org.apache.lucene.analysis.lt,org.apache.lucene.tests.analysis
org.apache.lucene.analysis.lt,org.apache.lucene.util
org.apache.lucene.analysis.lt,org.tartarus.snowball.ext
org.apache.lucene.analysis.lv,org.apache.lucene.analysis
org.apache.lucene.analysis.lv,org.apache.lucene.analysis.core
org.apache.lucene.analysis.lv,org.apache.lucene.analysis.miscellaneous
org.apache.lucene.analysis.lv,org.apache.lucene.analysis.standard
org.apache.lucene.analysis.lv,org.apache.lucene.analysis.tokenattributes
org.apache.lucene.analysis.lv,org.apache.lucene.tests.analysis
org.apache.lucene.analysis.lv,org.apache.lucene.util
org.apache.lucene.analysis.minhash,org.apache.lucene.analysis
org.apache.lucene.analysis.minhash,org.apache.lucene.analysis.tokenattributes
org.apache.lucene.analysis.minhash,org.apache.lucene.tests.analysis
org.apache.lucene.analysis.minhash,org.apache.lucene.util
org.apache.lucene.analysis.minhash,org.apache.lucene.util.automaton
org.apache.lucene.analysis.miscellaneous,org.apache.lucene.analysis
org.apache.lucene.analysis.miscellaneous,org.apache.lucene.analysis.classic
org.apache.lucene.analysis.miscellaneous,org.apache.lucene.analysis.core
org.apache.lucene.analysis.miscellaneous,org.apache.lucene.analysis.de
org.apache.lucene.analysis.miscellaneous,org.apache.lucene.analysis.en
org.apache.lucene.analysis.miscellaneous,org.apache.lucene.analysis.in
org.apache.lucene.analysis.miscellaneous,org.apache.lucene.analysis.ngram
org.apache.lucene.analysis.miscellaneous,org.apache.lucene.analysis.shingle
org.apache.lucene.analysis.miscellaneous,org.apache.lucene.analysis.snowball
org.apache.lucene.analysis.miscellaneous,org.apache.lucene.analysis.standard
org.apache.lucene.analysis.miscellaneous,org.apache.lucene.analysis.synonym
org.apache.lucene.analysis.miscellaneous,org.apache.lucene.analysis.tokenattributes
org.apache.lucene.analysis.miscellaneous,org.apache.lucene.analysis.util
org.apache.lucene.analysis.miscellaneous,org.apache.lucene.document
org.apache.lucene.analysis.miscellaneous,org.apache.lucene.index
org.apache.lucene.analysis.miscellaneous,org.apache.lucene.search
org.apache.lucene.analysis.miscellaneous,org.apache.lucene.store
org.apache.lucene.analysis.miscellaneous,org.apache.lucene.tests.analysis
org.apache.lucene.analysis.miscellaneous,org.apache.lucene.tests.util
org.apache.lucene.analysis.miscellaneous,org.apache.lucene.util
org.apache.lucene.analysis.miscellaneous,org.apache.lucene.util.automaton
org.apache.lucene.analysis.miscellaneous,org.apache.lucene.util.fst
org.apache.lucene.analysis.morfologik,org.apache.lucene.analysis
org.apache.lucene.analysis.morfologik,org.apache.lucene.analysis.miscellaneous
org.apache.lucene.analysis.morfologik,org.apache.lucene.analysis.standard
org.apache.lucene.analysis.morfologik,org.apache.lucene.analysis.tokenattributes
org.apache.lucene.analysis.morfologik,org.apache.lucene.tests.analysis
org.apache.lucene.analysis.morfologik,org.apache.lucene.util
org.apache.lucene.analysis.morfologik.tests,org.apache.lucene.analysis.morfologik
org.apache.lucene.analysis.morfologik.tests,org.apache.lucene.analysis.uk
org.apache.lucene.analysis.morfologik.tests,org.apache.lucene.index
org.apache.lucene.analysis.morfologik.tests,org.apache.lucene.tests.util
org.apache.lucene.analysis.morph,org.apache.lucene.analysis.util
org.apache.lucene.analysis.morph,org.apache.lucene.codecs
org.apache.lucene.analysis.morph,org.apache.lucene.internal.hppc
org.apache.lucene.analysis.morph,org.apache.lucene.store
org.apache.lucene.analysis.morph,org.apache.lucene.util
org.apache.lucene.analysis.morph,org.apache.lucene.util.fst
org.apache.lucene.analysis.ne,org.apache.lucene.analysis
org.apache.lucene.analysis.ne,org.apache.lucene.analysis.core
org.apache.lucene.analysis.ne,org.apache.lucene.analysis.in
org.apache.lucene.analysis.ne,org.apache.lucene.analysis.miscellaneous
org.apache.lucene.analysis.ne,org.apache.lucene.analysis.snowball
org.apache.lucene.analysis.ne,org.apache.lucene.analysis.standard
org.apache.lucene.analysis.ne,org.apache.lucene.tests.analysis
org.apache.lucene.analysis.ne,org.apache.lucene.util
org.apache.lucene.analysis.ne,org.tartarus.snowball.ext
org.apache.lucene.analysis.ngram,org.apache.lucene.analysis
org.apache.lucene.analysis.ngram,org.apache.lucene.analysis.core
org.apache.lucene.analysis.ngram,org.apache.lucene.analysis.miscellaneous
org.apache.lucene.analysis.ngram,org.apache.lucene.analysis.payloads
org.apache.lucene.analysis.ngram,org.apache.lucene.analysis.shingle
org.apache.lucene.analysis.ngram,org.apache.lucene.analysis.tokenattributes
org.apache.lucene.analysis.ngram,org.apache.lucene.tests.analysis
org.apache.lucene.analysis.ngram,org.apache.lucene.tests.util
org.apache.lucene.analysis.ngram,org.apache.lucene.util
org.apache.lucene.analysis.nl,org.apache.lucene.analysis
org.apache.lucene.analysis.nl,org.apache.lucene.analysis.miscellaneous
org.apache.lucene.analysis.nl,org.apache.lucene.analysis.snowball
org.apache.lucene.analysis.nl,org.apache.lucene.analysis.standard
org.apache.lucene.analysis.nl,org.apache.lucene.tests.analysis
org.apache.lucene.analysis.nl,org.apache.lucene.util
org.apache.lucene.analysis.no,org.apache.lucene.analysis
org.apache.lucene.analysis.no,org.apache.lucene.analysis.core
org.apache.lucene.analysis.no,org.apache.lucene.analysis.miscellaneous
org.apache.lucene.analysis.no,org.apache.lucene.analysis.snowball
org.apache.lucene.analysis.no,org.apache.lucene.analysis.standard
org.apache.lucene.analysis.no,org.apache.lucene.analysis.tokenattributes
org.apache.lucene.analysis.no,org.apache.lucene.tests.analysis
org.apache.lucene.analysis.no,org.apache.lucene.util
org.apache.lucene.analysis.no,org.tartarus.snowball.ext
org.apache.lucene.analysis.opennlp,org.apache.lucene.analysis
org.apache.lucene.analysis.opennlp,org.apache.lucene.analysis.custom
org.apache.lucene.analysis.opennlp,org.apache.lucene.analysis.miscellaneous
org.apache.lucene.analysis.opennlp,org.apache.lucene.analysis.opennlp.tools
org.apache.lucene.analysis.opennlp,org.apache.lucene.analysis.payloads
org.apache.lucene.analysis.opennlp,org.apache.lucene.analysis.tokenattributes
org.apache.lucene.analysis.opennlp,org.apache.lucene.analysis.util
org.apache.lucene.analysis.opennlp,org.apache.lucene.tests.analysis
org.apache.lucene.analysis.opennlp,org.apache.lucene.tests.util
org.apache.lucene.analysis.opennlp,org.apache.lucene.util
org.apache.lucene.analysis.opennlp.tools,org.apache.lucene.util
org.apache.lucene.analysis.path,org.apache.lucene.analysis
org.apache.lucene.analysis.path,org.apache.lucene.analysis.charfilter
org.apache.lucene.analysis.path,org.apache.lucene.analysis.tokenattributes
org.apache.lucene.analysis.path,org.apache.lucene.internal.hppc
org.apache.lucene.analysis.path,org.apache.lucene.tests.analysis
org.apache.lucene.analysis.path,org.apache.lucene.util
org.apache.lucene.analysis.pattern,org.apache.lucene.analysis
org.apache.lucene.analysis.pattern,org.apache.lucene.analysis.charfilter
org.apache.lucene.analysis.pattern,org.apache.lucene.analysis.core
org.apache.lucene.analysis.pattern,org.apache.lucene.analysis.miscellaneous
org.apache.lucene.analysis.pattern,org.apache.lucene.analysis.tokenattributes
org.apache.lucene.analysis.pattern,org.apache.lucene.tests.analysis
org.apache.lucene.analysis.pattern,org.apache.lucene.tests.util
org.apache.lucene.analysis.pattern,org.apache.lucene.util
org.apache.lucene.analysis.pattern,org.apache.lucene.util.automaton
org.apache.lucene.analysis.payloads,org.apache.lucene.analysis
org.apache.lucene.analysis.payloads,org.apache.lucene.analysis.tokenattributes
org.apache.lucene.analysis.payloads,org.apache.lucene.tests.analysis
org.apache.lucene.analysis.payloads,org.apache.lucene.util
org.apache.lucene.analysis.phonetic,org.apache.lucene.analysis
org.apache.lucene.analysis.phonetic,org.apache.lucene.analysis.core
org.apache.lucene.analysis.phonetic,org.apache.lucene.analysis.miscellaneous
org.apache.lucene.analysis.phonetic,org.apache.lucene.analysis.tokenattributes
org.apache.lucene.analysis.phonetic,org.apache.lucene.tests.analysis
org.apache.lucene.analysis.phonetic,org.apache.lucene.tests.util
org.apache.lucene.analysis.phonetic,org.apache.lucene.util
org.apache.lucene.analysis.pl,org.apache.lucene.analysis
org.apache.lucene.analysis.pl,org.apache.lucene.analysis.miscellaneous
org.apache.lucene.analysis.pl,org.apache.lucene.analysis.snowball
org.apache.lucene.analysis.pl,org.apache.lucene.analysis.standard
org.apache.lucene.analysis.pl,org.apache.lucene.analysis.stempel
org.apache.lucene.analysis.pl,org.apache.lucene.tests.analysis
org.apache.lucene.analysis.pl,org.apache.lucene.util
org.apache.lucene.analysis.pl,org.egothor.stemmer
org.apache.lucene.analysis.pl,org.tartarus.snowball.ext
org.apache.lucene.analysis.pt,org.apache.lucene.analysis
org.apache.lucene.analysis.pt,org.apache.lucene.analysis.core
org.apache.lucene.analysis.pt,org.apache.lucene.analysis.miscellaneous
org.apache.lucene.analysis.pt,org.apache.lucene.analysis.snowball
org.apache.lucene.analysis.pt,org.apache.lucene.analysis.standard
org.apache.lucene.analysis.pt,org.apache.lucene.analysis.tokenattributes
org.apache.lucene.analysis.pt,org.apache.lucene.tests.analysis
org.apache.lucene.analysis.pt,org.apache.lucene.util
org.apache.lucene.analysis.query,org.apache.lucene.analysis
org.apache.lucene.analysis.query,org.apache.lucene.document
org.apache.lucene.analysis.query,org.apache.lucene.index
org.apache.lucene.analysis.query,org.apache.lucene.store
org.apache.lucene.analysis.query,org.apache.lucene.tests.analysis
org.apache.lucene.analysis.query,org.apache.lucene.util
org.apache.lucene.analysis.reverse,org.apache.lucene.analysis
org.apache.lucene.analysis.reverse,org.apache.lucene.analysis.core
org.apache.lucene.analysis.reverse,org.apache.lucene.analysis.tokenattributes
org.apache.lucene.analysis.reverse,org.apache.lucene.tests.analysis
org.apache.lucene.analysis.ro,org.apache.lucene.analysis
org.apache.lucene.analysis.ro,org.apache.lucene.analysis.core
org.apache.lucene.analysis.ro,org.apache.lucene.analysis.miscellaneous
org.apache.lucene.analysis.ro,org.apache.lucene.analysis.snowball
org.apache.lucene.analysis.ro,org.apache.lucene.analysis.standard
org.apache.lucene.analysis.ro,org.apache.lucene.analysis.tokenattributes
org.apache.lucene.analysis.ro,org.apache.lucene.tests.analysis
org.apache.lucene.analysis.ro,org.apache.lucene.util
org.apache.lucene.analysis.ro,org.tartarus.snowball.ext
org.apache.lucene.analysis.ru,org.apache.lucene.analysis
org.apache.lucene.analysis.ru,org.apache.lucene.analysis.core
org.apache.lucene.analysis.ru,org.apache.lucene.analysis.miscellaneous
org.apache.lucene.analysis.ru,org.apache.lucene.analysis.snowball
org.apache.lucene.analysis.ru,org.apache.lucene.analysis.standard
org.apache.lucene.analysis.ru,org.apache.lucene.analysis.tokenattributes
org.apache.lucene.analysis.ru,org.apache.lucene.tests.analysis
org.apache.lucene.analysis.ru,org.apache.lucene.util
org.apache.lucene.analysis.shingle,org.apache.lucene.analysis
org.apache.lucene.analysis.shingle,org.apache.lucene.analysis.core
org.apache.lucene.analysis.shingle,org.apache.lucene.analysis.standard
org.apache.lucene.analysis.shingle,org.apache.lucene.analysis.tokenattributes
org.apache.lucene.analysis.shingle,org.apache.lucene.document
org.apache.lucene.analysis.shingle,org.apache.lucene.index
org.apache.lucene.analysis.shingle,org.apache.lucene.search
org.apache.lucene.analysis.shingle,org.apache.lucene.store
org.apache.lucene.analysis.shingle,org.apache.lucene.tests.analysis
org.apache.lucene.analysis.shingle,org.apache.lucene.util
org.apache.lucene.analysis.shingle,org.apache.lucene.util.graph
org.apache.lucene.analysis.sinks,org.apache.lucene.analysis
org.apache.lucene.analysis.sinks,org.apache.lucene.analysis.standard
org.apache.lucene.analysis.sinks,org.apache.lucene.analysis.tokenattributes
org.apache.lucene.analysis.sinks,org.apache.lucene.document
org.apache.lucene.analysis.sinks,org.apache.lucene.index
org.apache.lucene.analysis.sinks,org.apache.lucene.search
org.apache.lucene.analysis.sinks,org.apache.lucene.store
org.apache.lucene.analysis.sinks,org.apache.lucene.tests.analysis
org.apache.lucene.analysis.sinks,org.apache.lucene.tests.util
org.apache.lucene.analysis.sinks,org.apache.lucene.util
org.apache.lucene.analysis.snowball,org.apache.lucene.analysis
org.apache.lucene.analysis.snowball,org.apache.lucene.analysis.core
org.apache.lucene.analysis.snowball,org.apache.lucene.analysis.miscellaneous
org.apache.lucene.analysis.snowball,org.apache.lucene.analysis.tokenattributes
org.apache.lucene.analysis.snowball,org.apache.lucene.analysis.tr
org.apache.lucene.analysis.snowball,org.apache.lucene.tests.analysis
org.apache.lucene.analysis.snowball,org.apache.lucene.tests.util
org.apache.lucene.analysis.snowball,org.apache.lucene.util
org.apache.lucene.analysis.snowball,org.tartarus.snowball
org.apache.lucene.analysis.snowball,org.tartarus.snowball.ext
org.apache.lucene.analysis.sr,org.apache.lucene.analysis
org.apache.lucene.analysis.sr,org.apache.lucene.analysis.core
org.apache.lucene.analysis.sr,org.apache.lucene.analysis.miscellaneous
org.apache.lucene.analysis.sr,org.apache.lucene.analysis.snowball
org.apache.lucene.analysis.sr,org.apache.lucene.analysis.standard
org.apache.lucene.analysis.sr,org.apache.lucene.analysis.tokenattributes
org.apache.lucene.analysis.sr,org.apache.lucene.tests.analysis
org.apache.lucene.analysis.sr,org.apache.lucene.util
org.apache.lucene.analysis.sr,org.tartarus.snowball.ext
org.apache.lucene.analysis.standard,org.apache.lucene.analysis
org.apache.lucene.analysis.standard,org.apache.lucene.analysis.tokenattributes
org.apache.lucene.analysis.standard,org.apache.lucene.tests.analysis
org.apache.lucene.analysis.standard,org.apache.lucene.tests.analysis.standard
org.apache.lucene.analysis.standard,org.apache.lucene.tests.util
org.apache.lucene.analysis.standard,org.apache.lucene.util
org.apache.lucene.analysis.stempel,org.apache.lucene.analysis
org.apache.lucene.analysis.stempel,org.apache.lucene.analysis.pl
org.apache.lucene.analysis.stempel,org.apache.lucene.analysis.tokenattributes
org.apache.lucene.analysis.stempel,org.apache.lucene.tests.analysis
org.apache.lucene.analysis.stempel,org.egothor.stemmer
org.apache.lucene.analysis.sv,org.apache.lucene.analysis
org.apache.lucene.analysis.sv,org.apache.lucene.analysis.core
org.apache.lucene.analysis.sv,org.apache.lucene.analysis.miscellaneous
org.apache.lucene.analysis.sv,org.apache.lucene.analysis.snowball
org.apache.lucene.analysis.sv,org.apache.lucene.analysis.standard
org.apache.lucene.analysis.sv,org.apache.lucene.analysis.tokenattributes
org.apache.lucene.analysis.sv,org.apache.lucene.tests.analysis
org.apache.lucene.analysis.sv,org.apache.lucene.util
org.apache.lucene.analysis.sv,org.tartarus.snowball.ext
org.apache.lucene.analysis.synonym,org.apache.lucene.analysis
org.apache.lucene.analysis.synonym,org.apache.lucene.analysis.cjk
org.apache.lucene.analysis.synonym,org.apache.lucene.analysis.core
org.apache.lucene.analysis.synonym,org.apache.lucene.analysis.en
org.apache.lucene.analysis.synonym,org.apache.lucene.analysis.pattern
org.apache.lucene.analysis.synonym,org.apache.lucene.analysis.tokenattributes
org.apache.lucene.analysis.synonym,org.apache.lucene.document
org.apache.lucene.analysis.synonym,org.apache.lucene.index
org.apache.lucene.analysis.synonym,org.apache.lucene.internal.hppc
org.apache.lucene.analysis.synonym,org.apache.lucene.search
org.apache.lucene.analysis.synonym,org.apache.lucene.store
org.apache.lucene.analysis.synonym,org.apache.lucene.tests.analysis
org.apache.lucene.analysis.synonym,org.apache.lucene.tests.index
org.apache.lucene.analysis.synonym,org.apache.lucene.tests.util
org.apache.lucene.analysis.synonym,org.apache.lucene.tests.util.automaton
org.apache.lucene.analysis.synonym,org.apache.lucene.util
org.apache.lucene.analysis.synonym,org.apache.lucene.util.automaton
org.apache.lucene.analysis.synonym,org.apache.lucene.util.fst
org.apache.lucene.analysis.synonym.word2vec,org.apache.lucene.analysis
org.apache.lucene.analysis.synonym.word2vec,org.apache.lucene.analysis.synonym
org.apache.lucene.analysis.synonym.word2vec,org.apache.lucene.analysis.tokenattributes
org.apache.lucene.analysis.synonym.word2vec,org.apache.lucene.codecs.hnsw
org.apache.lucene.analysis.synonym.word2vec,org.apache.lucene.index
org.apache.lucene.analysis.synonym.word2vec,org.apache.lucene.search
org.apache.lucene.analysis.synonym.word2vec,org.apache.lucene.tests.analysis
org.apache.lucene.analysis.synonym.word2vec,org.apache.lucene.tests.util
org.apache.lucene.analysis.synonym.word2vec,org.apache.lucene.util
org.apache.lucene.analysis.synonym.word2vec,org.apache.lucene.util.hnsw
org.apache.lucene.analysis.ta,org.apache.lucene.analysis
org.apache.lucene.analysis.ta,org.apache.lucene.analysis.core
org.apache.lucene.analysis.ta,org.apache.lucene.analysis.in
org.apache.lucene.analysis.ta,org.apache.lucene.analysis.miscellaneous
org.apache.lucene.analysis.ta,org.apache.lucene.analysis.snowball
org.apache.lucene.analysis.ta,org.apache.lucene.analysis.standard
org.apache.lucene.analysis.ta,org.apache.lucene.tests.analysis
org.apache.lucene.analysis.ta,org.apache.lucene.util
org.apache.lucene.analysis.ta,org.tartarus.snowball.ext
org.apache.lucene.analysis.te,org.apache.lucene.analysis
org.apache.lucene.analysis.te,org.apache.lucene.analysis.core
org.apache.lucene.analysis.te,org.apache.lucene.analysis.in
org.apache.lucene.analysis.te,org.apache.lucene.analysis.miscellaneous
org.apache.lucene.analysis.te,org.apache.lucene.analysis.standard
org.apache.lucene.analysis.te,org.apache.lucene.analysis.tokenattributes
org.apache.lucene.analysis.te,org.apache.lucene.tests.analysis
org.apache.lucene.analysis.te,org.apache.lucene.util
org.apache.lucene.analysis.tests,org.apache.lucene.analysis
org.apache.lucene.analysis.tests,org.apache.lucene.analysis.charfilter
org.apache.lucene.analysis.tests,org.apache.lucene.analysis.commongrams
org.apache.lucene.analysis.tests,org.apache.lucene.analysis.compound
org.apache.lucene.analysis.tests,org.apache.lucene.analysis.compound.hyphenation
org.apache.lucene.analysis.tests,org.apache.lucene.analysis.core
org.apache.lucene.analysis.tests,org.apache.lucene.analysis.hunspell
org.apache.lucene.analysis.tests,org.apache.lucene.analysis.icu.segmentation
org.apache.lucene.analysis.tests,org.apache.lucene.analysis.ja
org.apache.lucene.analysis.tests,org.apache.lucene.analysis.ko
org.apache.lucene.analysis.tests,org.apache.lucene.analysis.minhash
org.apache.lucene.analysis.tests,org.apache.lucene.analysis.miscellaneous
org.apache.lucene.analysis.tests,org.apache.lucene.analysis.ngram
org.apache.lucene.analysis.tests,org.apache.lucene.analysis.path
org.apache.lucene.analysis.tests,org.apache.lucene.analysis.pattern
org.apache.lucene.analysis.tests,org.apache.lucene.analysis.payloads
org.apache.lucene.analysis.tests,org.apache.lucene.analysis.pl
org.apache.lucene.analysis.tests,org.apache.lucene.analysis.shingle
org.apache.lucene.analysis.tests,org.apache.lucene.analysis.sinks
org.apache.lucene.analysis.tests,org.apache.lucene.analysis.snowball
org.apache.lucene.analysis.tests,org.apache.lucene.analysis.sr
org.apache.lucene.analysis.tests,org.apache.lucene.analysis.standard
org.apache.lucene.analysis.tests,org.apache.lucene.analysis.stempel
org.apache.lucene.analysis.tests,org.apache.lucene.analysis.synonym
org.apache.lucene.analysis.tests,org.apache.lucene.analysis.synonym.word2vec
org.apache.lucene.analysis.tests,org.apache.lucene.analysis.wikipedia
org.apache.lucene.analysis.tests,org.apache.lucene.store
org.apache.lucene.analysis.tests,org.apache.lucene.tests.analysis
org.apache.lucene.analysis.tests,org.apache.lucene.tests.util
org.apache.lucene.analysis.tests,org.apache.lucene.tests.util.automaton
org.apache.lucene.analysis.tests,org.apache.lucene.util
org.apache.lucene.analysis.tests,org.apache.lucene.util.automaton
org.apache.lucene.analysis.tests,org.tartarus.snowball
org.apache.lucene.analysis.th,org.apache.lucene.analysis
org.apache.lucene.analysis.th,org.apache.lucene.analysis.charfilter
org.apache.lucene.analysis.th,org.apache.lucene.analysis.core
org.apache.lucene.analysis.th,org.apache.lucene.analysis.en
org.apache.lucene.analysis.th,org.apache.lucene.analysis.tokenattributes
org.apache.lucene.analysis.th,org.apache.lucene.analysis.util
org.apache.lucene.analysis.th,org.apache.lucene.tests.analysis
org.apache.lucene.analysis.th,org.apache.lucene.util
org.apache.lucene.analysis.tokenattributes,org.apache.lucene.analysis
org.apache.lucene.analysis.tokenattributes,org.apache.lucene.index
org.apache.lucene.analysis.tokenattributes,org.apache.lucene.tests.analysis
org.apache.lucene.analysis.tokenattributes,org.apache.lucene.tests.util
org.apache.lucene.analysis.tokenattributes,org.apache.lucene.util
org.apache.lucene.analysis.tr,org.apache.lucene.analysis
org.apache.lucene.analysis.tr,org.apache.lucene.analysis.core
org.apache.lucene.analysis.tr,org.apache.lucene.analysis.miscellaneous
org.apache.lucene.analysis.tr,org.apache.lucene.analysis.snowball
org.apache.lucene.analysis.tr,org.apache.lucene.analysis.standard
org.apache.lucene.analysis.tr,org.apache.lucene.analysis.tokenattributes
org.apache.lucene.analysis.tr,org.apache.lucene.tests.analysis
org.apache.lucene.analysis.tr,org.apache.lucene.util
org.apache.lucene.analysis.tr,org.tartarus.snowball.ext
org.apache.lucene.analysis.uk,org.apache.lucene.analysis
org.apache.lucene.analysis.uk,org.apache.lucene.analysis.charfilter
org.apache.lucene.analysis.uk,org.apache.lucene.analysis.miscellaneous
org.apache.lucene.analysis.uk,org.apache.lucene.analysis.morfologik
org.apache.lucene.analysis.uk,org.apache.lucene.analysis.standard
org.apache.lucene.analysis.uk,org.apache.lucene.tests.analysis
org.apache.lucene.analysis.uk,org.apache.lucene.util
org.apache.lucene.analysis.util,org.apache.lucene.analysis
org.apache.lucene.analysis.util,org.apache.lucene.analysis.core
org.apache.lucene.analysis.util,org.apache.lucene.analysis.fr
org.apache.lucene.analysis.util,org.apache.lucene.analysis.standard
org.apache.lucene.analysis.util,org.apache.lucene.analysis.tokenattributes
org.apache.lucene.analysis.util,org.apache.lucene.tests.analysis
org.apache.lucene.analysis.util,org.apache.lucene.tests.util
org.apache.lucene.analysis.util,org.apache.lucene.util
org.apache.lucene.analysis.wikipedia,org.apache.lucene.analysis
org.apache.lucene.analysis.wikipedia,org.apache.lucene.analysis.tokenattributes
org.apache.lucene.analysis.wikipedia,org.apache.lucene.tests.analysis
org.apache.lucene.analysis.wikipedia,org.apache.lucene.util
org.apache.lucene.backward_codecs.compressing,org.apache.lucene.index
org.apache.lucene.backward_codecs.compressing,org.apache.lucene.store
org.apache.lucene.backward_codecs.compressing,org.apache.lucene.tests.util
org.apache.lucene.backward_codecs.compressing,org.apache.lucene.util
org.apache.lucene.backward_codecs.compressing,org.apache.lucene.util.compress
org.apache.lucene.backward_codecs.lucene100,org.apache.lucene.backward_codecs.lucene912
org.apache.lucene.backward_codecs.lucene100,org.apache.lucene.codecs
org.apache.lucene.backward_codecs.lucene100,org.apache.lucene.codecs.lucene90
org.apache.lucene.backward_codecs.lucene100,org.apache.lucene.codecs.lucene94
org.apache.lucene.backward_codecs.lucene100,org.apache.lucene.codecs.lucene99
org.apache.lucene.backward_codecs.lucene100,org.apache.lucene.codecs.perfield
org.apache.lucene.backward_codecs.lucene101,org.apache.lucene.backward_codecs.lucene90.blocktree
org.apache.lucene.backward_codecs.lucene101,org.apache.lucene.codecs
org.apache.lucene.backward_codecs.lucene101,org.apache.lucene.codecs.lucene90
org.apache.lucene.backward_codecs.lucene101,org.apache.lucene.codecs.lucene94
org.apache.lucene.backward_codecs.lucene101,org.apache.lucene.codecs.lucene99
org.apache.lucene.backward_codecs.lucene101,org.apache.lucene.codecs.perfield
org.apache.lucene.backward_codecs.lucene101,org.apache.lucene.document
org.apache.lucene.backward_codecs.lucene101,org.apache.lucene.index
org.apache.lucene.backward_codecs.lucene101,org.apache.lucene.store
org.apache.lucene.backward_codecs.lucene101,org.apache.lucene.tests.analysis
org.apache.lucene.backward_codecs.lucene101,org.apache.lucene.tests.index
org.apache.lucene.backward_codecs.lucene101,org.apache.lucene.tests.util
org.apache.lucene.backward_codecs.lucene101,org.apache.lucene.util
org.apache.lucene.backward_codecs.lucene101,org.apache.lucene.util.packed
org.apache.lucene.backward_codecs.lucene102,org.apache.lucene.codecs
org.apache.lucene.backward_codecs.lucene102,org.apache.lucene.codecs.hnsw
org.apache.lucene.backward_codecs.lucene102,org.apache.lucene.codecs.lucene90
org.apache.lucene.backward_codecs.lucene102,org.apache.lucene.codecs.lucene95
org.apache.lucene.backward_codecs.lucene102,org.apache.lucene.codecs.lucene99
org.apache.lucene.backward_codecs.lucene102,org.apache.lucene.document
org.apache.lucene.backward_codecs.lucene102,org.apache.lucene.index
org.apache.lucene.backward_codecs.lucene102,org.apache.lucene.internal.hppc
org.apache.lucene.backward_codecs.lucene102,org.apache.lucene.search
org.apache.lucene.backward_codecs.lucene102,org.apache.lucene.store
org.apache.lucene.backward_codecs.lucene102,org.apache.lucene.tests.index
org.apache.lucene.backward_codecs.lucene102,org.apache.lucene.tests.util
org.apache.lucene.backward_codecs.lucene102,org.apache.lucene.util
org.apache.lucene.backward_codecs.lucene102,org.apache.lucene.util.hnsw
org.apache.lucene.backward_codecs.lucene102,org.apache.lucene.util.packed
org.apache.lucene.backward_codecs.lucene102,org.apache.lucene.util.quantization
org.apache.lucene.backward_codecs.lucene103,org.apache.lucene.backward_codecs.lucene90.blocktree
org.apache.lucene.backward_codecs.lucene103,org.apache.lucene.codecs
org.apache.lucene.backward_codecs.lucene103,org.apache.lucene.codecs.lucene103.blocktree
org.apache.lucene.backward_codecs.lucene103,org.apache.lucene.codecs.lucene90
org.apache.lucene.backward_codecs.lucene103,org.apache.lucene.codecs.lucene94
org.apache.lucene.backward_codecs.lucene103,org.apache.lucene.codecs.lucene99
org.apache.lucene.backward_codecs.lucene103,org.apache.lucene.codecs.perfield
org.apache.lucene.backward_codecs.lucene103,org.apache.lucene.document
org.apache.lucene.backward_codecs.lucene103,org.apache.lucene.index
org.apache.lucene.backward_codecs.lucene103,org.apache.lucene.search
org.apache.lucene.backward_codecs.lucene103,org.apache.lucene.store
org.apache.lucene.backward_codecs.lucene103,org.apache.lucene.tests.analysis
org.apache.lucene.backward_codecs.lucene103,org.apache.lucene.tests.index
org.apache.lucene.backward_codecs.lucene103,org.apache.lucene.tests.util
org.apache.lucene.backward_codecs.lucene103,org.apache.lucene.util
org.apache.lucene.backward_codecs.lucene103,org.apache.lucene.util.packed
org.apache.lucene.backward_codecs.lucene80,org.apache.lucene.backward_codecs.packed
org.apache.lucene.backward_codecs.lucene80,org.apache.lucene.backward_codecs.store
org.apache.lucene.backward_codecs.lucene80,org.apache.lucene.codecs
org.apache.lucene.backward_codecs.lucene80,org.apache.lucene.index
org.apache.lucene.backward_codecs.lucene80,org.apache.lucene.internal.hppc
org.apache.lucene.backward_codecs.lucene80,org.apache.lucene.search
org.apache.lucene.backward_codecs.lucene80,org.apache.lucene.store
org.apache.lucene.backward_codecs.lucene80,org.apache.lucene.util
org.apache.lucene.backward_codecs.lucene80,org.apache.lucene.util.compress
org.apache.lucene.backward_codecs.lucene90,org.apache.lucene.backward_codecs.lucene90.blocktree
org.apache.lucene.backward_codecs.lucene90,org.apache.lucene.backward_codecs.lucene99
org.apache.lucene.backward_codecs.lucene90,org.apache.lucene.codecs
org.apache.lucene.backward_codecs.lucene90,org.apache.lucene.codecs.lucene90
org.apache.lucene.backward_codecs.lucene90,org.apache.lucene.codecs.perfield
org.apache.lucene.backward_codecs.lucene90,org.apache.lucene.document
org.apache.lucene.backward_codecs.lucene90,org.apache.lucene.index
org.apache.lucene.backward_codecs.lucene90,org.apache.lucene.internal.hppc
org.apache.lucene.backward_codecs.lucene90,org.apache.lucene.search
org.apache.lucene.backward_codecs.lucene90,org.apache.lucene.store
org.apache.lucene.backward_codecs.lucene90,org.apache.lucene.tests.analysis
org.apache.lucene.backward_codecs.lucene90,org.apache.lucene.tests.index
org.apache.lucene.backward_codecs.lucene90,org.apache.lucene.tests.util
org.apache.lucene.backward_codecs.lucene90,org.apache.lucene.util
org.apache.lucene.backward_codecs.lucene90,org.apache.lucene.util.hnsw
org.apache.lucene.backward_codecs.lucene90,org.apache.lucene.util.packed
org.apache.lucene.backward_codecs.lucene90.blocktree,org.apache.lucene.codecs
org.apache.lucene.backward_codecs.lucene90.blocktree,org.apache.lucene.index
org.apache.lucene.backward_codecs.lucene90.blocktree,org.apache.lucene.internal.hppc
org.apache.lucene.backward_codecs.lucene90.blocktree,org.apache.lucene.store
org.apache.lucene.backward_codecs.lucene90.blocktree,org.apache.lucene.tests.util
org.apache.lucene.backward_codecs.lucene90.blocktree,org.apache.lucene.util
org.apache.lucene.backward_codecs.lucene90.blocktree,org.apache.lucene.util.automaton
org.apache.lucene.backward_codecs.lucene90.blocktree,org.apache.lucene.util.compress
org.apache.lucene.backward_codecs.lucene90.blocktree,org.apache.lucene.util.fst
org.apache.lucene.backward_codecs.lucene90.blocktree,org.apache.lucene.util.packed
org.apache.lucene.backward_codecs.lucene91,org.apache.lucene.backward_codecs.lucene90
org.apache.lucene.backward_codecs.lucene91,org.apache.lucene.codecs
org.apache.lucene.backward_codecs.lucene91,org.apache.lucene.codecs.hnsw
org.apache.lucene.backward_codecs.lucene91,org.apache.lucene.codecs.lucene90
org.apache.lucene.backward_codecs.lucene91,org.apache.lucene.codecs.perfield
org.apache.lucene.backward_codecs.lucene91,org.apache.lucene.index
org.apache.lucene.backward_codecs.lucene91,org.apache.lucene.internal.hppc
org.apache.lucene.backward_codecs.lucene91,org.apache.lucene.search
org.apache.lucene.backward_codecs.lucene91,org.apache.lucene.store
org.apache.lucene.backward_codecs.lucene91,org.apache.lucene.tests.index
org.apache.lucene.backward_codecs.lucene91,org.apache.lucene.util
org.apache.lucene.backward_codecs.lucene91,org.apache.lucene.util.hnsw
org.apache.lucene.backward_codecs.lucene912,org.apache.lucene.backward_codecs.lucene90.blocktree
org.apache.lucene.backward_codecs.lucene912,org.apache.lucene.backward_codecs.store
org.apache.lucene.backward_codecs.lucene912,org.apache.lucene.codecs
org.apache.lucene.backward_codecs.lucene912,org.apache.lucene.codecs.lucene90
org.apache.lucene.backward_codecs.lucene912,org.apache.lucene.codecs.lucene94
org.apache.lucene.backward_codecs.lucene912,org.apache.lucene.codecs.lucene99
org.apache.lucene.backward_codecs.lucene912,org.apache.lucene.codecs.perfield
org.apache.lucene.backward_codecs.lucene912,org.apache.lucene.document
org.apache.lucene.backward_codecs.lucene912,org.apache.lucene.index
org.apache.lucene.backward_codecs.lucene912,org.apache.lucene.store
org.apache.lucene.backward_codecs.lucene912,org.apache.lucene.tests.analysis
org.apache.lucene.backward_codecs.lucene912,org.apache.lucene.tests.index
org.apache.lucene.backward_codecs.lucene912,org.apache.lucene.tests.util
org.apache.lucene.backward_codecs.lucene912,org.apache.lucene.util
org.apache.lucene.backward_codecs.lucene912,org.apache.lucene.util.packed
org.apache.lucene.backward_codecs.lucene92,org.apache.lucene.backward_codecs.lucene90
org.apache.lucene.backward_codecs.lucene92,org.apache.lucene.codecs
org.apache.lucene.backward_codecs.lucene92,org.apache.lucene.codecs.hnsw
org.apache.lucene.backward_codecs.lucene92,org.apache.lucene.codecs.lucene90
org.apache.lucene.backward_codecs.lucene92,org.apache.lucene.codecs.perfield
org.apache.lucene.backward_codecs.lucene92,org.apache.lucene.index
org.apache.lucene.backward_codecs.lucene92,org.apache.lucene.internal.hppc
org.apache.lucene.backward_codecs.lucene92,org.apache.lucene.search
org.apache.lucene.backward_codecs.lucene92,org.apache.lucene.store
org.apache.lucene.backward_codecs.lucene92,org.apache.lucene.tests.index
org.apache.lucene.backward_codecs.lucene92,org.apache.lucene.util
org.apache.lucene.backward_codecs.lucene92,org.apache.lucene.util.hnsw
org.apache.lucene.backward_codecs.lucene92,org.apache.lucene.util.packed
org.apache.lucene.backward_codecs.lucene94,org.apache.lucene.backward_codecs.lucene90
org.apache.lucene.backward_codecs.lucene94,org.apache.lucene.codecs
org.apache.lucene.backward_codecs.lucene94,org.apache.lucene.codecs.hnsw
org.apache.lucene.backward_codecs.lucene94,org.apache.lucene.codecs.lucene90
org.apache.lucene.backward_codecs.lucene94,org.apache.lucene.codecs.lucene94
org.apache.lucene.backward_codecs.lucene94,org.apache.lucene.codecs.perfield
org.apache.lucene.backward_codecs.lucene94,org.apache.lucene.index
org.apache.lucene.backward_codecs.lucene94,org.apache.lucene.internal.hppc
org.apache.lucene.backward_codecs.lucene94,org.apache.lucene.search
org.apache.lucene.backward_codecs.lucene94,org.apache.lucene.store
org.apache.lucene.backward_codecs.lucene94,org.apache.lucene.tests.index
org.apache.lucene.backward_codecs.lucene94,org.apache.lucene.util
org.apache.lucene.backward_codecs.lucene94,org.apache.lucene.util.hnsw
org.apache.lucene.backward_codecs.lucene94,org.apache.lucene.util.packed
org.apache.lucene.backward_codecs.lucene95,org.apache.lucene.backward_codecs.lucene90
org.apache.lucene.backward_codecs.lucene95,org.apache.lucene.backward_codecs.lucene94
org.apache.lucene.backward_codecs.lucene95,org.apache.lucene.codecs
org.apache.lucene.backward_codecs.lucene95,org.apache.lucene.codecs.hnsw
org.apache.lucene.backward_codecs.lucene95,org.apache.lucene.codecs.lucene90
org.apache.lucene.backward_codecs.lucene95,org.apache.lucene.codecs.lucene94
org.apache.lucene.backward_codecs.lucene95,org.apache.lucene.codecs.lucene95
org.apache.lucene.backward_codecs.lucene95,org.apache.lucene.codecs.perfield
org.apache.lucene.backward_codecs.lucene95,org.apache.lucene.index
org.apache.lucene.backward_codecs.lucene95,org.apache.lucene.internal.hppc
org.apache.lucene.backward_codecs.lucene95,org.apache.lucene.search
org.apache.lucene.backward_codecs.lucene95,org.apache.lucene.store
org.apache.lucene.backward_codecs.lucene95,org.apache.lucene.tests.index
org.apache.lucene.backward_codecs.lucene95,org.apache.lucene.util
org.apache.lucene.backward_codecs.lucene95,org.apache.lucene.util.hnsw
org.apache.lucene.backward_codecs.lucene95,org.apache.lucene.util.packed
org.apache.lucene.backward_codecs.lucene99,org.apache.lucene.backward_codecs.lucene90.blocktree
org.apache.lucene.backward_codecs.lucene99,org.apache.lucene.backward_codecs.lucene912
org.apache.lucene.backward_codecs.lucene99,org.apache.lucene.backward_codecs.store
org.apache.lucene.backward_codecs.lucene99,org.apache.lucene.codecs
org.apache.lucene.backward_codecs.lucene99,org.apache.lucene.codecs.hnsw
org.apache.lucene.backward_codecs.lucene99,org.apache.lucene.codecs.lucene90
org.apache.lucene.backward_codecs.lucene99,org.apache.lucene.codecs.lucene94
org.apache.lucene.backward_codecs.lucene99,org.apache.lucene.codecs.lucene95
org.apache.lucene.backward_codecs.lucene99,org.apache.lucene.codecs.lucene99
org.apache.lucene.backward_codecs.lucene99,org.apache.lucene.codecs.perfield
org.apache.lucene.backward_codecs.lucene99,org.apache.lucene.document
org.apache.lucene.backward_codecs.lucene99,org.apache.lucene.index
org.apache.lucene.backward_codecs.lucene99,org.apache.lucene.internal.hppc
org.apache.lucene.backward_codecs.lucene99,org.apache.lucene.search
org.apache.lucene.backward_codecs.lucene99,org.apache.lucene.store
org.apache.lucene.backward_codecs.lucene99,org.apache.lucene.tests.analysis
org.apache.lucene.backward_codecs.lucene99,org.apache.lucene.tests.index
org.apache.lucene.backward_codecs.lucene99,org.apache.lucene.tests.util
org.apache.lucene.backward_codecs.lucene99,org.apache.lucene.util
org.apache.lucene.backward_codecs.lucene99,org.apache.lucene.util.hnsw
org.apache.lucene.backward_codecs.lucene99,org.apache.lucene.util.packed
org.apache.lucene.backward_codecs.lucene99,org.apache.lucene.util.quantization
org.apache.lucene.backward_codecs.packed,org.apache.lucene.backward_codecs.store
org.apache.lucene.backward_codecs.packed,org.apache.lucene.store
org.apache.lucene.backward_codecs.packed,org.apache.lucene.tests.util
org.apache.lucene.backward_codecs.packed,org.apache.lucene.util
org.apache.lucene.backward_codecs.packed,org.apache.lucene.util.packed
org.apache.lucene.backward_codecs.store,org.apache.lucene.store
org.apache.lucene.backward_codecs.store,org.apache.lucene.tests.util
org.apache.lucene.backward_codecs.store,org.apache.lucene.util
org.apache.lucene.backward_index,org.apache.lucene.codecs
org.apache.lucene.backward_index,org.apache.lucene.codecs.lucene104
org.apache.lucene.backward_index,org.apache.lucene.codecs.lucene99
org.apache.lucene.backward_index,org.apache.lucene.document
org.apache.lucene.backward_index,org.apache.lucene.index
org.apache.lucene.backward_index,org.apache.lucene.search
org.apache.lucene.backward_index,org.apache.lucene.store
org.apache.lucene.backward_index,org.apache.lucene.tests.analysis
org.apache.lucene.backward_index,org.apache.lucene.tests.index
org.apache.lucene.backward_index,org.apache.lucene.tests.store
org.apache.lucene.backward_index,org.apache.lucene.tests.util
org.apache.lucene.backward_index,org.apache.lucene.util
org.apache.lucene.backward_index,org.apache.lucene.util.quantization
org.apache.lucene.benchmark,org.apache.lucene.benchmark.byTask
org.apache.lucene.benchmark,org.apache.lucene.tests.util
org.apache.lucene.benchmark.byTask,org.apache.lucene.analysis
org.apache.lucene.benchmark.byTask,org.apache.lucene.analysis.tokenattributes
org.apache.lucene.benchmark.byTask,org.apache.lucene.benchmark
org.apache.lucene.benchmark.byTask,org.apache.lucene.benchmark.byTask.feeds
org.apache.lucene.benchmark.byTask,org.apache.lucene.benchmark.byTask.stats
org.apache.lucene.benchmark.byTask,org.apache.lucene.benchmark.byTask.tasks
org.apache.lucene.benchmark.byTask,org.apache.lucene.benchmark.byTask.utils
org.apache.lucene.benchmark.byTask,org.apache.lucene.collation
org.apache.lucene.benchmark.byTask,org.apache.lucene.facet.taxonomy
org.apache.lucene.benchmark.byTask,org.apache.lucene.index
org.apache.lucene.benchmark.byTask,org.apache.lucene.search
org.apache.lucene.benchmark.byTask,org.apache.lucene.store
org.apache.lucene.benchmark.byTask,org.apache.lucene.tests.analysis
org.apache.lucene.benchmark.byTask,org.apache.lucene.tests.util
org.apache.lucene.benchmark.byTask,org.apache.lucene.util
org.apache.lucene.benchmark.byTask.feeds,org.apache.lucene.analysis
org.apache.lucene.benchmark.byTask.feeds,org.apache.lucene.analysis.core
org.apache.lucene.benchmark.byTask.feeds,org.apache.lucene.analysis.standard
org.apache.lucene.benchmark.byTask.feeds,org.apache.lucene.benchmark
org.apache.lucene.benchmark.byTask.feeds,org.apache.lucene.benchmark.byTask
org.apache.lucene.benchmark.byTask.feeds,org.apache.lucene.benchmark.byTask.tasks
org.apache.lucene.benchmark.byTask.feeds,org.apache.lucene.benchmark.byTask.utils
org.apache.lucene.benchmark.byTask.feeds,org.apache.lucene.document
org.apache.lucene.benchmark.byTask.feeds,org.apache.lucene.facet
org.apache.lucene.benchmark.byTask.feeds,org.apache.lucene.index
org.apache.lucene.benchmark.byTask.feeds,org.apache.lucene.internal.hppc
org.apache.lucene.benchmark.byTask.feeds,org.apache.lucene.queries.function
org.apache.lucene.benchmark.byTask.feeds,org.apache.lucene.queries.spans
org.apache.lucene.benchmark.byTask.feeds,org.apache.lucene.queryparser.classic
org.apache.lucene.benchmark.byTask.feeds,org.apache.lucene.search
org.apache.lucene.benchmark.byTask.feeds,org.apache.lucene.spatial
org.apache.lucene.benchmark.byTask.feeds,org.apache.lucene.spatial.composite
org.apache.lucene.benchmark.byTask.feeds,org.apache.lucene.spatial.prefix
org.apache.lucene.benchmark.byTask.feeds,org.apache.lucene.spatial.prefix.tree
org.apache.lucene.benchmark.byTask.feeds,org.apache.lucene.spatial.query
org.apache.lucene.benchmark.byTask.feeds,org.apache.lucene.spatial.serialized
org.apache.lucene.benchmark.byTask.feeds,org.apache.lucene.tests.util
org.apache.lucene.benchmark.byTask.feeds,org.apache.lucene.util
org.apache.lucene.benchmark.byTask.programmatic,org.apache.lucene.benchmark.byTask
org.apache.lucene.benchmark.byTask.programmatic,org.apache.lucene.benchmark.byTask.tasks
org.apache.lucene.benchmark.byTask.programmatic,org.apache.lucene.benchmark.byTask.utils
org.apache.lucene.benchmark.byTask.stats,org.apache.lucene.benchmark.byTask.tasks
org.apache.lucene.benchmark.byTask.stats,org.apache.lucene.benchmark.byTask.utils
org.apache.lucene.benchmark.byTask.tasks,org.apache.lucene.analysis
org.apache.lucene.benchmark.byTask.tasks,org.apache.lucene.analysis.tokenattributes
org.apache.lucene.benchmark.byTask.tasks,org.apache.lucene.analysis.util
org.apache.lucene.benchmark.byTask.tasks,org.apache.lucene.benchmark
org.apache.lucene.benchmark.byTask.tasks,org.apache.lucene.benchmark.byTask
org.apache.lucene.benchmark.byTask.tasks,org.apache.lucene.benchmark.byTask.feeds
org.apache.lucene.benchmark.byTask.tasks,org.apache.lucene.benchmark.byTask.stats
org.apache.lucene.benchmark.byTask.tasks,org.apache.lucene.benchmark.byTask.utils
org.apache.lucene.benchmark.byTask.tasks,org.apache.lucene.codecs
org.apache.lucene.benchmark.byTask.tasks,org.apache.lucene.document
org.apache.lucene.benchmark.byTask.tasks,org.apache.lucene.facet
org.apache.lucene.benchmark.byTask.tasks,org.apache.lucene.facet.taxonomy
org.apache.lucene.benchmark.byTask.tasks,org.apache.lucene.facet.taxonomy.directory
org.apache.lucene.benchmark.byTask.tasks,org.apache.lucene.index
org.apache.lucene.benchmark.byTask.tasks,org.apache.lucene.search
org.apache.lucene.benchmark.byTask.tasks,org.apache.lucene.search.highlight
org.apache.lucene.benchmark.byTask.tasks,org.apache.lucene.search.uhighlight
org.apache.lucene.benchmark.byTask.tasks,org.apache.lucene.search.vectorhighlight
org.apache.lucene.benchmark.byTask.tasks,org.apache.lucene.store
org.apache.lucene.benchmark.byTask.tasks,org.apache.lucene.util
org.apache.lucene.benchmark.byTask.tasks.alt,org.apache.lucene.benchmark
org.apache.lucene.benchmark.byTask.tasks.alt,org.apache.lucene.benchmark.byTask
org.apache.lucene.benchmark.byTask.tasks.alt,org.apache.lucene.benchmark.byTask.tasks
org.apache.lucene.benchmark.byTask.utils,org.apache.lucene.analysis
org.apache.lucene.benchmark.byTask.utils,org.apache.lucene.benchmark
org.apache.lucene.benchmark.byTask.utils,org.apache.lucene.benchmark.byTask
org.apache.lucene.benchmark.byTask.utils,org.apache.lucene.benchmark.byTask.tasks
org.apache.lucene.benchmark.byTask.utils,org.apache.lucene.internal.hppc
org.apache.lucene.benchmark.byTask.utils,org.apache.lucene.tests.util
org.apache.lucene.benchmark.jmh,org.apache.lucene.analysis
org.apache.lucene.benchmark.jmh,org.apache.lucene.codecs.hnsw
org.apache.lucene.benchmark.jmh,org.apache.lucene.codecs.lucene104
org.apache.lucene.benchmark.jmh,org.apache.lucene.codecs.lucene95
org.apache.lucene.benchmark.jmh,org.apache.lucene.document
org.apache.lucene.benchmark.jmh,org.apache.lucene.expressions
org.apache.lucene.benchmark.jmh,org.apache.lucene.expressions.js
org.apache.lucene.benchmark.jmh,org.apache.lucene.geo
org.apache.lucene.benchmark.jmh,org.apache.lucene.index
org.apache.lucene.benchmark.jmh,org.apache.lucene.queries.function
org.apache.lucene.benchmark.jmh,org.apache.lucene.sandbox.facet.plain.histograms
org.apache.lucene.benchmark.jmh,org.apache.lucene.search
org.apache.lucene.benchmark.jmh,org.apache.lucene.search.join
org.apache.lucene.benchmark.jmh,org.apache.lucene.store
org.apache.lucene.benchmark.jmh,org.apache.lucene.tests.util
org.apache.lucene.benchmark.jmh,org.apache.lucene.util
org.apache.lucene.benchmark.jmh,org.apache.lucene.util.hnsw
org.apache.lucene.benchmark.quality,org.apache.lucene.benchmark
org.apache.lucene.benchmark.quality,org.apache.lucene.benchmark.quality.trec
org.apache.lucene.benchmark.quality,org.apache.lucene.benchmark.quality.utils
org.apache.lucene.benchmark.quality,org.apache.lucene.index
org.apache.lucene.benchmark.quality,org.apache.lucene.queryparser.classic
org.apache.lucene.benchmark.quality,org.apache.lucene.search
org.apache.lucene.benchmark.quality,org.apache.lucene.store
org.apache.lucene.benchmark.quality.trec,org.apache.lucene.benchmark.quality
org.apache.lucene.benchmark.quality.trec,org.apache.lucene.benchmark.quality.utils
org.apache.lucene.benchmark.quality.trec,org.apache.lucene.index
org.apache.lucene.benchmark.quality.trec,org.apache.lucene.search
org.apache.lucene.benchmark.quality.trec,org.apache.lucene.store
org.apache.lucene.benchmark.quality.utils,org.apache.lucene.analysis.standard
org.apache.lucene.benchmark.quality.utils,org.apache.lucene.benchmark.quality
org.apache.lucene.benchmark.quality.utils,org.apache.lucene.index
org.apache.lucene.benchmark.quality.utils,org.apache.lucene.queryparser.classic
org.apache.lucene.benchmark.quality.utils,org.apache.lucene.search
org.apache.lucene.benchmark.quality.utils,org.apache.lucene.store
org.apache.lucene.benchmark.quality.utils,org.apache.lucene.util
org.apache.lucene.benchmark.utils,org.apache.lucene.benchmark.byTask.feeds
org.apache.lucene.benchmark.utils,org.apache.lucene.benchmark.byTask.utils
org.apache.lucene.benchmark.utils,org.apache.lucene.document
org.apache.lucene.benchmark.utils,org.apache.lucene.util
org.apache.lucene.classification,org.apache.lucene.analysis
org.apache.lucene.classification,org.apache.lucene.analysis.core
org.apache.lucene.classification,org.apache.lucene.analysis.en
org.apache.lucene.classification,org.apache.lucene.analysis.ngram
org.apache.lucene.classification,org.apache.lucene.analysis.reverse
org.apache.lucene.classification,org.apache.lucene.analysis.standard
org.apache.lucene.classification,org.apache.lucene.analysis.tokenattributes
org.apache.lucene.classification,org.apache.lucene.classification.utils
org.apache.lucene.classification,org.apache.lucene.document
org.apache.lucene.classification,org.apache.lucene.index
org.apache.lucene.classification,org.apache.lucene.queries.mlt
org.apache.lucene.classification,org.apache.lucene.search
org.apache.lucene.classification,org.apache.lucene.search.similarities
org.apache.lucene.classification,org.apache.lucene.store
org.apache.lucene.classification,org.apache.lucene.tests.analysis
org.apache.lucene.classification,org.apache.lucene.tests.index
org.apache.lucene.classification,org.apache.lucene.tests.util
org.apache.lucene.classification,org.apache.lucene.util
org.apache.lucene.classification,org.apache.lucene.util.fst
org.apache.lucene.classification.document,org.apache.lucene.analysis
org.apache.lucene.classification.document,org.apache.lucene.analysis.en
org.apache.lucene.classification.document,org.apache.lucene.analysis.tokenattributes
org.apache.lucene.classification.document,org.apache.lucene.classification
org.apache.lucene.classification.document,org.apache.lucene.document
org.apache.lucene.classification.document,org.apache.lucene.index
org.apache.lucene.classification.document,org.apache.lucene.search
org.apache.lucene.classification.document,org.apache.lucene.search.similarities
org.apache.lucene.classification.document,org.apache.lucene.tests.index
org.apache.lucene.classification.document,org.apache.lucene.util
org.apache.lucene.classification.utils,org.apache.lucene.analysis
org.apache.lucene.classification.utils,org.apache.lucene.analysis.tokenattributes
org.apache.lucene.classification.utils,org.apache.lucene.classification
org.apache.lucene.classification.utils,org.apache.lucene.document
org.apache.lucene.classification.utils,org.apache.lucene.index
org.apache.lucene.classification.utils,org.apache.lucene.search
org.apache.lucene.classification.utils,org.apache.lucene.search.grouping
org.apache.lucene.classification.utils,org.apache.lucene.store
org.apache.lucene.classification.utils,org.apache.lucene.tests.analysis
org.apache.lucene.classification.utils,org.apache.lucene.tests.index
org.apache.lucene.classification.utils,org.apache.lucene.tests.store
org.apache.lucene.classification.utils,org.apache.lucene.tests.util
org.apache.lucene.classification.utils,org.apache.lucene.util
org.apache.lucene.classification.utils,org.apache.lucene.util.automaton
org.apache.lucene.codecs,org.apache.lucene.codecs.lucene103.blocktree
org.apache.lucene.codecs,org.apache.lucene.codecs.perfield
org.apache.lucene.codecs,org.apache.lucene.document
org.apache.lucene.codecs,org.apache.lucene.index
org.apache.lucene.codecs,org.apache.lucene.internal.hppc
org.apache.lucene.codecs,org.apache.lucene.search
org.apache.lucene.codecs,org.apache.lucene.store
org.apache.lucene.codecs,org.apache.lucene.tests.analysis
org.apache.lucene.codecs,org.apache.lucene.tests.store
org.apache.lucene.codecs,org.apache.lucene.tests.util
org.apache.lucene.codecs,org.apache.lucene.util
org.apache.lucene.codecs,org.apache.lucene.util.packed
org.apache.lucene.codecs.bitvectors,org.apache.lucene.codecs
org.apache.lucene.codecs.bitvectors,org.apache.lucene.codecs.hnsw
org.apache.lucene.codecs.bitvectors,org.apache.lucene.codecs.lucene99
org.apache.lucene.codecs.bitvectors,org.apache.lucene.document
org.apache.lucene.codecs.bitvectors,org.apache.lucene.index
org.apache.lucene.codecs.bitvectors,org.apache.lucene.search
org.apache.lucene.codecs.bitvectors,org.apache.lucene.store
org.apache.lucene.codecs.bitvectors,org.apache.lucene.tests.index
org.apache.lucene.codecs.bitvectors,org.apache.lucene.tests.util
org.apache.lucene.codecs.bitvectors,org.apache.lucene.util
org.apache.lucene.codecs.bitvectors,org.apache.lucene.util.hnsw
org.apache.lucene.codecs.blockterms,org.apache.lucene.codecs
org.apache.lucene.codecs.blockterms,org.apache.lucene.index
org.apache.lucene.codecs.blockterms,org.apache.lucene.store
org.apache.lucene.codecs.blockterms,org.apache.lucene.tests.codecs.blockterms
org.apache.lucene.codecs.blockterms,org.apache.lucene.tests.index
org.apache.lucene.codecs.blockterms,org.apache.lucene.tests.util
org.apache.lucene.codecs.blockterms,org.apache.lucene.util
org.apache.lucene.codecs.blockterms,org.apache.lucene.util.fst
org.apache.lucene.codecs.blockterms,org.apache.lucene.util.packed
org.apache.lucene.codecs.blocktreeords,org.apache.lucene.codecs
org.apache.lucene.codecs.blocktreeords,org.apache.lucene.codecs.lucene103.blocktree
org.apache.lucene.codecs.blocktreeords,org.apache.lucene.codecs.lucene104
org.apache.lucene.codecs.blocktreeords,org.apache.lucene.document
org.apache.lucene.codecs.blocktreeords,org.apache.lucene.index
org.apache.lucene.codecs.blocktreeords,org.apache.lucene.store
org.apache.lucene.codecs.blocktreeords,org.apache.lucene.tests.analysis
org.apache.lucene.codecs.blocktreeords,org.apache.lucene.tests.index
org.apache.lucene.codecs.blocktreeords,org.apache.lucene.tests.util
org.apache.lucene.codecs.blocktreeords,org.apache.lucene.util
org.apache.lucene.codecs.blocktreeords,org.apache.lucene.util.automaton
org.apache.lucene.codecs.blocktreeords,org.apache.lucene.util.fst
org.apache.lucene.codecs.bloom,org.apache.lucene.codecs
org.apache.lucene.codecs.bloom,org.apache.lucene.index
org.apache.lucene.codecs.bloom,org.apache.lucene.search
org.apache.lucene.codecs.bloom,org.apache.lucene.store
org.apache.lucene.codecs.bloom,org.apache.lucene.tests.codecs.bloom
org.apache.lucene.codecs.bloom,org.apache.lucene.tests.index
org.apache.lucene.codecs.bloom,org.apache.lucene.tests.util
org.apache.lucene.codecs.bloom,org.apache.lucene.util
org.apache.lucene.codecs.bloom,org.apache.lucene.util.automaton
org.apache.lucene.codecs.compressing,org.apache.lucene.codecs.lucene90
org.apache.lucene.codecs.compressing,org.apache.lucene.index
org.apache.lucene.codecs.compressing,org.apache.lucene.store
org.apache.lucene.codecs.compressing,org.apache.lucene.tests.util
org.apache.lucene.codecs.compressing,org.apache.lucene.util
org.apache.lucene.codecs.compressing,org.apache.lucene.util.compress
org.apache.lucene.codecs.hnsw,org.apache.lucene.codecs
org.apache.lucene.codecs.hnsw,org.apache.lucene.codecs.lucene95
org.apache.lucene.codecs.hnsw,org.apache.lucene.codecs.lucene99
org.apache.lucene.codecs.hnsw,org.apache.lucene.index
org.apache.lucene.codecs.hnsw,org.apache.lucene.internal.vectorization
org.apache.lucene.codecs.hnsw,org.apache.lucene.search
org.apache.lucene.codecs.hnsw,org.apache.lucene.store
org.apache.lucene.codecs.hnsw,org.apache.lucene.tests.util
org.apache.lucene.codecs.hnsw,org.apache.lucene.util
org.apache.lucene.codecs.hnsw,org.apache.lucene.util.hnsw
org.apache.lucene.codecs.hnsw,org.apache.lucene.util.quantization
org.apache.lucene.codecs.lucene103.blocktree,org.apache.lucene.codecs
org.apache.lucene.codecs.lucene103.blocktree,org.apache.lucene.index
org.apache.lucene.codecs.lucene103.blocktree,org.apache.lucene.internal.hppc
org.apache.lucene.codecs.lucene103.blocktree,org.apache.lucene.store
org.apache.lucene.codecs.lucene103.blocktree,org.apache.lucene.tests.util
org.apache.lucene.codecs.lucene103.blocktree,org.apache.lucene.util
org.apache.lucene.codecs.lucene103.blocktree,org.apache.lucene.util.automaton
org.apache.lucene.codecs.lucene103.blocktree,org.apache.lucene.util.compress
org.apache.lucene.codecs.lucene104,org.apache.lucene.codecs
org.apache.lucene.codecs.lucene104,org.apache.lucene.codecs.hnsw
org.apache.lucene.codecs.lucene104,org.apache.lucene.codecs.lucene103.blocktree
org.apache.lucene.codecs.lucene104,org.apache.lucene.codecs.lucene90
org.apache.lucene.codecs.lucene104,org.apache.lucene.codecs.lucene94
org.apache.lucene.codecs.lucene104,org.apache.lucene.codecs.lucene95
org.apache.lucene.codecs.lucene104,org.apache.lucene.codecs.lucene99
org.apache.lucene.codecs.lucene104,org.apache.lucene.codecs.perfield
org.apache.lucene.codecs.lucene104,org.apache.lucene.document
org.apache.lucene.codecs.lucene104,org.apache.lucene.index
org.apache.lucene.codecs.lucene104,org.apache.lucene.internal.hppc
org.apache.lucene.codecs.lucene104,org.apache.lucene.internal.vectorization
org.apache.lucene.codecs.lucene104,org.apache.lucene.search
org.apache.lucene.codecs.lucene104,org.apache.lucene.store
org.apache.lucene.codecs.lucene104,org.apache.lucene.tests.analysis
org.apache.lucene.codecs.lucene104,org.apache.lucene.tests.index
org.apache.lucene.codecs.lucene104,org.apache.lucene.tests.store
org.apache.lucene.codecs.lucene104,org.apache.lucene.tests.util
org.apache.lucene.codecs.lucene104,org.apache.lucene.util
org.apache.lucene.codecs.lucene104,org.apache.lucene.util.hnsw
org.apache.lucene.codecs.lucene104,org.apache.lucene.util.packed
org.apache.lucene.codecs.lucene104,org.apache.lucene.util.quantization
org.apache.lucene.codecs.lucene90,org.apache.lucene.analysis
org.apache.lucene.codecs.lucene90,org.apache.lucene.analysis.standard
org.apache.lucene.codecs.lucene90,org.apache.lucene.codecs
org.apache.lucene.codecs.lucene90,org.apache.lucene.codecs.compressing
org.apache.lucene.codecs.lucene90,org.apache.lucene.codecs.lucene104
org.apache.lucene.codecs.lucene90,org.apache.lucene.codecs.lucene90.compressing
org.apache.lucene.codecs.lucene90,org.apache.lucene.codecs.perfield
org.apache.lucene.codecs.lucene90,org.apache.lucene.document
org.apache.lucene.codecs.lucene90,org.apache.lucene.index
org.apache.lucene.codecs.lucene90,org.apache.lucene.internal.hppc
org.apache.lucene.codecs.lucene90,org.apache.lucene.search
org.apache.lucene.codecs.lucene90,org.apache.lucene.store
org.apache.lucene.codecs.lucene90,org.apache.lucene.tests.analysis
org.apache.lucene.codecs.lucene90,org.apache.lucene.tests.codecs.asserting
org.apache.lucene.codecs.lucene90,org.apache.lucene.tests.codecs.compressing.dummy
org.apache.lucene.codecs.lucene90,org.apache.lucene.tests.index
org.apache.lucene.codecs.lucene90,org.apache.lucene.tests.util
org.apache.lucene.codecs.lucene90,org.apache.lucene.util
org.apache.lucene.codecs.lucene90,org.apache.lucene.util.bkd
org.apache.lucene.codecs.lucene90,org.apache.lucene.util.compress
org.apache.lucene.codecs.lucene90,org.apache.lucene.util.packed
org.apache.lucene.codecs.lucene90.compressing,org.apache.lucene.codecs
org.apache.lucene.codecs.lucene90.compressing,org.apache.lucene.codecs.compressing
org.apache.lucene.codecs.lucene90.compressing,org.apache.lucene.document
org.apache.lucene.codecs.lucene90.compressing,org.apache.lucene.index
org.apache.lucene.codecs.lucene90.compressing,org.apache.lucene.internal.hppc
org.apache.lucene.codecs.lucene90.compressing,org.apache.lucene.store
org.apache.lucene.codecs.lucene90.compressing,org.apache.lucene.tests.analysis
org.apache.lucene.codecs.lucene90.compressing,org.apache.lucene.tests.codecs.compressing
org.apache.lucene.codecs.lucene90.compressing,org.apache.lucene.tests.index
org.apache.lucene.codecs.lucene90.compressing,org.apache.lucene.tests.util
org.apache.lucene.codecs.lucene90.compressing,org.apache.lucene.util
org.apache.lucene.codecs.lucene90.compressing,org.apache.lucene.util.packed
org.apache.lucene.codecs.lucene94,org.apache.lucene.codecs
org.apache.lucene.codecs.lucene94,org.apache.lucene.index
org.apache.lucene.codecs.lucene94,org.apache.lucene.store
org.apache.lucene.codecs.lucene94,org.apache.lucene.tests.index
org.apache.lucene.codecs.lucene94,org.apache.lucene.tests.util
org.apache.lucene.codecs.lucene95,org.apache.lucene.codecs.hnsw
org.apache.lucene.codecs.lucene95,org.apache.lucene.codecs.lucene90
org.apache.lucene.codecs.lucene95,org.apache.lucene.index
org.apache.lucene.codecs.lucene95,org.apache.lucene.search
org.apache.lucene.codecs.lucene95,org.apache.lucene.store
org.apache.lucene.codecs.lucene95,org.apache.lucene.tests.util
org.apache.lucene.codecs.lucene95,org.apache.lucene.util
org.apache.lucene.codecs.lucene95,org.apache.lucene.util.hnsw
org.apache.lucene.codecs.lucene95,org.apache.lucene.util.packed
org.apache.lucene.codecs.lucene99,org.apache.lucene.codecs
org.apache.lucene.codecs.lucene99,org.apache.lucene.codecs.hnsw
org.apache.lucene.codecs.lucene99,org.apache.lucene.codecs.lucene104
org.apache.lucene.codecs.lucene99,org.apache.lucene.codecs.lucene90
org.apache.lucene.codecs.lucene99,org.apache.lucene.codecs.lucene95
org.apache.lucene.codecs.lucene99,org.apache.lucene.document
org.apache.lucene.codecs.lucene99,org.apache.lucene.index
org.apache.lucene.codecs.lucene99,org.apache.lucene.internal.hppc
org.apache.lucene.codecs.lucene99,org.apache.lucene.search
org.apache.lucene.codecs.lucene99,org.apache.lucene.store
org.apache.lucene.codecs.lucene99,org.apache.lucene.tests.index
org.apache.lucene.codecs.lucene99,org.apache.lucene.tests.util
org.apache.lucene.codecs.lucene99,org.apache.lucene.util
org.apache.lucene.codecs.lucene99,org.apache.lucene.util.hnsw
org.apache.lucene.codecs.lucene99,org.apache.lucene.util.packed
org.apache.lucene.codecs.lucene99,org.apache.lucene.util.quantization
org.apache.lucene.codecs.memory,org.apache.lucene.codecs
org.apache.lucene.codecs.memory,org.apache.lucene.codecs.lucene104
org.apache.lucene.codecs.memory,org.apache.lucene.index
org.apache.lucene.codecs.memory,org.apache.lucene.store
org.apache.lucene.codecs.memory,org.apache.lucene.tests.index
org.apache.lucene.codecs.memory,org.apache.lucene.tests.util
org.apache.lucene.codecs.memory,org.apache.lucene.util
org.apache.lucene.codecs.memory,org.apache.lucene.util.automaton
org.apache.lucene.codecs.memory,org.apache.lucene.util.fst
org.apache.lucene.codecs.perfield,org.apache.lucene.analysis
org.apache.lucene.codecs.perfield,org.apache.lucene.codecs
org.apache.lucene.codecs.perfield,org.apache.lucene.codecs.hnsw
org.apache.lucene.codecs.perfield,org.apache.lucene.codecs.lucene99
org.apache.lucene.codecs.perfield,org.apache.lucene.codecs.memory
org.apache.lucene.codecs.perfield,org.apache.lucene.document
org.apache.lucene.codecs.perfield,org.apache.lucene.index
org.apache.lucene.codecs.perfield,org.apache.lucene.internal.hppc
org.apache.lucene.codecs.perfield,org.apache.lucene.search
org.apache.lucene.codecs.perfield,org.apache.lucene.store
org.apache.lucene.codecs.perfield,org.apache.lucene.tests.analysis
org.apache.lucene.codecs.perfield,org.apache.lucene.tests.codecs.asserting
org.apache.lucene.codecs.perfield,org.apache.lucene.tests.codecs.blockterms
org.apache.lucene.codecs.perfield,org.apache.lucene.tests.index
org.apache.lucene.codecs.perfield,org.apache.lucene.tests.util
org.apache.lucene.codecs.perfield,org.apache.lucene.util
org.apache.lucene.codecs.perfield,org.apache.lucene.util.hnsw
org.apache.lucene.codecs.simpletext,org.apache.lucene.codecs
org.apache.lucene.codecs.simpletext,org.apache.lucene.document
org.apache.lucene.codecs.simpletext,org.apache.lucene.index
org.apache.lucene.codecs.simpletext,org.apache.lucene.internal.hppc
org.apache.lucene.codecs.simpletext,org.apache.lucene.search
org.apache.lucene.codecs.simpletext,org.apache.lucene.store
org.apache.lucene.codecs.simpletext,org.apache.lucene.tests.analysis
org.apache.lucene.codecs.simpletext,org.apache.lucene.tests.index
org.apache.lucene.codecs.simpletext,org.apache.lucene.tests.util
org.apache.lucene.codecs.simpletext,org.apache.lucene.util
org.apache.lucene.codecs.simpletext,org.apache.lucene.util.bkd
org.apache.lucene.codecs.simpletext,org.apache.lucene.util.fst
org.apache.lucene.codecs.uniformsplit,org.apache.lucene.codecs
org.apache.lucene.codecs.uniformsplit,org.apache.lucene.codecs.lucene104
org.apache.lucene.codecs.uniformsplit,org.apache.lucene.codecs.lucene90.tests
org.apache.lucene.codecs.uniformsplit,org.apache.lucene.index
org.apache.lucene.codecs.uniformsplit,org.apache.lucene.store
org.apache.lucene.codecs.uniformsplit,org.apache.lucene.tests.codecs.uniformsplit
org.apache.lucene.codecs.uniformsplit,org.apache.lucene.tests.index
org.apache.lucene.codecs.uniformsplit,org.apache.lucene.tests.util
org.apache.lucene.codecs.uniformsplit,org.apache.lucene.util
org.apache.lucene.codecs.uniformsplit,org.apache.lucene.util.automaton
org.apache.lucene.codecs.uniformsplit,org.apache.lucene.util.fst
org.apache.lucene.codecs.uniformsplit.sharedterms,org.apache.lucene.codecs
org.apache.lucene.codecs.uniformsplit.sharedterms,org.apache.lucene.codecs.lucene90.tests
org.apache.lucene.codecs.uniformsplit.sharedterms,org.apache.lucene.codecs.uniformsplit
org.apache.lucene.codecs.uniformsplit.sharedterms,org.apache.lucene.index
org.apache.lucene.codecs.uniformsplit.sharedterms,org.apache.lucene.store
org.apache.lucene.codecs.uniformsplit.sharedterms,org.apache.lucene.tests.codecs.uniformsplit.sharedterms
org.apache.lucene.codecs.uniformsplit.sharedterms,org.apache.lucene.tests.util
org.apache.lucene.codecs.uniformsplit.sharedterms,org.apache.lucene.util
org.apache.lucene.codecs.uniformsplit.sharedterms,org.apache.lucene.util.automaton
org.apache.lucene.collation,org.apache.lucene.analysis
org.apache.lucene.collation,org.apache.lucene.analysis.core
org.apache.lucene.collation,org.apache.lucene.collation.tokenattributes
org.apache.lucene.collation,org.apache.lucene.document
org.apache.lucene.collation,org.apache.lucene.index
org.apache.lucene.collation,org.apache.lucene.search
org.apache.lucene.collation,org.apache.lucene.store
org.apache.lucene.collation,org.apache.lucene.tests.analysis
org.apache.lucene.collation,org.apache.lucene.tests.index
org.apache.lucene.collation,org.apache.lucene.tests.util
org.apache.lucene.collation,org.apache.lucene.util
org.apache.lucene.collation.tokenattributes,org.apache.lucene.analysis.tokenattributes
org.apache.lucene.collation.tokenattributes,org.apache.lucene.util
org.apache.lucene.core.tests,org.apache.lucene.core.tests.main
org.apache.lucene.core.tests,org.apache.lucene.document
org.apache.lucene.core.tests,org.apache.lucene.index
org.apache.lucene.core.tests,org.apache.lucene.search
org.apache.lucene.core.tests,org.apache.lucene.search.comparators
org.apache.lucene.core.tests,org.apache.lucene.tests.index
org.apache.lucene.core.tests,org.apache.lucene.tests.util
org.apache.lucene.core.tests,org.apache.lucene.util
org.apache.lucene.demo,org.apache.lucene.analysis
org.apache.lucene.demo,org.apache.lucene.analysis.standard
org.apache.lucene.demo,org.apache.lucene.demo.knn
org.apache.lucene.demo,org.apache.lucene.document
org.apache.lucene.demo,org.apache.lucene.index
org.apache.lucene.demo,org.apache.lucene.queryparser.classic
org.apache.lucene.demo,org.apache.lucene.search
org.apache.lucene.demo,org.apache.lucene.store
org.apache.lucene.demo,org.apache.lucene.tests.util
org.apache.lucene.demo,org.apache.lucene.util
org.apache.lucene.demo.facet,org.apache.lucene.analysis.core
org.apache.lucene.demo.facet,org.apache.lucene.document
org.apache.lucene.demo.facet,org.apache.lucene.expressions
org.apache.lucene.demo.facet,org.apache.lucene.expressions.js
org.apache.lucene.demo.facet,org.apache.lucene.facet
org.apache.lucene.demo.facet,org.apache.lucene.facet.facetset
org.apache.lucene.demo.facet,org.apache.lucene.facet.range
org.apache.lucene.demo.facet,org.apache.lucene.facet.sortedset
org.apache.lucene.demo.facet,org.apache.lucene.facet.taxonomy
org.apache.lucene.demo.facet,org.apache.lucene.facet.taxonomy.directory
org.apache.lucene.demo.facet,org.apache.lucene.index
org.apache.lucene.demo.facet,org.apache.lucene.sandbox.facet
org.apache.lucene.demo.facet,org.apache.lucene.sandbox.facet.cutters
org.apache.lucene.demo.facet,org.apache.lucene.sandbox.facet.cutters.ranges
org.apache.lucene.demo.facet,org.apache.lucene.sandbox.facet.iterators
org.apache.lucene.demo.facet,org.apache.lucene.sandbox.facet.labels
org.apache.lucene.demo.facet,org.apache.lucene.sandbox.facet.recorders
org.apache.lucene.demo.facet,org.apache.lucene.sandbox.facet.utils
org.apache.lucene.demo.facet,org.apache.lucene.search
org.apache.lucene.demo.facet,org.apache.lucene.store
org.apache.lucene.demo.facet,org.apache.lucene.tests.util
org.apache.lucene.demo.facet,org.apache.lucene.util
org.apache.lucene.demo.knn,org.apache.lucene.analysis
org.apache.lucene.demo.knn,org.apache.lucene.analysis.standard
org.apache.lucene.demo.knn,org.apache.lucene.analysis.tokenattributes
org.apache.lucene.demo.knn,org.apache.lucene.store
org.apache.lucene.demo.knn,org.apache.lucene.tests.util
org.apache.lucene.demo.knn,org.apache.lucene.util
org.apache.lucene.demo.knn,org.apache.lucene.util.fst
org.apache.lucene.document,org.apache.lucene.analysis
org.apache.lucene.document,org.apache.lucene.analysis.tokenattributes
org.apache.lucene.document,org.apache.lucene.codecs
org.apache.lucene.document,org.apache.lucene.codecs.lucene90
org.apache.lucene.document,org.apache.lucene.geo
org.apache.lucene.document,org.apache.lucene.index
org.apache.lucene.document,org.apache.lucene.internal.hppc
org.apache.lucene.document,org.apache.lucene.search
org.apache.lucene.document,org.apache.lucene.search.similarities
org.apache.lucene.document,org.apache.lucene.store
org.apache.lucene.document,org.apache.lucene.tests.analysis
org.apache.lucene.document,org.apache.lucene.tests.codecs.vector
org.apache.lucene.document,org.apache.lucene.tests.geo
org.apache.lucene.document,org.apache.lucene.tests.index
org.apache.lucene.document,org.apache.lucene.tests.search
org.apache.lucene.document,org.apache.lucene.tests.util
org.apache.lucene.document,org.apache.lucene.util
org.apache.lucene.document,org.apache.lucene.util.packed
org.apache.lucene.document.column,org.apache.lucene.analysis
org.apache.lucene.document.column,org.apache.lucene.document
org.apache.lucene.document.column,org.apache.lucene.index
org.apache.lucene.document.column,org.apache.lucene.search
org.apache.lucene.document.column,org.apache.lucene.store
org.apache.lucene.document.column,org.apache.lucene.tests.analysis
org.apache.lucene.document.column,org.apache.lucene.tests.util
org.apache.lucene.document.column,org.apache.lucene.util
org.apache.lucene.expressions,org.apache.lucene.document
org.apache.lucene.expressions,org.apache.lucene.expressions.js
org.apache.lucene.expressions,org.apache.lucene.index
org.apache.lucene.expressions,org.apache.lucene.search
org.apache.lucene.expressions,org.apache.lucene.search.similarities
org.apache.lucene.expressions,org.apache.lucene.store
org.apache.lucene.expressions,org.apache.lucene.tests.analysis
org.apache.lucene.expressions,org.apache.lucene.tests.index
org.apache.lucene.expressions,org.apache.lucene.tests.search
org.apache.lucene.expressions,org.apache.lucene.tests.util
org.apache.lucene.expressions,org.apache.lucene.util
org.apache.lucene.expressions.js,org.apache.lucene.expressions
org.apache.lucene.expressions.js,org.apache.lucene.search
org.apache.lucene.expressions.js,org.apache.lucene.tests.util
org.apache.lucene.expressions.js,org.apache.lucene.util
org.apache.lucene.facet,org.apache.lucene.analysis.standard
org.apache.lucene.facet,org.apache.lucene.document
org.apache.lucene.facet,org.apache.lucene.facet.sortedset
org.apache.lucene.facet,org.apache.lucene.facet.taxonomy
org.apache.lucene.facet,org.apache.lucene.facet.taxonomy.directory
org.apache.lucene.facet,org.apache.lucene.index
org.apache.lucene.facet,org.apache.lucene.internal.hppc
org.apache.lucene.facet,org.apache.lucene.search
org.apache.lucene.facet,org.apache.lucene.store
org.apache.lucene.facet,org.apache.lucene.tests.analysis
org.apache.lucene.facet,org.apache.lucene.tests.index
org.apache.lucene.facet,org.apache.lucene.tests.search
org.apache.lucene.facet,org.apache.lucene.tests.util
org.apache.lucene.facet,org.apache.lucene.util
org.apache.lucene.facet,org.apache.lucene.util.packed
org.apache.lucene.facet.facetset,org.apache.lucene.document
org.apache.lucene.facet.facetset,org.apache.lucene.facet
org.apache.lucene.facet.facetset,org.apache.lucene.index
org.apache.lucene.facet.facetset,org.apache.lucene.search
org.apache.lucene.facet.facetset,org.apache.lucene.store
org.apache.lucene.facet.facetset,org.apache.lucene.tests.index
org.apache.lucene.facet.facetset,org.apache.lucene.tests.util
org.apache.lucene.facet.facetset,org.apache.lucene.util
org.apache.lucene.facet.range,org.apache.lucene.document
org.apache.lucene.facet.range,org.apache.lucene.facet
org.apache.lucene.facet.range,org.apache.lucene.facet.taxonomy
org.apache.lucene.facet.range,org.apache.lucene.facet.taxonomy.directory
org.apache.lucene.facet.range,org.apache.lucene.index
org.apache.lucene.facet.range,org.apache.lucene.internal.hppc
org.apache.lucene.facet.range,org.apache.lucene.search
org.apache.lucene.facet.range,org.apache.lucene.store
org.apache.lucene.facet.range,org.apache.lucene.tests.index
org.apache.lucene.facet.range,org.apache.lucene.tests.util
org.apache.lucene.facet.range,org.apache.lucene.util
org.apache.lucene.facet.rangeonrange,org.apache.lucene.document
org.apache.lucene.facet.rangeonrange,org.apache.lucene.facet
org.apache.lucene.facet.rangeonrange,org.apache.lucene.facet.taxonomy
org.apache.lucene.facet.rangeonrange,org.apache.lucene.facet.taxonomy.directory
org.apache.lucene.facet.rangeonrange,org.apache.lucene.index
org.apache.lucene.facet.rangeonrange,org.apache.lucene.search
org.apache.lucene.facet.rangeonrange,org.apache.lucene.store
org.apache.lucene.facet.rangeonrange,org.apache.lucene.tests.index
org.apache.lucene.facet.rangeonrange,org.apache.lucene.tests.util
org.apache.lucene.facet.rangeonrange,org.apache.lucene.util
org.apache.lucene.facet.sortedset,org.apache.lucene.document
org.apache.lucene.facet.sortedset,org.apache.lucene.facet
org.apache.lucene.facet.sortedset,org.apache.lucene.index
org.apache.lucene.facet.sortedset,org.apache.lucene.search
org.apache.lucene.facet.sortedset,org.apache.lucene.store
org.apache.lucene.facet.sortedset,org.apache.lucene.tests.index
org.apache.lucene.facet.sortedset,org.apache.lucene.tests.util
org.apache.lucene.facet.sortedset,org.apache.lucene.util
org.apache.lucene.facet.taxonomy,org.apache.lucene.document
org.apache.lucene.facet.taxonomy,org.apache.lucene.facet
org.apache.lucene.facet.taxonomy,org.apache.lucene.facet.sortedset
org.apache.lucene.facet.taxonomy,org.apache.lucene.facet.taxonomy.directory
org.apache.lucene.facet.taxonomy,org.apache.lucene.facet.taxonomy.writercache
org.apache.lucene.facet.taxonomy,org.apache.lucene.index
org.apache.lucene.facet.taxonomy,org.apache.lucene.internal.hppc
org.apache.lucene.facet.taxonomy,org.apache.lucene.queries.function
org.apache.lucene.facet.taxonomy,org.apache.lucene.queries.function.valuesource
org.apache.lucene.facet.taxonomy,org.apache.lucene.search
org.apache.lucene.facet.taxonomy,org.apache.lucene.search.similarities
org.apache.lucene.facet.taxonomy,org.apache.lucene.store
org.apache.lucene.facet.taxonomy,org.apache.lucene.tests.analysis
org.apache.lucene.facet.taxonomy,org.apache.lucene.tests.index
org.apache.lucene.facet.taxonomy,org.apache.lucene.tests.util
org.apache.lucene.facet.taxonomy,org.apache.lucene.util
org.apache.lucene.facet.taxonomy.directory,org.apache.lucene.document
org.apache.lucene.facet.taxonomy.directory,org.apache.lucene.facet
org.apache.lucene.facet.taxonomy.directory,org.apache.lucene.facet.taxonomy
org.apache.lucene.facet.taxonomy.directory,org.apache.lucene.facet.taxonomy.writercache
org.apache.lucene.facet.taxonomy.directory,org.apache.lucene.index
org.apache.lucene.facet.taxonomy.directory,org.apache.lucene.internal.hppc
org.apache.lucene.facet.taxonomy.directory,org.apache.lucene.search
org.apache.lucene.facet.taxonomy.directory,org.apache.lucene.store
org.apache.lucene.facet.taxonomy.directory,org.apache.lucene.tests.analysis
org.apache.lucene.facet.taxonomy.directory,org.apache.lucene.tests.util
org.apache.lucene.facet.taxonomy.directory,org.apache.lucene.util
org.apache.lucene.facet.taxonomy.writercache,org.apache.lucene.facet
org.apache.lucene.facet.taxonomy.writercache,org.apache.lucene.facet.taxonomy
org.apache.lucene.facet.taxonomy.writercache,org.apache.lucene.facet.taxonomy.directory
org.apache.lucene.facet.taxonomy.writercache,org.apache.lucene.tests.util
org.apache.lucene.geo,org.apache.lucene.index
org.apache.lucene.geo,org.apache.lucene.tests.geo
org.apache.lucene.geo,org.apache.lucene.tests.util
org.apache.lucene.geo,org.apache.lucene.util
org.apache.lucene.gradle.plugins,org.apache.lucene.gradle.plugins.globals
org.apache.lucene.gradle.plugins.documentation,org.apache.lucene.gradle.plugins
org.apache.lucene.gradle.plugins.documentation,org.apache.lucene.gradle.plugins.globals
org.apache.lucene.gradle.plugins.eclint,org.apache.lucene.gradle.plugins
org.apache.lucene.gradle.plugins.gitgrep,org.apache.lucene.gradle.plugins
org.apache.lucene.gradle.plugins.gitinfo,org.apache.lucene.gradle.plugins
org.apache.lucene.gradle.plugins.gitinfo,org.apache.lucene.gradle.plugins.globals
org.apache.lucene.gradle.plugins.globals,org.apache.lucene.gradle.plugins
org.apache.lucene.gradle.plugins.globals,org.apache.lucene.gradle.plugins.misc
org.apache.lucene.gradle.plugins.hacks,org.apache.lucene.gradle
org.apache.lucene.gradle.plugins.hacks,org.apache.lucene.gradle.plugins
org.apache.lucene.gradle.plugins.hacks,org.apache.lucene.gradle.plugins.java
org.apache.lucene.gradle.plugins.hacks,org.apache.lucene.gradle.plugins.misc
org.apache.lucene.gradle.plugins.help,org.apache.lucene.gradle.plugins.documentation
org.apache.lucene.gradle.plugins.help,org.apache.lucene.gradle.plugins.hacks
org.apache.lucene.gradle.plugins.help,org.apache.lucene.gradle.plugins.ide
org.apache.lucene.gradle.plugins.help,org.apache.lucene.gradle.plugins.java
org.apache.lucene.gradle.plugins.help,org.apache.lucene.gradle.plugins.misc
org.apache.lucene.gradle.plugins.ide,org.apache.lucene.gradle
org.apache.lucene.gradle.plugins.ide,org.apache.lucene.gradle.plugins
org.apache.lucene.gradle.plugins.ide,org.apache.lucene.gradle.plugins.java
org.apache.lucene.gradle.plugins.java,org.apache.lucene.gradle.plugins
org.apache.lucene.gradle.plugins.java,org.apache.lucene.gradle.plugins.documentation
org.apache.lucene.gradle.plugins.java,org.apache.lucene.gradle.plugins.gitinfo
org.apache.lucene.gradle.plugins.java,org.apache.lucene.gradle.plugins.globals
org.apache.lucene.gradle.plugins.java,org.apache.lucene.gradle.plugins.misc
org.apache.lucene.gradle.plugins.java,org.apache.lucene.gradle.plugins.spotless
org.apache.lucene.gradle.plugins.licenses,org.apache.lucene.gradle.plugins
org.apache.lucene.gradle.plugins.licenses,org.apache.lucene.gradle.plugins.gitinfo
org.apache.lucene.gradle.plugins.misc,org.apache.lucene.gradle
org.apache.lucene.gradle.plugins.misc,org.apache.lucene.gradle.plugins
org.apache.lucene.gradle.plugins.misc,org.apache.lucene.gradle.plugins.documentation
org.apache.lucene.gradle.plugins.misc,org.apache.lucene.gradle.plugins.eclint
org.apache.lucene.gradle.plugins.misc,org.apache.lucene.gradle.plugins.gitgrep
org.apache.lucene.gradle.plugins.misc,org.apache.lucene.gradle.plugins.gitinfo
org.apache.lucene.gradle.plugins.misc,org.apache.lucene.gradle.plugins.globals
org.apache.lucene.gradle.plugins.misc,org.apache.lucene.gradle.plugins.hacks
org.apache.lucene.gradle.plugins.misc,org.apache.lucene.gradle.plugins.help
org.apache.lucene.gradle.plugins.misc,org.apache.lucene.gradle.plugins.ide
org.apache.lucene.gradle.plugins.misc,org.apache.lucene.gradle.plugins.java
org.apache.lucene.gradle.plugins.misc,org.apache.lucene.gradle.plugins.licenses
org.apache.lucene.gradle.plugins.misc,org.apache.lucene.gradle.plugins.publishing
org.apache.lucene.gradle.plugins.misc,org.apache.lucene.gradle.plugins.regenerate
org.apache.lucene.gradle.plugins.misc,org.apache.lucene.gradle.plugins.spotless
org.apache.lucene.gradle.plugins.mrjar,org.apache.lucene.gradle.plugins
org.apache.lucene.gradle.plugins.mrjar,org.apache.lucene.gradle.plugins.regenerate
org.apache.lucene.gradle.plugins.publishing,org.apache.lucene.gradle.plugins
org.apache.lucene.gradle.plugins.regenerate,org.apache.lucene.gradle.plugins
org.apache.lucene.gradle.plugins.regenerate,org.apache.lucene.gradle.plugins.globals
org.apache.lucene.gradle.plugins.regenerate,org.apache.lucene.gradle.plugins.licenses
org.apache.lucene.gradle.plugins.regenerate,org.apache.lucene.gradle.plugins.misc
org.apache.lucene.gradle.plugins.spotless,org.apache.lucene.gradle.plugins
org.apache.lucene.gradle.plugins.spotless,org.apache.lucene.gradle.plugins.misc
org.apache.lucene.index,org.apache.lucene.analysis
org.apache.lucene.index,org.apache.lucene.analysis.standard
org.apache.lucene.index,org.apache.lucene.analysis.tokenattributes
org.apache.lucene.index,org.apache.lucene.codecs
org.apache.lucene.index,org.apache.lucene.codecs.compressing
org.apache.lucene.index,org.apache.lucene.codecs.hnsw
org.apache.lucene.index,org.apache.lucene.codecs.lucene104
org.apache.lucene.index,org.apache.lucene.codecs.lucene90.compressing
org.apache.lucene.index,org.apache.lucene.codecs.lucene99
org.apache.lucene.index,org.apache.lucene.codecs.memory
org.apache.lucene.index,org.apache.lucene.codecs.perfield
org.apache.lucene.index,org.apache.lucene.codecs.simpletext
org.apache.lucene.index,org.apache.lucene.document
org.apache.lucene.index,org.apache.lucene.document.column
org.apache.lucene.index,org.apache.lucene.internal.hppc
org.apache.lucene.index,org.apache.lucene.internal.tests
org.apache.lucene.index,org.apache.lucene.search
org.apache.lucene.index,org.apache.lucene.search.similarities
org.apache.lucene.index,org.apache.lucene.store
org.apache.lucene.index,org.apache.lucene.tests.analysis
org.apache.lucene.index,org.apache.lucene.tests.codecs.asserting
org.apache.lucene.index,org.apache.lucene.tests.codecs.compressing
org.apache.lucene.index,org.apache.lucene.tests.codecs.cranky
org.apache.lucene.index,org.apache.lucene.tests.index
org.apache.lucene.index,org.apache.lucene.tests.mockfile
org.apache.lucene.index,org.apache.lucene.tests.search
org.apache.lucene.index,org.apache.lucene.tests.store
org.apache.lucene.index,org.apache.lucene.tests.util
org.apache.lucene.index,org.apache.lucene.tests.util.automaton
org.apache.lucene.index,org.apache.lucene.util
org.apache.lucene.index,org.apache.lucene.util.automaton
org.apache.lucene.index,org.apache.lucene.util.bkd
org.apache.lucene.index,org.apache.lucene.util.hnsw
org.apache.lucene.index,org.apache.lucene.util.packed
org.apache.lucene.index.memory,org.apache.lucene.analysis
org.apache.lucene.index.memory,org.apache.lucene.analysis.standard
org.apache.lucene.index.memory,org.apache.lucene.analysis.tokenattributes
org.apache.lucene.index.memory,org.apache.lucene.document
org.apache.lucene.index.memory,org.apache.lucene.index
org.apache.lucene.index.memory,org.apache.lucene.queries.spans
org.apache.lucene.index.memory,org.apache.lucene.queryparser.classic
org.apache.lucene.index.memory,org.apache.lucene.search
org.apache.lucene.index.memory,org.apache.lucene.search.similarities
org.apache.lucene.index.memory,org.apache.lucene.store
org.apache.lucene.index.memory,org.apache.lucene.tests.analysis
org.apache.lucene.index.memory,org.apache.lucene.tests.util
org.apache.lucene.index.memory,org.apache.lucene.util
org.apache.lucene.internal.hppc,org.apache.lucene.tests.util
org.apache.lucene.internal.hppc,org.apache.lucene.util
org.apache.lucene.internal.tests,org.apache.lucene.index
org.apache.lucene.internal.tests,org.apache.lucene.store
org.apache.lucene.internal.tests,org.apache.lucene.tests.util
org.apache.lucene.internal.vectorization,org.apache.lucene.codecs.hnsw
org.apache.lucene.internal.vectorization,org.apache.lucene.codecs.lucene104
org.apache.lucene.internal.vectorization,org.apache.lucene.codecs.lucene95
org.apache.lucene.internal.vectorization,org.apache.lucene.codecs.lucene99
org.apache.lucene.internal.vectorization,org.apache.lucene.index
org.apache.lucene.internal.vectorization,org.apache.lucene.store
org.apache.lucene.internal.vectorization,org.apache.lucene.tests.util
org.apache.lucene.internal.vectorization,org.apache.lucene.util
org.apache.lucene.internal.vectorization,org.apache.lucene.util.hnsw
org.apache.lucene.internal.vectorization,org.apache.lucene.util.quantization
org.apache.lucene.luke.app,org.apache.lucene.index
org.apache.lucene.luke.app,org.apache.lucene.luke.app.desktop
org.apache.lucene.luke.app,org.apache.lucene.luke.app.desktop.util
org.apache.lucene.luke.app,org.apache.lucene.luke.models
org.apache.lucene.luke.app,org.apache.lucene.luke.models.util
org.apache.lucene.luke.app,org.apache.lucene.luke.util
org.apache.lucene.luke.app,org.apache.lucene.store
org.apache.lucene.luke.app.desktop,org.apache.lucene.luke.app.desktop.components
org.apache.lucene.luke.app.desktop,org.apache.lucene.luke.app.desktop.components.dialog.menubar
org.apache.lucene.luke.app.desktop,org.apache.lucene.luke.app.desktop.util
org.apache.lucene.luke.app.desktop,org.apache.lucene.luke.app.desktop.util.inifile
org.apache.lucene.luke.app.desktop,org.apache.lucene.luke.util
org.apache.lucene.luke.app.desktop,org.apache.lucene.store
org.apache.lucene.luke.app.desktop.components,org.apache.lucene.analysis
org.apache.lucene.luke.app.desktop.components,org.apache.lucene.analysis.custom
org.apache.lucene.luke.app.desktop.components,org.apache.lucene.analysis.standard
org.apache.lucene.luke.app.desktop.components,org.apache.lucene.index
org.apache.lucene.luke.app.desktop.components,org.apache.lucene.luke.app
org.apache.lucene.luke.app.desktop.components,org.apache.lucene.luke.app.desktop
org.apache.lucene.luke.app.desktop.components,org.apache.lucene.luke.app.desktop.components.dialog
org.apache.lucene.luke.app.desktop.components,org.apache.lucene.luke.app.desktop.components.dialog.analysis
org.apache.lucene.luke.app.desktop.components,org.apache.lucene.luke.app.desktop.components.dialog.documents
org.apache.lucene.luke.app.desktop.components,org.apache.lucene.luke.app.desktop.components.dialog.menubar
org.apache.lucene.luke.app.desktop.components,org.apache.lucene.luke.app.desktop.components.dialog.search
org.apache.lucene.luke.app.desktop.components,org.apache.lucene.luke.app.desktop.components.fragments.analysis
org.apache.lucene.luke.app.desktop.components,org.apache.lucene.luke.app.desktop.components.fragments.search
org.apache.lucene.luke.app.desktop.components,org.apache.lucene.luke.app.desktop.util
org.apache.lucene.luke.app.desktop.components,org.apache.lucene.luke.models
org.apache.lucene.luke.app.desktop.components,org.apache.lucene.luke.models.analysis
org.apache.lucene.luke.app.desktop.components,org.apache.lucene.luke.models.commits
org.apache.lucene.luke.app.desktop.components,org.apache.lucene.luke.models.documents
org.apache.lucene.luke.app.desktop.components,org.apache.lucene.luke.models.overview
org.apache.lucene.luke.app.desktop.components,org.apache.lucene.luke.models.search
org.apache.lucene.luke.app.desktop.components,org.apache.lucene.luke.models.tools
org.apache.lucene.luke.app.desktop.components,org.apache.lucene.luke.util
org.apache.lucene.luke.app.desktop.components,org.apache.lucene.search
org.apache.lucene.luke.app.desktop.components,org.apache.lucene.util
org.apache.lucene.luke.app.desktop.components.dialog,org.apache.lucene.luke.app.desktop
org.apache.lucene.luke.app.desktop.components.dialog,org.apache.lucene.luke.app.desktop.util
org.apache.lucene.luke.app.desktop.components.dialog,org.apache.lucene.luke.app.desktop.util.lang
org.apache.lucene.luke.app.desktop.components.dialog.analysis,org.apache.lucene.analysis
org.apache.lucene.luke.app.desktop.components.dialog.analysis,org.apache.lucene.analysis.custom
org.apache.lucene.luke.app.desktop.components.dialog.analysis,org.apache.lucene.luke.app.desktop
org.apache.lucene.luke.app.desktop.components.dialog.analysis,org.apache.lucene.luke.app.desktop.components
org.apache.lucene.luke.app.desktop.components.dialog.analysis,org.apache.lucene.luke.app.desktop.components.fragments.analysis
org.apache.lucene.luke.app.desktop.components.dialog.analysis,org.apache.lucene.luke.app.desktop.util
org.apache.lucene.luke.app.desktop.components.dialog.analysis,org.apache.lucene.luke.app.desktop.util.lang
org.apache.lucene.luke.app.desktop.components.dialog.analysis,org.apache.lucene.luke.models.analysis
org.apache.lucene.luke.app.desktop.components.dialog.documents,org.apache.lucene.analysis
org.apache.lucene.luke.app.desktop.components.dialog.documents,org.apache.lucene.analysis.standard
org.apache.lucene.luke.app.desktop.components.dialog.documents,org.apache.lucene.document
org.apache.lucene.luke.app.desktop.components.dialog.documents,org.apache.lucene.index
org.apache.lucene.luke.app.desktop.components.dialog.documents,org.apache.lucene.luke.app
org.apache.lucene.luke.app.desktop.components.dialog.documents,org.apache.lucene.luke.app.desktop
org.apache.lucene.luke.app.desktop.components.dialog.documents,org.apache.lucene.luke.app.desktop.components
org.apache.lucene.luke.app.desktop.components.dialog.documents,org.apache.lucene.luke.app.desktop.components.dialog
org.apache.lucene.luke.app.desktop.components.dialog.documents,org.apache.lucene.luke.app.desktop.dto.documents
org.apache.lucene.luke.app.desktop.components.dialog.documents,org.apache.lucene.luke.app.desktop.util
org.apache.lucene.luke.app.desktop.components.dialog.documents,org.apache.lucene.luke.models
org.apache.lucene.luke.app.desktop.components.dialog.documents,org.apache.lucene.luke.models.documents
org.apache.lucene.luke.app.desktop.components.dialog.documents,org.apache.lucene.luke.models.tools
org.apache.lucene.luke.app.desktop.components.dialog.documents,org.apache.lucene.luke.util
org.apache.lucene.luke.app.desktop.components.dialog.documents,org.apache.lucene.util
org.apache.lucene.luke.app.desktop.components.dialog.menubar,org.apache.lucene.index
org.apache.lucene.luke.app.desktop.components.dialog.menubar,org.apache.lucene.luke.app
org.apache.lucene.luke.app.desktop.components.dialog.menubar,org.apache.lucene.luke.app.desktop
org.apache.lucene.luke.app.desktop.components.dialog.menubar,org.apache.lucene.luke.app.desktop.util
org.apache.lucene.luke.app.desktop.components.dialog.menubar,org.apache.lucene.luke.models
org.apache.lucene.luke.app.desktop.components.dialog.menubar,org.apache.lucene.luke.models.tools
org.apache.lucene.luke.app.desktop.components.dialog.menubar,org.apache.lucene.luke.models.util
org.apache.lucene.luke.app.desktop.components.dialog.menubar,org.apache.lucene.luke.util
org.apache.lucene.luke.app.desktop.components.dialog.menubar,org.apache.lucene.store
org.apache.lucene.luke.app.desktop.components.dialog.menubar,org.apache.lucene.util
org.apache.lucene.luke.app.desktop.components.dialog.search,org.apache.lucene.luke.app.desktop
org.apache.lucene.luke.app.desktop.components.dialog.search,org.apache.lucene.luke.app.desktop.util
org.apache.lucene.luke.app.desktop.components.dialog.search,org.apache.lucene.search
org.apache.lucene.luke.app.desktop.components.fragments.analysis,org.apache.lucene.luke.app.desktop
org.apache.lucene.luke.app.desktop.components.fragments.analysis,org.apache.lucene.luke.app.desktop.components
org.apache.lucene.luke.app.desktop.components.fragments.analysis,org.apache.lucene.luke.app.desktop.components.dialog.analysis
org.apache.lucene.luke.app.desktop.components.fragments.analysis,org.apache.lucene.luke.app.desktop.util
org.apache.lucene.luke.app.desktop.components.fragments.analysis,org.apache.lucene.luke.app.desktop.util.lang
org.apache.lucene.luke.app.desktop.components.fragments.analysis,org.apache.lucene.luke.models.analysis
org.apache.lucene.luke.app.desktop.components.fragments.analysis,org.apache.lucene.util
org.apache.lucene.luke.app.desktop.components.fragments.search,org.apache.lucene.analysis
org.apache.lucene.luke.app.desktop.components.fragments.search,org.apache.lucene.analysis.custom
org.apache.lucene.luke.app.desktop.components.fragments.search,org.apache.lucene.analysis.standard
org.apache.lucene.luke.app.desktop.components.fragments.search,org.apache.lucene.document
org.apache.lucene.luke.app.desktop.components.fragments.search,org.apache.lucene.luke.app.desktop.components
org.apache.lucene.luke.app.desktop.components.fragments.search,org.apache.lucene.luke.app.desktop.util
org.apache.lucene.luke.app.desktop.components.fragments.search,org.apache.lucene.luke.models.analysis
org.apache.lucene.luke.app.desktop.components.fragments.search,org.apache.lucene.luke.models.search
org.apache.lucene.luke.app.desktop.components.fragments.search,org.apache.lucene.search
org.apache.lucene.luke.app.desktop.dto.documents,org.apache.lucene.document
org.apache.lucene.luke.app.desktop.dto.documents,org.apache.lucene.index
org.apache.lucene.luke.app.desktop.dto.documents,org.apache.lucene.luke.app.desktop.util
org.apache.lucene.luke.app.desktop.util,org.apache.lucene.luke.app.desktop
org.apache.lucene.luke.app.desktop.util,org.apache.lucene.luke.app.desktop.components
org.apache.lucene.luke.app.desktop.util,org.apache.lucene.luke.app.desktop.components.dialog
org.apache.lucene.luke.app.desktop.util,org.apache.lucene.luke.models
org.apache.lucene.luke.app.desktop.util,org.apache.lucene.luke.util
org.apache.lucene.luke.app.desktop.util,org.apache.lucene.tests.util
org.apache.lucene.luke.app.desktop.util.inifile,org.apache.lucene.tests.util
org.apache.lucene.luke.models,org.apache.lucene.index
org.apache.lucene.luke.models,org.apache.lucene.luke.models.util
org.apache.lucene.luke.models,org.apache.lucene.store
org.apache.lucene.luke.models,org.apache.lucene.util
org.apache.lucene.luke.models.analysis,org.apache.lucene.analysis
org.apache.lucene.luke.models.analysis,org.apache.lucene.analysis.custom
org.apache.lucene.luke.models.analysis,org.apache.lucene.analysis.standard
org.apache.lucene.luke.models.analysis,org.apache.lucene.analysis.tokenattributes
org.apache.lucene.luke.models.analysis,org.apache.lucene.luke.models
org.apache.lucene.luke.models.analysis,org.apache.lucene.tests.util
org.apache.lucene.luke.models.analysis,org.apache.lucene.util
org.apache.lucene.luke.models.commits,org.apache.lucene.codecs
org.apache.lucene.luke.models.commits,org.apache.lucene.document
org.apache.lucene.luke.models.commits,org.apache.lucene.index
org.apache.lucene.luke.models.commits,org.apache.lucene.luke.models
org.apache.lucene.luke.models.commits,org.apache.lucene.luke.models.util
org.apache.lucene.luke.models.commits,org.apache.lucene.luke.util
org.apache.lucene.luke.models.commits,org.apache.lucene.store
org.apache.lucene.luke.models.commits,org.apache.lucene.tests.analysis
org.apache.lucene.luke.models.commits,org.apache.lucene.tests.index
org.apache.lucene.luke.models.commits,org.apache.lucene.tests.util
org.apache.lucene.luke.models.documents,org.apache.lucene.analysis.standard
org.apache.lucene.luke.models.documents,org.apache.lucene.document
org.apache.lucene.luke.models.documents,org.apache.lucene.index
org.apache.lucene.luke.models.documents,org.apache.lucene.luke.models
org.apache.lucene.luke.models.documents,org.apache.lucene.luke.models.util
org.apache.lucene.luke.models.documents,org.apache.lucene.luke.util
org.apache.lucene.luke.models.documents,org.apache.lucene.store
org.apache.lucene.luke.models.documents,org.apache.lucene.tests.analysis
org.apache.lucene.luke.models.documents,org.apache.lucene.tests.index
org.apache.lucene.luke.models.documents,org.apache.lucene.tests.util
org.apache.lucene.luke.models.documents,org.apache.lucene.util
org.apache.lucene.luke.models.overview,org.apache.lucene.document
org.apache.lucene.luke.models.overview,org.apache.lucene.index
org.apache.lucene.luke.models.overview,org.apache.lucene.luke.models
org.apache.lucene.luke.models.overview,org.apache.lucene.luke.models.util
org.apache.lucene.luke.models.overview,org.apache.lucene.luke.util
org.apache.lucene.luke.models.overview,org.apache.lucene.misc
org.apache.lucene.luke.models.overview,org.apache.lucene.store
org.apache.lucene.luke.models.overview,org.apache.lucene.tests.analysis
org.apache.lucene.luke.models.overview,org.apache.lucene.tests.index
org.apache.lucene.luke.models.overview,org.apache.lucene.tests.util
org.apache.lucene.luke.models.search,org.apache.lucene.analysis
org.apache.lucene.luke.models.search,org.apache.lucene.analysis.standard
org.apache.lucene.luke.models.search,org.apache.lucene.document
org.apache.lucene.luke.models.search,org.apache.lucene.index
org.apache.lucene.luke.models.search,org.apache.lucene.luke.models
org.apache.lucene.luke.models.search,org.apache.lucene.luke.models.util
org.apache.lucene.luke.models.search,org.apache.lucene.luke.util
org.apache.lucene.luke.models.search,org.apache.lucene.queries.mlt
org.apache.lucene.luke.models.search,org.apache.lucene.queryparser.classic
org.apache.lucene.luke.models.search,org.apache.lucene.queryparser.flexible.core
org.apache.lucene.luke.models.search,org.apache.lucene.queryparser.flexible.standard
org.apache.lucene.luke.models.search,org.apache.lucene.queryparser.flexible.standard.config
org.apache.lucene.luke.models.search,org.apache.lucene.search
org.apache.lucene.luke.models.search,org.apache.lucene.search.similarities
org.apache.lucene.luke.models.search,org.apache.lucene.store
org.apache.lucene.luke.models.search,org.apache.lucene.tests.index
org.apache.lucene.luke.models.search,org.apache.lucene.tests.util
org.apache.lucene.luke.models.search,org.apache.lucene.util
org.apache.lucene.luke.models.tools,org.apache.lucene.analysis
org.apache.lucene.luke.models.tools,org.apache.lucene.document
org.apache.lucene.luke.models.tools,org.apache.lucene.index
org.apache.lucene.luke.models.tools,org.apache.lucene.luke.models
org.apache.lucene.luke.models.tools,org.apache.lucene.luke.models.util
org.apache.lucene.luke.models.tools,org.apache.lucene.luke.models.util.twentynewsgroups
org.apache.lucene.luke.models.tools,org.apache.lucene.search
org.apache.lucene.luke.models.tools,org.apache.lucene.store
org.apache.lucene.luke.models.tools,org.apache.lucene.util
org.apache.lucene.luke.models.util,org.apache.lucene.analysis
org.apache.lucene.luke.models.util,org.apache.lucene.analysis.core
org.apache.lucene.luke.models.util,org.apache.lucene.codecs
org.apache.lucene.luke.models.util,org.apache.lucene.index
org.apache.lucene.luke.models.util,org.apache.lucene.luke.util
org.apache.lucene.luke.models.util,org.apache.lucene.store
org.apache.lucene.luke.models.util,org.apache.lucene.util
org.apache.lucene.luke.models.util.twentynewsgroups,org.apache.lucene.analysis
org.apache.lucene.luke.models.util.twentynewsgroups,org.apache.lucene.analysis.email
org.apache.lucene.luke.models.util.twentynewsgroups,org.apache.lucene.analysis.miscellaneous
org.apache.lucene.luke.models.util.twentynewsgroups,org.apache.lucene.analysis.standard
org.apache.lucene.luke.models.util.twentynewsgroups,org.apache.lucene.document
org.apache.lucene.luke.models.util.twentynewsgroups,org.apache.lucene.index
org.apache.lucene.luke.models.util.twentynewsgroups,org.apache.lucene.luke.util
org.apache.lucene.luke.models.util.twentynewsgroups,org.apache.lucene.util
org.apache.lucene.luke.util,org.apache.lucene.util
org.apache.lucene.misc,org.apache.lucene.document
org.apache.lucene.misc,org.apache.lucene.index
org.apache.lucene.misc,org.apache.lucene.misc.store
org.apache.lucene.misc,org.apache.lucene.misc.util
org.apache.lucene.misc,org.apache.lucene.search
org.apache.lucene.misc,org.apache.lucene.search.similarities
org.apache.lucene.misc,org.apache.lucene.store
org.apache.lucene.misc,org.apache.lucene.tests.analysis
org.apache.lucene.misc,org.apache.lucene.tests.util
org.apache.lucene.misc,org.apache.lucene.util
org.apache.lucene.misc.document,org.apache.lucene.analysis
org.apache.lucene.misc.document,org.apache.lucene.document
org.apache.lucene.misc.document,org.apache.lucene.index
org.apache.lucene.misc.document,org.apache.lucene.internal.hppc
org.apache.lucene.misc.document,org.apache.lucene.search
org.apache.lucene.misc.document,org.apache.lucene.store
org.apache.lucene.misc.document,org.apache.lucene.tests.analysis
org.apache.lucene.misc.document,org.apache.lucene.tests.util
org.apache.lucene.misc.document,org.apache.lucene.util
org.apache.lucene.misc.index,org.apache.lucene.codecs
org.apache.lucene.misc.index,org.apache.lucene.codecs.lucene104
org.apache.lucene.misc.index,org.apache.lucene.document
org.apache.lucene.misc.index,org.apache.lucene.index
org.apache.lucene.misc.index,org.apache.lucene.search
org.apache.lucene.misc.index,org.apache.lucene.store
org.apache.lucene.misc.index,org.apache.lucene.tests.analysis
org.apache.lucene.misc.index,org.apache.lucene.tests.index
org.apache.lucene.misc.index,org.apache.lucene.tests.store
org.apache.lucene.misc.index,org.apache.lucene.tests.util
org.apache.lucene.misc.index,org.apache.lucene.util
org.apache.lucene.misc.index,org.apache.lucene.util.packed
org.apache.lucene.misc.search,org.apache.lucene.document
org.apache.lucene.misc.search,org.apache.lucene.index
org.apache.lucene.misc.search,org.apache.lucene.internal.hppc
org.apache.lucene.misc.search,org.apache.lucene.misc
org.apache.lucene.misc.search,org.apache.lucene.search
org.apache.lucene.misc.search,org.apache.lucene.store
org.apache.lucene.misc.search,org.apache.lucene.tests.analysis
org.apache.lucene.misc.search,org.apache.lucene.tests.index
org.apache.lucene.misc.search,org.apache.lucene.tests.search
org.apache.lucene.misc.search,org.apache.lucene.tests.util
org.apache.lucene.misc.search,org.apache.lucene.util
org.apache.lucene.misc.store,org.apache.lucene.codecs
org.apache.lucene.misc.store,org.apache.lucene.document
org.apache.lucene.misc.store,org.apache.lucene.index
org.apache.lucene.misc.store,org.apache.lucene.search
org.apache.lucene.misc.store,org.apache.lucene.store
org.apache.lucene.misc.store,org.apache.lucene.tests.index
org.apache.lucene.misc.store,org.apache.lucene.tests.mockfile
org.apache.lucene.misc.store,org.apache.lucene.tests.store
org.apache.lucene.misc.store,org.apache.lucene.tests.util
org.apache.lucene.misc.store,org.apache.lucene.util
org.apache.lucene.misc.util,org.apache.lucene.misc
org.apache.lucene.misc.util,org.apache.lucene.tests.util
org.apache.lucene.misc.util.fst,org.apache.lucene.store
org.apache.lucene.misc.util.fst,org.apache.lucene.tests.store
org.apache.lucene.misc.util.fst,org.apache.lucene.tests.util
org.apache.lucene.misc.util.fst,org.apache.lucene.tests.util.fst
org.apache.lucene.misc.util.fst,org.apache.lucene.util
org.apache.lucene.misc.util.fst,org.apache.lucene.util.fst
org.apache.lucene.monitor,org.apache.lucene.analysis
org.apache.lucene.monitor,org.apache.lucene.analysis.core
org.apache.lucene.monitor,org.apache.lucene.analysis.standard
org.apache.lucene.monitor,org.apache.lucene.analysis.tokenattributes
org.apache.lucene.monitor,org.apache.lucene.document
org.apache.lucene.monitor,org.apache.lucene.index
org.apache.lucene.monitor,org.apache.lucene.index.memory
org.apache.lucene.monitor,org.apache.lucene.queries.spans
org.apache.lucene.monitor,org.apache.lucene.queryparser.classic
org.apache.lucene.monitor,org.apache.lucene.queryparser.complexPhrase
org.apache.lucene.monitor,org.apache.lucene.search
org.apache.lucene.monitor,org.apache.lucene.search.similarities
org.apache.lucene.monitor,org.apache.lucene.store
org.apache.lucene.monitor,org.apache.lucene.tests.analysis
org.apache.lucene.monitor,org.apache.lucene.tests.util
org.apache.lucene.monitor,org.apache.lucene.util
org.apache.lucene.monitor.outsidepackage,org.apache.lucene.index
org.apache.lucene.monitor.outsidepackage,org.apache.lucene.index.memory
org.apache.lucene.monitor.outsidepackage,org.apache.lucene.monitor
org.apache.lucene.monitor.outsidepackage,org.apache.lucene.search
org.apache.lucene.payloads,org.apache.lucene.analysis
org.apache.lucene.payloads,org.apache.lucene.analysis.tokenattributes
org.apache.lucene.payloads,org.apache.lucene.document
org.apache.lucene.payloads,org.apache.lucene.index
org.apache.lucene.payloads,org.apache.lucene.queries.spans
org.apache.lucene.payloads,org.apache.lucene.search
org.apache.lucene.payloads,org.apache.lucene.search.similarities
org.apache.lucene.payloads,org.apache.lucene.store
org.apache.lucene.payloads,org.apache.lucene.tests.analysis
org.apache.lucene.payloads,org.apache.lucene.tests.index
org.apache.lucene.payloads,org.apache.lucene.tests.util
org.apache.lucene.payloads,org.apache.lucene.util
org.apache.lucene.queries,org.apache.lucene.document
org.apache.lucene.queries,org.apache.lucene.index
org.apache.lucene.queries,org.apache.lucene.search
org.apache.lucene.queries,org.apache.lucene.search.similarities
org.apache.lucene.queries,org.apache.lucene.store
org.apache.lucene.queries,org.apache.lucene.tests.analysis
org.apache.lucene.queries,org.apache.lucene.tests.index
org.apache.lucene.queries,org.apache.lucene.tests.search
org.apache.lucene.queries,org.apache.lucene.tests.util
org.apache.lucene.queries,org.apache.lucene.util
org.apache.lucene.queries.function,org.apache.lucene.analysis
org.apache.lucene.queries.function,org.apache.lucene.document
org.apache.lucene.queries.function,org.apache.lucene.expressions
org.apache.lucene.queries.function,org.apache.lucene.expressions.js
org.apache.lucene.queries.function,org.apache.lucene.index
org.apache.lucene.queries.function,org.apache.lucene.queries.function.docvalues
org.apache.lucene.queries.function,org.apache.lucene.queries.function.valuesource
org.apache.lucene.queries.function,org.apache.lucene.search
org.apache.lucene.queries.function,org.apache.lucene.search.similarities
org.apache.lucene.queries.function,org.apache.lucene.store
org.apache.lucene.queries.function,org.apache.lucene.tests.analysis
org.apache.lucene.queries.function,org.apache.lucene.tests.index
org.apache.lucene.queries.function,org.apache.lucene.tests.search
org.apache.lucene.queries.function,org.apache.lucene.tests.util
org.apache.lucene.queries.function,org.apache.lucene.util
org.apache.lucene.queries.function,org.apache.lucene.util.mutable
org.apache.lucene.queries.function,org.apache.lucene.util.packed
org.apache.lucene.queries.function.docvalues,org.apache.lucene.index
org.apache.lucene.queries.function.docvalues,org.apache.lucene.queries.function
org.apache.lucene.queries.function.docvalues,org.apache.lucene.tests.util
org.apache.lucene.queries.function.docvalues,org.apache.lucene.util
org.apache.lucene.queries.function.docvalues,org.apache.lucene.util.mutable
org.apache.lucene.queries.function.valuesource,org.apache.lucene.index
org.apache.lucene.queries.function.valuesource,org.apache.lucene.queries.function
org.apache.lucene.queries.function.valuesource,org.apache.lucene.queries.function.docvalues
org.apache.lucene.queries.function.valuesource,org.apache.lucene.search
org.apache.lucene.queries.function.valuesource,org.apache.lucene.search.similarities
org.apache.lucene.queries.function.valuesource,org.apache.lucene.util
org.apache.lucene.queries.function.valuesource,org.apache.lucene.util.mutable
org.apache.lucene.queries.intervals,org.apache.lucene.analysis
org.apache.lucene.queries.intervals,org.apache.lucene.analysis.standard
org.apache.lucene.queries.intervals,org.apache.lucene.analysis.tokenattributes
org.apache.lucene.queries.intervals,org.apache.lucene.codecs.lucene104
org.apache.lucene.queries.intervals,org.apache.lucene.document
org.apache.lucene.queries.intervals,org.apache.lucene.index
org.apache.lucene.queries.intervals,org.apache.lucene.search
org.apache.lucene.queries.intervals,org.apache.lucene.search.similarities
org.apache.lucene.queries.intervals,org.apache.lucene.store
org.apache.lucene.queries.intervals,org.apache.lucene.tests.analysis
org.apache.lucene.queries.intervals,org.apache.lucene.tests.index
org.apache.lucene.queries.intervals,org.apache.lucene.tests.search
org.apache.lucene.queries.intervals,org.apache.lucene.tests.util
org.apache.lucene.queries.intervals,org.apache.lucene.util
org.apache.lucene.queries.intervals,org.apache.lucene.util.automaton
org.apache.lucene.queries.intervals,org.apache.lucene.util.graph
org.apache.lucene.queries.mlt,org.apache.lucene.analysis
org.apache.lucene.queries.mlt,org.apache.lucene.analysis.tokenattributes
org.apache.lucene.queries.mlt,org.apache.lucene.document
org.apache.lucene.queries.mlt,org.apache.lucene.index
org.apache.lucene.queries.mlt,org.apache.lucene.search
org.apache.lucene.queries.mlt,org.apache.lucene.search.similarities
org.apache.lucene.queries.mlt,org.apache.lucene.store
org.apache.lucene.queries.mlt,org.apache.lucene.tests.analysis
org.apache.lucene.queries.mlt,org.apache.lucene.tests.index
org.apache.lucene.queries.mlt,org.apache.lucene.tests.search
org.apache.lucene.queries.mlt,org.apache.lucene.tests.util
org.apache.lucene.queries.mlt,org.apache.lucene.util
org.apache.lucene.queries.payloads,org.apache.lucene.analysis
org.apache.lucene.queries.payloads,org.apache.lucene.analysis.tokenattributes
org.apache.lucene.queries.payloads,org.apache.lucene.document
org.apache.lucene.queries.payloads,org.apache.lucene.index
org.apache.lucene.queries.payloads,org.apache.lucene.queries.spans
org.apache.lucene.queries.payloads,org.apache.lucene.search
org.apache.lucene.queries.payloads,org.apache.lucene.search.similarities
org.apache.lucene.queries.payloads,org.apache.lucene.store
org.apache.lucene.queries.payloads,org.apache.lucene.tests.analysis
org.apache.lucene.queries.payloads,org.apache.lucene.tests.index
org.apache.lucene.queries.payloads,org.apache.lucene.tests.search
org.apache.lucene.queries.payloads,org.apache.lucene.tests.store
org.apache.lucene.queries.payloads,org.apache.lucene.tests.util
org.apache.lucene.queries.payloads,org.apache.lucene.util
org.apache.lucene.queries.spans,org.apache.lucene.analysis
org.apache.lucene.queries.spans,org.apache.lucene.document
org.apache.lucene.queries.spans,org.apache.lucene.index
org.apache.lucene.queries.spans,org.apache.lucene.search
org.apache.lucene.queries.spans,org.apache.lucene.search.similarities
org.apache.lucene.queries.spans,org.apache.lucene.store
org.apache.lucene.queries.spans,org.apache.lucene.tests.analysis
org.apache.lucene.queries.spans,org.apache.lucene.tests.index
org.apache.lucene.queries.spans,org.apache.lucene.tests.search
org.apache.lucene.queries.spans,org.apache.lucene.tests.util
org.apache.lucene.queries.spans,org.apache.lucene.util
org.apache.lucene.queries.spans,org.apache.lucene.util.automaton
org.apache.lucene.queryparser.classic,org.apache.lucene.analysis
org.apache.lucene.queryparser.classic,org.apache.lucene.analysis.tokenattributes
org.apache.lucene.queryparser.classic,org.apache.lucene.document
org.apache.lucene.queryparser.classic,org.apache.lucene.index
org.apache.lucene.queryparser.classic,org.apache.lucene.internal.hppc
org.apache.lucene.queryparser.classic,org.apache.lucene.queryparser.charstream
org.apache.lucene.queryparser.classic,org.apache.lucene.queryparser.flexible.standard
org.apache.lucene.queryparser.classic,org.apache.lucene.queryparser.util
org.apache.lucene.queryparser.classic,org.apache.lucene.search
org.apache.lucene.queryparser.classic,org.apache.lucene.store
org.apache.lucene.queryparser.classic,org.apache.lucene.tests.analysis
org.apache.lucene.queryparser.classic,org.apache.lucene.tests.index
org.apache.lucene.queryparser.classic,org.apache.lucene.tests.util
org.apache.lucene.queryparser.classic,org.apache.lucene.util
org.apache.lucene.queryparser.classic,org.apache.lucene.util.automaton
org.apache.lucene.queryparser.complexPhrase,org.apache.lucene.analysis
org.apache.lucene.queryparser.complexPhrase,org.apache.lucene.analysis.standard
org.apache.lucene.queryparser.complexPhrase,org.apache.lucene.document
org.apache.lucene.queryparser.complexPhrase,org.apache.lucene.index
org.apache.lucene.queryparser.complexPhrase,org.apache.lucene.queries.spans
org.apache.lucene.queryparser.complexPhrase,org.apache.lucene.queryparser.classic
org.apache.lucene.queryparser.complexPhrase,org.apache.lucene.search
org.apache.lucene.queryparser.complexPhrase,org.apache.lucene.store
org.apache.lucene.queryparser.complexPhrase,org.apache.lucene.tests.analysis
org.apache.lucene.queryparser.complexPhrase,org.apache.lucene.tests.util
org.apache.lucene.queryparser.complexPhrase,org.apache.lucene.util
org.apache.lucene.queryparser.ext,org.apache.lucene.analysis
org.apache.lucene.queryparser.ext,org.apache.lucene.index
org.apache.lucene.queryparser.ext,org.apache.lucene.queryparser.classic
org.apache.lucene.queryparser.ext,org.apache.lucene.search
org.apache.lucene.queryparser.ext,org.apache.lucene.tests.analysis
org.apache.lucene.queryparser.ext,org.apache.lucene.tests.util
org.apache.lucene.queryparser.flexible.core,org.apache.lucene.queryparser.flexible.core.builders
org.apache.lucene.queryparser.flexible.core,org.apache.lucene.queryparser.flexible.core.config
org.apache.lucene.queryparser.flexible.core,org.apache.lucene.queryparser.flexible.core.messages
org.apache.lucene.queryparser.flexible.core,org.apache.lucene.queryparser.flexible.core.nodes
org.apache.lucene.queryparser.flexible.core,org.apache.lucene.queryparser.flexible.core.parser
org.apache.lucene.queryparser.flexible.core,org.apache.lucene.queryparser.flexible.core.processors
org.apache.lucene.queryparser.flexible.core,org.apache.lucene.queryparser.flexible.messages
org.apache.lucene.queryparser.flexible.core.builders,org.apache.lucene.queryparser.flexible.core
org.apache.lucene.queryparser.flexible.core.builders,org.apache.lucene.queryparser.flexible.core.messages
org.apache.lucene.queryparser.flexible.core.builders,org.apache.lucene.queryparser.flexible.core.nodes
org.apache.lucene.queryparser.flexible.core.builders,org.apache.lucene.queryparser.flexible.core.parser
org.apache.lucene.queryparser.flexible.core.builders,org.apache.lucene.queryparser.flexible.core.util
org.apache.lucene.queryparser.flexible.core.builders,org.apache.lucene.queryparser.flexible.messages
org.apache.lucene.queryparser.flexible.core.builders,org.apache.lucene.queryparser.flexible.standard.parser
org.apache.lucene.queryparser.flexible.core.builders,org.apache.lucene.tests.util
org.apache.lucene.queryparser.flexible.core.config,org.apache.lucene.queryparser.flexible.core.processors
org.apache.lucene.queryparser.flexible.core.config,org.apache.lucene.queryparser.flexible.core.util
org.apache.lucene.queryparser.flexible.core.messages,org.apache.lucene.queryparser.flexible.messages
org.apache.lucene.queryparser.flexible.core.nodes,org.apache.lucene.queryparser.flexible.core
org.apache.lucene.queryparser.flexible.core.nodes,org.apache.lucene.queryparser.flexible.core.messages
org.apache.lucene.queryparser.flexible.core.nodes,org.apache.lucene.queryparser.flexible.core.parser
org.apache.lucene.queryparser.flexible.core.nodes,org.apache.lucene.queryparser.flexible.core.processors
org.apache.lucene.queryparser.flexible.core.nodes,org.apache.lucene.queryparser.flexible.core.util
org.apache.lucene.queryparser.flexible.core.nodes,org.apache.lucene.queryparser.flexible.messages
org.apache.lucene.queryparser.flexible.core.nodes,org.apache.lucene.search
org.apache.lucene.queryparser.flexible.core.nodes,org.apache.lucene.tests.util
org.apache.lucene.queryparser.flexible.core.parser,org.apache.lucene.queryparser.flexible.core
org.apache.lucene.queryparser.flexible.core.parser,org.apache.lucene.queryparser.flexible.core.nodes
org.apache.lucene.queryparser.flexible.core.processors,org.apache.lucene.queryparser.flexible.core
org.apache.lucene.queryparser.flexible.core.processors,org.apache.lucene.queryparser.flexible.core.config
org.apache.lucene.queryparser.flexible.core.processors,org.apache.lucene.queryparser.flexible.core.nodes
org.apache.lucene.queryparser.flexible.core.util,org.apache.lucene.queryparser.flexible.core
org.apache.lucene.queryparser.flexible.core.util,org.apache.lucene.queryparser.flexible.core.nodes
org.apache.lucene.queryparser.flexible.core.util,org.apache.lucene.tests.util
org.apache.lucene.queryparser.flexible.messages,org.apache.lucene.tests.util
org.apache.lucene.queryparser.flexible.precedence,org.apache.lucene.analysis
org.apache.lucene.queryparser.flexible.precedence,org.apache.lucene.analysis.tokenattributes
org.apache.lucene.queryparser.flexible.precedence,org.apache.lucene.document
org.apache.lucene.queryparser.flexible.precedence,org.apache.lucene.queryparser.flexible.core
org.apache.lucene.queryparser.flexible.precedence,org.apache.lucene.queryparser.flexible.precedence.processors
org.apache.lucene.queryparser.flexible.precedence,org.apache.lucene.queryparser.flexible.standard
org.apache.lucene.queryparser.flexible.precedence,org.apache.lucene.queryparser.flexible.standard.config
org.apache.lucene.queryparser.flexible.precedence,org.apache.lucene.queryparser.flexible.standard.parser
org.apache.lucene.queryparser.flexible.precedence,org.apache.lucene.queryparser.flexible.standard.processors
org.apache.lucene.queryparser.flexible.precedence,org.apache.lucene.queryparser.util
org.apache.lucene.queryparser.flexible.precedence,org.apache.lucene.search
org.apache.lucene.queryparser.flexible.precedence,org.apache.lucene.tests.analysis
org.apache.lucene.queryparser.flexible.precedence,org.apache.lucene.tests.util
org.apache.lucene.queryparser.flexible.precedence,org.apache.lucene.util.automaton
org.apache.lucene.queryparser.flexible.precedence.processors,org.apache.lucene.queryparser.flexible.core
org.apache.lucene.queryparser.flexible.precedence.processors,org.apache.lucene.queryparser.flexible.core.config
org.apache.lucene.queryparser.flexible.precedence.processors,org.apache.lucene.queryparser.flexible.core.nodes
org.apache.lucene.queryparser.flexible.precedence.processors,org.apache.lucene.queryparser.flexible.core.processors
org.apache.lucene.queryparser.flexible.precedence.processors,org.apache.lucene.queryparser.flexible.precedence
org.apache.lucene.queryparser.flexible.precedence.processors,org.apache.lucene.queryparser.flexible.standard.config
org.apache.lucene.queryparser.flexible.precedence.processors,org.apache.lucene.queryparser.flexible.standard.processors
org.apache.lucene.queryparser.flexible.spans,org.apache.lucene.index
org.apache.lucene.queryparser.flexible.spans,org.apache.lucene.queries.spans
org.apache.lucene.queryparser.flexible.spans,org.apache.lucene.queryparser.flexible.core
org.apache.lucene.queryparser.flexible.spans,org.apache.lucene.queryparser.flexible.core.builders
org.apache.lucene.queryparser.flexible.spans,org.apache.lucene.queryparser.flexible.core.config
org.apache.lucene.queryparser.flexible.spans,org.apache.lucene.queryparser.flexible.core.messages
org.apache.lucene.queryparser.flexible.spans,org.apache.lucene.queryparser.flexible.core.nodes
org.apache.lucene.queryparser.flexible.spans,org.apache.lucene.queryparser.flexible.core.parser
org.apache.lucene.queryparser.flexible.spans,org.apache.lucene.queryparser.flexible.core.processors
org.apache.lucene.queryparser.flexible.spans,org.apache.lucene.queryparser.flexible.messages
org.apache.lucene.queryparser.flexible.spans,org.apache.lucene.queryparser.flexible.standard.builders
org.apache.lucene.queryparser.flexible.spans,org.apache.lucene.queryparser.flexible.standard.parser
org.apache.lucene.queryparser.flexible.spans,org.apache.lucene.queryparser.flexible.standard.processors
org.apache.lucene.queryparser.flexible.spans,org.apache.lucene.search
org.apache.lucene.queryparser.flexible.spans,org.apache.lucene.tests.util
org.apache.lucene.queryparser.flexible.spans,org.apache.lucene.util
org.apache.lucene.queryparser.flexible.standard,org.apache.lucene.analysis
org.apache.lucene.queryparser.flexible.standard,org.apache.lucene.analysis.tokenattributes
org.apache.lucene.queryparser.flexible.standard,org.apache.lucene.document
org.apache.lucene.queryparser.flexible.standard,org.apache.lucene.index
org.apache.lucene.queryparser.flexible.standard,org.apache.lucene.queryparser.charstream
org.apache.lucene.queryparser.flexible.standard,org.apache.lucene.queryparser.flexible.core
org.apache.lucene.queryparser.flexible.standard,org.apache.lucene.queryparser.flexible.core.config
org.apache.lucene.queryparser.flexible.standard,org.apache.lucene.queryparser.flexible.core.messages
org.apache.lucene.queryparser.flexible.standard,org.apache.lucene.queryparser.flexible.core.nodes
org.apache.lucene.queryparser.flexible.standard,org.apache.lucene.queryparser.flexible.core.processors
org.apache.lucene.queryparser.flexible.standard,org.apache.lucene.queryparser.flexible.messages
org.apache.lucene.queryparser.flexible.standard,org.apache.lucene.queryparser.flexible.standard.builders
org.apache.lucene.queryparser.flexible.standard,org.apache.lucene.queryparser.flexible.standard.config
org.apache.lucene.queryparser.flexible.standard,org.apache.lucene.queryparser.flexible.standard.nodes
org.apache.lucene.queryparser.flexible.standard,org.apache.lucene.queryparser.flexible.standard.parser
org.apache.lucene.queryparser.flexible.standard,org.apache.lucene.queryparser.flexible.standard.processors
org.apache.lucene.queryparser.flexible.standard,org.apache.lucene.queryparser.util
org.apache.lucene.queryparser.flexible.standard,org.apache.lucene.search
org.apache.lucene.queryparser.flexible.standard,org.apache.lucene.store
org.apache.lucene.queryparser.flexible.standard,org.apache.lucene.tests.analysis
org.apache.lucene.queryparser.flexible.standard,org.apache.lucene.tests.util
org.apache.lucene.queryparser.flexible.standard,org.apache.lucene.util
org.apache.lucene.queryparser.flexible.standard,org.apache.lucene.util.automaton
org.apache.lucene.queryparser.flexible.standard.builders,org.apache.lucene.document
org.apache.lucene.queryparser.flexible.standard.builders,org.apache.lucene.index
org.apache.lucene.queryparser.flexible.standard.builders,org.apache.lucene.queryparser.flexible.core
org.apache.lucene.queryparser.flexible.standard.builders,org.apache.lucene.queryparser.flexible.core.builders
org.apache.lucene.queryparser.flexible.standard.builders,org.apache.lucene.queryparser.flexible.core.messages
org.apache.lucene.queryparser.flexible.standard.builders,org.apache.lucene.queryparser.flexible.core.nodes
org.apache.lucene.queryparser.flexible.standard.builders,org.apache.lucene.queryparser.flexible.core.util
org.apache.lucene.queryparser.flexible.standard.builders,org.apache.lucene.queryparser.flexible.messages
org.apache.lucene.queryparser.flexible.standard.builders,org.apache.lucene.queryparser.flexible.standard.config
org.apache.lucene.queryparser.flexible.standard.builders,org.apache.lucene.queryparser.flexible.standard.nodes
org.apache.lucene.queryparser.flexible.standard.builders,org.apache.lucene.queryparser.flexible.standard.parser
org.apache.lucene.queryparser.flexible.standard.builders,org.apache.lucene.queryparser.flexible.standard.processors
org.apache.lucene.queryparser.flexible.standard.builders,org.apache.lucene.search
org.apache.lucene.queryparser.flexible.standard.builders,org.apache.lucene.util.automaton
org.apache.lucene.queryparser.flexible.standard.config,org.apache.lucene.analysis
org.apache.lucene.queryparser.flexible.standard.config,org.apache.lucene.document
org.apache.lucene.queryparser.flexible.standard.config,org.apache.lucene.index
org.apache.lucene.queryparser.flexible.standard.config,org.apache.lucene.queryparser.flexible.core.config
org.apache.lucene.queryparser.flexible.standard.config,org.apache.lucene.queryparser.flexible.standard
org.apache.lucene.queryparser.flexible.standard.config,org.apache.lucene.queryparser.flexible.standard.processors
org.apache.lucene.queryparser.flexible.standard.config,org.apache.lucene.search
org.apache.lucene.queryparser.flexible.standard.nodes,org.apache.lucene.analysis
org.apache.lucene.queryparser.flexible.standard.nodes,org.apache.lucene.queries.intervals
org.apache.lucene.queryparser.flexible.standard.nodes,org.apache.lucene.queryparser.flexible.core
org.apache.lucene.queryparser.flexible.standard.nodes,org.apache.lucene.queryparser.flexible.core.nodes
org.apache.lucene.queryparser.flexible.standard.nodes,org.apache.lucene.queryparser.flexible.core.parser
org.apache.lucene.queryparser.flexible.standard.nodes,org.apache.lucene.queryparser.flexible.core.util
org.apache.lucene.queryparser.flexible.standard.nodes,org.apache.lucene.queryparser.flexible.standard
org.apache.lucene.queryparser.flexible.standard.nodes,org.apache.lucene.queryparser.flexible.standard.config
org.apache.lucene.queryparser.flexible.standard.nodes,org.apache.lucene.queryparser.flexible.standard.nodes.intervalfn
org.apache.lucene.queryparser.flexible.standard.nodes,org.apache.lucene.queryparser.flexible.standard.parser
org.apache.lucene.queryparser.flexible.standard.nodes,org.apache.lucene.queryparser.flexible.standard.processors
org.apache.lucene.queryparser.flexible.standard.nodes,org.apache.lucene.search
org.apache.lucene.queryparser.flexible.standard.nodes,org.apache.lucene.tests.util
org.apache.lucene.queryparser.flexible.standard.nodes,org.apache.lucene.util
org.apache.lucene.queryparser.flexible.standard.nodes.intervalfn,org.apache.lucene.analysis
org.apache.lucene.queryparser.flexible.standard.nodes.intervalfn,org.apache.lucene.queries.intervals
org.apache.lucene.queryparser.flexible.standard.nodes.intervalfn,org.apache.lucene.search
org.apache.lucene.queryparser.flexible.standard.nodes.intervalfn,org.apache.lucene.util
org.apache.lucene.queryparser.flexible.standard.parser,org.apache.lucene.queryparser.charstream
org.apache.lucene.queryparser.flexible.standard.parser,org.apache.lucene.queryparser.flexible.core
org.apache.lucene.queryparser.flexible.standard.parser,org.apache.lucene.queryparser.flexible.core.messages
org.apache.lucene.queryparser.flexible.standard.parser,org.apache.lucene.queryparser.flexible.core.nodes
org.apache.lucene.queryparser.flexible.standard.parser,org.apache.lucene.queryparser.flexible.core.parser
org.apache.lucene.queryparser.flexible.standard.parser,org.apache.lucene.queryparser.flexible.core.util
org.apache.lucene.queryparser.flexible.standard.parser,org.apache.lucene.queryparser.flexible.messages
org.apache.lucene.queryparser.flexible.standard.parser,org.apache.lucene.queryparser.flexible.standard.nodes
org.apache.lucene.queryparser.flexible.standard.parser,org.apache.lucene.queryparser.flexible.standard.nodes.intervalfn
org.apache.lucene.queryparser.flexible.standard.processors,org.apache.lucene.analysis
org.apache.lucene.queryparser.flexible.standard.processors,org.apache.lucene.analysis.tokenattributes
org.apache.lucene.queryparser.flexible.standard.processors,org.apache.lucene.document
org.apache.lucene.queryparser.flexible.standard.processors,org.apache.lucene.queryparser.flexible.core
org.apache.lucene.queryparser.flexible.standard.processors,org.apache.lucene.queryparser.flexible.core.config
org.apache.lucene.queryparser.flexible.standard.processors,org.apache.lucene.queryparser.flexible.core.messages
org.apache.lucene.queryparser.flexible.standard.processors,org.apache.lucene.queryparser.flexible.core.nodes
org.apache.lucene.queryparser.flexible.standard.processors,org.apache.lucene.queryparser.flexible.core.processors
org.apache.lucene.queryparser.flexible.standard.processors,org.apache.lucene.queryparser.flexible.core.util
org.apache.lucene.queryparser.flexible.standard.processors,org.apache.lucene.queryparser.flexible.messages
org.apache.lucene.queryparser.flexible.standard.processors,org.apache.lucene.queryparser.flexible.precedence.processors
org.apache.lucene.queryparser.flexible.standard.processors,org.apache.lucene.queryparser.flexible.standard.builders
org.apache.lucene.queryparser.flexible.standard.processors,org.apache.lucene.queryparser.flexible.standard.config
org.apache.lucene.queryparser.flexible.standard.processors,org.apache.lucene.queryparser.flexible.standard.nodes
org.apache.lucene.queryparser.flexible.standard.processors,org.apache.lucene.queryparser.flexible.standard.parser
org.apache.lucene.queryparser.flexible.standard.processors,org.apache.lucene.search
org.apache.lucene.queryparser.flexible.standard.processors,org.apache.lucene.util
org.apache.lucene.queryparser.simple,org.apache.lucene.analysis
org.apache.lucene.queryparser.simple,org.apache.lucene.index
org.apache.lucene.queryparser.simple,org.apache.lucene.search
org.apache.lucene.queryparser.simple,org.apache.lucene.tests.analysis
org.apache.lucene.queryparser.simple,org.apache.lucene.tests.util
org.apache.lucene.queryparser.simple,org.apache.lucene.util
org.apache.lucene.queryparser.simple,org.apache.lucene.util.automaton
org.apache.lucene.queryparser.surround.parser,org.apache.lucene.queryparser.charstream
org.apache.lucene.queryparser.surround.parser,org.apache.lucene.queryparser.surround.query
org.apache.lucene.queryparser.surround.query,org.apache.lucene.document
org.apache.lucene.queryparser.surround.query,org.apache.lucene.index
org.apache.lucene.queryparser.surround.query,org.apache.lucene.queries.spans
org.apache.lucene.queryparser.surround.query,org.apache.lucene.queryparser.surround.parser
org.apache.lucene.queryparser.surround.query,org.apache.lucene.search
org.apache.lucene.queryparser.surround.query,org.apache.lucene.store
org.apache.lucene.queryparser.surround.query,org.apache.lucene.tests.analysis
org.apache.lucene.queryparser.surround.query,org.apache.lucene.tests.search
org.apache.lucene.queryparser.surround.query,org.apache.lucene.tests.store
org.apache.lucene.queryparser.surround.query,org.apache.lucene.tests.util
org.apache.lucene.queryparser.surround.query,org.apache.lucene.util
org.apache.lucene.queryparser.surround.query,org.apache.lucene.util.automaton
org.apache.lucene.queryparser.util,org.apache.lucene.analysis
org.apache.lucene.queryparser.util,org.apache.lucene.analysis.tokenattributes
org.apache.lucene.queryparser.util,org.apache.lucene.document
org.apache.lucene.queryparser.util,org.apache.lucene.index
org.apache.lucene.queryparser.util,org.apache.lucene.queryparser.classic
org.apache.lucene.queryparser.util,org.apache.lucene.queryparser.flexible.standard
org.apache.lucene.queryparser.util,org.apache.lucene.search
org.apache.lucene.queryparser.util,org.apache.lucene.store
org.apache.lucene.queryparser.util,org.apache.lucene.tests.analysis
org.apache.lucene.queryparser.util,org.apache.lucene.tests.util
org.apache.lucene.queryparser.util,org.apache.lucene.util.automaton
org.apache.lucene.queryparser.xml,org.apache.lucene.analysis
org.apache.lucene.queryparser.xml,org.apache.lucene.document
org.apache.lucene.queryparser.xml,org.apache.lucene.index
org.apache.lucene.queryparser.xml,org.apache.lucene.queries.spans
org.apache.lucene.queryparser.xml,org.apache.lucene.queryparser.classic
org.apache.lucene.queryparser.xml,org.apache.lucene.queryparser.xml.builders
org.apache.lucene.queryparser.xml,org.apache.lucene.search
org.apache.lucene.queryparser.xml,org.apache.lucene.store
org.apache.lucene.queryparser.xml,org.apache.lucene.tests.analysis
org.apache.lucene.queryparser.xml,org.apache.lucene.tests.util
org.apache.lucene.queryparser.xml.builders,org.apache.lucene.analysis
org.apache.lucene.queryparser.xml.builders,org.apache.lucene.analysis.tokenattributes
org.apache.lucene.queryparser.xml.builders,org.apache.lucene.document
org.apache.lucene.queryparser.xml.builders,org.apache.lucene.index
org.apache.lucene.queryparser.xml.builders,org.apache.lucene.queries.mlt
org.apache.lucene.queryparser.xml.builders,org.apache.lucene.queries.payloads
org.apache.lucene.queryparser.xml.builders,org.apache.lucene.queries.spans
org.apache.lucene.queryparser.xml.builders,org.apache.lucene.queryparser.classic
org.apache.lucene.queryparser.xml.builders,org.apache.lucene.queryparser.xml
org.apache.lucene.queryparser.xml.builders,org.apache.lucene.sandbox.queries
org.apache.lucene.queryparser.xml.builders,org.apache.lucene.search
org.apache.lucene.replicator.nrt,org.apache.lucene.codecs
org.apache.lucene.replicator.nrt,org.apache.lucene.document
org.apache.lucene.replicator.nrt,org.apache.lucene.index
org.apache.lucene.replicator.nrt,org.apache.lucene.search
org.apache.lucene.replicator.nrt,org.apache.lucene.store
org.apache.lucene.replicator.nrt,org.apache.lucene.tests.analysis
org.apache.lucene.replicator.nrt,org.apache.lucene.tests.store
org.apache.lucene.replicator.nrt,org.apache.lucene.tests.util
org.apache.lucene.replicator.nrt,org.apache.lucene.util
org.apache.lucene.sandbox.codecs.dedup,org.apache.lucene.codecs
org.apache.lucene.sandbox.codecs.dedup,org.apache.lucene.codecs.hnsw
org.apache.lucene.sandbox.codecs.dedup,org.apache.lucene.codecs.lucene104
org.apache.lucene.sandbox.codecs.dedup,org.apache.lucene.codecs.lucene95
org.apache.lucene.sandbox.codecs.dedup,org.apache.lucene.codecs.lucene99
org.apache.lucene.sandbox.codecs.dedup,org.apache.lucene.document
org.apache.lucene.sandbox.codecs.dedup,org.apache.lucene.index
org.apache.lucene.sandbox.codecs.dedup,org.apache.lucene.internal.hppc
org.apache.lucene.sandbox.codecs.dedup,org.apache.lucene.search
org.apache.lucene.sandbox.codecs.dedup,org.apache.lucene.store
org.apache.lucene.sandbox.codecs.dedup,org.apache.lucene.tests.index
org.apache.lucene.sandbox.codecs.dedup,org.apache.lucene.tests.util
org.apache.lucene.sandbox.codecs.dedup,org.apache.lucene.util
org.apache.lucene.sandbox.codecs.dedup,org.apache.lucene.util.hnsw
org.apache.lucene.sandbox.codecs.dedup,org.apache.lucene.util.packed
org.apache.lucene.sandbox.codecs.dedup,org.apache.lucene.util.quantization
org.apache.lucene.sandbox.codecs.faiss,org.apache.lucene.codecs
org.apache.lucene.sandbox.codecs.faiss,org.apache.lucene.codecs.hnsw
org.apache.lucene.sandbox.codecs.faiss,org.apache.lucene.codecs.lucene99
org.apache.lucene.sandbox.codecs.faiss,org.apache.lucene.document
org.apache.lucene.sandbox.codecs.faiss,org.apache.lucene.index
org.apache.lucene.sandbox.codecs.faiss,org.apache.lucene.search
org.apache.lucene.sandbox.codecs.faiss,org.apache.lucene.store
org.apache.lucene.sandbox.codecs.faiss,org.apache.lucene.tests.index
org.apache.lucene.sandbox.codecs.faiss,org.apache.lucene.tests.util
org.apache.lucene.sandbox.codecs.faiss,org.apache.lucene.util
org.apache.lucene.sandbox.codecs.faiss,org.apache.lucene.util.hnsw
org.apache.lucene.sandbox.codecs.idversion,org.apache.lucene.analysis
org.apache.lucene.sandbox.codecs.idversion,org.apache.lucene.analysis.tokenattributes
org.apache.lucene.sandbox.codecs.idversion,org.apache.lucene.codecs
org.apache.lucene.sandbox.codecs.idversion,org.apache.lucene.codecs.lucene103.blocktree
org.apache.lucene.sandbox.codecs.idversion,org.apache.lucene.document
org.apache.lucene.sandbox.codecs.idversion,org.apache.lucene.index
org.apache.lucene.sandbox.codecs.idversion,org.apache.lucene.search
org.apache.lucene.sandbox.codecs.idversion,org.apache.lucene.store
org.apache.lucene.sandbox.codecs.idversion,org.apache.lucene.tests.analysis
org.apache.lucene.sandbox.codecs.idversion,org.apache.lucene.tests.index
org.apache.lucene.sandbox.codecs.idversion,org.apache.lucene.tests.util
org.apache.lucene.sandbox.codecs.idversion,org.apache.lucene.util
org.apache.lucene.sandbox.codecs.idversion,org.apache.lucene.util.fst
org.apache.lucene.sandbox.codecs.quantization,org.apache.lucene.codecs.lucene95
org.apache.lucene.sandbox.codecs.quantization,org.apache.lucene.index
org.apache.lucene.sandbox.codecs.quantization,org.apache.lucene.internal.hppc
org.apache.lucene.sandbox.codecs.quantization,org.apache.lucene.store
org.apache.lucene.sandbox.codecs.quantization,org.apache.lucene.tests.util
org.apache.lucene.sandbox.codecs.quantization,org.apache.lucene.util
org.apache.lucene.sandbox.codecs.quantization,org.apache.lucene.util.hnsw
org.apache.lucene.sandbox.document,org.apache.lucene.document
org.apache.lucene.sandbox.document,org.apache.lucene.index
org.apache.lucene.sandbox.document,org.apache.lucene.internal.hppc
org.apache.lucene.sandbox.document,org.apache.lucene.sandbox.search
org.apache.lucene.sandbox.document,org.apache.lucene.search
org.apache.lucene.sandbox.document,org.apache.lucene.store
org.apache.lucene.sandbox.document,org.apache.lucene.tests.index
org.apache.lucene.sandbox.document,org.apache.lucene.tests.util
org.apache.lucene.sandbox.document,org.apache.lucene.util
org.apache.lucene.sandbox.facet,org.apache.lucene.codecs.lucene90
org.apache.lucene.sandbox.facet,org.apache.lucene.document
org.apache.lucene.sandbox.facet,org.apache.lucene.facet
org.apache.lucene.sandbox.facet,org.apache.lucene.facet.range
org.apache.lucene.sandbox.facet,org.apache.lucene.facet.taxonomy
org.apache.lucene.sandbox.facet,org.apache.lucene.facet.taxonomy.directory
org.apache.lucene.sandbox.facet,org.apache.lucene.index
org.apache.lucene.sandbox.facet,org.apache.lucene.sandbox.facet.cutters
org.apache.lucene.sandbox.facet,org.apache.lucene.sandbox.facet.cutters.ranges
org.apache.lucene.sandbox.facet,org.apache.lucene.sandbox.facet.iterators
org.apache.lucene.sandbox.facet,org.apache.lucene.sandbox.facet.labels
org.apache.lucene.sandbox.facet,org.apache.lucene.sandbox.facet.recorders
org.apache.lucene.sandbox.facet,org.apache.lucene.sandbox.facet.utils
org.apache.lucene.sandbox.facet,org.apache.lucene.search
org.apache.lucene.sandbox.facet,org.apache.lucene.store
org.apache.lucene.sandbox.facet,org.apache.lucene.tests.index
org.apache.lucene.sandbox.facet,org.apache.lucene.tests.search
org.apache.lucene.sandbox.facet,org.apache.lucene.tests.util
org.apache.lucene.sandbox.facet,org.apache.lucene.util
org.apache.lucene.sandbox.facet.cutters,org.apache.lucene.facet
org.apache.lucene.sandbox.facet.cutters,org.apache.lucene.facet.taxonomy
org.apache.lucene.sandbox.facet.cutters,org.apache.lucene.index
org.apache.lucene.sandbox.facet.cutters,org.apache.lucene.internal.hppc
org.apache.lucene.sandbox.facet.cutters,org.apache.lucene.sandbox.facet.iterators
org.apache.lucene.sandbox.facet.cutters,org.apache.lucene.sandbox.facet.labels
org.apache.lucene.sandbox.facet.cutters.ranges,org.apache.lucene.facet
org.apache.lucene.sandbox.facet.cutters.ranges,org.apache.lucene.facet.range
org.apache.lucene.sandbox.facet.cutters.ranges,org.apache.lucene.index
org.apache.lucene.sandbox.facet.cutters.ranges,org.apache.lucene.internal.hppc
org.apache.lucene.sandbox.facet.cutters.ranges,org.apache.lucene.sandbox.facet.cutters
org.apache.lucene.sandbox.facet.cutters.ranges,org.apache.lucene.sandbox.facet.iterators
org.apache.lucene.sandbox.facet.cutters.ranges,org.apache.lucene.search
org.apache.lucene.sandbox.facet.cutters.ranges,org.apache.lucene.util
org.apache.lucene.sandbox.facet.iterators,org.apache.lucene.facet.taxonomy
org.apache.lucene.sandbox.facet.iterators,org.apache.lucene.internal.hppc
org.apache.lucene.sandbox.facet.iterators,org.apache.lucene.sandbox.facet.labels
org.apache.lucene.sandbox.facet.iterators,org.apache.lucene.sandbox.facet.recorders
org.apache.lucene.sandbox.facet.iterators,org.apache.lucene.util
org.apache.lucene.sandbox.facet.labels,org.apache.lucene.facet.range
org.apache.lucene.sandbox.facet.labels,org.apache.lucene.facet.taxonomy
org.apache.lucene.sandbox.facet.plain.histograms,org.apache.lucene.codecs.lucene90
org.apache.lucene.sandbox.facet.plain.histograms,org.apache.lucene.document
org.apache.lucene.sandbox.facet.plain.histograms,org.apache.lucene.index
org.apache.lucene.sandbox.facet.plain.histograms,org.apache.lucene.internal.hppc
org.apache.lucene.sandbox.facet.plain.histograms,org.apache.lucene.queries.function
org.apache.lucene.sandbox.facet.plain.histograms,org.apache.lucene.search
org.apache.lucene.sandbox.facet.plain.histograms,org.apache.lucene.store
org.apache.lucene.sandbox.facet.plain.histograms,org.apache.lucene.tests.util
org.apache.lucene.sandbox.facet.plain.histograms,org.apache.lucene.util
org.apache.lucene.sandbox.facet.recorders,org.apache.lucene.index
org.apache.lucene.sandbox.facet.recorders,org.apache.lucene.internal.hppc
org.apache.lucene.sandbox.facet.recorders,org.apache.lucene.sandbox.facet.cutters
org.apache.lucene.sandbox.facet.recorders,org.apache.lucene.sandbox.facet.iterators
org.apache.lucene.sandbox.facet.recorders,org.apache.lucene.search
org.apache.lucene.sandbox.facet.utils,org.apache.lucene.document
org.apache.lucene.sandbox.facet.utils,org.apache.lucene.facet
org.apache.lucene.sandbox.facet.utils,org.apache.lucene.facet.range
org.apache.lucene.sandbox.facet.utils,org.apache.lucene.facet.taxonomy
org.apache.lucene.sandbox.facet.utils,org.apache.lucene.facet.taxonomy.directory
org.apache.lucene.sandbox.facet.utils,org.apache.lucene.index
org.apache.lucene.sandbox.facet.utils,org.apache.lucene.sandbox.facet
org.apache.lucene.sandbox.facet.utils,org.apache.lucene.sandbox.facet.cutters
org.apache.lucene.sandbox.facet.utils,org.apache.lucene.sandbox.facet.cutters.ranges
org.apache.lucene.sandbox.facet.utils,org.apache.lucene.sandbox.facet.iterators
org.apache.lucene.sandbox.facet.utils,org.apache.lucene.sandbox.facet.labels
org.apache.lucene.sandbox.facet.utils,org.apache.lucene.sandbox.facet.recorders
org.apache.lucene.sandbox.facet.utils,org.apache.lucene.search
org.apache.lucene.sandbox.facet.utils,org.apache.lucene.store
org.apache.lucene.sandbox.facet.utils,org.apache.lucene.tests.index
org.apache.lucene.sandbox.facet.utils,org.apache.lucene.tests.util
org.apache.lucene.sandbox.facet.utils,org.apache.lucene.util
org.apache.lucene.sandbox.index,org.apache.lucene.index
org.apache.lucene.sandbox.index,org.apache.lucene.tests.index
org.apache.lucene.sandbox.index,org.apache.lucene.tests.util
org.apache.lucene.sandbox.index,org.apache.lucene.util
org.apache.lucene.sandbox.queries,org.apache.lucene.analysis
org.apache.lucene.sandbox.queries,org.apache.lucene.analysis.tokenattributes
org.apache.lucene.sandbox.queries,org.apache.lucene.document
org.apache.lucene.sandbox.queries,org.apache.lucene.index
org.apache.lucene.sandbox.queries,org.apache.lucene.search
org.apache.lucene.sandbox.queries,org.apache.lucene.search.similarities
org.apache.lucene.sandbox.queries,org.apache.lucene.store
org.apache.lucene.sandbox.queries,org.apache.lucene.tests.analysis
org.apache.lucene.sandbox.queries,org.apache.lucene.tests.index
org.apache.lucene.sandbox.queries,org.apache.lucene.tests.util
org.apache.lucene.sandbox.queries,org.apache.lucene.util
org.apache.lucene.sandbox.queries,org.apache.lucene.util.automaton
org.apache.lucene.sandbox.search,org.apache.lucene.analysis
org.apache.lucene.sandbox.search,org.apache.lucene.analysis.tokenattributes
org.apache.lucene.sandbox.search,org.apache.lucene.codecs
org.apache.lucene.sandbox.search,org.apache.lucene.codecs.lucene90
org.apache.lucene.sandbox.search,org.apache.lucene.document
org.apache.lucene.sandbox.search,org.apache.lucene.geo
org.apache.lucene.sandbox.search,org.apache.lucene.index
org.apache.lucene.sandbox.search,org.apache.lucene.internal.hppc
org.apache.lucene.sandbox.search,org.apache.lucene.queries.spans
org.apache.lucene.sandbox.search,org.apache.lucene.sandbox.document
org.apache.lucene.sandbox.search,org.apache.lucene.search
org.apache.lucene.sandbox.search,org.apache.lucene.search.similarities
org.apache.lucene.sandbox.search,org.apache.lucene.store
org.apache.lucene.sandbox.search,org.apache.lucene.tests.analysis
org.apache.lucene.sandbox.search,org.apache.lucene.tests.geo
org.apache.lucene.sandbox.search,org.apache.lucene.tests.index
org.apache.lucene.sandbox.search,org.apache.lucene.tests.search
org.apache.lucene.sandbox.search,org.apache.lucene.tests.util
org.apache.lucene.sandbox.search,org.apache.lucene.util
org.apache.lucene.sandbox.search,org.apache.lucene.util.automaton
org.apache.lucene.sandbox.search,org.apache.lucene.util.mutable
org.apache.lucene.search,org.apache.lucene.analysis
org.apache.lucene.search,org.apache.lucene.analysis.standard
org.apache.lucene.search,org.apache.lucene.analysis.tokenattributes
org.apache.lucene.search,org.apache.lucene.codecs
org.apache.lucene.search,org.apache.lucene.codecs.lucene104
org.apache.lucene.search,org.apache.lucene.codecs.lucene90
org.apache.lucene.search,org.apache.lucene.codecs.lucene99
org.apache.lucene.search,org.apache.lucene.document
org.apache.lucene.search,org.apache.lucene.geo
org.apache.lucene.search,org.apache.lucene.index
org.apache.lucene.search,org.apache.lucene.internal.hppc
org.apache.lucene.search,org.apache.lucene.search.comparators
org.apache.lucene.search,org.apache.lucene.search.knn
org.apache.lucene.search,org.apache.lucene.search.similarities
org.apache.lucene.search,org.apache.lucene.store
org.apache.lucene.search,org.apache.lucene.tests.analysis
org.apache.lucene.search,org.apache.lucene.tests.codecs.asserting
org.apache.lucene.search,org.apache.lucene.tests.geo
org.apache.lucene.search,org.apache.lucene.tests.index
org.apache.lucene.search,org.apache.lucene.tests.search
org.apache.lucene.search,org.apache.lucene.tests.store
org.apache.lucene.search,org.apache.lucene.tests.util
org.apache.lucene.search,org.apache.lucene.tests.util.automaton
org.apache.lucene.search,org.apache.lucene.util
org.apache.lucene.search,org.apache.lucene.util.automaton
org.apache.lucene.search,org.apache.lucene.util.bkd
org.apache.lucene.search,org.apache.lucene.util.hnsw
org.apache.lucene.search.comparators,org.apache.lucene.document
org.apache.lucene.search.comparators,org.apache.lucene.index
org.apache.lucene.search.comparators,org.apache.lucene.search
org.apache.lucene.search.comparators,org.apache.lucene.store
org.apache.lucene.search.comparators,org.apache.lucene.tests.util
org.apache.lucene.search.comparators,org.apache.lucene.util
org.apache.lucene.search.grouping,org.apache.lucene.document
org.apache.lucene.search.grouping,org.apache.lucene.index
org.apache.lucene.search.grouping,org.apache.lucene.internal.hppc
org.apache.lucene.search.grouping,org.apache.lucene.queries.function
org.apache.lucene.search.grouping,org.apache.lucene.queries.function.valuesource
org.apache.lucene.search.grouping,org.apache.lucene.search
org.apache.lucene.search.grouping,org.apache.lucene.search.similarities
org.apache.lucene.search.grouping,org.apache.lucene.store
org.apache.lucene.search.grouping,org.apache.lucene.tests.analysis
org.apache.lucene.search.grouping,org.apache.lucene.tests.index
org.apache.lucene.search.grouping,org.apache.lucene.tests.util
org.apache.lucene.search.grouping,org.apache.lucene.util
org.apache.lucene.search.grouping,org.apache.lucene.util.mutable
org.apache.lucene.search.highlight,org.apache.lucene.analysis
org.apache.lucene.search.highlight,org.apache.lucene.analysis.ngram
org.apache.lucene.search.highlight,org.apache.lucene.analysis.tokenattributes
org.apache.lucene.search.highlight,org.apache.lucene.document
org.apache.lucene.search.highlight,org.apache.lucene.index
org.apache.lucene.search.highlight,org.apache.lucene.index.memory
org.apache.lucene.search.highlight,org.apache.lucene.queries
org.apache.lucene.search.highlight,org.apache.lucene.queries.function
org.apache.lucene.search.highlight,org.apache.lucene.queries.payloads
org.apache.lucene.search.highlight,org.apache.lucene.queries.spans
org.apache.lucene.search.highlight,org.apache.lucene.search
org.apache.lucene.search.highlight,org.apache.lucene.store
org.apache.lucene.search.highlight,org.apache.lucene.tests.analysis
org.apache.lucene.search.highlight,org.apache.lucene.tests.index
org.apache.lucene.search.highlight,org.apache.lucene.tests.search
org.apache.lucene.search.highlight,org.apache.lucene.tests.util
org.apache.lucene.search.highlight,org.apache.lucene.util
org.apache.lucene.search.highlight,org.apache.lucene.util.automaton
org.apache.lucene.search.highlight.custom,org.apache.lucene.analysis
org.apache.lucene.search.highlight.custom,org.apache.lucene.index
org.apache.lucene.search.highlight.custom,org.apache.lucene.search
org.apache.lucene.search.highlight.custom,org.apache.lucene.search.highlight
org.apache.lucene.search.highlight.custom,org.apache.lucene.tests.analysis
org.apache.lucene.search.highlight.custom,org.apache.lucene.tests.util
org.apache.lucene.search.join,org.apache.lucene.codecs
org.apache.lucene.search.join,org.apache.lucene.document
org.apache.lucene.search.join,org.apache.lucene.index
org.apache.lucene.search.join,org.apache.lucene.internal.hppc
org.apache.lucene.search.join,org.apache.lucene.search
org.apache.lucene.search.join,org.apache.lucene.search.comparators
org.apache.lucene.search.join,org.apache.lucene.search.knn
org.apache.lucene.search.join,org.apache.lucene.search.similarities
org.apache.lucene.search.join,org.apache.lucene.store
org.apache.lucene.search.join,org.apache.lucene.tests.analysis
org.apache.lucene.search.join,org.apache.lucene.tests.codecs.asserting
org.apache.lucene.search.join,org.apache.lucene.tests.index
org.apache.lucene.search.join,org.apache.lucene.tests.search
org.apache.lucene.search.join,org.apache.lucene.tests.util
org.apache.lucene.search.join,org.apache.lucene.util
org.apache.lucene.search.join,org.apache.lucene.util.packed
org.apache.lucene.search.knn,org.apache.lucene.index
org.apache.lucene.search.knn,org.apache.lucene.search
org.apache.lucene.search.matchhighlight,org.apache.lucene.analysis
org.apache.lucene.search.matchhighlight,org.apache.lucene.analysis.core
org.apache.lucene.search.matchhighlight,org.apache.lucene.analysis.en
org.apache.lucene.search.matchhighlight,org.apache.lucene.analysis.miscellaneous
org.apache.lucene.search.matchhighlight,org.apache.lucene.analysis.standard
org.apache.lucene.search.matchhighlight,org.apache.lucene.analysis.synonym
org.apache.lucene.search.matchhighlight,org.apache.lucene.analysis.tokenattributes
org.apache.lucene.search.matchhighlight,org.apache.lucene.analysis.util
org.apache.lucene.search.matchhighlight,org.apache.lucene.document
org.apache.lucene.search.matchhighlight,org.apache.lucene.index
org.apache.lucene.search.matchhighlight,org.apache.lucene.queries.intervals
org.apache.lucene.search.matchhighlight,org.apache.lucene.queries.spans
org.apache.lucene.search.matchhighlight,org.apache.lucene.queryparser.flexible.core
org.apache.lucene.search.matchhighlight,org.apache.lucene.queryparser.flexible.standard
org.apache.lucene.search.matchhighlight,org.apache.lucene.queryparser.flexible.standard.config
org.apache.lucene.search.matchhighlight,org.apache.lucene.search
org.apache.lucene.search.matchhighlight,org.apache.lucene.store
org.apache.lucene.search.matchhighlight,org.apache.lucene.tests.util
org.apache.lucene.search.matchhighlight,org.apache.lucene.util
org.apache.lucene.search.similarities,org.apache.lucene.analysis.tokenattributes
org.apache.lucene.search.similarities,org.apache.lucene.document
org.apache.lucene.search.similarities,org.apache.lucene.index
org.apache.lucene.search.similarities,org.apache.lucene.search
org.apache.lucene.search.similarities,org.apache.lucene.store
org.apache.lucene.search.similarities,org.apache.lucene.tests.index
org.apache.lucene.search.similarities,org.apache.lucene.tests.search.similarities
org.apache.lucene.search.similarities,org.apache.lucene.tests.util
org.apache.lucene.search.similarities,org.apache.lucene.util
org.apache.lucene.search.spell,org.apache.lucene.analysis
org.apache.lucene.search.spell,org.apache.lucene.document
org.apache.lucene.search.spell,org.apache.lucene.index
org.apache.lucene.search.spell,org.apache.lucene.search
org.apache.lucene.search.spell,org.apache.lucene.search.suggest
org.apache.lucene.search.spell,org.apache.lucene.store
org.apache.lucene.search.spell,org.apache.lucene.tests.analysis
org.apache.lucene.search.spell,org.apache.lucene.tests.index
org.apache.lucene.search.spell,org.apache.lucene.tests.util
org.apache.lucene.search.spell,org.apache.lucene.util
org.apache.lucene.search.spell,org.apache.lucene.util.automaton
org.apache.lucene.search.suggest,org.apache.lucene.analysis
org.apache.lucene.search.suggest,org.apache.lucene.codecs
org.apache.lucene.search.suggest,org.apache.lucene.document
org.apache.lucene.search.suggest,org.apache.lucene.index
org.apache.lucene.search.suggest,org.apache.lucene.search
org.apache.lucene.search.suggest,org.apache.lucene.search.spell
org.apache.lucene.search.suggest,org.apache.lucene.search.suggest.analyzing
org.apache.lucene.search.suggest,org.apache.lucene.search.suggest.fst
org.apache.lucene.search.suggest,org.apache.lucene.search.suggest.tst
org.apache.lucene.search.suggest,org.apache.lucene.store
org.apache.lucene.search.suggest,org.apache.lucene.tests.analysis
org.apache.lucene.search.suggest,org.apache.lucene.tests.index
org.apache.lucene.search.suggest,org.apache.lucene.tests.util
org.apache.lucene.search.suggest,org.apache.lucene.util
org.apache.lucene.search.suggest.analyzing,org.apache.lucene.analysis
org.apache.lucene.search.suggest.analyzing,org.apache.lucene.analysis.en
org.apache.lucene.search.suggest.analyzing,org.apache.lucene.analysis.ngram
org.apache.lucene.search.suggest.analyzing,org.apache.lucene.analysis.shingle
org.apache.lucene.search.suggest.analyzing,org.apache.lucene.analysis.standard
org.apache.lucene.search.suggest.analyzing,org.apache.lucene.analysis.tokenattributes
org.apache.lucene.search.suggest.analyzing,org.apache.lucene.codecs
org.apache.lucene.search.suggest.analyzing,org.apache.lucene.document
org.apache.lucene.search.suggest.analyzing,org.apache.lucene.index
org.apache.lucene.search.suggest.analyzing,org.apache.lucene.search
org.apache.lucene.search.suggest.analyzing,org.apache.lucene.search.suggest
org.apache.lucene.search.suggest.analyzing,org.apache.lucene.store
org.apache.lucene.search.suggest.analyzing,org.apache.lucene.tests.analysis
org.apache.lucene.search.suggest.analyzing,org.apache.lucene.tests.util
org.apache.lucene.search.suggest.analyzing,org.apache.lucene.util
org.apache.lucene.search.suggest.analyzing,org.apache.lucene.util.automaton
org.apache.lucene.search.suggest.analyzing,org.apache.lucene.util.fst
org.apache.lucene.search.suggest.document,org.apache.lucene.analysis
org.apache.lucene.search.suggest.document,org.apache.lucene.analysis.miscellaneous
org.apache.lucene.search.suggest.document,org.apache.lucene.analysis.standard
org.apache.lucene.search.suggest.document,org.apache.lucene.analysis.tokenattributes
org.apache.lucene.search.suggest.document,org.apache.lucene.codecs
org.apache.lucene.search.suggest.document,org.apache.lucene.codecs.lucene104
org.apache.lucene.search.suggest.document,org.apache.lucene.codecs.perfield
org.apache.lucene.search.suggest.document,org.apache.lucene.document
org.apache.lucene.search.suggest.document,org.apache.lucene.index
org.apache.lucene.search.suggest.document,org.apache.lucene.internal.hppc
org.apache.lucene.search.suggest.document,org.apache.lucene.search
org.apache.lucene.search.suggest.document,org.apache.lucene.search.suggest
org.apache.lucene.search.suggest.document,org.apache.lucene.search.suggest.analyzing
org.apache.lucene.search.suggest.document,org.apache.lucene.store
org.apache.lucene.search.suggest.document,org.apache.lucene.tests.analysis
org.apache.lucene.search.suggest.document,org.apache.lucene.tests.index
org.apache.lucene.search.suggest.document,org.apache.lucene.tests.util
org.apache.lucene.search.suggest.document,org.apache.lucene.util
org.apache.lucene.search.suggest.document,org.apache.lucene.util.automaton
org.apache.lucene.search.suggest.document,org.apache.lucene.util.fst
org.apache.lucene.search.suggest.fst,org.apache.lucene.codecs
org.apache.lucene.search.suggest.fst,org.apache.lucene.search.suggest
org.apache.lucene.search.suggest.fst,org.apache.lucene.search.suggest.tst
org.apache.lucene.search.suggest.fst,org.apache.lucene.store
org.apache.lucene.search.suggest.fst,org.apache.lucene.tests.util
org.apache.lucene.search.suggest.fst,org.apache.lucene.util
org.apache.lucene.search.suggest.fst,org.apache.lucene.util.fst
org.apache.lucene.search.suggest.tst,org.apache.lucene.search.suggest
org.apache.lucene.search.suggest.tst,org.apache.lucene.store
org.apache.lucene.search.suggest.tst,org.apache.lucene.util
org.apache.lucene.search.uhighlight,org.apache.lucene.analysis
org.apache.lucene.search.uhighlight,org.apache.lucene.analysis.core
org.apache.lucene.search.uhighlight,org.apache.lucene.analysis.en
org.apache.lucene.search.uhighlight,org.apache.lucene.analysis.standard
org.apache.lucene.search.uhighlight,org.apache.lucene.analysis.tokenattributes
org.apache.lucene.search.uhighlight,org.apache.lucene.document
org.apache.lucene.search.uhighlight,org.apache.lucene.index
org.apache.lucene.search.uhighlight,org.apache.lucene.index.memory
org.apache.lucene.search.uhighlight,org.apache.lucene.queries.intervals
org.apache.lucene.search.uhighlight,org.apache.lucene.queries.spans
org.apache.lucene.search.uhighlight,org.apache.lucene.search
org.apache.lucene.search.uhighlight,org.apache.lucene.search.highlight
org.apache.lucene.search.uhighlight,org.apache.lucene.store
org.apache.lucene.search.uhighlight,org.apache.lucene.tests.analysis
org.apache.lucene.search.uhighlight,org.apache.lucene.tests.index
org.apache.lucene.search.uhighlight,org.apache.lucene.tests.util
org.apache.lucene.search.uhighlight,org.apache.lucene.util
org.apache.lucene.search.uhighlight,org.apache.lucene.util.automaton
org.apache.lucene.search.uhighlight.visibility,org.apache.lucene.analysis
org.apache.lucene.search.uhighlight.visibility,org.apache.lucene.index
org.apache.lucene.search.uhighlight.visibility,org.apache.lucene.queries.spans
org.apache.lucene.search.uhighlight.visibility,org.apache.lucene.search
org.apache.lucene.search.uhighlight.visibility,org.apache.lucene.search.uhighlight
org.apache.lucene.search.uhighlight.visibility,org.apache.lucene.tests.analysis
org.apache.lucene.search.uhighlight.visibility,org.apache.lucene.tests.util
org.apache.lucene.search.uhighlight.visibility,org.apache.lucene.util
org.apache.lucene.search.vectorhighlight,org.apache.lucene.analysis
org.apache.lucene.search.vectorhighlight,org.apache.lucene.analysis.tokenattributes
org.apache.lucene.search.vectorhighlight,org.apache.lucene.document
org.apache.lucene.search.vectorhighlight,org.apache.lucene.index
org.apache.lucene.search.vectorhighlight,org.apache.lucene.internal.hppc
org.apache.lucene.search.vectorhighlight,org.apache.lucene.queries
org.apache.lucene.search.vectorhighlight,org.apache.lucene.queries.function
org.apache.lucene.search.vectorhighlight,org.apache.lucene.search
org.apache.lucene.search.vectorhighlight,org.apache.lucene.search.highlight
org.apache.lucene.search.vectorhighlight,org.apache.lucene.store
org.apache.lucene.search.vectorhighlight,org.apache.lucene.tests.analysis
org.apache.lucene.search.vectorhighlight,org.apache.lucene.tests.index
org.apache.lucene.search.vectorhighlight,org.apache.lucene.tests.util
org.apache.lucene.search.vectorhighlight,org.apache.lucene.util
org.apache.lucene.search.vectorhighlight,org.apache.lucene.util.automaton
org.apache.lucene.spatial,org.apache.lucene.analysis
org.apache.lucene.spatial,org.apache.lucene.document
org.apache.lucene.spatial,org.apache.lucene.index
org.apache.lucene.spatial,org.apache.lucene.search
org.apache.lucene.spatial,org.apache.lucene.spatial.bbox
org.apache.lucene.spatial,org.apache.lucene.spatial.composite
org.apache.lucene.spatial,org.apache.lucene.spatial.prefix
org.apache.lucene.spatial,org.apache.lucene.spatial.prefix.tree
org.apache.lucene.spatial,org.apache.lucene.spatial.query
org.apache.lucene.spatial,org.apache.lucene.spatial.serialized
org.apache.lucene.spatial,org.apache.lucene.spatial.spatial4j
org.apache.lucene.spatial,org.apache.lucene.spatial.util
org.apache.lucene.spatial,org.apache.lucene.spatial.vector
org.apache.lucene.spatial,org.apache.lucene.store
org.apache.lucene.spatial,org.apache.lucene.tests.analysis
org.apache.lucene.spatial,org.apache.lucene.tests.index
org.apache.lucene.spatial,org.apache.lucene.tests.util
org.apache.lucene.spatial,org.apache.lucene.util
org.apache.lucene.spatial.bbox,org.apache.lucene.document
org.apache.lucene.spatial.bbox,org.apache.lucene.index
org.apache.lucene.spatial.bbox,org.apache.lucene.search
org.apache.lucene.spatial.bbox,org.apache.lucene.spatial
org.apache.lucene.spatial.bbox,org.apache.lucene.spatial.prefix
org.apache.lucene.spatial.bbox,org.apache.lucene.spatial.query
org.apache.lucene.spatial.bbox,org.apache.lucene.spatial.util
org.apache.lucene.spatial.composite,org.apache.lucene.document
org.apache.lucene.spatial.composite,org.apache.lucene.index
org.apache.lucene.spatial.composite,org.apache.lucene.search
org.apache.lucene.spatial.composite,org.apache.lucene.spatial
org.apache.lucene.spatial.composite,org.apache.lucene.spatial.prefix
org.apache.lucene.spatial.composite,org.apache.lucene.spatial.prefix.tree
org.apache.lucene.spatial.composite,org.apache.lucene.spatial.query
org.apache.lucene.spatial.composite,org.apache.lucene.spatial.serialized
org.apache.lucene.spatial.composite,org.apache.lucene.spatial.util
org.apache.lucene.spatial.composite,org.apache.lucene.util
org.apache.lucene.spatial.prefix,org.apache.lucene.analysis
org.apache.lucene.spatial.prefix,org.apache.lucene.analysis.tokenattributes
org.apache.lucene.spatial.prefix,org.apache.lucene.document
org.apache.lucene.spatial.prefix,org.apache.lucene.index
org.apache.lucene.spatial.prefix,org.apache.lucene.search
org.apache.lucene.spatial.prefix,org.apache.lucene.spatial
org.apache.lucene.spatial.prefix,org.apache.lucene.spatial.prefix.tree
org.apache.lucene.spatial.prefix,org.apache.lucene.spatial.query
org.apache.lucene.spatial.prefix,org.apache.lucene.spatial.util
org.apache.lucene.spatial.prefix,org.apache.lucene.tests.search
org.apache.lucene.spatial.prefix,org.apache.lucene.tests.util
org.apache.lucene.spatial.prefix,org.apache.lucene.util
org.apache.lucene.spatial.prefix.tree,org.apache.lucene.document
org.apache.lucene.spatial.prefix.tree,org.apache.lucene.search
org.apache.lucene.spatial.prefix.tree,org.apache.lucene.spatial
org.apache.lucene.spatial.prefix.tree,org.apache.lucene.spatial.prefix
org.apache.lucene.spatial.prefix.tree,org.apache.lucene.spatial.query
org.apache.lucene.spatial.prefix.tree,org.apache.lucene.spatial.spatial4j
org.apache.lucene.spatial.prefix.tree,org.apache.lucene.tests.util
org.apache.lucene.spatial.prefix.tree,org.apache.lucene.util
org.apache.lucene.spatial.query,org.apache.lucene.tests.util
org.apache.lucene.spatial.serialized,org.apache.lucene.document
org.apache.lucene.spatial.serialized,org.apache.lucene.index
org.apache.lucene.spatial.serialized,org.apache.lucene.search
org.apache.lucene.spatial.serialized,org.apache.lucene.spatial
org.apache.lucene.spatial.serialized,org.apache.lucene.spatial.query
org.apache.lucene.spatial.serialized,org.apache.lucene.spatial.util
org.apache.lucene.spatial.serialized,org.apache.lucene.util
org.apache.lucene.spatial.spatial4j,org.apache.lucene.spatial
org.apache.lucene.spatial.spatial4j,org.apache.lucene.spatial.composite
org.apache.lucene.spatial.spatial4j,org.apache.lucene.spatial.prefix
org.apache.lucene.spatial.spatial4j,org.apache.lucene.spatial.prefix.tree
org.apache.lucene.spatial.spatial4j,org.apache.lucene.spatial.query
org.apache.lucene.spatial.spatial4j,org.apache.lucene.spatial.serialized
org.apache.lucene.spatial.spatial4j,org.apache.lucene.spatial3d.geom
org.apache.lucene.spatial.spatial4j,org.apache.lucene.tests.util
org.apache.lucene.spatial.util,org.apache.lucene.index
org.apache.lucene.spatial.util,org.apache.lucene.internal.hppc
org.apache.lucene.spatial.util,org.apache.lucene.search
org.apache.lucene.spatial.util,org.apache.lucene.spatial
org.apache.lucene.spatial.util,org.apache.lucene.spatial.query
org.apache.lucene.spatial.util,org.apache.lucene.util
org.apache.lucene.spatial.vector,org.apache.lucene.document
org.apache.lucene.spatial.vector,org.apache.lucene.index
org.apache.lucene.spatial.vector,org.apache.lucene.search
org.apache.lucene.spatial.vector,org.apache.lucene.spatial
org.apache.lucene.spatial.vector,org.apache.lucene.spatial.query
org.apache.lucene.spatial3d,org.apache.lucene.codecs
org.apache.lucene.spatial3d,org.apache.lucene.codecs.lucene90
org.apache.lucene.spatial3d,org.apache.lucene.document
org.apache.lucene.spatial3d,org.apache.lucene.geo
org.apache.lucene.spatial3d,org.apache.lucene.index
org.apache.lucene.spatial3d,org.apache.lucene.search
org.apache.lucene.spatial3d,org.apache.lucene.spatial3d.geom
org.apache.lucene.spatial3d,org.apache.lucene.store
org.apache.lucene.spatial3d,org.apache.lucene.tests.geo
org.apache.lucene.spatial3d,org.apache.lucene.tests.index
org.apache.lucene.spatial3d,org.apache.lucene.tests.search
org.apache.lucene.spatial3d,org.apache.lucene.tests.util
org.apache.lucene.spatial3d,org.apache.lucene.util
org.apache.lucene.spatial3d.geom,org.apache.lucene.internal.hppc
org.apache.lucene.spatial3d.geom,org.apache.lucene.spatial3d.tests
org.apache.lucene.spatial3d.geom,org.apache.lucene.tests.geo
org.apache.lucene.spatial3d.geom,org.apache.lucene.tests.util
org.apache.lucene.spatial3d.tests,org.apache.lucene.spatial3d.geom
org.apache.lucene.spatial3d.tests,org.apache.lucene.tests.util
org.apache.lucene.store,org.apache.lucene.analysis
org.apache.lucene.store,org.apache.lucene.codecs
org.apache.lucene.store,org.apache.lucene.codecs.lucene90.compressing
org.apache.lucene.store,org.apache.lucene.document
org.apache.lucene.store,org.apache.lucene.index
org.apache.lucene.store,org.apache.lucene.internal.tests
org.apache.lucene.store,org.apache.lucene.search
org.apache.lucene.store,org.apache.lucene.tests.analysis
org.apache.lucene.store,org.apache.lucene.tests.index
org.apache.lucene.store,org.apache.lucene.tests.mockfile
org.apache.lucene.store,org.apache.lucene.tests.store
org.apache.lucene.store,org.apache.lucene.tests.util
org.apache.lucene.store,org.apache.lucene.util
org.apache.lucene.tests.analysis,org.apache.lucene.analysis
org.apache.lucene.tests.analysis,org.apache.lucene.analysis.tokenattributes
org.apache.lucene.tests.analysis,org.apache.lucene.document
org.apache.lucene.tests.analysis,org.apache.lucene.index
org.apache.lucene.tests.analysis,org.apache.lucene.search
org.apache.lucene.tests.analysis,org.apache.lucene.store
org.apache.lucene.tests.analysis,org.apache.lucene.tests.index
org.apache.lucene.tests.analysis,org.apache.lucene.tests.util
org.apache.lucene.tests.analysis,org.apache.lucene.tests.util.automaton
org.apache.lucene.tests.analysis,org.apache.lucene.util
org.apache.lucene.tests.analysis,org.apache.lucene.util.automaton
org.apache.lucene.tests.analysis,org.apache.lucene.util.fst
org.apache.lucene.tests.analysis.standard,org.apache.lucene.analysis
org.apache.lucene.tests.analysis.standard,org.apache.lucene.tests.analysis
org.apache.lucene.tests.codecs.asserting,org.apache.lucene.codecs
org.apache.lucene.tests.codecs.asserting,org.apache.lucene.codecs.hnsw
org.apache.lucene.tests.codecs.asserting,org.apache.lucene.codecs.perfield
org.apache.lucene.tests.codecs.asserting,org.apache.lucene.index
org.apache.lucene.tests.codecs.asserting,org.apache.lucene.search
org.apache.lucene.tests.codecs.asserting,org.apache.lucene.store
org.apache.lucene.tests.codecs.asserting,org.apache.lucene.tests.index
org.apache.lucene.tests.codecs.asserting,org.apache.lucene.tests.search
org.apache.lucene.tests.codecs.asserting,org.apache.lucene.tests.util
org.apache.lucene.tests.codecs.asserting,org.apache.lucene.util
org.apache.lucene.tests.codecs.asserting,org.apache.lucene.util.hnsw
org.apache.lucene.tests.codecs.blockterms,org.apache.lucene.codecs
org.apache.lucene.tests.codecs.blockterms,org.apache.lucene.codecs.blockterms
org.apache.lucene.tests.codecs.blockterms,org.apache.lucene.codecs.lucene104
org.apache.lucene.tests.codecs.blockterms,org.apache.lucene.index
org.apache.lucene.tests.codecs.bloom,org.apache.lucene.codecs
org.apache.lucene.tests.codecs.bloom,org.apache.lucene.codecs.bloom
org.apache.lucene.tests.codecs.bloom,org.apache.lucene.index
org.apache.lucene.tests.codecs.bloom,org.apache.lucene.tests.util
org.apache.lucene.tests.codecs.cheapbastard,org.apache.lucene.codecs
org.apache.lucene.tests.codecs.cheapbastard,org.apache.lucene.tests.util
org.apache.lucene.tests.codecs.compressing,org.apache.lucene.codecs
org.apache.lucene.tests.codecs.compressing,org.apache.lucene.codecs.compressing
org.apache.lucene.tests.codecs.compressing,org.apache.lucene.codecs.lucene90
org.apache.lucene.tests.codecs.compressing,org.apache.lucene.codecs.lucene90.compressing
org.apache.lucene.tests.codecs.compressing,org.apache.lucene.tests.codecs.compressing.dummy
org.apache.lucene.tests.codecs.compressing,org.apache.lucene.tests.util
org.apache.lucene.tests.codecs.compressing,org.apache.lucene.util.packed
org.apache.lucene.tests.codecs.compressing.dummy,org.apache.lucene.codecs.compressing
org.apache.lucene.tests.codecs.compressing.dummy,org.apache.lucene.store
org.apache.lucene.tests.codecs.compressing.dummy,org.apache.lucene.tests.codecs.compressing
org.apache.lucene.tests.codecs.compressing.dummy,org.apache.lucene.util
org.apache.lucene.tests.codecs.cranky,org.apache.lucene.codecs
org.apache.lucene.tests.codecs.cranky,org.apache.lucene.index
org.apache.lucene.tests.codecs.cranky,org.apache.lucene.store
org.apache.lucene.tests.codecs.cranky,org.apache.lucene.util
org.apache.lucene.tests.codecs.mockrandom,org.apache.lucene.codecs
org.apache.lucene.tests.codecs.mockrandom,org.apache.lucene.codecs.blockterms
org.apache.lucene.tests.codecs.mockrandom,org.apache.lucene.codecs.blocktreeords
org.apache.lucene.tests.codecs.mockrandom,org.apache.lucene.codecs.lucene103.blocktree
org.apache.lucene.tests.codecs.mockrandom,org.apache.lucene.codecs.lucene104
org.apache.lucene.tests.codecs.mockrandom,org.apache.lucene.codecs.memory
org.apache.lucene.tests.codecs.mockrandom,org.apache.lucene.index
org.apache.lucene.tests.codecs.mockrandom,org.apache.lucene.store
org.apache.lucene.tests.codecs.mockrandom,org.apache.lucene.tests.util
org.apache.lucene.tests.codecs.mockrandom,org.apache.lucene.util
org.apache.lucene.tests.codecs.ramonly,org.apache.lucene.codecs
org.apache.lucene.tests.codecs.ramonly,org.apache.lucene.index
org.apache.lucene.tests.codecs.ramonly,org.apache.lucene.store
org.apache.lucene.tests.codecs.ramonly,org.apache.lucene.util
org.apache.lucene.tests.codecs.uniformsplit,org.apache.lucene.codecs
org.apache.lucene.tests.codecs.uniformsplit,org.apache.lucene.codecs.lucene104
org.apache.lucene.tests.codecs.uniformsplit,org.apache.lucene.codecs.uniformsplit
org.apache.lucene.tests.codecs.uniformsplit,org.apache.lucene.index
org.apache.lucene.tests.codecs.uniformsplit,org.apache.lucene.store
org.apache.lucene.tests.codecs.uniformsplit,org.apache.lucene.util
org.apache.lucene.tests.codecs.uniformsplit.sharedterms,org.apache.lucene.codecs
org.apache.lucene.tests.codecs.uniformsplit.sharedterms,org.apache.lucene.codecs.uniformsplit
org.apache.lucene.tests.codecs.uniformsplit.sharedterms,org.apache.lucene.codecs.uniformsplit.sharedterms
org.apache.lucene.tests.codecs.uniformsplit.sharedterms,org.apache.lucene.index
org.apache.lucene.tests.codecs.uniformsplit.sharedterms,org.apache.lucene.store
org.apache.lucene.tests.codecs.uniformsplit.sharedterms,org.apache.lucene.tests.codecs.uniformsplit
org.apache.lucene.tests.codecs.vector,org.apache.lucene.codecs
org.apache.lucene.tests.codecs.vector,org.apache.lucene.codecs.lucene99
org.apache.lucene.tests.codecs.vector,org.apache.lucene.tests.util
org.apache.lucene.tests.geo,org.apache.lucene.codecs
org.apache.lucene.tests.geo,org.apache.lucene.codecs.lucene90
org.apache.lucene.tests.geo,org.apache.lucene.document
org.apache.lucene.tests.geo,org.apache.lucene.geo
org.apache.lucene.tests.geo,org.apache.lucene.index
org.apache.lucene.tests.geo,org.apache.lucene.search
org.apache.lucene.tests.geo,org.apache.lucene.store
org.apache.lucene.tests.geo,org.apache.lucene.tests.analysis
org.apache.lucene.tests.geo,org.apache.lucene.tests.index
org.apache.lucene.tests.geo,org.apache.lucene.tests.search
org.apache.lucene.tests.geo,org.apache.lucene.tests.util
org.apache.lucene.tests.geo,org.apache.lucene.util
org.apache.lucene.tests.geo,org.apache.lucene.util.bkd
org.apache.lucene.tests.index,org.apache.lucene.analysis
org.apache.lucene.tests.index,org.apache.lucene.analysis.tokenattributes
org.apache.lucene.tests.index,org.apache.lucene.codecs
org.apache.lucene.tests.index,org.apache.lucene.codecs.blocktreeords
org.apache.lucene.tests.index,org.apache.lucene.codecs.hnsw
org.apache.lucene.tests.index,org.apache.lucene.codecs.lucene104
org.apache.lucene.tests.index,org.apache.lucene.codecs.lucene90
org.apache.lucene.tests.index,org.apache.lucene.codecs.lucene99
org.apache.lucene.tests.index,org.apache.lucene.codecs.memory
org.apache.lucene.tests.index,org.apache.lucene.codecs.perfield
org.apache.lucene.tests.index,org.apache.lucene.codecs.simpletext
org.apache.lucene.tests.index,org.apache.lucene.document
org.apache.lucene.tests.index,org.apache.lucene.index
org.apache.lucene.tests.index,org.apache.lucene.internal.tests
org.apache.lucene.tests.index,org.apache.lucene.search
org.apache.lucene.tests.index,org.apache.lucene.search.knn
org.apache.lucene.tests.index,org.apache.lucene.search.similarities
org.apache.lucene.tests.index,org.apache.lucene.store
org.apache.lucene.tests.index,org.apache.lucene.tests.analysis
org.apache.lucene.tests.index,org.apache.lucene.tests.codecs.asserting
org.apache.lucene.tests.index,org.apache.lucene.tests.codecs.blockterms
org.apache.lucene.tests.index,org.apache.lucene.tests.codecs.bloom
org.apache.lucene.tests.index,org.apache.lucene.tests.codecs.mockrandom
org.apache.lucene.tests.index,org.apache.lucene.tests.search
org.apache.lucene.tests.index,org.apache.lucene.tests.store
org.apache.lucene.tests.index,org.apache.lucene.tests.util
org.apache.lucene.tests.index,org.apache.lucene.tests.util.automaton
org.apache.lucene.tests.index,org.apache.lucene.util
org.apache.lucene.tests.index,org.apache.lucene.util.automaton
org.apache.lucene.tests.index,org.apache.lucene.util.bkd
org.apache.lucene.tests.index,org.apache.lucene.util.packed
org.apache.lucene.tests.index,org.apache.lucene.util.quantization
org.apache.lucene.tests.mockfile,org.apache.lucene.index
org.apache.lucene.tests.mockfile,org.apache.lucene.tests.util
org.apache.lucene.tests.mockfile,org.apache.lucene.util
org.apache.lucene.tests.search,org.apache.lucene.analysis
org.apache.lucene.tests.search,org.apache.lucene.document
org.apache.lucene.tests.search,org.apache.lucene.index
org.apache.lucene.tests.search,org.apache.lucene.search
org.apache.lucene.tests.search,org.apache.lucene.store
org.apache.lucene.tests.search,org.apache.lucene.tests.analysis
org.apache.lucene.tests.search,org.apache.lucene.tests.index
org.apache.lucene.tests.search,org.apache.lucene.tests.util
org.apache.lucene.tests.search,org.apache.lucene.util
org.apache.lucene.tests.search,org.apache.lucene.util.automaton
org.apache.lucene.tests.search.similarities,org.apache.lucene.document
org.apache.lucene.tests.search.similarities,org.apache.lucene.index
org.apache.lucene.tests.search.similarities,org.apache.lucene.search
org.apache.lucene.tests.search.similarities,org.apache.lucene.search.similarities
org.apache.lucene.tests.search.similarities,org.apache.lucene.store
org.apache.lucene.tests.search.similarities,org.apache.lucene.tests.analysis
org.apache.lucene.tests.search.similarities,org.apache.lucene.tests.index
org.apache.lucene.tests.search.similarities,org.apache.lucene.tests.search
org.apache.lucene.tests.search.similarities,org.apache.lucene.tests.util
org.apache.lucene.tests.search.similarities,org.apache.lucene.util
org.apache.lucene.tests.store,org.apache.lucene.document
org.apache.lucene.tests.store,org.apache.lucene.index
org.apache.lucene.tests.store,org.apache.lucene.internal.hppc
org.apache.lucene.tests.store,org.apache.lucene.internal.tests
org.apache.lucene.tests.store,org.apache.lucene.search
org.apache.lucene.tests.store,org.apache.lucene.store
org.apache.lucene.tests.store,org.apache.lucene.tests.analysis
org.apache.lucene.tests.store,org.apache.lucene.tests.index
org.apache.lucene.tests.store,org.apache.lucene.tests.mockfile
org.apache.lucene.tests.store,org.apache.lucene.tests.util
org.apache.lucene.tests.store,org.apache.lucene.util
org.apache.lucene.tests.store,org.apache.lucene.util.packed
org.apache.lucene.tests.util,org.apache.lucene.analysis
org.apache.lucene.tests.util,org.apache.lucene.codecs
org.apache.lucene.tests.util,org.apache.lucene.codecs.bitvectors
org.apache.lucene.tests.util,org.apache.lucene.codecs.blocktreeords
org.apache.lucene.tests.util,org.apache.lucene.codecs.hnsw
org.apache.lucene.tests.util,org.apache.lucene.codecs.lucene104
org.apache.lucene.tests.util,org.apache.lucene.codecs.lucene90
org.apache.lucene.tests.util,org.apache.lucene.codecs.lucene99
org.apache.lucene.tests.util,org.apache.lucene.codecs.perfield
org.apache.lucene.tests.util,org.apache.lucene.codecs.simpletext
org.apache.lucene.tests.util,org.apache.lucene.document
org.apache.lucene.tests.util,org.apache.lucene.index
org.apache.lucene.tests.util,org.apache.lucene.internal.tests
org.apache.lucene.tests.util,org.apache.lucene.search
org.apache.lucene.tests.util,org.apache.lucene.search.similarities
org.apache.lucene.tests.util,org.apache.lucene.store
org.apache.lucene.tests.util,org.apache.lucene.tests.analysis
org.apache.lucene.tests.util,org.apache.lucene.tests.codecs.asserting
org.apache.lucene.tests.util,org.apache.lucene.tests.codecs.blockterms
org.apache.lucene.tests.util,org.apache.lucene.tests.codecs.cheapbastard
org.apache.lucene.tests.util,org.apache.lucene.tests.codecs.compressing
org.apache.lucene.tests.util,org.apache.lucene.tests.codecs.mockrandom
org.apache.lucene.tests.util,org.apache.lucene.tests.index
org.apache.lucene.tests.util,org.apache.lucene.tests.mockfile
org.apache.lucene.tests.util,org.apache.lucene.tests.search
org.apache.lucene.tests.util,org.apache.lucene.tests.search.similarities
org.apache.lucene.tests.util,org.apache.lucene.tests.store
org.apache.lucene.tests.util,org.apache.lucene.tests.util.automaton
org.apache.lucene.tests.util,org.apache.lucene.util
org.apache.lucene.tests.util,org.apache.lucene.util.automaton
org.apache.lucene.tests.util.automaton,org.apache.lucene.tests.util
org.apache.lucene.tests.util.automaton,org.apache.lucene.util
org.apache.lucene.tests.util.automaton,org.apache.lucene.util.automaton
org.apache.lucene.tests.util.fst,org.apache.lucene.store
org.apache.lucene.tests.util.fst,org.apache.lucene.tests.util
org.apache.lucene.tests.util.fst,org.apache.lucene.util
org.apache.lucene.tests.util.fst,org.apache.lucene.util.fst
org.apache.lucene.util,org.apache.lucene.analysis
org.apache.lucene.util,org.apache.lucene.analysis.tokenattributes
org.apache.lucene.util,org.apache.lucene.codecs
org.apache.lucene.util,org.apache.lucene.index
org.apache.lucene.util,org.apache.lucene.internal.vectorization
org.apache.lucene.util,org.apache.lucene.search
org.apache.lucene.util,org.apache.lucene.store
org.apache.lucene.util,org.apache.lucene.tests.analysis
org.apache.lucene.util,org.apache.lucene.tests.geo
org.apache.lucene.util,org.apache.lucene.tests.mockfile
org.apache.lucene.util,org.apache.lucene.tests.store
org.apache.lucene.util,org.apache.lucene.tests.util
org.apache.lucene.util,org.apache.lucene.util.automaton
org.apache.lucene.util,org.apache.lucene.util.graph
org.apache.lucene.util,org.apache.lucene.util.packed
org.apache.lucene.util.automaton,org.apache.lucene.document
org.apache.lucene.util.automaton,org.apache.lucene.index
org.apache.lucene.util.automaton,org.apache.lucene.internal.hppc
org.apache.lucene.util.automaton,org.apache.lucene.search
org.apache.lucene.util.automaton,org.apache.lucene.store
org.apache.lucene.util.automaton,org.apache.lucene.tests.index
org.apache.lucene.util.automaton,org.apache.lucene.tests.util
org.apache.lucene.util.automaton,org.apache.lucene.tests.util.automaton
org.apache.lucene.util.automaton,org.apache.lucene.util
org.apache.lucene.util.automaton,org.apache.lucene.util.fst
org.apache.lucene.util.bkd,org.apache.lucene.codecs
org.apache.lucene.util.bkd,org.apache.lucene.index
org.apache.lucene.util.bkd,org.apache.lucene.search
org.apache.lucene.util.bkd,org.apache.lucene.store
org.apache.lucene.util.bkd,org.apache.lucene.tests.mockfile
org.apache.lucene.util.bkd,org.apache.lucene.tests.store
org.apache.lucene.util.bkd,org.apache.lucene.tests.util
org.apache.lucene.util.bkd,org.apache.lucene.util
org.apache.lucene.util.bkd,org.apache.lucene.util.packed
org.apache.lucene.util.compress,org.apache.lucene.store
org.apache.lucene.util.compress,org.apache.lucene.tests.util
org.apache.lucene.util.compress,org.apache.lucene.util
org.apache.lucene.util.fst,org.apache.lucene.codecs
org.apache.lucene.util.fst,org.apache.lucene.document
org.apache.lucene.util.fst,org.apache.lucene.index
org.apache.lucene.util.fst,org.apache.lucene.internal.hppc
org.apache.lucene.util.fst,org.apache.lucene.search
org.apache.lucene.util.fst,org.apache.lucene.store
org.apache.lucene.util.fst,org.apache.lucene.tests.analysis
org.apache.lucene.util.fst,org.apache.lucene.tests.index
org.apache.lucene.util.fst,org.apache.lucene.tests.store
org.apache.lucene.util.fst,org.apache.lucene.tests.util
org.apache.lucene.util.fst,org.apache.lucene.tests.util.fst
org.apache.lucene.util.fst,org.apache.lucene.util
org.apache.lucene.util.fst,org.apache.lucene.util.automaton
org.apache.lucene.util.fst,org.apache.lucene.util.packed
org.apache.lucene.util.graph,org.apache.lucene.analysis
org.apache.lucene.util.graph,org.apache.lucene.analysis.tokenattributes
org.apache.lucene.util.graph,org.apache.lucene.index
org.apache.lucene.util.graph,org.apache.lucene.internal.hppc
org.apache.lucene.util.graph,org.apache.lucene.tests.analysis
org.apache.lucene.util.graph,org.apache.lucene.tests.util
org.apache.lucene.util.graph,org.apache.lucene.util
org.apache.lucene.util.graph,org.apache.lucene.util.automaton
org.apache.lucene.util.hnsw,org.apache.lucene.codecs
org.apache.lucene.util.hnsw,org.apache.lucene.codecs.hnsw
org.apache.lucene.util.hnsw,org.apache.lucene.codecs.lucene99
org.apache.lucene.util.hnsw,org.apache.lucene.document
org.apache.lucene.util.hnsw,org.apache.lucene.index
org.apache.lucene.util.hnsw,org.apache.lucene.internal.hppc
org.apache.lucene.util.hnsw,org.apache.lucene.search
org.apache.lucene.util.hnsw,org.apache.lucene.search.knn
org.apache.lucene.util.hnsw,org.apache.lucene.store
org.apache.lucene.util.hnsw,org.apache.lucene.tests.util
org.apache.lucene.util.hnsw,org.apache.lucene.util
org.apache.lucene.util.mutable,org.apache.lucene.tests.util
org.apache.lucene.util.mutable,org.apache.lucene.util
org.apache.lucene.util.packed,org.apache.lucene.document.column
org.apache.lucene.util.packed,org.apache.lucene.store
org.apache.lucene.util.packed,org.apache.lucene.tests.util
org.apache.lucene.util.packed,org.apache.lucene.util
org.apache.lucene.util.quantization,org.apache.lucene.codecs.lucene95
org.apache.lucene.util.quantization,org.apache.lucene.index
org.apache.lucene.util.quantization,org.apache.lucene.search
org.apache.lucene.util.quantization,org.apache.lucene.store
org.apache.lucene.util.quantization,org.apache.lucene.tests.util
org.apache.lucene.util.quantization,org.apache.lucene.util
org.apache.lucene.util.quantization,org.apache.lucene.util.hnsw
org.egothor.stemmer,org.apache.lucene.internal.hppc
org.egothor.stemmer,org.apache.lucene.tests.util
org.egothor.stemmer,org.apache.lucene.util
org.tartarus.snowball.ext,org.tartarus.snowball
