source_package,target_package
org.apache.hadoop,org.apache.hadoop.classification
org.apache.hadoop,org.apache.hadoop.fs
org.apache.hadoop,org.apache.hadoop.mapred
org.apache.hadoop.applications.mawo.server.common,org.apache.hadoop.applications.mawo.server.worker
org.apache.hadoop.applications.mawo.server.common,org.apache.hadoop.io
org.apache.hadoop.applications.mawo.server.common,org.apache.hadoop.ipc
org.apache.hadoop.applications.mawo.server.worker,org.apache.hadoop.io
org.apache.hadoop.benchmark,org.apache.hadoop.conf
org.apache.hadoop.benchmark,org.apache.hadoop.fs
org.apache.hadoop.benchmark,org.apache.hadoop.fs.impl
org.apache.hadoop.classification.tools,org.apache.hadoop.classification
org.apache.hadoop.conf,org.apache.hadoop.classification
org.apache.hadoop.conf,org.apache.hadoop.fs
org.apache.hadoop.conf,org.apache.hadoop.http
org.apache.hadoop.conf,org.apache.hadoop.io
org.apache.hadoop.conf,org.apache.hadoop.net
org.apache.hadoop.conf,org.apache.hadoop.security
org.apache.hadoop.conf,org.apache.hadoop.security.alias
org.apache.hadoop.conf,org.apache.hadoop.util
org.apache.hadoop.contrib.utils.join,org.apache.hadoop.conf
org.apache.hadoop.contrib.utils.join,org.apache.hadoop.fs
org.apache.hadoop.contrib.utils.join,org.apache.hadoop.io
org.apache.hadoop.contrib.utils.join,org.apache.hadoop.mapred
org.apache.hadoop.contrib.utils.join,org.apache.hadoop.mapreduce
org.apache.hadoop.crypto,org.apache.hadoop.classification
org.apache.hadoop.crypto,org.apache.hadoop.conf
org.apache.hadoop.crypto,org.apache.hadoop.crypto.random
org.apache.hadoop.crypto,org.apache.hadoop.fs
org.apache.hadoop.crypto,org.apache.hadoop.fs.impl
org.apache.hadoop.crypto,org.apache.hadoop.fs.statistics
org.apache.hadoop.crypto,org.apache.hadoop.fs.store
org.apache.hadoop.crypto,org.apache.hadoop.io
org.apache.hadoop.crypto,org.apache.hadoop.util
org.apache.hadoop.crypto.key,org.apache.hadoop.classification
org.apache.hadoop.crypto.key,org.apache.hadoop.conf
org.apache.hadoop.crypto.key,org.apache.hadoop.crypto
org.apache.hadoop.crypto.key,org.apache.hadoop.fs
org.apache.hadoop.crypto.key,org.apache.hadoop.fs.permission
org.apache.hadoop.crypto.key,org.apache.hadoop.io
org.apache.hadoop.crypto.key,org.apache.hadoop.security
org.apache.hadoop.crypto.key,org.apache.hadoop.security.token
org.apache.hadoop.crypto.key,org.apache.hadoop.tools
org.apache.hadoop.crypto.key,org.apache.hadoop.util
org.apache.hadoop.crypto.key.kms,org.apache.hadoop.classification
org.apache.hadoop.crypto.key.kms,org.apache.hadoop.conf
org.apache.hadoop.crypto.key.kms,org.apache.hadoop.crypto.key
org.apache.hadoop.crypto.key.kms,org.apache.hadoop.fs
org.apache.hadoop.crypto.key.kms,org.apache.hadoop.io
org.apache.hadoop.crypto.key.kms,org.apache.hadoop.io.retry
org.apache.hadoop.crypto.key.kms,org.apache.hadoop.security
org.apache.hadoop.crypto.key.kms,org.apache.hadoop.security.authentication.client
org.apache.hadoop.crypto.key.kms,org.apache.hadoop.security.ssl
org.apache.hadoop.crypto.key.kms,org.apache.hadoop.security.token
org.apache.hadoop.crypto.key.kms,org.apache.hadoop.security.token.delegation
org.apache.hadoop.crypto.key.kms,org.apache.hadoop.security.token.delegation.web
org.apache.hadoop.crypto.key.kms,org.apache.hadoop.util
org.apache.hadoop.crypto.key.kms.server,org.apache.hadoop.classification
org.apache.hadoop.crypto.key.kms.server,org.apache.hadoop.conf
org.apache.hadoop.crypto.key.kms.server,org.apache.hadoop.crypto.key
org.apache.hadoop.crypto.key.kms.server,org.apache.hadoop.crypto.key.kms
org.apache.hadoop.crypto.key.kms.server,org.apache.hadoop.fs
org.apache.hadoop.crypto.key.kms.server,org.apache.hadoop.http
org.apache.hadoop.crypto.key.kms.server,org.apache.hadoop.metrics2.lib
org.apache.hadoop.crypto.key.kms.server,org.apache.hadoop.metrics2.source
org.apache.hadoop.crypto.key.kms.server,org.apache.hadoop.security
org.apache.hadoop.crypto.key.kms.server,org.apache.hadoop.security.authentication.client
org.apache.hadoop.crypto.key.kms.server,org.apache.hadoop.security.authentication.server
org.apache.hadoop.crypto.key.kms.server,org.apache.hadoop.security.authorize
org.apache.hadoop.crypto.key.kms.server,org.apache.hadoop.security.ssl
org.apache.hadoop.crypto.key.kms.server,org.apache.hadoop.security.token.delegation.web
org.apache.hadoop.crypto.key.kms.server,org.apache.hadoop.util
org.apache.hadoop.crypto.random,org.apache.hadoop.classification
org.apache.hadoop.crypto.random,org.apache.hadoop.conf
org.apache.hadoop.crypto.random,org.apache.hadoop.io
org.apache.hadoop.crypto.random,org.apache.hadoop.util
org.apache.hadoop.examples,org.apache.hadoop.conf
org.apache.hadoop.examples,org.apache.hadoop.examples.dancing
org.apache.hadoop.examples,org.apache.hadoop.examples.pi
org.apache.hadoop.examples,org.apache.hadoop.examples.terasort
org.apache.hadoop.examples,org.apache.hadoop.fs
org.apache.hadoop.examples,org.apache.hadoop.io
org.apache.hadoop.examples,org.apache.hadoop.mapred
org.apache.hadoop.examples,org.apache.hadoop.mapreduce
org.apache.hadoop.examples,org.apache.hadoop.mapreduce.lib.aggregate
org.apache.hadoop.examples,org.apache.hadoop.mapreduce.lib.db
org.apache.hadoop.examples,org.apache.hadoop.mapreduce.lib.input
org.apache.hadoop.examples,org.apache.hadoop.mapreduce.lib.join
org.apache.hadoop.examples,org.apache.hadoop.mapreduce.lib.map
org.apache.hadoop.examples,org.apache.hadoop.mapreduce.lib.output
org.apache.hadoop.examples,org.apache.hadoop.mapreduce.lib.partition
org.apache.hadoop.examples,org.apache.hadoop.mapreduce.lib.reduce
org.apache.hadoop.examples,org.apache.hadoop.util
org.apache.hadoop.examples.dancing,org.apache.hadoop.conf
org.apache.hadoop.examples.dancing,org.apache.hadoop.fs
org.apache.hadoop.examples.dancing,org.apache.hadoop.io
org.apache.hadoop.examples.dancing,org.apache.hadoop.mapreduce.lib.input
org.apache.hadoop.examples.dancing,org.apache.hadoop.mapreduce.lib.output
org.apache.hadoop.examples.pi,org.apache.hadoop.conf
org.apache.hadoop.examples.pi,org.apache.hadoop.examples.pi.math
org.apache.hadoop.examples.pi,org.apache.hadoop.fs
org.apache.hadoop.examples.pi,org.apache.hadoop.fs.permission
org.apache.hadoop.examples.pi,org.apache.hadoop.io
org.apache.hadoop.examples.pi,org.apache.hadoop.mapreduce
org.apache.hadoop.examples.pi,org.apache.hadoop.mapreduce.lib.output
org.apache.hadoop.examples.pi,org.apache.hadoop.net
org.apache.hadoop.examples.pi,org.apache.hadoop.util
org.apache.hadoop.examples.pi,org.apache.hadoop.util.concurrent
org.apache.hadoop.examples.pi.math,org.apache.hadoop.examples.pi
org.apache.hadoop.examples.terasort,org.apache.hadoop.conf
org.apache.hadoop.examples.terasort,org.apache.hadoop.fs
org.apache.hadoop.examples.terasort,org.apache.hadoop.io
org.apache.hadoop.examples.terasort,org.apache.hadoop.mapred
org.apache.hadoop.examples.terasort,org.apache.hadoop.mapreduce
org.apache.hadoop.examples.terasort,org.apache.hadoop.mapreduce.lib.input
org.apache.hadoop.examples.terasort,org.apache.hadoop.mapreduce.lib.output
org.apache.hadoop.examples.terasort,org.apache.hadoop.mapreduce.security
org.apache.hadoop.examples.terasort,org.apache.hadoop.mapreduce.server.tasktracker
org.apache.hadoop.examples.terasort,org.apache.hadoop.mapreduce.task
org.apache.hadoop.examples.terasort,org.apache.hadoop.util
org.apache.hadoop.examples.terasort,org.apache.hadoop.util.functional
org.apache.hadoop.filecache,org.apache.hadoop.classification
org.apache.hadoop.filecache,org.apache.hadoop.conf
org.apache.hadoop.filecache,org.apache.hadoop.fs
org.apache.hadoop.filecache,org.apache.hadoop.mapreduce
org.apache.hadoop.fs,org.apache.hadoop
org.apache.hadoop.fs,org.apache.hadoop.classification
org.apache.hadoop.fs,org.apache.hadoop.conf
org.apache.hadoop.fs,org.apache.hadoop.crypto
org.apache.hadoop.fs,org.apache.hadoop.fs.impl
org.apache.hadoop.fs,org.apache.hadoop.fs.permission
org.apache.hadoop.fs,org.apache.hadoop.fs.protocolPB
org.apache.hadoop.fs,org.apache.hadoop.fs.shell
org.apache.hadoop.fs,org.apache.hadoop.fs.statistics
org.apache.hadoop.fs,org.apache.hadoop.fs.statistics.impl
org.apache.hadoop.fs,org.apache.hadoop.fs.viewfs
org.apache.hadoop.fs,org.apache.hadoop.hdfs
org.apache.hadoop.fs,org.apache.hadoop.hdfs.client
org.apache.hadoop.fs,org.apache.hadoop.hdfs.client.impl
org.apache.hadoop.fs,org.apache.hadoop.hdfs.protocol
org.apache.hadoop.fs,org.apache.hadoop.hdfs.security.token.delegation
org.apache.hadoop.fs,org.apache.hadoop.hdfs.web
org.apache.hadoop.fs,org.apache.hadoop.http.lib
org.apache.hadoop.fs,org.apache.hadoop.io
org.apache.hadoop.fs,org.apache.hadoop.io.nativeio
org.apache.hadoop.fs,org.apache.hadoop.ipc
org.apache.hadoop.fs,org.apache.hadoop.net
org.apache.hadoop.fs,org.apache.hadoop.security
org.apache.hadoop.fs,org.apache.hadoop.security.token
org.apache.hadoop.fs,org.apache.hadoop.security.token.delegation
org.apache.hadoop.fs,org.apache.hadoop.tools
org.apache.hadoop.fs,org.apache.hadoop.tracing
org.apache.hadoop.fs,org.apache.hadoop.util
org.apache.hadoop.fs,org.apache.hadoop.util.functional
org.apache.hadoop.fs.adl,org.apache.hadoop.classification
org.apache.hadoop.fs.adl,org.apache.hadoop.conf
org.apache.hadoop.fs.adl,org.apache.hadoop.fs
org.apache.hadoop.fs.adl,org.apache.hadoop.fs.adl.oauth2
org.apache.hadoop.fs.adl,org.apache.hadoop.fs.impl
org.apache.hadoop.fs.adl,org.apache.hadoop.fs.permission
org.apache.hadoop.fs.adl,org.apache.hadoop.security
org.apache.hadoop.fs.adl,org.apache.hadoop.util
org.apache.hadoop.fs.adl.oauth2,org.apache.hadoop.classification
org.apache.hadoop.fs.adl.oauth2,org.apache.hadoop.conf
org.apache.hadoop.fs.aliyun.oss,org.apache.hadoop.classification
org.apache.hadoop.fs.aliyun.oss,org.apache.hadoop.conf
org.apache.hadoop.fs.aliyun.oss,org.apache.hadoop.fs
org.apache.hadoop.fs.aliyun.oss,org.apache.hadoop.fs.aliyun.oss.statistics
org.apache.hadoop.fs.aliyun.oss,org.apache.hadoop.fs.aliyun.oss.statistics.impl
org.apache.hadoop.fs.aliyun.oss,org.apache.hadoop.fs.permission
org.apache.hadoop.fs.aliyun.oss,org.apache.hadoop.io
org.apache.hadoop.fs.aliyun.oss,org.apache.hadoop.io.retry
org.apache.hadoop.fs.aliyun.oss,org.apache.hadoop.security
org.apache.hadoop.fs.aliyun.oss,org.apache.hadoop.util
org.apache.hadoop.fs.aliyun.oss.statistics,org.apache.hadoop.classification
org.apache.hadoop.fs.aliyun.oss.statistics.impl,org.apache.hadoop.classification
org.apache.hadoop.fs.aliyun.oss.statistics.impl,org.apache.hadoop.fs.aliyun.oss.statistics
org.apache.hadoop.fs.audit,org.apache.hadoop.classification
org.apache.hadoop.fs.azure,org.apache.hadoop.classification
org.apache.hadoop.fs.azure,org.apache.hadoop.conf
org.apache.hadoop.fs.azure,org.apache.hadoop.fs
org.apache.hadoop.fs.azure,org.apache.hadoop.fs.permission
org.apache.hadoop.fs.azure,org.apache.hadoop.util
org.apache.hadoop.fs.azurebfs,org.apache.hadoop.classification
org.apache.hadoop.fs.azurebfs,org.apache.hadoop.conf
org.apache.hadoop.fs.azurebfs,org.apache.hadoop.fs
org.apache.hadoop.fs.azurebfs,org.apache.hadoop.fs.azurebfs.commit
org.apache.hadoop.fs.azurebfs,org.apache.hadoop.fs.azurebfs.constants
org.apache.hadoop.fs.azurebfs,org.apache.hadoop.fs.azurebfs.contracts.exceptions
org.apache.hadoop.fs.azurebfs,org.apache.hadoop.fs.azurebfs.contracts.services
org.apache.hadoop.fs.azurebfs,org.apache.hadoop.fs.azurebfs.diagnostics
org.apache.hadoop.fs.azurebfs,org.apache.hadoop.fs.azurebfs.enums
org.apache.hadoop.fs.azurebfs,org.apache.hadoop.fs.azurebfs.extensions
org.apache.hadoop.fs.azurebfs,org.apache.hadoop.fs.azurebfs.oauth2
org.apache.hadoop.fs.azurebfs,org.apache.hadoop.fs.azurebfs.security
org.apache.hadoop.fs.azurebfs,org.apache.hadoop.fs.azurebfs.services
org.apache.hadoop.fs.azurebfs,org.apache.hadoop.fs.azurebfs.utils
org.apache.hadoop.fs.azurebfs,org.apache.hadoop.fs.impl
org.apache.hadoop.fs.azurebfs,org.apache.hadoop.fs.permission
org.apache.hadoop.fs.azurebfs,org.apache.hadoop.fs.statistics
org.apache.hadoop.fs.azurebfs,org.apache.hadoop.fs.statistics.impl
org.apache.hadoop.fs.azurebfs,org.apache.hadoop.fs.store
org.apache.hadoop.fs.azurebfs,org.apache.hadoop.io
org.apache.hadoop.fs.azurebfs,org.apache.hadoop.metrics2
org.apache.hadoop.fs.azurebfs,org.apache.hadoop.metrics2.lib
org.apache.hadoop.fs.azurebfs,org.apache.hadoop.security
org.apache.hadoop.fs.azurebfs,org.apache.hadoop.security.ssl
org.apache.hadoop.fs.azurebfs,org.apache.hadoop.security.token
org.apache.hadoop.fs.azurebfs,org.apache.hadoop.util
org.apache.hadoop.fs.azurebfs,org.apache.hadoop.util.concurrent
org.apache.hadoop.fs.azurebfs,org.apache.hadoop.util.functional
org.apache.hadoop.fs.azurebfs.commit,org.apache.hadoop.classification
org.apache.hadoop.fs.azurebfs.commit,org.apache.hadoop.conf
org.apache.hadoop.fs.azurebfs.commit,org.apache.hadoop.fs
org.apache.hadoop.fs.azurebfs.commit,org.apache.hadoop.fs.azurebfs
org.apache.hadoop.fs.azurebfs.commit,org.apache.hadoop.fs.statistics
org.apache.hadoop.fs.azurebfs.commit,org.apache.hadoop.mapreduce
org.apache.hadoop.fs.azurebfs.commit,org.apache.hadoop.mapreduce.lib.output.committer.manifest
org.apache.hadoop.fs.azurebfs.commit,org.apache.hadoop.mapreduce.lib.output.committer.manifest.files
org.apache.hadoop.fs.azurebfs.commit,org.apache.hadoop.mapreduce.lib.output.committer.manifest.impl
org.apache.hadoop.fs.azurebfs.constants,org.apache.hadoop.classification
org.apache.hadoop.fs.azurebfs.constants,org.apache.hadoop.fs
org.apache.hadoop.fs.azurebfs.constants,org.apache.hadoop.fs.azurebfs.utils
org.apache.hadoop.fs.azurebfs.constants,org.apache.hadoop.security.ssl
org.apache.hadoop.fs.azurebfs.constants,org.apache.hadoop.util
org.apache.hadoop.fs.azurebfs.contracts,org.apache.hadoop.classification
org.apache.hadoop.fs.azurebfs.contracts.annotations,org.apache.hadoop.classification
org.apache.hadoop.fs.azurebfs.contracts.diagnostics,org.apache.hadoop.classification
org.apache.hadoop.fs.azurebfs.contracts.diagnostics,org.apache.hadoop.fs.azurebfs.contracts.exceptions
org.apache.hadoop.fs.azurebfs.contracts.exceptions,org.apache.hadoop.classification
org.apache.hadoop.fs.azurebfs.contracts.exceptions,org.apache.hadoop.fs.azurebfs.contracts.services
org.apache.hadoop.fs.azurebfs.contracts.exceptions,org.apache.hadoop.fs.azurebfs.services
org.apache.hadoop.fs.azurebfs.contracts.services,org.apache.hadoop.classification
org.apache.hadoop.fs.azurebfs.contracts.services,org.apache.hadoop.fs
org.apache.hadoop.fs.azurebfs.contracts.services,org.apache.hadoop.fs.azurebfs.constants
org.apache.hadoop.fs.azurebfs.contracts.services,org.apache.hadoop.fs.azurebfs.utils
org.apache.hadoop.fs.azurebfs.diagnostics,org.apache.hadoop.classification
org.apache.hadoop.fs.azurebfs.diagnostics,org.apache.hadoop.fs.azurebfs.contracts.diagnostics
org.apache.hadoop.fs.azurebfs.diagnostics,org.apache.hadoop.fs.azurebfs.contracts.exceptions
org.apache.hadoop.fs.azurebfs.diagnostics,org.apache.hadoop.fs.azurebfs.utils
org.apache.hadoop.fs.azurebfs.enums,org.apache.hadoop.classification
org.apache.hadoop.fs.azurebfs.enums,org.apache.hadoop.fs.azurebfs.contracts.exceptions
org.apache.hadoop.fs.azurebfs.enums,org.apache.hadoop.fs.azurebfs.services
org.apache.hadoop.fs.azurebfs.extensions,org.apache.hadoop.classification
org.apache.hadoop.fs.azurebfs.extensions,org.apache.hadoop.conf
org.apache.hadoop.fs.azurebfs.extensions,org.apache.hadoop.fs.azurebfs.security
org.apache.hadoop.fs.azurebfs.extensions,org.apache.hadoop.io
org.apache.hadoop.fs.azurebfs.extensions,org.apache.hadoop.security
org.apache.hadoop.fs.azurebfs.extensions,org.apache.hadoop.security.token
org.apache.hadoop.fs.azurebfs.extensions,org.apache.hadoop.security.token.delegation.web
org.apache.hadoop.fs.azurebfs.oauth2,org.apache.hadoop.classification
org.apache.hadoop.fs.azurebfs.oauth2,org.apache.hadoop.conf
org.apache.hadoop.fs.azurebfs.oauth2,org.apache.hadoop.fs.azurebfs
org.apache.hadoop.fs.azurebfs.oauth2,org.apache.hadoop.fs.azurebfs.extensions
org.apache.hadoop.fs.azurebfs.oauth2,org.apache.hadoop.fs.azurebfs.services
org.apache.hadoop.fs.azurebfs.oauth2,org.apache.hadoop.fs.azurebfs.utils
org.apache.hadoop.fs.azurebfs.oauth2,org.apache.hadoop.fs.permission
org.apache.hadoop.fs.azurebfs.oauth2,org.apache.hadoop.security
org.apache.hadoop.fs.azurebfs.oauth2,org.apache.hadoop.util
org.apache.hadoop.fs.azurebfs.security,org.apache.hadoop.classification
org.apache.hadoop.fs.azurebfs.security,org.apache.hadoop.conf
org.apache.hadoop.fs.azurebfs.security,org.apache.hadoop.fs
org.apache.hadoop.fs.azurebfs.security,org.apache.hadoop.fs.azurebfs.constants
org.apache.hadoop.fs.azurebfs.security,org.apache.hadoop.fs.azurebfs.extensions
org.apache.hadoop.fs.azurebfs.security,org.apache.hadoop.io
org.apache.hadoop.fs.azurebfs.security,org.apache.hadoop.security
org.apache.hadoop.fs.azurebfs.security,org.apache.hadoop.security.token
org.apache.hadoop.fs.azurebfs.security,org.apache.hadoop.security.token.delegation.web
org.apache.hadoop.fs.azurebfs.security,org.apache.hadoop.util
org.apache.hadoop.fs.azurebfs.services,org.apache.hadoop.classification
org.apache.hadoop.fs.azurebfs.services,org.apache.hadoop.conf
org.apache.hadoop.fs.azurebfs.services,org.apache.hadoop.fs
org.apache.hadoop.fs.azurebfs.services,org.apache.hadoop.fs.azurebfs
org.apache.hadoop.fs.azurebfs.services,org.apache.hadoop.fs.azurebfs.constants
org.apache.hadoop.fs.azurebfs.services,org.apache.hadoop.fs.azurebfs.contracts.exceptions
org.apache.hadoop.fs.azurebfs.services,org.apache.hadoop.fs.azurebfs.contracts.services
org.apache.hadoop.fs.azurebfs.services,org.apache.hadoop.fs.azurebfs.diagnostics
org.apache.hadoop.fs.azurebfs.services,org.apache.hadoop.fs.azurebfs.enums
org.apache.hadoop.fs.azurebfs.services,org.apache.hadoop.fs.azurebfs.extensions
org.apache.hadoop.fs.azurebfs.services,org.apache.hadoop.fs.azurebfs.oauth2
org.apache.hadoop.fs.azurebfs.services,org.apache.hadoop.fs.azurebfs.security
org.apache.hadoop.fs.azurebfs.services,org.apache.hadoop.fs.azurebfs.services.retryReasonCategories
org.apache.hadoop.fs.azurebfs.services,org.apache.hadoop.fs.azurebfs.utils
org.apache.hadoop.fs.azurebfs.services,org.apache.hadoop.fs.impl
org.apache.hadoop.fs.azurebfs.services,org.apache.hadoop.fs.permission
org.apache.hadoop.fs.azurebfs.services,org.apache.hadoop.fs.statistics
org.apache.hadoop.fs.azurebfs.services,org.apache.hadoop.fs.statistics.impl
org.apache.hadoop.fs.azurebfs.services,org.apache.hadoop.fs.store
org.apache.hadoop.fs.azurebfs.services,org.apache.hadoop.io
org.apache.hadoop.fs.azurebfs.services,org.apache.hadoop.io.retry
org.apache.hadoop.fs.azurebfs.services,org.apache.hadoop.security
org.apache.hadoop.fs.azurebfs.services,org.apache.hadoop.security.ssl
org.apache.hadoop.fs.azurebfs.services,org.apache.hadoop.util
org.apache.hadoop.fs.azurebfs.services,org.apache.hadoop.util.concurrent
org.apache.hadoop.fs.azurebfs.utils,org.apache.hadoop.classification
org.apache.hadoop.fs.azurebfs.utils,org.apache.hadoop.fs
org.apache.hadoop.fs.azurebfs.utils,org.apache.hadoop.fs.azurebfs.constants
org.apache.hadoop.fs.azurebfs.utils,org.apache.hadoop.fs.azurebfs.contracts.exceptions
org.apache.hadoop.fs.azurebfs.utils,org.apache.hadoop.fs.azurebfs.services
org.apache.hadoop.fs.azurebfs.utils,org.apache.hadoop.io
org.apache.hadoop.fs.azurebfs.utils,org.apache.hadoop.util
org.apache.hadoop.fs.bos,org.apache.hadoop.classification
org.apache.hadoop.fs.bos,org.apache.hadoop.conf
org.apache.hadoop.fs.bos,org.apache.hadoop.fs
org.apache.hadoop.fs.bos,org.apache.hadoop.fs.bos.credentials
org.apache.hadoop.fs.bos,org.apache.hadoop.fs.bos.exceptions
org.apache.hadoop.fs.bos,org.apache.hadoop.fs.bos.utils
org.apache.hadoop.fs.bos,org.apache.hadoop.fs.permission
org.apache.hadoop.fs.bos,org.apache.hadoop.io
org.apache.hadoop.fs.bos,org.apache.hadoop.io.retry
org.apache.hadoop.fs.bos,org.apache.hadoop.security
org.apache.hadoop.fs.bos,org.apache.hadoop.util
org.apache.hadoop.fs.bos.credentials,org.apache.hadoop.conf
org.apache.hadoop.fs.bos.credentials,org.apache.hadoop.fs.bos
org.apache.hadoop.fs.bos.exceptions,org.apache.hadoop.classification
org.apache.hadoop.fs.bos.utils,org.apache.hadoop.fs
org.apache.hadoop.fs.compat,org.apache.hadoop.conf
org.apache.hadoop.fs.compat,org.apache.hadoop.fs.compat.common
org.apache.hadoop.fs.compat,org.apache.hadoop.fs.shell
org.apache.hadoop.fs.compat,org.apache.hadoop.io
org.apache.hadoop.fs.compat,org.apache.hadoop.security
org.apache.hadoop.fs.compat,org.apache.hadoop.util
org.apache.hadoop.fs.compat.cases,org.apache.hadoop.conf
org.apache.hadoop.fs.compat.cases,org.apache.hadoop.fs
org.apache.hadoop.fs.compat.cases,org.apache.hadoop.fs.permission
org.apache.hadoop.fs.compat.cases,org.apache.hadoop.io
org.apache.hadoop.fs.compat.cases,org.apache.hadoop.security
org.apache.hadoop.fs.compat.cases,org.apache.hadoop.util
org.apache.hadoop.fs.compat.common,org.apache.hadoop
org.apache.hadoop.fs.compat.common,org.apache.hadoop.classification
org.apache.hadoop.fs.compat.common,org.apache.hadoop.conf
org.apache.hadoop.fs.compat.common,org.apache.hadoop.fs
org.apache.hadoop.fs.compat.common,org.apache.hadoop.fs.compat
org.apache.hadoop.fs.compat.common,org.apache.hadoop.fs.compat.suites
org.apache.hadoop.fs.compat.common,org.apache.hadoop.hdfs
org.apache.hadoop.fs.compat.common,org.apache.hadoop.io
org.apache.hadoop.fs.compat.suites,org.apache.hadoop.fs.compat.cases
org.apache.hadoop.fs.compat.suites,org.apache.hadoop.fs.compat.common
org.apache.hadoop.fs.cosn,org.apache.hadoop.classification
org.apache.hadoop.fs.cosn,org.apache.hadoop.conf
org.apache.hadoop.fs.cosn,org.apache.hadoop.fs
org.apache.hadoop.fs.cosn,org.apache.hadoop.fs.cosn.auth
org.apache.hadoop.fs.cosn,org.apache.hadoop.fs.permission
org.apache.hadoop.fs.cosn,org.apache.hadoop.io
org.apache.hadoop.fs.cosn,org.apache.hadoop.io.retry
org.apache.hadoop.fs.cosn,org.apache.hadoop.util
org.apache.hadoop.fs.cosn.auth,org.apache.hadoop.conf
org.apache.hadoop.fs.cosn.auth,org.apache.hadoop.fs.cosn
org.apache.hadoop.fs.cosn.auth,org.apache.hadoop.util
org.apache.hadoop.fs.crypto,org.apache.hadoop.crypto
org.apache.hadoop.fs.crypto,org.apache.hadoop.fs
org.apache.hadoop.fs.ftp,org.apache.hadoop.classification
org.apache.hadoop.fs.ftp,org.apache.hadoop.conf
org.apache.hadoop.fs.ftp,org.apache.hadoop.fs
org.apache.hadoop.fs.ftp,org.apache.hadoop.fs.permission
org.apache.hadoop.fs.ftp,org.apache.hadoop.io
org.apache.hadoop.fs.ftp,org.apache.hadoop.net
org.apache.hadoop.fs.ftp,org.apache.hadoop.util
org.apache.hadoop.fs.gs,org.apache.hadoop.classification
org.apache.hadoop.fs.gs,org.apache.hadoop.conf
org.apache.hadoop.fs.gs,org.apache.hadoop.fs
org.apache.hadoop.fs.gs,org.apache.hadoop.fs.permission
org.apache.hadoop.fs.gs,org.apache.hadoop.fs.statistics
org.apache.hadoop.fs.gs,org.apache.hadoop.fs.statistics.impl
org.apache.hadoop.fs.gs,org.apache.hadoop.security
org.apache.hadoop.fs.gs,org.apache.hadoop.util
org.apache.hadoop.fs.gs,org.apache.hadoop.util.functional
org.apache.hadoop.fs.http,org.apache.hadoop.conf
org.apache.hadoop.fs.http,org.apache.hadoop.fs
org.apache.hadoop.fs.http,org.apache.hadoop.fs.permission
org.apache.hadoop.fs.http,org.apache.hadoop.util
org.apache.hadoop.fs.http.client,org.apache.hadoop.classification
org.apache.hadoop.fs.http.client,org.apache.hadoop.conf
org.apache.hadoop.fs.http.client,org.apache.hadoop.fs
org.apache.hadoop.fs.http.client,org.apache.hadoop.fs.permission
org.apache.hadoop.fs.http.client,org.apache.hadoop.hdfs
org.apache.hadoop.fs.http.client,org.apache.hadoop.hdfs.protocol
org.apache.hadoop.fs.http.client,org.apache.hadoop.hdfs.web
org.apache.hadoop.fs.http.client,org.apache.hadoop.lib.wsrs
org.apache.hadoop.fs.http.client,org.apache.hadoop.security
org.apache.hadoop.fs.http.client,org.apache.hadoop.security.token
org.apache.hadoop.fs.http.client,org.apache.hadoop.security.token.delegation.web
org.apache.hadoop.fs.http.client,org.apache.hadoop.util
org.apache.hadoop.fs.http.server,org.apache.hadoop.classification
org.apache.hadoop.fs.http.server,org.apache.hadoop.conf
org.apache.hadoop.fs.http.server,org.apache.hadoop.fs
org.apache.hadoop.fs.http.server,org.apache.hadoop.fs.http.client
org.apache.hadoop.fs.http.server,org.apache.hadoop.fs.http.server.metrics
org.apache.hadoop.fs.http.server,org.apache.hadoop.fs.permission
org.apache.hadoop.fs.http.server,org.apache.hadoop.hdfs
org.apache.hadoop.fs.http.server,org.apache.hadoop.hdfs.client
org.apache.hadoop.fs.http.server,org.apache.hadoop.hdfs.protocol
org.apache.hadoop.fs.http.server,org.apache.hadoop.hdfs.web
org.apache.hadoop.fs.http.server,org.apache.hadoop.http
org.apache.hadoop.fs.http.server,org.apache.hadoop.lib.server
org.apache.hadoop.fs.http.server,org.apache.hadoop.lib.service
org.apache.hadoop.fs.http.server,org.apache.hadoop.lib.servlet
org.apache.hadoop.fs.http.server,org.apache.hadoop.lib.wsrs
org.apache.hadoop.fs.http.server,org.apache.hadoop.metrics2.lib
org.apache.hadoop.fs.http.server,org.apache.hadoop.security
org.apache.hadoop.fs.http.server,org.apache.hadoop.security.authentication.server
org.apache.hadoop.fs.http.server,org.apache.hadoop.security.authentication.util
org.apache.hadoop.fs.http.server,org.apache.hadoop.security.authorize
org.apache.hadoop.fs.http.server,org.apache.hadoop.security.ssl
org.apache.hadoop.fs.http.server,org.apache.hadoop.security.token.delegation.web
org.apache.hadoop.fs.http.server,org.apache.hadoop.util
org.apache.hadoop.fs.http.server.metrics,org.apache.hadoop.classification
org.apache.hadoop.fs.http.server.metrics,org.apache.hadoop.conf
org.apache.hadoop.fs.http.server.metrics,org.apache.hadoop.hdfs
org.apache.hadoop.fs.http.server.metrics,org.apache.hadoop.metrics2
org.apache.hadoop.fs.http.server.metrics,org.apache.hadoop.metrics2.annotation
org.apache.hadoop.fs.http.server.metrics,org.apache.hadoop.metrics2.lib
org.apache.hadoop.fs.http.server.metrics,org.apache.hadoop.metrics2.source
org.apache.hadoop.fs.impl,org.apache.hadoop.classification
org.apache.hadoop.fs.impl,org.apache.hadoop.conf
org.apache.hadoop.fs.impl,org.apache.hadoop.fs
org.apache.hadoop.fs.impl,org.apache.hadoop.fs.permission
org.apache.hadoop.fs.impl,org.apache.hadoop.fs.store
org.apache.hadoop.fs.impl,org.apache.hadoop.io
org.apache.hadoop.fs.impl,org.apache.hadoop.metrics2
org.apache.hadoop.fs.impl,org.apache.hadoop.util
org.apache.hadoop.fs.impl,org.apache.hadoop.util.functional
org.apache.hadoop.fs.impl.prefetch,org.apache.hadoop.classification
org.apache.hadoop.fs.impl.prefetch,org.apache.hadoop.conf
org.apache.hadoop.fs.impl.prefetch,org.apache.hadoop.fs
org.apache.hadoop.fs.impl.prefetch,org.apache.hadoop.fs.statistics
org.apache.hadoop.fs.impl.prefetch,org.apache.hadoop.util
org.apache.hadoop.fs.impl.prefetch,org.apache.hadoop.util.concurrent
org.apache.hadoop.fs.local,org.apache.hadoop.classification
org.apache.hadoop.fs.local,org.apache.hadoop.conf
org.apache.hadoop.fs.local,org.apache.hadoop.fs
org.apache.hadoop.fs.local,org.apache.hadoop.util
org.apache.hadoop.fs.obs,org.apache.hadoop.classification
org.apache.hadoop.fs.obs,org.apache.hadoop.conf
org.apache.hadoop.fs.obs,org.apache.hadoop.fs
org.apache.hadoop.fs.obs,org.apache.hadoop.fs.permission
org.apache.hadoop.fs.obs,org.apache.hadoop.security
org.apache.hadoop.fs.obs,org.apache.hadoop.util
org.apache.hadoop.fs.permission,org.apache.hadoop
org.apache.hadoop.fs.permission,org.apache.hadoop.classification
org.apache.hadoop.fs.permission,org.apache.hadoop.conf
org.apache.hadoop.fs.permission,org.apache.hadoop.fs
org.apache.hadoop.fs.permission,org.apache.hadoop.io
org.apache.hadoop.fs.permission,org.apache.hadoop.util
org.apache.hadoop.fs.protocolPB,org.apache.hadoop.fs
org.apache.hadoop.fs.protocolPB,org.apache.hadoop.fs.permission
org.apache.hadoop.fs.protocolPB,org.apache.hadoop.util
org.apache.hadoop.fs.s3a,org.apache.hadoop.classification
org.apache.hadoop.fs.s3a,org.apache.hadoop.conf
org.apache.hadoop.fs.s3a,org.apache.hadoop.fs
org.apache.hadoop.fs.s3a,org.apache.hadoop.fs.audit
org.apache.hadoop.fs.s3a,org.apache.hadoop.fs.impl
org.apache.hadoop.fs.s3a,org.apache.hadoop.fs.impl.prefetch
org.apache.hadoop.fs.s3a,org.apache.hadoop.fs.permission
org.apache.hadoop.fs.s3a,org.apache.hadoop.fs.s3a.api
org.apache.hadoop.fs.s3a,org.apache.hadoop.fs.s3a.audit
org.apache.hadoop.fs.s3a,org.apache.hadoop.fs.s3a.auth
org.apache.hadoop.fs.s3a,org.apache.hadoop.fs.s3a.auth.delegation
org.apache.hadoop.fs.s3a,org.apache.hadoop.fs.s3a.commit
org.apache.hadoop.fs.s3a,org.apache.hadoop.fs.s3a.commit.magic
org.apache.hadoop.fs.s3a,org.apache.hadoop.fs.s3a.impl
org.apache.hadoop.fs.s3a,org.apache.hadoop.fs.s3a.impl.streams
org.apache.hadoop.fs.s3a,org.apache.hadoop.fs.s3a.impl.write
org.apache.hadoop.fs.s3a,org.apache.hadoop.fs.s3a.statistics
org.apache.hadoop.fs.s3a,org.apache.hadoop.fs.s3a.statistics.impl
org.apache.hadoop.fs.s3a,org.apache.hadoop.fs.s3a.tools
org.apache.hadoop.fs.s3a,org.apache.hadoop.fs.s3native
org.apache.hadoop.fs.s3a,org.apache.hadoop.fs.statistics
org.apache.hadoop.fs.s3a,org.apache.hadoop.fs.statistics.impl
org.apache.hadoop.fs.s3a,org.apache.hadoop.fs.store
org.apache.hadoop.fs.s3a,org.apache.hadoop.fs.store.audit
org.apache.hadoop.fs.s3a,org.apache.hadoop.io
org.apache.hadoop.fs.s3a,org.apache.hadoop.io.retry
org.apache.hadoop.fs.s3a,org.apache.hadoop.metrics2
org.apache.hadoop.fs.s3a,org.apache.hadoop.metrics2.impl
org.apache.hadoop.fs.s3a,org.apache.hadoop.metrics2.lib
org.apache.hadoop.fs.s3a,org.apache.hadoop.net
org.apache.hadoop.fs.s3a,org.apache.hadoop.security
org.apache.hadoop.fs.s3a,org.apache.hadoop.security.ssl
org.apache.hadoop.fs.s3a,org.apache.hadoop.security.token
org.apache.hadoop.fs.s3a,org.apache.hadoop.service
org.apache.hadoop.fs.s3a,org.apache.hadoop.util
org.apache.hadoop.fs.s3a,org.apache.hadoop.util.concurrent
org.apache.hadoop.fs.s3a,org.apache.hadoop.util.functional
org.apache.hadoop.fs.s3a.adapter,org.apache.hadoop.classification
org.apache.hadoop.fs.s3a.adapter,org.apache.hadoop.conf
org.apache.hadoop.fs.s3a.adapter,org.apache.hadoop.fs.s3a
org.apache.hadoop.fs.s3a.adapter,org.apache.hadoop.fs.s3a.impl
org.apache.hadoop.fs.s3a.api,org.apache.hadoop.classification
org.apache.hadoop.fs.s3a.api,org.apache.hadoop.fs
org.apache.hadoop.fs.s3a.api,org.apache.hadoop.fs.s3a
org.apache.hadoop.fs.s3a.api,org.apache.hadoop.fs.s3a.auth.delegation
org.apache.hadoop.fs.s3a.api,org.apache.hadoop.fs.s3a.impl
org.apache.hadoop.fs.s3a.audit,org.apache.hadoop.classification
org.apache.hadoop.fs.s3a.audit,org.apache.hadoop.conf
org.apache.hadoop.fs.s3a.audit,org.apache.hadoop.fs
org.apache.hadoop.fs.s3a.audit,org.apache.hadoop.fs.permission
org.apache.hadoop.fs.s3a.audit,org.apache.hadoop.fs.s3a
org.apache.hadoop.fs.s3a.audit,org.apache.hadoop.fs.s3a.api
org.apache.hadoop.fs.s3a.audit,org.apache.hadoop.fs.s3a.audit.impl
org.apache.hadoop.fs.s3a.audit,org.apache.hadoop.fs.statistics
org.apache.hadoop.fs.s3a.audit,org.apache.hadoop.fs.statistics.impl
org.apache.hadoop.fs.s3a.audit,org.apache.hadoop.fs.store.audit
org.apache.hadoop.fs.s3a.audit,org.apache.hadoop.service
org.apache.hadoop.fs.s3a.audit.impl,org.apache.hadoop.classification
org.apache.hadoop.fs.s3a.audit.impl,org.apache.hadoop.conf
org.apache.hadoop.fs.s3a.audit.impl,org.apache.hadoop.fs
org.apache.hadoop.fs.s3a.audit.impl,org.apache.hadoop.fs.audit
org.apache.hadoop.fs.s3a.audit.impl,org.apache.hadoop.fs.impl
org.apache.hadoop.fs.s3a.audit.impl,org.apache.hadoop.fs.permission
org.apache.hadoop.fs.s3a.audit.impl,org.apache.hadoop.fs.s3a
org.apache.hadoop.fs.s3a.audit.impl,org.apache.hadoop.fs.s3a.audit
org.apache.hadoop.fs.s3a.audit.impl,org.apache.hadoop.fs.s3a.impl
org.apache.hadoop.fs.s3a.audit.impl,org.apache.hadoop.fs.statistics.impl
org.apache.hadoop.fs.s3a.audit.impl,org.apache.hadoop.fs.store
org.apache.hadoop.fs.s3a.audit.impl,org.apache.hadoop.fs.store.audit
org.apache.hadoop.fs.s3a.audit.impl,org.apache.hadoop.security
org.apache.hadoop.fs.s3a.audit.impl,org.apache.hadoop.service
org.apache.hadoop.fs.s3a.audit.impl,org.apache.hadoop.util
org.apache.hadoop.fs.s3a.audit.impl,org.apache.hadoop.util.functional
org.apache.hadoop.fs.s3a.auth,org.apache.hadoop.classification
org.apache.hadoop.fs.s3a.auth,org.apache.hadoop.conf
org.apache.hadoop.fs.s3a.auth,org.apache.hadoop.fs
org.apache.hadoop.fs.s3a.auth,org.apache.hadoop.fs.s3a
org.apache.hadoop.fs.s3a.auth,org.apache.hadoop.fs.s3a.adapter
org.apache.hadoop.fs.s3a.auth,org.apache.hadoop.fs.s3a.auth.delegation
org.apache.hadoop.fs.s3a.auth,org.apache.hadoop.fs.s3a.impl
org.apache.hadoop.fs.s3a.auth,org.apache.hadoop.fs.store
org.apache.hadoop.fs.s3a.auth,org.apache.hadoop.io
org.apache.hadoop.fs.s3a.auth,org.apache.hadoop.security
org.apache.hadoop.fs.s3a.auth,org.apache.hadoop.util
org.apache.hadoop.fs.s3a.auth.delegation,org.apache.hadoop.classification
org.apache.hadoop.fs.s3a.auth.delegation,org.apache.hadoop.conf
org.apache.hadoop.fs.s3a.auth.delegation,org.apache.hadoop.fs
org.apache.hadoop.fs.s3a.auth.delegation,org.apache.hadoop.fs.s3a
org.apache.hadoop.fs.s3a.auth.delegation,org.apache.hadoop.fs.s3a.auth
org.apache.hadoop.fs.s3a.auth.delegation,org.apache.hadoop.fs.s3a.impl
org.apache.hadoop.fs.s3a.auth.delegation,org.apache.hadoop.fs.s3a.statistics
org.apache.hadoop.fs.s3a.auth.delegation,org.apache.hadoop.fs.s3native
org.apache.hadoop.fs.s3a.auth.delegation,org.apache.hadoop.io
org.apache.hadoop.fs.s3a.auth.delegation,org.apache.hadoop.net
org.apache.hadoop.fs.s3a.auth.delegation,org.apache.hadoop.security
org.apache.hadoop.fs.s3a.auth.delegation,org.apache.hadoop.security.token
org.apache.hadoop.fs.s3a.auth.delegation,org.apache.hadoop.security.token.delegation.web
org.apache.hadoop.fs.s3a.auth.delegation,org.apache.hadoop.service
org.apache.hadoop.fs.s3a.auth.delegation,org.apache.hadoop.util
org.apache.hadoop.fs.s3a.commit,org.apache.hadoop.classification
org.apache.hadoop.fs.s3a.commit,org.apache.hadoop.conf
org.apache.hadoop.fs.s3a.commit,org.apache.hadoop.fs
org.apache.hadoop.fs.s3a.commit,org.apache.hadoop.fs.audit
org.apache.hadoop.fs.s3a.commit,org.apache.hadoop.fs.s3a
org.apache.hadoop.fs.s3a.commit,org.apache.hadoop.fs.s3a.commit.files
org.apache.hadoop.fs.s3a.commit,org.apache.hadoop.fs.s3a.commit.impl
org.apache.hadoop.fs.s3a.commit,org.apache.hadoop.fs.s3a.commit.magic
org.apache.hadoop.fs.s3a.commit,org.apache.hadoop.fs.s3a.commit.staging
org.apache.hadoop.fs.s3a.commit,org.apache.hadoop.fs.s3a.impl
org.apache.hadoop.fs.s3a.commit,org.apache.hadoop.fs.s3a.statistics
org.apache.hadoop.fs.s3a.commit,org.apache.hadoop.fs.statistics
org.apache.hadoop.fs.s3a.commit,org.apache.hadoop.fs.store.audit
org.apache.hadoop.fs.s3a.commit,org.apache.hadoop.mapreduce
org.apache.hadoop.fs.s3a.commit,org.apache.hadoop.mapreduce.lib.output
org.apache.hadoop.fs.s3a.commit,org.apache.hadoop.mapreduce.lib.output.committer.manifest.impl
org.apache.hadoop.fs.s3a.commit,org.apache.hadoop.net
org.apache.hadoop.fs.s3a.commit,org.apache.hadoop.util
org.apache.hadoop.fs.s3a.commit,org.apache.hadoop.util.functional
org.apache.hadoop.fs.s3a.commit.files,org.apache.hadoop.classification
org.apache.hadoop.fs.s3a.commit.files,org.apache.hadoop.fs
org.apache.hadoop.fs.s3a.commit.files,org.apache.hadoop.fs.s3a.commit
org.apache.hadoop.fs.s3a.commit.files,org.apache.hadoop.fs.statistics
org.apache.hadoop.fs.s3a.commit.files,org.apache.hadoop.util
org.apache.hadoop.fs.s3a.commit.impl,org.apache.hadoop.classification
org.apache.hadoop.fs.s3a.commit.impl,org.apache.hadoop.conf
org.apache.hadoop.fs.s3a.commit.impl,org.apache.hadoop.fs
org.apache.hadoop.fs.s3a.commit.impl,org.apache.hadoop.fs.audit
org.apache.hadoop.fs.s3a.commit.impl,org.apache.hadoop.fs.impl
org.apache.hadoop.fs.s3a.commit.impl,org.apache.hadoop.fs.s3a
org.apache.hadoop.fs.s3a.commit.impl,org.apache.hadoop.fs.s3a.commit
org.apache.hadoop.fs.s3a.commit.impl,org.apache.hadoop.fs.s3a.commit.files
org.apache.hadoop.fs.s3a.commit.impl,org.apache.hadoop.fs.s3a.impl
org.apache.hadoop.fs.s3a.commit.impl,org.apache.hadoop.fs.s3a.statistics
org.apache.hadoop.fs.s3a.commit.impl,org.apache.hadoop.fs.statistics
org.apache.hadoop.fs.s3a.commit.impl,org.apache.hadoop.io
org.apache.hadoop.fs.s3a.commit.impl,org.apache.hadoop.mapreduce
org.apache.hadoop.fs.s3a.commit.impl,org.apache.hadoop.util
org.apache.hadoop.fs.s3a.commit.impl,org.apache.hadoop.util.concurrent
org.apache.hadoop.fs.s3a.commit.impl,org.apache.hadoop.util.functional
org.apache.hadoop.fs.s3a.commit.magic,org.apache.hadoop.classification
org.apache.hadoop.fs.s3a.commit.magic,org.apache.hadoop.conf
org.apache.hadoop.fs.s3a.commit.magic,org.apache.hadoop.fs
org.apache.hadoop.fs.s3a.commit.magic,org.apache.hadoop.fs.s3a
org.apache.hadoop.fs.s3a.commit.magic,org.apache.hadoop.fs.s3a.commit
org.apache.hadoop.fs.s3a.commit.magic,org.apache.hadoop.fs.s3a.commit.files
org.apache.hadoop.fs.s3a.commit.magic,org.apache.hadoop.fs.s3a.commit.impl
org.apache.hadoop.fs.s3a.commit.magic,org.apache.hadoop.fs.s3a.impl
org.apache.hadoop.fs.s3a.commit.magic,org.apache.hadoop.fs.s3a.impl.write
org.apache.hadoop.fs.s3a.commit.magic,org.apache.hadoop.fs.s3a.statistics
org.apache.hadoop.fs.s3a.commit.magic,org.apache.hadoop.fs.statistics
org.apache.hadoop.fs.s3a.commit.magic,org.apache.hadoop.mapreduce
org.apache.hadoop.fs.s3a.commit.magic,org.apache.hadoop.mapreduce.lib.output
org.apache.hadoop.fs.s3a.commit.magic,org.apache.hadoop.util
org.apache.hadoop.fs.s3a.commit.staging,org.apache.hadoop.classification
org.apache.hadoop.fs.s3a.commit.staging,org.apache.hadoop.conf
org.apache.hadoop.fs.s3a.commit.staging,org.apache.hadoop.fs
org.apache.hadoop.fs.s3a.commit.staging,org.apache.hadoop.fs.s3a
org.apache.hadoop.fs.s3a.commit.staging,org.apache.hadoop.fs.s3a.commit
org.apache.hadoop.fs.s3a.commit.staging,org.apache.hadoop.fs.s3a.commit.files
org.apache.hadoop.fs.s3a.commit.staging,org.apache.hadoop.fs.s3a.commit.impl
org.apache.hadoop.fs.s3a.commit.staging,org.apache.hadoop.mapreduce
org.apache.hadoop.fs.s3a.commit.staging,org.apache.hadoop.mapreduce.lib.output
org.apache.hadoop.fs.s3a.commit.staging,org.apache.hadoop.security
org.apache.hadoop.fs.s3a.commit.staging,org.apache.hadoop.util
org.apache.hadoop.fs.s3a.commit.staging,org.apache.hadoop.util.functional
org.apache.hadoop.fs.s3a.impl,org.apache.hadoop.classification
org.apache.hadoop.fs.s3a.impl,org.apache.hadoop.conf
org.apache.hadoop.fs.s3a.impl,org.apache.hadoop.fs
org.apache.hadoop.fs.s3a.impl,org.apache.hadoop.fs.impl
org.apache.hadoop.fs.s3a.impl,org.apache.hadoop.fs.s3a
org.apache.hadoop.fs.s3a.impl,org.apache.hadoop.fs.s3a.api
org.apache.hadoop.fs.s3a.impl,org.apache.hadoop.fs.s3a.audit
org.apache.hadoop.fs.s3a.impl,org.apache.hadoop.fs.s3a.auth
org.apache.hadoop.fs.s3a.impl,org.apache.hadoop.fs.s3a.auth.delegation
org.apache.hadoop.fs.s3a.impl,org.apache.hadoop.fs.s3a.commit.files
org.apache.hadoop.fs.s3a.impl,org.apache.hadoop.fs.s3a.impl.streams
org.apache.hadoop.fs.s3a.impl,org.apache.hadoop.fs.s3a.impl.write
org.apache.hadoop.fs.s3a.impl,org.apache.hadoop.fs.s3a.select
org.apache.hadoop.fs.s3a.impl,org.apache.hadoop.fs.s3a.statistics
org.apache.hadoop.fs.s3a.impl,org.apache.hadoop.fs.statistics
org.apache.hadoop.fs.s3a.impl,org.apache.hadoop.fs.statistics.impl
org.apache.hadoop.fs.s3a.impl,org.apache.hadoop.fs.store
org.apache.hadoop.fs.s3a.impl,org.apache.hadoop.fs.store.audit
org.apache.hadoop.fs.s3a.impl,org.apache.hadoop.io
org.apache.hadoop.fs.s3a.impl,org.apache.hadoop.net
org.apache.hadoop.fs.s3a.impl,org.apache.hadoop.security
org.apache.hadoop.fs.s3a.impl,org.apache.hadoop.security.ssl
org.apache.hadoop.fs.s3a.impl,org.apache.hadoop.service
org.apache.hadoop.fs.s3a.impl,org.apache.hadoop.util
org.apache.hadoop.fs.s3a.impl,org.apache.hadoop.util.functional
org.apache.hadoop.fs.s3a.impl.logging,org.apache.hadoop.classification
org.apache.hadoop.fs.s3a.impl.logging,org.apache.hadoop.fs.store
org.apache.hadoop.fs.s3a.impl.streams,org.apache.hadoop.classification
org.apache.hadoop.fs.s3a.impl.streams,org.apache.hadoop.conf
org.apache.hadoop.fs.s3a.impl.streams,org.apache.hadoop.fs
org.apache.hadoop.fs.s3a.impl.streams,org.apache.hadoop.fs.impl
org.apache.hadoop.fs.s3a.impl.streams,org.apache.hadoop.fs.s3a
org.apache.hadoop.fs.s3a.impl.streams,org.apache.hadoop.fs.s3a.auth.delegation
org.apache.hadoop.fs.s3a.impl.streams,org.apache.hadoop.fs.s3a.prefetch
org.apache.hadoop.fs.s3a.impl.streams,org.apache.hadoop.fs.s3a.statistics
org.apache.hadoop.fs.s3a.impl.streams,org.apache.hadoop.fs.statistics
org.apache.hadoop.fs.s3a.impl.streams,org.apache.hadoop.fs.store
org.apache.hadoop.fs.s3a.impl.streams,org.apache.hadoop.fs.store.audit
org.apache.hadoop.fs.s3a.impl.streams,org.apache.hadoop.service
org.apache.hadoop.fs.s3a.impl.streams,org.apache.hadoop.util
org.apache.hadoop.fs.s3a.impl.streams,org.apache.hadoop.util.functional
org.apache.hadoop.fs.s3a.impl.write,org.apache.hadoop.conf
org.apache.hadoop.fs.s3a.prefetch,org.apache.hadoop.classification
org.apache.hadoop.fs.s3a.prefetch,org.apache.hadoop.conf
org.apache.hadoop.fs.s3a.prefetch,org.apache.hadoop.fs
org.apache.hadoop.fs.s3a.prefetch,org.apache.hadoop.fs.impl.prefetch
org.apache.hadoop.fs.s3a.prefetch,org.apache.hadoop.fs.s3a
org.apache.hadoop.fs.s3a.prefetch,org.apache.hadoop.fs.s3a.impl
org.apache.hadoop.fs.s3a.prefetch,org.apache.hadoop.fs.s3a.impl.streams
org.apache.hadoop.fs.s3a.prefetch,org.apache.hadoop.fs.s3a.statistics
org.apache.hadoop.fs.s3a.prefetch,org.apache.hadoop.fs.statistics
org.apache.hadoop.fs.s3a.s3guard,org.apache.hadoop.classification
org.apache.hadoop.fs.s3a.s3guard,org.apache.hadoop.conf
org.apache.hadoop.fs.s3a.s3guard,org.apache.hadoop.fs
org.apache.hadoop.fs.s3a.s3guard,org.apache.hadoop.fs.s3a
org.apache.hadoop.fs.s3a.s3guard,org.apache.hadoop.fs.s3a.auth
org.apache.hadoop.fs.s3a.s3guard,org.apache.hadoop.fs.s3a.auth.delegation
org.apache.hadoop.fs.s3a.s3guard,org.apache.hadoop.fs.s3a.commit
org.apache.hadoop.fs.s3a.s3guard,org.apache.hadoop.fs.s3a.select
org.apache.hadoop.fs.s3a.s3guard,org.apache.hadoop.fs.s3a.tools
org.apache.hadoop.fs.s3a.s3guard,org.apache.hadoop.fs.shell
org.apache.hadoop.fs.s3a.s3guard,org.apache.hadoop.fs.statistics
org.apache.hadoop.fs.s3a.s3guard,org.apache.hadoop.fs.store.audit
org.apache.hadoop.fs.s3a.s3guard,org.apache.hadoop.io
org.apache.hadoop.fs.s3a.s3guard,org.apache.hadoop.security
org.apache.hadoop.fs.s3a.s3guard,org.apache.hadoop.util
org.apache.hadoop.fs.s3a.select,org.apache.hadoop.classification
org.apache.hadoop.fs.s3a.statistics,org.apache.hadoop.classification
org.apache.hadoop.fs.s3a.statistics,org.apache.hadoop.fs.impl.prefetch
org.apache.hadoop.fs.s3a.statistics,org.apache.hadoop.fs.s3a
org.apache.hadoop.fs.s3a.statistics,org.apache.hadoop.fs.s3a.impl.streams
org.apache.hadoop.fs.s3a.statistics,org.apache.hadoop.fs.s3a.statistics.impl
org.apache.hadoop.fs.s3a.statistics,org.apache.hadoop.fs.statistics
org.apache.hadoop.fs.s3a.statistics,org.apache.hadoop.fs.statistics.impl
org.apache.hadoop.fs.s3a.statistics.impl,org.apache.hadoop.classification
org.apache.hadoop.fs.s3a.statistics.impl,org.apache.hadoop.fs
org.apache.hadoop.fs.s3a.statistics.impl,org.apache.hadoop.fs.s3a
org.apache.hadoop.fs.s3a.statistics.impl,org.apache.hadoop.fs.s3a.impl.streams
org.apache.hadoop.fs.s3a.statistics.impl,org.apache.hadoop.fs.s3a.statistics
org.apache.hadoop.fs.s3a.statistics.impl,org.apache.hadoop.fs.statistics
org.apache.hadoop.fs.s3a.statistics.impl,org.apache.hadoop.fs.statistics.impl
org.apache.hadoop.fs.s3a.tools,org.apache.hadoop.classification
org.apache.hadoop.fs.s3a.tools,org.apache.hadoop.conf
org.apache.hadoop.fs.s3a.tools,org.apache.hadoop.fs
org.apache.hadoop.fs.s3a.tools,org.apache.hadoop.fs.s3a
org.apache.hadoop.fs.s3a.tools,org.apache.hadoop.fs.s3a.impl
org.apache.hadoop.fs.s3a.tools,org.apache.hadoop.fs.s3a.s3guard
org.apache.hadoop.fs.s3a.tools,org.apache.hadoop.fs.shell
org.apache.hadoop.fs.s3a.tools,org.apache.hadoop.io
org.apache.hadoop.fs.s3a.tools,org.apache.hadoop.util
org.apache.hadoop.fs.s3native,org.apache.hadoop.classification
org.apache.hadoop.fs.s3native,org.apache.hadoop.conf
org.apache.hadoop.fs.s3native,org.apache.hadoop.fs
org.apache.hadoop.fs.sftp,org.apache.hadoop.classification
org.apache.hadoop.fs.sftp,org.apache.hadoop.conf
org.apache.hadoop.fs.sftp,org.apache.hadoop.fs
org.apache.hadoop.fs.sftp,org.apache.hadoop.fs.permission
org.apache.hadoop.fs.sftp,org.apache.hadoop.util
org.apache.hadoop.fs.shell,org.apache.hadoop
org.apache.hadoop.fs.shell,org.apache.hadoop.classification
org.apache.hadoop.fs.shell,org.apache.hadoop.conf
org.apache.hadoop.fs.shell,org.apache.hadoop.fs
org.apache.hadoop.fs.shell,org.apache.hadoop.fs.permission
org.apache.hadoop.fs.shell,org.apache.hadoop.fs.shell.find
org.apache.hadoop.fs.shell,org.apache.hadoop.fs.viewfs
org.apache.hadoop.fs.shell,org.apache.hadoop.io
org.apache.hadoop.fs.shell,org.apache.hadoop.io.compress
org.apache.hadoop.fs.shell,org.apache.hadoop.security
org.apache.hadoop.fs.shell,org.apache.hadoop.util
org.apache.hadoop.fs.shell.find,org.apache.hadoop.classification
org.apache.hadoop.fs.shell.find,org.apache.hadoop.conf
org.apache.hadoop.fs.shell.find,org.apache.hadoop.fs
org.apache.hadoop.fs.shell.find,org.apache.hadoop.fs.permission
org.apache.hadoop.fs.shell.find,org.apache.hadoop.fs.shell
org.apache.hadoop.fs.shell.find,org.apache.hadoop.util
org.apache.hadoop.fs.statistics,org.apache.hadoop.classification
org.apache.hadoop.fs.statistics,org.apache.hadoop.fs
org.apache.hadoop.fs.statistics,org.apache.hadoop.fs.statistics.impl
org.apache.hadoop.fs.statistics,org.apache.hadoop.util
org.apache.hadoop.fs.statistics.impl,org.apache.hadoop.classification
org.apache.hadoop.fs.statistics.impl,org.apache.hadoop.conf
org.apache.hadoop.fs.statistics.impl,org.apache.hadoop.fs
org.apache.hadoop.fs.statistics.impl,org.apache.hadoop.fs.impl
org.apache.hadoop.fs.statistics.impl,org.apache.hadoop.fs.statistics
org.apache.hadoop.fs.statistics.impl,org.apache.hadoop.metrics2.lib
org.apache.hadoop.fs.statistics.impl,org.apache.hadoop.util
org.apache.hadoop.fs.statistics.impl,org.apache.hadoop.util.functional
org.apache.hadoop.fs.store,org.apache.hadoop.classification
org.apache.hadoop.fs.store,org.apache.hadoop.conf
org.apache.hadoop.fs.store,org.apache.hadoop.fs
org.apache.hadoop.fs.store,org.apache.hadoop.util
org.apache.hadoop.fs.store.audit,org.apache.hadoop.classification
org.apache.hadoop.fs.store.audit,org.apache.hadoop.fs.audit
org.apache.hadoop.fs.store.audit,org.apache.hadoop.fs.store
org.apache.hadoop.fs.store.audit,org.apache.hadoop.util.functional
org.apache.hadoop.fs.tosfs,org.apache.hadoop.classification
org.apache.hadoop.fs.tosfs,org.apache.hadoop.conf
org.apache.hadoop.fs.tosfs,org.apache.hadoop.fs
org.apache.hadoop.fs.tosfs,org.apache.hadoop.fs.permission
org.apache.hadoop.fs.tosfs,org.apache.hadoop.fs.tosfs.commit
org.apache.hadoop.fs.tosfs,org.apache.hadoop.fs.tosfs.common
org.apache.hadoop.fs.tosfs,org.apache.hadoop.fs.tosfs.conf
org.apache.hadoop.fs.tosfs,org.apache.hadoop.fs.tosfs.object
org.apache.hadoop.fs.tosfs,org.apache.hadoop.fs.tosfs.object.exceptions
org.apache.hadoop.fs.tosfs,org.apache.hadoop.fs.tosfs.object.tos
org.apache.hadoop.fs.tosfs,org.apache.hadoop.fs.tosfs.ops
org.apache.hadoop.fs.tosfs,org.apache.hadoop.fs.tosfs.util
org.apache.hadoop.fs.tosfs,org.apache.hadoop.security
org.apache.hadoop.fs.tosfs,org.apache.hadoop.util
org.apache.hadoop.fs.tosfs.commit,org.apache.hadoop.classification
org.apache.hadoop.fs.tosfs.commit,org.apache.hadoop.conf
org.apache.hadoop.fs.tosfs.commit,org.apache.hadoop.fs
org.apache.hadoop.fs.tosfs.commit,org.apache.hadoop.fs.tosfs.commit.mapred
org.apache.hadoop.fs.tosfs.commit,org.apache.hadoop.fs.tosfs.commit.ops
org.apache.hadoop.fs.tosfs.commit,org.apache.hadoop.fs.tosfs.common
org.apache.hadoop.fs.tosfs.commit,org.apache.hadoop.fs.tosfs.object
org.apache.hadoop.fs.tosfs.commit,org.apache.hadoop.fs.tosfs.util
org.apache.hadoop.fs.tosfs.commit,org.apache.hadoop.mapreduce
org.apache.hadoop.fs.tosfs.commit,org.apache.hadoop.mapreduce.lib.output
org.apache.hadoop.fs.tosfs.commit,org.apache.hadoop.net
org.apache.hadoop.fs.tosfs.commit,org.apache.hadoop.util
org.apache.hadoop.fs.tosfs.commit.mapred,org.apache.hadoop.classification
org.apache.hadoop.fs.tosfs.commit.mapred,org.apache.hadoop.fs
org.apache.hadoop.fs.tosfs.commit.mapred,org.apache.hadoop.fs.tosfs.commit
org.apache.hadoop.fs.tosfs.commit.mapred,org.apache.hadoop.mapred
org.apache.hadoop.fs.tosfs.commit.mapred,org.apache.hadoop.mapreduce
org.apache.hadoop.fs.tosfs.commit.mapred,org.apache.hadoop.util
org.apache.hadoop.fs.tosfs.commit.ops,org.apache.hadoop.classification
org.apache.hadoop.fs.tosfs.commit.ops,org.apache.hadoop.fs
org.apache.hadoop.fs.tosfs.commit.ops,org.apache.hadoop.fs.tosfs.commit
org.apache.hadoop.fs.tosfs.commit.ops,org.apache.hadoop.fs.tosfs.object
org.apache.hadoop.fs.tosfs.common,org.apache.hadoop.classification
org.apache.hadoop.fs.tosfs.common,org.apache.hadoop.fs.tosfs.util
org.apache.hadoop.fs.tosfs.common,org.apache.hadoop.util
org.apache.hadoop.fs.tosfs.common,org.apache.hadoop.util.concurrent
org.apache.hadoop.fs.tosfs.conf,org.apache.hadoop.classification
org.apache.hadoop.fs.tosfs.conf,org.apache.hadoop.fs.tosfs.object
org.apache.hadoop.fs.tosfs.conf,org.apache.hadoop.fs.tosfs.object.tos
org.apache.hadoop.fs.tosfs.conf,org.apache.hadoop.util
org.apache.hadoop.fs.tosfs.object,org.apache.hadoop.classification
org.apache.hadoop.fs.tosfs.object,org.apache.hadoop.conf
org.apache.hadoop.fs.tosfs.object,org.apache.hadoop.fs
org.apache.hadoop.fs.tosfs.object,org.apache.hadoop.fs.tosfs.conf
org.apache.hadoop.fs.tosfs.object,org.apache.hadoop.fs.tosfs.object.exceptions
org.apache.hadoop.fs.tosfs.object,org.apache.hadoop.fs.tosfs.object.request
org.apache.hadoop.fs.tosfs.object,org.apache.hadoop.fs.tosfs.object.response
org.apache.hadoop.fs.tosfs.object,org.apache.hadoop.fs.tosfs.object.staging
org.apache.hadoop.fs.tosfs.object,org.apache.hadoop.fs.tosfs.object.tos
org.apache.hadoop.fs.tosfs.object,org.apache.hadoop.fs.tosfs.util
org.apache.hadoop.fs.tosfs.object,org.apache.hadoop.util
org.apache.hadoop.fs.tosfs.object.exceptions,org.apache.hadoop.classification
org.apache.hadoop.fs.tosfs.object.exceptions,org.apache.hadoop.util
org.apache.hadoop.fs.tosfs.object.request,org.apache.hadoop.classification
org.apache.hadoop.fs.tosfs.object.response,org.apache.hadoop.classification
org.apache.hadoop.fs.tosfs.object.response,org.apache.hadoop.fs.tosfs.object
org.apache.hadoop.fs.tosfs.object.staging,org.apache.hadoop.classification
org.apache.hadoop.fs.tosfs.object.staging,org.apache.hadoop.fs.tosfs.util
org.apache.hadoop.fs.tosfs.object.staging,org.apache.hadoop.util
org.apache.hadoop.fs.tosfs.object.tos,org.apache.hadoop.classification
org.apache.hadoop.fs.tosfs.object.tos,org.apache.hadoop.conf
org.apache.hadoop.fs.tosfs.object.tos,org.apache.hadoop.fs.tosfs.common
org.apache.hadoop.fs.tosfs.object.tos,org.apache.hadoop.fs.tosfs.conf
org.apache.hadoop.fs.tosfs.object.tos,org.apache.hadoop.fs.tosfs.object
org.apache.hadoop.fs.tosfs.object.tos,org.apache.hadoop.fs.tosfs.object.exceptions
org.apache.hadoop.fs.tosfs.object.tos,org.apache.hadoop.fs.tosfs.object.request
org.apache.hadoop.fs.tosfs.object.tos,org.apache.hadoop.fs.tosfs.object.response
org.apache.hadoop.fs.tosfs.object.tos,org.apache.hadoop.fs.tosfs.object.tos.auth
org.apache.hadoop.fs.tosfs.object.tos,org.apache.hadoop.fs.tosfs.util
org.apache.hadoop.fs.tosfs.object.tos,org.apache.hadoop.util
org.apache.hadoop.fs.tosfs.object.tos.auth,org.apache.hadoop.classification
org.apache.hadoop.fs.tosfs.object.tos.auth,org.apache.hadoop.conf
org.apache.hadoop.fs.tosfs.object.tos.auth,org.apache.hadoop.fs.tosfs.conf
org.apache.hadoop.fs.tosfs.object.tos.auth,org.apache.hadoop.fs.tosfs.object.tos
org.apache.hadoop.fs.tosfs.object.tos.auth,org.apache.hadoop.util
org.apache.hadoop.fs.tosfs.ops,org.apache.hadoop.classification
org.apache.hadoop.fs.tosfs.ops,org.apache.hadoop.conf
org.apache.hadoop.fs.tosfs.ops,org.apache.hadoop.fs
org.apache.hadoop.fs.tosfs.ops,org.apache.hadoop.fs.tosfs
org.apache.hadoop.fs.tosfs.ops,org.apache.hadoop.fs.tosfs.common
org.apache.hadoop.fs.tosfs.ops,org.apache.hadoop.fs.tosfs.conf
org.apache.hadoop.fs.tosfs.ops,org.apache.hadoop.fs.tosfs.object
org.apache.hadoop.fs.tosfs.ops,org.apache.hadoop.fs.tosfs.object.request
org.apache.hadoop.fs.tosfs.ops,org.apache.hadoop.fs.tosfs.object.response
org.apache.hadoop.fs.tosfs.ops,org.apache.hadoop.fs.tosfs.util
org.apache.hadoop.fs.tosfs.ops,org.apache.hadoop.util
org.apache.hadoop.fs.tosfs.util,org.apache.hadoop.classification
org.apache.hadoop.fs.tosfs.util,org.apache.hadoop.conf
org.apache.hadoop.fs.tosfs.util,org.apache.hadoop.fs
org.apache.hadoop.fs.tosfs.util,org.apache.hadoop.util
org.apache.hadoop.fs.viewfs,org.apache.hadoop.classification
org.apache.hadoop.fs.viewfs,org.apache.hadoop.conf
org.apache.hadoop.fs.viewfs,org.apache.hadoop.fs
org.apache.hadoop.fs.viewfs,org.apache.hadoop.fs.local
org.apache.hadoop.fs.viewfs,org.apache.hadoop.fs.permission
org.apache.hadoop.fs.viewfs,org.apache.hadoop.io
org.apache.hadoop.fs.viewfs,org.apache.hadoop.net
org.apache.hadoop.fs.viewfs,org.apache.hadoop.security
org.apache.hadoop.fs.viewfs,org.apache.hadoop.security.token
org.apache.hadoop.fs.viewfs,org.apache.hadoop.util
org.apache.hadoop.ha,org.apache.hadoop
org.apache.hadoop.ha,org.apache.hadoop.classification
org.apache.hadoop.ha,org.apache.hadoop.conf
org.apache.hadoop.ha,org.apache.hadoop.fs
org.apache.hadoop.ha,org.apache.hadoop.ha.protocolPB
org.apache.hadoop.ha,org.apache.hadoop.io.retry
org.apache.hadoop.ha,org.apache.hadoop.ipc
org.apache.hadoop.ha,org.apache.hadoop.net
org.apache.hadoop.ha,org.apache.hadoop.security
org.apache.hadoop.ha,org.apache.hadoop.security.authorize
org.apache.hadoop.ha,org.apache.hadoop.util
org.apache.hadoop.ha.protocolPB,org.apache.hadoop.classification
org.apache.hadoop.ha.protocolPB,org.apache.hadoop.conf
org.apache.hadoop.ha.protocolPB,org.apache.hadoop.fs
org.apache.hadoop.ha.protocolPB,org.apache.hadoop.ha
org.apache.hadoop.ha.protocolPB,org.apache.hadoop.ipc
org.apache.hadoop.ha.protocolPB,org.apache.hadoop.security
org.apache.hadoop.hdfs,org.apache.hadoop
org.apache.hadoop.hdfs,org.apache.hadoop.classification
org.apache.hadoop.hdfs,org.apache.hadoop.conf
org.apache.hadoop.hdfs,org.apache.hadoop.crypto
org.apache.hadoop.hdfs,org.apache.hadoop.crypto.key
org.apache.hadoop.hdfs,org.apache.hadoop.fs
org.apache.hadoop.hdfs,org.apache.hadoop.fs.impl
org.apache.hadoop.hdfs,org.apache.hadoop.fs.permission
org.apache.hadoop.hdfs,org.apache.hadoop.fs.viewfs
org.apache.hadoop.hdfs,org.apache.hadoop.ha
org.apache.hadoop.hdfs,org.apache.hadoop.hdfs.client
org.apache.hadoop.hdfs,org.apache.hadoop.hdfs.client.impl
org.apache.hadoop.hdfs,org.apache.hadoop.hdfs.inotify
org.apache.hadoop.hdfs,org.apache.hadoop.hdfs.net
org.apache.hadoop.hdfs,org.apache.hadoop.hdfs.protocol
org.apache.hadoop.hdfs,org.apache.hadoop.hdfs.protocol.datatransfer
org.apache.hadoop.hdfs,org.apache.hadoop.hdfs.protocol.datatransfer.sasl
org.apache.hadoop.hdfs,org.apache.hadoop.hdfs.protocolPB
org.apache.hadoop.hdfs,org.apache.hadoop.hdfs.qjournal.protocol
org.apache.hadoop.hdfs,org.apache.hadoop.hdfs.security.token.block
org.apache.hadoop.hdfs,org.apache.hadoop.hdfs.security.token.delegation
org.apache.hadoop.hdfs,org.apache.hadoop.hdfs.server.aliasmap
org.apache.hadoop.hdfs,org.apache.hadoop.hdfs.server.blockmanagement
org.apache.hadoop.hdfs,org.apache.hadoop.hdfs.server.common
org.apache.hadoop.hdfs,org.apache.hadoop.hdfs.server.datanode
org.apache.hadoop.hdfs,org.apache.hadoop.hdfs.server.datanode.fsdataset.impl
org.apache.hadoop.hdfs,org.apache.hadoop.hdfs.server.datanode.metrics
org.apache.hadoop.hdfs,org.apache.hadoop.hdfs.server.namenode
org.apache.hadoop.hdfs,org.apache.hadoop.hdfs.server.namenode.fgl
org.apache.hadoop.hdfs,org.apache.hadoop.hdfs.server.namenode.ha
org.apache.hadoop.hdfs,org.apache.hadoop.hdfs.server.protocol
org.apache.hadoop.hdfs,org.apache.hadoop.hdfs.shortcircuit
org.apache.hadoop.hdfs,org.apache.hadoop.hdfs.util
org.apache.hadoop.hdfs,org.apache.hadoop.hdfs.web
org.apache.hadoop.hdfs,org.apache.hadoop.http
org.apache.hadoop.hdfs,org.apache.hadoop.io
org.apache.hadoop.hdfs,org.apache.hadoop.io.erasurecode
org.apache.hadoop.hdfs,org.apache.hadoop.io.erasurecode.rawcoder
org.apache.hadoop.hdfs,org.apache.hadoop.io.retry
org.apache.hadoop.hdfs,org.apache.hadoop.ipc
org.apache.hadoop.hdfs,org.apache.hadoop.ipc.protocolPB
org.apache.hadoop.hdfs,org.apache.hadoop.net
org.apache.hadoop.hdfs,org.apache.hadoop.security
org.apache.hadoop.hdfs,org.apache.hadoop.security.authentication.server
org.apache.hadoop.hdfs,org.apache.hadoop.security.authorize
org.apache.hadoop.hdfs,org.apache.hadoop.security.protocolPB
org.apache.hadoop.hdfs,org.apache.hadoop.security.token
org.apache.hadoop.hdfs,org.apache.hadoop.tools
org.apache.hadoop.hdfs,org.apache.hadoop.tools.protocolPB
org.apache.hadoop.hdfs,org.apache.hadoop.tracing
org.apache.hadoop.hdfs,org.apache.hadoop.util
org.apache.hadoop.hdfs.client,org.apache.hadoop
org.apache.hadoop.hdfs.client,org.apache.hadoop.classification
org.apache.hadoop.hdfs.client,org.apache.hadoop.conf
org.apache.hadoop.hdfs.client,org.apache.hadoop.crypto
org.apache.hadoop.hdfs.client,org.apache.hadoop.crypto.key
org.apache.hadoop.hdfs.client,org.apache.hadoop.fs
org.apache.hadoop.hdfs.client,org.apache.hadoop.fs.permission
org.apache.hadoop.hdfs.client,org.apache.hadoop.fs.viewfs
org.apache.hadoop.hdfs.client,org.apache.hadoop.hdfs
org.apache.hadoop.hdfs.client,org.apache.hadoop.hdfs.protocol
org.apache.hadoop.hdfs.client,org.apache.hadoop.security
org.apache.hadoop.hdfs.client,org.apache.hadoop.util
org.apache.hadoop.hdfs.client.impl,org.apache.hadoop
org.apache.hadoop.hdfs.client.impl,org.apache.hadoop.classification
org.apache.hadoop.hdfs.client.impl,org.apache.hadoop.conf
org.apache.hadoop.hdfs.client.impl,org.apache.hadoop.fs
org.apache.hadoop.hdfs.client.impl,org.apache.hadoop.fs.permission
org.apache.hadoop.hdfs.client.impl,org.apache.hadoop.hdfs
org.apache.hadoop.hdfs.client.impl,org.apache.hadoop.hdfs.client
org.apache.hadoop.hdfs.client.impl,org.apache.hadoop.hdfs.client.impl.metrics
org.apache.hadoop.hdfs.client.impl,org.apache.hadoop.hdfs.net
org.apache.hadoop.hdfs.client.impl,org.apache.hadoop.hdfs.protocol
org.apache.hadoop.hdfs.client.impl,org.apache.hadoop.hdfs.protocol.datatransfer
org.apache.hadoop.hdfs.client.impl,org.apache.hadoop.hdfs.protocolPB
org.apache.hadoop.hdfs.client.impl,org.apache.hadoop.hdfs.security.token.block
org.apache.hadoop.hdfs.client.impl,org.apache.hadoop.hdfs.server.datanode
org.apache.hadoop.hdfs.client.impl,org.apache.hadoop.hdfs.shortcircuit
org.apache.hadoop.hdfs.client.impl,org.apache.hadoop.hdfs.util
org.apache.hadoop.hdfs.client.impl,org.apache.hadoop.io
org.apache.hadoop.hdfs.client.impl,org.apache.hadoop.ipc
org.apache.hadoop.hdfs.client.impl,org.apache.hadoop.net.unix
org.apache.hadoop.hdfs.client.impl,org.apache.hadoop.security
org.apache.hadoop.hdfs.client.impl,org.apache.hadoop.security.token
org.apache.hadoop.hdfs.client.impl,org.apache.hadoop.util
org.apache.hadoop.hdfs.client.impl.metrics,org.apache.hadoop.classification
org.apache.hadoop.hdfs.client.impl.metrics,org.apache.hadoop.metrics2
org.apache.hadoop.hdfs.client.impl.metrics,org.apache.hadoop.metrics2.annotation
org.apache.hadoop.hdfs.client.impl.metrics,org.apache.hadoop.metrics2.lib
org.apache.hadoop.hdfs.client.impl.metrics,org.apache.hadoop.util
org.apache.hadoop.hdfs.inotify,org.apache.hadoop.classification
org.apache.hadoop.hdfs.inotify,org.apache.hadoop.fs
org.apache.hadoop.hdfs.inotify,org.apache.hadoop.fs.permission
org.apache.hadoop.hdfs.net,org.apache.hadoop.classification
org.apache.hadoop.hdfs.net,org.apache.hadoop.conf
org.apache.hadoop.hdfs.net,org.apache.hadoop.fs
org.apache.hadoop.hdfs.net,org.apache.hadoop.hdfs
org.apache.hadoop.hdfs.net,org.apache.hadoop.hdfs.protocol
org.apache.hadoop.hdfs.net,org.apache.hadoop.hdfs.protocol.datatransfer
org.apache.hadoop.hdfs.net,org.apache.hadoop.hdfs.server.blockmanagement
org.apache.hadoop.hdfs.net,org.apache.hadoop.ipc
org.apache.hadoop.hdfs.net,org.apache.hadoop.net
org.apache.hadoop.hdfs.net,org.apache.hadoop.net.unix
org.apache.hadoop.hdfs.net,org.apache.hadoop.util
org.apache.hadoop.hdfs.nfs.conf,org.apache.hadoop.conf
org.apache.hadoop.hdfs.nfs.conf,org.apache.hadoop.hdfs
org.apache.hadoop.hdfs.nfs.conf,org.apache.hadoop.nfs.nfs3
org.apache.hadoop.hdfs.nfs.conf,org.apache.hadoop.security
org.apache.hadoop.hdfs.nfs.mount,org.apache.hadoop.classification
org.apache.hadoop.hdfs.nfs.mount,org.apache.hadoop.fs
org.apache.hadoop.hdfs.nfs.mount,org.apache.hadoop.hdfs
org.apache.hadoop.hdfs.nfs.mount,org.apache.hadoop.hdfs.nfs.conf
org.apache.hadoop.hdfs.nfs.mount,org.apache.hadoop.hdfs.nfs.nfs3
org.apache.hadoop.hdfs.nfs.mount,org.apache.hadoop.hdfs.protocol
org.apache.hadoop.hdfs.nfs.mount,org.apache.hadoop.mount
org.apache.hadoop.hdfs.nfs.mount,org.apache.hadoop.nfs
org.apache.hadoop.hdfs.nfs.mount,org.apache.hadoop.nfs.nfs3
org.apache.hadoop.hdfs.nfs.mount,org.apache.hadoop.oncrpc
org.apache.hadoop.hdfs.nfs.mount,org.apache.hadoop.oncrpc.security
org.apache.hadoop.hdfs.nfs.mount,org.apache.hadoop.security
org.apache.hadoop.hdfs.nfs.nfs3,org.apache.hadoop.classification
org.apache.hadoop.hdfs.nfs.nfs3,org.apache.hadoop.conf
org.apache.hadoop.hdfs.nfs.nfs3,org.apache.hadoop.fs
org.apache.hadoop.hdfs.nfs.nfs3,org.apache.hadoop.fs.permission
org.apache.hadoop.hdfs.nfs.nfs3,org.apache.hadoop.fs.viewfs
org.apache.hadoop.hdfs.nfs.nfs3,org.apache.hadoop.hdfs
org.apache.hadoop.hdfs.nfs.nfs3,org.apache.hadoop.hdfs.client
org.apache.hadoop.hdfs.nfs.nfs3,org.apache.hadoop.hdfs.nfs.conf
org.apache.hadoop.hdfs.nfs.nfs3,org.apache.hadoop.hdfs.nfs.mount
org.apache.hadoop.hdfs.nfs.nfs3,org.apache.hadoop.hdfs.protocol
org.apache.hadoop.hdfs.nfs.nfs3,org.apache.hadoop.hdfs.server.common
org.apache.hadoop.hdfs.nfs.nfs3,org.apache.hadoop.http
org.apache.hadoop.hdfs.nfs.nfs3,org.apache.hadoop.io
org.apache.hadoop.hdfs.nfs.nfs3,org.apache.hadoop.ipc
org.apache.hadoop.hdfs.nfs.nfs3,org.apache.hadoop.metrics2
org.apache.hadoop.hdfs.nfs.nfs3,org.apache.hadoop.metrics2.annotation
org.apache.hadoop.hdfs.nfs.nfs3,org.apache.hadoop.metrics2.lib
org.apache.hadoop.hdfs.nfs.nfs3,org.apache.hadoop.metrics2.source
org.apache.hadoop.hdfs.nfs.nfs3,org.apache.hadoop.net
org.apache.hadoop.hdfs.nfs.nfs3,org.apache.hadoop.nfs
org.apache.hadoop.hdfs.nfs.nfs3,org.apache.hadoop.nfs.nfs3
org.apache.hadoop.hdfs.nfs.nfs3,org.apache.hadoop.nfs.nfs3.request
org.apache.hadoop.hdfs.nfs.nfs3,org.apache.hadoop.nfs.nfs3.response
org.apache.hadoop.hdfs.nfs.nfs3,org.apache.hadoop.oncrpc
org.apache.hadoop.hdfs.nfs.nfs3,org.apache.hadoop.oncrpc.security
org.apache.hadoop.hdfs.nfs.nfs3,org.apache.hadoop.security
org.apache.hadoop.hdfs.nfs.nfs3,org.apache.hadoop.security.authorize
org.apache.hadoop.hdfs.nfs.nfs3,org.apache.hadoop.util
org.apache.hadoop.hdfs.protocol,org.apache.hadoop
org.apache.hadoop.hdfs.protocol,org.apache.hadoop.classification
org.apache.hadoop.hdfs.protocol,org.apache.hadoop.conf
org.apache.hadoop.hdfs.protocol,org.apache.hadoop.crypto
org.apache.hadoop.hdfs.protocol,org.apache.hadoop.fs
org.apache.hadoop.hdfs.protocol,org.apache.hadoop.fs.permission
org.apache.hadoop.hdfs.protocol,org.apache.hadoop.ha
org.apache.hadoop.hdfs.protocol,org.apache.hadoop.hdfs
org.apache.hadoop.hdfs.protocol,org.apache.hadoop.hdfs.client
org.apache.hadoop.hdfs.protocol,org.apache.hadoop.hdfs.inotify
org.apache.hadoop.hdfs.protocol,org.apache.hadoop.hdfs.security.token.block
org.apache.hadoop.hdfs.protocol,org.apache.hadoop.hdfs.security.token.delegation
org.apache.hadoop.hdfs.protocol,org.apache.hadoop.hdfs.server.datanode
org.apache.hadoop.hdfs.protocol,org.apache.hadoop.hdfs.server.datanode.fsdataset
org.apache.hadoop.hdfs.protocol,org.apache.hadoop.hdfs.server.namenode
org.apache.hadoop.hdfs.protocol,org.apache.hadoop.hdfs.server.namenode.ha
org.apache.hadoop.hdfs.protocol,org.apache.hadoop.hdfs.server.protocol
org.apache.hadoop.hdfs.protocol,org.apache.hadoop.io
org.apache.hadoop.hdfs.protocol,org.apache.hadoop.io.erasurecode
org.apache.hadoop.hdfs.protocol,org.apache.hadoop.io.retry
org.apache.hadoop.hdfs.protocol,org.apache.hadoop.ipc
org.apache.hadoop.hdfs.protocol,org.apache.hadoop.net
org.apache.hadoop.hdfs.protocol,org.apache.hadoop.security
org.apache.hadoop.hdfs.protocol,org.apache.hadoop.security.token
org.apache.hadoop.hdfs.protocol,org.apache.hadoop.tracing
org.apache.hadoop.hdfs.protocol,org.apache.hadoop.util
org.apache.hadoop.hdfs.protocol.datatransfer,org.apache.hadoop
org.apache.hadoop.hdfs.protocol.datatransfer,org.apache.hadoop.classification
org.apache.hadoop.hdfs.protocol.datatransfer,org.apache.hadoop.conf
org.apache.hadoop.hdfs.protocol.datatransfer,org.apache.hadoop.fs
org.apache.hadoop.hdfs.protocol.datatransfer,org.apache.hadoop.hdfs
org.apache.hadoop.hdfs.protocol.datatransfer,org.apache.hadoop.hdfs.client
org.apache.hadoop.hdfs.protocol.datatransfer,org.apache.hadoop.hdfs.protocol
org.apache.hadoop.hdfs.protocol.datatransfer,org.apache.hadoop.hdfs.protocolPB
org.apache.hadoop.hdfs.protocol.datatransfer,org.apache.hadoop.hdfs.security.token.block
org.apache.hadoop.hdfs.protocol.datatransfer,org.apache.hadoop.hdfs.server.datanode
org.apache.hadoop.hdfs.protocol.datatransfer,org.apache.hadoop.hdfs.util
org.apache.hadoop.hdfs.protocol.datatransfer,org.apache.hadoop.io
org.apache.hadoop.hdfs.protocol.datatransfer,org.apache.hadoop.security.token
org.apache.hadoop.hdfs.protocol.datatransfer,org.apache.hadoop.tracing
org.apache.hadoop.hdfs.protocol.datatransfer,org.apache.hadoop.util
org.apache.hadoop.hdfs.protocol.datatransfer.sasl,org.apache.hadoop.classification
org.apache.hadoop.hdfs.protocol.datatransfer.sasl,org.apache.hadoop.conf
org.apache.hadoop.hdfs.protocol.datatransfer.sasl,org.apache.hadoop.crypto
org.apache.hadoop.hdfs.protocol.datatransfer.sasl,org.apache.hadoop.hdfs.net
org.apache.hadoop.hdfs.protocol.datatransfer.sasl,org.apache.hadoop.hdfs.protocol
org.apache.hadoop.hdfs.protocol.datatransfer.sasl,org.apache.hadoop.hdfs.protocol.datatransfer
org.apache.hadoop.hdfs.protocol.datatransfer.sasl,org.apache.hadoop.hdfs.protocolPB
org.apache.hadoop.hdfs.protocol.datatransfer.sasl,org.apache.hadoop.hdfs.security.token.block
org.apache.hadoop.hdfs.protocol.datatransfer.sasl,org.apache.hadoop.hdfs.server.datanode
org.apache.hadoop.hdfs.protocol.datatransfer.sasl,org.apache.hadoop.security
org.apache.hadoop.hdfs.protocol.datatransfer.sasl,org.apache.hadoop.security.token
org.apache.hadoop.hdfs.protocol.datatransfer.sasl,org.apache.hadoop.util
org.apache.hadoop.hdfs.protocolPB,org.apache.hadoop.classification
org.apache.hadoop.hdfs.protocolPB,org.apache.hadoop.conf
org.apache.hadoop.hdfs.protocolPB,org.apache.hadoop.crypto
org.apache.hadoop.hdfs.protocolPB,org.apache.hadoop.fs
org.apache.hadoop.hdfs.protocolPB,org.apache.hadoop.fs.permission
org.apache.hadoop.hdfs.protocolPB,org.apache.hadoop.ha
org.apache.hadoop.hdfs.protocolPB,org.apache.hadoop.hdfs
org.apache.hadoop.hdfs.protocolPB,org.apache.hadoop.hdfs.client
org.apache.hadoop.hdfs.protocolPB,org.apache.hadoop.hdfs.inotify
org.apache.hadoop.hdfs.protocolPB,org.apache.hadoop.hdfs.protocol
org.apache.hadoop.hdfs.protocolPB,org.apache.hadoop.hdfs.security.token.block
org.apache.hadoop.hdfs.protocolPB,org.apache.hadoop.hdfs.security.token.delegation
org.apache.hadoop.hdfs.protocolPB,org.apache.hadoop.hdfs.server.aliasmap
org.apache.hadoop.hdfs.protocolPB,org.apache.hadoop.hdfs.server.common
org.apache.hadoop.hdfs.protocolPB,org.apache.hadoop.hdfs.server.datanode
org.apache.hadoop.hdfs.protocolPB,org.apache.hadoop.hdfs.server.federation.resolver
org.apache.hadoop.hdfs.protocolPB,org.apache.hadoop.hdfs.server.federation.router
org.apache.hadoop.hdfs.protocolPB,org.apache.hadoop.hdfs.server.federation.router.async.utils
org.apache.hadoop.hdfs.protocolPB,org.apache.hadoop.hdfs.server.federation.store.protocol
org.apache.hadoop.hdfs.protocolPB,org.apache.hadoop.hdfs.server.federation.store.protocol.impl.pb
org.apache.hadoop.hdfs.protocolPB,org.apache.hadoop.hdfs.server.namenode
org.apache.hadoop.hdfs.protocolPB,org.apache.hadoop.hdfs.server.namenode.ha
org.apache.hadoop.hdfs.protocolPB,org.apache.hadoop.hdfs.server.protocol
org.apache.hadoop.hdfs.protocolPB,org.apache.hadoop.io
org.apache.hadoop.hdfs.protocolPB,org.apache.hadoop.io.erasurecode
org.apache.hadoop.hdfs.protocolPB,org.apache.hadoop.io.retry
org.apache.hadoop.hdfs.protocolPB,org.apache.hadoop.ipc
org.apache.hadoop.hdfs.protocolPB,org.apache.hadoop.ipc.internal
org.apache.hadoop.hdfs.protocolPB,org.apache.hadoop.net
org.apache.hadoop.hdfs.protocolPB,org.apache.hadoop.security
org.apache.hadoop.hdfs.protocolPB,org.apache.hadoop.security.authorize
org.apache.hadoop.hdfs.protocolPB,org.apache.hadoop.security.protocolPB
org.apache.hadoop.hdfs.protocolPB,org.apache.hadoop.security.token
org.apache.hadoop.hdfs.protocolPB,org.apache.hadoop.tools
org.apache.hadoop.hdfs.protocolPB,org.apache.hadoop.tools.protocolPB
org.apache.hadoop.hdfs.protocolPB,org.apache.hadoop.util
org.apache.hadoop.hdfs.protocolPB,org.apache.hadoop.util.concurrent
org.apache.hadoop.hdfs.qjournal.client,org.apache.hadoop.classification
org.apache.hadoop.hdfs.qjournal.client,org.apache.hadoop.conf
org.apache.hadoop.hdfs.qjournal.client,org.apache.hadoop.fs
org.apache.hadoop.hdfs.qjournal.client,org.apache.hadoop.hdfs
org.apache.hadoop.hdfs.qjournal.client,org.apache.hadoop.hdfs.protocolPB
org.apache.hadoop.hdfs.qjournal.client,org.apache.hadoop.hdfs.qjournal.protocol
org.apache.hadoop.hdfs.qjournal.client,org.apache.hadoop.hdfs.qjournal.protocolPB
org.apache.hadoop.hdfs.qjournal.client,org.apache.hadoop.hdfs.qjournal.server
org.apache.hadoop.hdfs.qjournal.client,org.apache.hadoop.hdfs.server.common
org.apache.hadoop.hdfs.qjournal.client,org.apache.hadoop.hdfs.server.namenode
org.apache.hadoop.hdfs.qjournal.client,org.apache.hadoop.hdfs.server.protocol
org.apache.hadoop.hdfs.qjournal.client,org.apache.hadoop.hdfs.web
org.apache.hadoop.hdfs.qjournal.client,org.apache.hadoop.io
org.apache.hadoop.hdfs.qjournal.client,org.apache.hadoop.ipc
org.apache.hadoop.hdfs.qjournal.client,org.apache.hadoop.log
org.apache.hadoop.hdfs.qjournal.client,org.apache.hadoop.metrics2.annotation
org.apache.hadoop.hdfs.qjournal.client,org.apache.hadoop.metrics2.lib
org.apache.hadoop.hdfs.qjournal.client,org.apache.hadoop.security
org.apache.hadoop.hdfs.qjournal.client,org.apache.hadoop.util
org.apache.hadoop.hdfs.qjournal.protocol,org.apache.hadoop.classification
org.apache.hadoop.hdfs.qjournal.protocol,org.apache.hadoop.hdfs
org.apache.hadoop.hdfs.qjournal.protocol,org.apache.hadoop.hdfs.qjournal.client
org.apache.hadoop.hdfs.qjournal.protocol,org.apache.hadoop.hdfs.qjournal.server
org.apache.hadoop.hdfs.qjournal.protocol,org.apache.hadoop.hdfs.server.common
org.apache.hadoop.hdfs.qjournal.protocol,org.apache.hadoop.hdfs.server.namenode
org.apache.hadoop.hdfs.qjournal.protocol,org.apache.hadoop.hdfs.server.protocol
org.apache.hadoop.hdfs.qjournal.protocol,org.apache.hadoop.io.retry
org.apache.hadoop.hdfs.qjournal.protocol,org.apache.hadoop.security
org.apache.hadoop.hdfs.qjournal.protocolPB,org.apache.hadoop.classification
org.apache.hadoop.hdfs.qjournal.protocolPB,org.apache.hadoop.hdfs
org.apache.hadoop.hdfs.qjournal.protocolPB,org.apache.hadoop.hdfs.protocolPB
org.apache.hadoop.hdfs.qjournal.protocolPB,org.apache.hadoop.hdfs.qjournal.protocol
org.apache.hadoop.hdfs.qjournal.protocolPB,org.apache.hadoop.hdfs.server.common
org.apache.hadoop.hdfs.qjournal.protocolPB,org.apache.hadoop.hdfs.server.namenode
org.apache.hadoop.hdfs.qjournal.protocolPB,org.apache.hadoop.hdfs.server.protocol
org.apache.hadoop.hdfs.qjournal.protocolPB,org.apache.hadoop.ipc
org.apache.hadoop.hdfs.qjournal.protocolPB,org.apache.hadoop.security
org.apache.hadoop.hdfs.qjournal.server,org.apache.hadoop.classification
org.apache.hadoop.hdfs.qjournal.server,org.apache.hadoop.conf
org.apache.hadoop.hdfs.qjournal.server,org.apache.hadoop.fs
org.apache.hadoop.hdfs.qjournal.server,org.apache.hadoop.fs.permission
org.apache.hadoop.hdfs.qjournal.server,org.apache.hadoop.hdfs
org.apache.hadoop.hdfs.qjournal.server,org.apache.hadoop.hdfs.protocolPB
org.apache.hadoop.hdfs.qjournal.server,org.apache.hadoop.hdfs.qjournal.client
org.apache.hadoop.hdfs.qjournal.server,org.apache.hadoop.hdfs.qjournal.protocol
org.apache.hadoop.hdfs.qjournal.server,org.apache.hadoop.hdfs.qjournal.protocolPB
org.apache.hadoop.hdfs.qjournal.server,org.apache.hadoop.hdfs.server.common
org.apache.hadoop.hdfs.qjournal.server,org.apache.hadoop.hdfs.server.namenode
org.apache.hadoop.hdfs.qjournal.server,org.apache.hadoop.hdfs.server.protocol
org.apache.hadoop.hdfs.qjournal.server,org.apache.hadoop.hdfs.util
org.apache.hadoop.hdfs.qjournal.server,org.apache.hadoop.http
org.apache.hadoop.hdfs.qjournal.server,org.apache.hadoop.io
org.apache.hadoop.hdfs.qjournal.server,org.apache.hadoop.ipc
org.apache.hadoop.hdfs.qjournal.server,org.apache.hadoop.metrics2.annotation
org.apache.hadoop.hdfs.qjournal.server,org.apache.hadoop.metrics2.lib
org.apache.hadoop.hdfs.qjournal.server,org.apache.hadoop.metrics2.source
org.apache.hadoop.hdfs.qjournal.server,org.apache.hadoop.metrics2.util
org.apache.hadoop.hdfs.qjournal.server,org.apache.hadoop.net
org.apache.hadoop.hdfs.qjournal.server,org.apache.hadoop.security
org.apache.hadoop.hdfs.qjournal.server,org.apache.hadoop.tracing
org.apache.hadoop.hdfs.qjournal.server,org.apache.hadoop.util
org.apache.hadoop.hdfs.rbfbalance,org.apache.hadoop.classification
org.apache.hadoop.hdfs.rbfbalance,org.apache.hadoop.conf
org.apache.hadoop.hdfs.rbfbalance,org.apache.hadoop.fs
org.apache.hadoop.hdfs.rbfbalance,org.apache.hadoop.hdfs
org.apache.hadoop.hdfs.rbfbalance,org.apache.hadoop.hdfs.server.federation.resolver
org.apache.hadoop.hdfs.rbfbalance,org.apache.hadoop.hdfs.server.federation.router
org.apache.hadoop.hdfs.rbfbalance,org.apache.hadoop.hdfs.server.federation.store.protocol
org.apache.hadoop.hdfs.rbfbalance,org.apache.hadoop.hdfs.server.federation.store.records
org.apache.hadoop.hdfs.rbfbalance,org.apache.hadoop.io
org.apache.hadoop.hdfs.rbfbalance,org.apache.hadoop.net
org.apache.hadoop.hdfs.rbfbalance,org.apache.hadoop.tools.fedbalance
org.apache.hadoop.hdfs.rbfbalance,org.apache.hadoop.tools.fedbalance.procedure
org.apache.hadoop.hdfs.rbfbalance,org.apache.hadoop.util
org.apache.hadoop.hdfs.security.token.block,org.apache.hadoop.classification
org.apache.hadoop.hdfs.security.token.block,org.apache.hadoop.fs
org.apache.hadoop.hdfs.security.token.block,org.apache.hadoop.hdfs.protocol
org.apache.hadoop.hdfs.security.token.block,org.apache.hadoop.hdfs.protocol.datatransfer
org.apache.hadoop.hdfs.security.token.block,org.apache.hadoop.hdfs.protocolPB
org.apache.hadoop.hdfs.security.token.block,org.apache.hadoop.io
org.apache.hadoop.hdfs.security.token.block,org.apache.hadoop.ipc
org.apache.hadoop.hdfs.security.token.block,org.apache.hadoop.security
org.apache.hadoop.hdfs.security.token.block,org.apache.hadoop.security.token
org.apache.hadoop.hdfs.security.token.block,org.apache.hadoop.security.token.delegation
org.apache.hadoop.hdfs.security.token.block,org.apache.hadoop.util
org.apache.hadoop.hdfs.security.token.delegation,org.apache.hadoop.classification
org.apache.hadoop.hdfs.security.token.delegation,org.apache.hadoop.conf
org.apache.hadoop.hdfs.security.token.delegation,org.apache.hadoop.hdfs.client
org.apache.hadoop.hdfs.security.token.delegation,org.apache.hadoop.hdfs.server.namenode
org.apache.hadoop.hdfs.security.token.delegation,org.apache.hadoop.hdfs.server.namenode.startupprogress
org.apache.hadoop.hdfs.security.token.delegation,org.apache.hadoop.hdfs.util
org.apache.hadoop.hdfs.security.token.delegation,org.apache.hadoop.hdfs.web
org.apache.hadoop.hdfs.security.token.delegation,org.apache.hadoop.io
org.apache.hadoop.hdfs.security.token.delegation,org.apache.hadoop.ipc
org.apache.hadoop.hdfs.security.token.delegation,org.apache.hadoop.net
org.apache.hadoop.hdfs.security.token.delegation,org.apache.hadoop.security
org.apache.hadoop.hdfs.security.token.delegation,org.apache.hadoop.security.token
org.apache.hadoop.hdfs.security.token.delegation,org.apache.hadoop.security.token.delegation
org.apache.hadoop.hdfs.security.token.delegation,org.apache.hadoop.util
org.apache.hadoop.hdfs.server.aliasmap,org.apache.hadoop.classification
org.apache.hadoop.hdfs.server.aliasmap,org.apache.hadoop.conf
org.apache.hadoop.hdfs.server.aliasmap,org.apache.hadoop.fs
org.apache.hadoop.hdfs.server.aliasmap,org.apache.hadoop.hdfs
org.apache.hadoop.hdfs.server.aliasmap,org.apache.hadoop.hdfs.protocol
org.apache.hadoop.hdfs.server.aliasmap,org.apache.hadoop.hdfs.protocolPB
org.apache.hadoop.hdfs.server.aliasmap,org.apache.hadoop.hdfs.server.common
org.apache.hadoop.hdfs.server.aliasmap,org.apache.hadoop.hdfs.server.namenode
org.apache.hadoop.hdfs.server.aliasmap,org.apache.hadoop.hdfs.util
org.apache.hadoop.hdfs.server.aliasmap,org.apache.hadoop.io
org.apache.hadoop.hdfs.server.aliasmap,org.apache.hadoop.io.retry
org.apache.hadoop.hdfs.server.aliasmap,org.apache.hadoop.ipc
org.apache.hadoop.hdfs.server.aliasmap,org.apache.hadoop.util
org.apache.hadoop.hdfs.server.balancer,org.apache.hadoop
org.apache.hadoop.hdfs.server.balancer,org.apache.hadoop.classification
org.apache.hadoop.hdfs.server.balancer,org.apache.hadoop.conf
org.apache.hadoop.hdfs.server.balancer,org.apache.hadoop.fs
org.apache.hadoop.hdfs.server.balancer,org.apache.hadoop.ha
org.apache.hadoop.hdfs.server.balancer,org.apache.hadoop.hdfs
org.apache.hadoop.hdfs.server.balancer,org.apache.hadoop.hdfs.client
org.apache.hadoop.hdfs.server.balancer,org.apache.hadoop.hdfs.protocol
org.apache.hadoop.hdfs.server.balancer,org.apache.hadoop.hdfs.protocol.datatransfer
org.apache.hadoop.hdfs.server.balancer,org.apache.hadoop.hdfs.protocol.datatransfer.sasl
org.apache.hadoop.hdfs.server.balancer,org.apache.hadoop.hdfs.security.token.block
org.apache.hadoop.hdfs.server.balancer,org.apache.hadoop.hdfs.server.blockmanagement
org.apache.hadoop.hdfs.server.balancer,org.apache.hadoop.hdfs.server.common
org.apache.hadoop.hdfs.server.balancer,org.apache.hadoop.hdfs.server.namenode
org.apache.hadoop.hdfs.server.balancer,org.apache.hadoop.hdfs.server.protocol
org.apache.hadoop.hdfs.server.balancer,org.apache.hadoop.hdfs.util
org.apache.hadoop.hdfs.server.balancer,org.apache.hadoop.http
org.apache.hadoop.hdfs.server.balancer,org.apache.hadoop.io
org.apache.hadoop.hdfs.server.balancer,org.apache.hadoop.ipc
org.apache.hadoop.hdfs.server.balancer,org.apache.hadoop.metrics2.annotation
org.apache.hadoop.hdfs.server.balancer,org.apache.hadoop.metrics2.lib
org.apache.hadoop.hdfs.server.balancer,org.apache.hadoop.metrics2.source
org.apache.hadoop.hdfs.server.balancer,org.apache.hadoop.metrics2.util
org.apache.hadoop.hdfs.server.balancer,org.apache.hadoop.net
org.apache.hadoop.hdfs.server.balancer,org.apache.hadoop.security
org.apache.hadoop.hdfs.server.balancer,org.apache.hadoop.security.token
org.apache.hadoop.hdfs.server.balancer,org.apache.hadoop.util
org.apache.hadoop.hdfs.server.blockmanagement,org.apache.hadoop
org.apache.hadoop.hdfs.server.blockmanagement,org.apache.hadoop.classification
org.apache.hadoop.hdfs.server.blockmanagement,org.apache.hadoop.conf
org.apache.hadoop.hdfs.server.blockmanagement,org.apache.hadoop.fs
org.apache.hadoop.hdfs.server.blockmanagement,org.apache.hadoop.hdfs
org.apache.hadoop.hdfs.server.blockmanagement,org.apache.hadoop.hdfs.net
org.apache.hadoop.hdfs.server.blockmanagement,org.apache.hadoop.hdfs.protocol
org.apache.hadoop.hdfs.server.blockmanagement,org.apache.hadoop.hdfs.security.token.block
org.apache.hadoop.hdfs.server.blockmanagement,org.apache.hadoop.hdfs.server.common
org.apache.hadoop.hdfs.server.blockmanagement,org.apache.hadoop.hdfs.server.common.blockaliasmap
org.apache.hadoop.hdfs.server.blockmanagement,org.apache.hadoop.hdfs.server.common.blockaliasmap.impl
org.apache.hadoop.hdfs.server.blockmanagement,org.apache.hadoop.hdfs.server.namenode
org.apache.hadoop.hdfs.server.blockmanagement,org.apache.hadoop.hdfs.server.namenode.ha
org.apache.hadoop.hdfs.server.blockmanagement,org.apache.hadoop.hdfs.server.namenode.metrics
org.apache.hadoop.hdfs.server.blockmanagement,org.apache.hadoop.hdfs.server.namenode.snapshot
org.apache.hadoop.hdfs.server.blockmanagement,org.apache.hadoop.hdfs.server.namenode.sps
org.apache.hadoop.hdfs.server.blockmanagement,org.apache.hadoop.hdfs.server.namenode.startupprogress
org.apache.hadoop.hdfs.server.blockmanagement,org.apache.hadoop.hdfs.server.protocol
org.apache.hadoop.hdfs.server.blockmanagement,org.apache.hadoop.hdfs.util
org.apache.hadoop.hdfs.server.blockmanagement,org.apache.hadoop.ipc
org.apache.hadoop.hdfs.server.blockmanagement,org.apache.hadoop.metrics2.util
org.apache.hadoop.hdfs.server.blockmanagement,org.apache.hadoop.net
org.apache.hadoop.hdfs.server.blockmanagement,org.apache.hadoop.security
org.apache.hadoop.hdfs.server.blockmanagement,org.apache.hadoop.security.token
org.apache.hadoop.hdfs.server.blockmanagement,org.apache.hadoop.util
org.apache.hadoop.hdfs.server.common,org.apache.hadoop.classification
org.apache.hadoop.hdfs.server.common,org.apache.hadoop.conf
org.apache.hadoop.hdfs.server.common,org.apache.hadoop.fs
org.apache.hadoop.hdfs.server.common,org.apache.hadoop.fs.permission
org.apache.hadoop.hdfs.server.common,org.apache.hadoop.hdfs
org.apache.hadoop.hdfs.server.common,org.apache.hadoop.hdfs.protocol
org.apache.hadoop.hdfs.server.common,org.apache.hadoop.hdfs.security.token.delegation
org.apache.hadoop.hdfs.server.common,org.apache.hadoop.hdfs.server.datanode
org.apache.hadoop.hdfs.server.common,org.apache.hadoop.hdfs.server.namenode
org.apache.hadoop.hdfs.server.common,org.apache.hadoop.hdfs.server.protocol
org.apache.hadoop.hdfs.server.common,org.apache.hadoop.hdfs.util
org.apache.hadoop.hdfs.server.common,org.apache.hadoop.hdfs.web
org.apache.hadoop.hdfs.server.common,org.apache.hadoop.hdfs.web.resources
org.apache.hadoop.hdfs.server.common,org.apache.hadoop.io
org.apache.hadoop.hdfs.server.common,org.apache.hadoop.io.nativeio
org.apache.hadoop.hdfs.server.common,org.apache.hadoop.metrics2.util
org.apache.hadoop.hdfs.server.common,org.apache.hadoop.net
org.apache.hadoop.hdfs.server.common,org.apache.hadoop.security
org.apache.hadoop.hdfs.server.common,org.apache.hadoop.security.authentication.client
org.apache.hadoop.hdfs.server.common,org.apache.hadoop.security.authentication.util
org.apache.hadoop.hdfs.server.common,org.apache.hadoop.security.authorize
org.apache.hadoop.hdfs.server.common,org.apache.hadoop.security.token
org.apache.hadoop.hdfs.server.common,org.apache.hadoop.security.token.delegation
org.apache.hadoop.hdfs.server.common,org.apache.hadoop.util
org.apache.hadoop.hdfs.server.common.blockaliasmap,org.apache.hadoop.classification
org.apache.hadoop.hdfs.server.common.blockaliasmap,org.apache.hadoop.hdfs.protocol
org.apache.hadoop.hdfs.server.common.blockaliasmap,org.apache.hadoop.hdfs.server.common
org.apache.hadoop.hdfs.server.common.blockaliasmap.impl,org.apache.hadoop.classification
org.apache.hadoop.hdfs.server.common.blockaliasmap.impl,org.apache.hadoop.conf
org.apache.hadoop.hdfs.server.common.blockaliasmap.impl,org.apache.hadoop.fs
org.apache.hadoop.hdfs.server.common.blockaliasmap.impl,org.apache.hadoop.hdfs
org.apache.hadoop.hdfs.server.common.blockaliasmap.impl,org.apache.hadoop.hdfs.protocol
org.apache.hadoop.hdfs.server.common.blockaliasmap.impl,org.apache.hadoop.hdfs.protocolPB
org.apache.hadoop.hdfs.server.common.blockaliasmap.impl,org.apache.hadoop.hdfs.server.aliasmap
org.apache.hadoop.hdfs.server.common.blockaliasmap.impl,org.apache.hadoop.hdfs.server.common
org.apache.hadoop.hdfs.server.common.blockaliasmap.impl,org.apache.hadoop.hdfs.server.common.blockaliasmap
org.apache.hadoop.hdfs.server.common.blockaliasmap.impl,org.apache.hadoop.io
org.apache.hadoop.hdfs.server.common.blockaliasmap.impl,org.apache.hadoop.io.compress
org.apache.hadoop.hdfs.server.common.blockaliasmap.impl,org.apache.hadoop.ipc
org.apache.hadoop.hdfs.server.common.sps,org.apache.hadoop.classification
org.apache.hadoop.hdfs.server.common.sps,org.apache.hadoop.fs
org.apache.hadoop.hdfs.server.common.sps,org.apache.hadoop.hdfs.protocol
org.apache.hadoop.hdfs.server.common.sps,org.apache.hadoop.hdfs.protocol.datatransfer
org.apache.hadoop.hdfs.server.common.sps,org.apache.hadoop.hdfs.protocol.datatransfer.sasl
org.apache.hadoop.hdfs.server.common.sps,org.apache.hadoop.hdfs.security.token.block
org.apache.hadoop.hdfs.server.common.sps,org.apache.hadoop.io
org.apache.hadoop.hdfs.server.common.sps,org.apache.hadoop.net
org.apache.hadoop.hdfs.server.common.sps,org.apache.hadoop.security.token
org.apache.hadoop.hdfs.server.datanode,org.apache.hadoop
org.apache.hadoop.hdfs.server.datanode,org.apache.hadoop.classification
org.apache.hadoop.hdfs.server.datanode,org.apache.hadoop.conf
org.apache.hadoop.hdfs.server.datanode,org.apache.hadoop.fs
org.apache.hadoop.hdfs.server.datanode,org.apache.hadoop.fs.permission
org.apache.hadoop.hdfs.server.datanode,org.apache.hadoop.hdfs
org.apache.hadoop.hdfs.server.datanode,org.apache.hadoop.hdfs.client
org.apache.hadoop.hdfs.server.datanode,org.apache.hadoop.hdfs.net
org.apache.hadoop.hdfs.server.datanode,org.apache.hadoop.hdfs.protocol
org.apache.hadoop.hdfs.server.datanode,org.apache.hadoop.hdfs.protocol.datatransfer
org.apache.hadoop.hdfs.server.datanode,org.apache.hadoop.hdfs.protocol.datatransfer.sasl
org.apache.hadoop.hdfs.server.datanode,org.apache.hadoop.hdfs.protocolPB
org.apache.hadoop.hdfs.server.datanode,org.apache.hadoop.hdfs.security.token.block
org.apache.hadoop.hdfs.server.datanode,org.apache.hadoop.hdfs.server.common
org.apache.hadoop.hdfs.server.datanode,org.apache.hadoop.hdfs.server.datanode.checker
org.apache.hadoop.hdfs.server.datanode,org.apache.hadoop.hdfs.server.datanode.erasurecode
org.apache.hadoop.hdfs.server.datanode,org.apache.hadoop.hdfs.server.datanode.fsdataset
org.apache.hadoop.hdfs.server.datanode,org.apache.hadoop.hdfs.server.datanode.fsdataset.impl
org.apache.hadoop.hdfs.server.datanode,org.apache.hadoop.hdfs.server.datanode.metrics
org.apache.hadoop.hdfs.server.datanode,org.apache.hadoop.hdfs.server.datanode.web
org.apache.hadoop.hdfs.server.datanode,org.apache.hadoop.hdfs.server.diskbalancer
org.apache.hadoop.hdfs.server.datanode,org.apache.hadoop.hdfs.server.diskbalancer.planner
org.apache.hadoop.hdfs.server.datanode,org.apache.hadoop.hdfs.server.namenode
org.apache.hadoop.hdfs.server.datanode,org.apache.hadoop.hdfs.server.protocol
org.apache.hadoop.hdfs.server.datanode,org.apache.hadoop.hdfs.shortcircuit
org.apache.hadoop.hdfs.server.datanode,org.apache.hadoop.hdfs.util
org.apache.hadoop.hdfs.server.datanode,org.apache.hadoop.hdfs.web
org.apache.hadoop.hdfs.server.datanode,org.apache.hadoop.http
org.apache.hadoop.hdfs.server.datanode,org.apache.hadoop.io
org.apache.hadoop.hdfs.server.datanode,org.apache.hadoop.io.nativeio
org.apache.hadoop.hdfs.server.datanode,org.apache.hadoop.ipc
org.apache.hadoop.hdfs.server.datanode,org.apache.hadoop.metrics2.lib
org.apache.hadoop.hdfs.server.datanode,org.apache.hadoop.metrics2.util
org.apache.hadoop.hdfs.server.datanode,org.apache.hadoop.net
org.apache.hadoop.hdfs.server.datanode,org.apache.hadoop.net.unix
org.apache.hadoop.hdfs.server.datanode,org.apache.hadoop.security
org.apache.hadoop.hdfs.server.datanode,org.apache.hadoop.security.token
org.apache.hadoop.hdfs.server.datanode,org.apache.hadoop.tracing
org.apache.hadoop.hdfs.server.datanode,org.apache.hadoop.util
org.apache.hadoop.hdfs.server.datanode,org.apache.hadoop.util.concurrent
org.apache.hadoop.hdfs.server.datanode.checker,org.apache.hadoop
org.apache.hadoop.hdfs.server.datanode.checker,org.apache.hadoop.classification
org.apache.hadoop.hdfs.server.datanode.checker,org.apache.hadoop.conf
org.apache.hadoop.hdfs.server.datanode.checker,org.apache.hadoop.fs
org.apache.hadoop.hdfs.server.datanode.checker,org.apache.hadoop.fs.permission
org.apache.hadoop.hdfs.server.datanode.checker,org.apache.hadoop.hdfs
org.apache.hadoop.hdfs.server.datanode.checker,org.apache.hadoop.hdfs.server.datanode
org.apache.hadoop.hdfs.server.datanode.checker,org.apache.hadoop.hdfs.server.datanode.fsdataset
org.apache.hadoop.hdfs.server.datanode.checker,org.apache.hadoop.io
org.apache.hadoop.hdfs.server.datanode.checker,org.apache.hadoop.util
org.apache.hadoop.hdfs.server.datanode.erasurecode,org.apache.hadoop.classification
org.apache.hadoop.hdfs.server.datanode.erasurecode,org.apache.hadoop.conf
org.apache.hadoop.hdfs.server.datanode.erasurecode,org.apache.hadoop.fs
org.apache.hadoop.hdfs.server.datanode.erasurecode,org.apache.hadoop.hdfs
org.apache.hadoop.hdfs.server.datanode.erasurecode,org.apache.hadoop.hdfs.client.impl
org.apache.hadoop.hdfs.server.datanode.erasurecode,org.apache.hadoop.hdfs.net
org.apache.hadoop.hdfs.server.datanode.erasurecode,org.apache.hadoop.hdfs.protocol
org.apache.hadoop.hdfs.server.datanode.erasurecode,org.apache.hadoop.hdfs.protocol.datatransfer
org.apache.hadoop.hdfs.server.datanode.erasurecode,org.apache.hadoop.hdfs.protocol.datatransfer.sasl
org.apache.hadoop.hdfs.server.datanode.erasurecode,org.apache.hadoop.hdfs.security.token.block
org.apache.hadoop.hdfs.server.datanode.erasurecode,org.apache.hadoop.hdfs.server.datanode
org.apache.hadoop.hdfs.server.datanode.erasurecode,org.apache.hadoop.hdfs.server.datanode.metrics
org.apache.hadoop.hdfs.server.datanode.erasurecode,org.apache.hadoop.hdfs.util
org.apache.hadoop.hdfs.server.datanode.erasurecode,org.apache.hadoop.io
org.apache.hadoop.hdfs.server.datanode.erasurecode,org.apache.hadoop.io.erasurecode
org.apache.hadoop.hdfs.server.datanode.erasurecode,org.apache.hadoop.io.erasurecode.rawcoder
org.apache.hadoop.hdfs.server.datanode.erasurecode,org.apache.hadoop.net
org.apache.hadoop.hdfs.server.datanode.erasurecode,org.apache.hadoop.security.token
org.apache.hadoop.hdfs.server.datanode.erasurecode,org.apache.hadoop.util
org.apache.hadoop.hdfs.server.datanode.fsdataset,org.apache.hadoop.classification
org.apache.hadoop.hdfs.server.datanode.fsdataset,org.apache.hadoop.conf
org.apache.hadoop.hdfs.server.datanode.fsdataset,org.apache.hadoop.fs
org.apache.hadoop.hdfs.server.datanode.fsdataset,org.apache.hadoop.hdfs
org.apache.hadoop.hdfs.server.datanode.fsdataset,org.apache.hadoop.hdfs.protocol
org.apache.hadoop.hdfs.server.datanode.fsdataset,org.apache.hadoop.hdfs.server.common
org.apache.hadoop.hdfs.server.datanode.fsdataset,org.apache.hadoop.hdfs.server.datanode
org.apache.hadoop.hdfs.server.datanode.fsdataset,org.apache.hadoop.hdfs.server.datanode.checker
org.apache.hadoop.hdfs.server.datanode.fsdataset,org.apache.hadoop.hdfs.server.datanode.fsdataset.impl
org.apache.hadoop.hdfs.server.datanode.fsdataset,org.apache.hadoop.hdfs.server.datanode.metrics
org.apache.hadoop.hdfs.server.datanode.fsdataset,org.apache.hadoop.hdfs.server.protocol
org.apache.hadoop.hdfs.server.datanode.fsdataset,org.apache.hadoop.io
org.apache.hadoop.hdfs.server.datanode.fsdataset,org.apache.hadoop.io.nativeio
org.apache.hadoop.hdfs.server.datanode.fsdataset,org.apache.hadoop.metrics2
org.apache.hadoop.hdfs.server.datanode.fsdataset,org.apache.hadoop.metrics2.annotation
org.apache.hadoop.hdfs.server.datanode.fsdataset,org.apache.hadoop.metrics2.lib
org.apache.hadoop.hdfs.server.datanode.fsdataset,org.apache.hadoop.util
org.apache.hadoop.hdfs.server.datanode.fsdataset.impl,org.apache.hadoop
org.apache.hadoop.hdfs.server.datanode.fsdataset.impl,org.apache.hadoop.classification
org.apache.hadoop.hdfs.server.datanode.fsdataset.impl,org.apache.hadoop.conf
org.apache.hadoop.hdfs.server.datanode.fsdataset.impl,org.apache.hadoop.fs
org.apache.hadoop.hdfs.server.datanode.fsdataset.impl,org.apache.hadoop.hdfs
org.apache.hadoop.hdfs.server.datanode.fsdataset.impl,org.apache.hadoop.hdfs.protocol
org.apache.hadoop.hdfs.server.datanode.fsdataset.impl,org.apache.hadoop.hdfs.server.common
org.apache.hadoop.hdfs.server.datanode.fsdataset.impl,org.apache.hadoop.hdfs.server.common.blockaliasmap
org.apache.hadoop.hdfs.server.datanode.fsdataset.impl,org.apache.hadoop.hdfs.server.common.blockaliasmap.impl
org.apache.hadoop.hdfs.server.datanode.fsdataset.impl,org.apache.hadoop.hdfs.server.datanode
org.apache.hadoop.hdfs.server.datanode.fsdataset.impl,org.apache.hadoop.hdfs.server.datanode.checker
org.apache.hadoop.hdfs.server.datanode.fsdataset.impl,org.apache.hadoop.hdfs.server.datanode.fsdataset
org.apache.hadoop.hdfs.server.datanode.fsdataset.impl,org.apache.hadoop.hdfs.server.datanode.metrics
org.apache.hadoop.hdfs.server.datanode.fsdataset.impl,org.apache.hadoop.hdfs.server.protocol
org.apache.hadoop.hdfs.server.datanode.fsdataset.impl,org.apache.hadoop.io
org.apache.hadoop.hdfs.server.datanode.fsdataset.impl,org.apache.hadoop.io.nativeio
org.apache.hadoop.hdfs.server.datanode.fsdataset.impl,org.apache.hadoop.metrics2
org.apache.hadoop.hdfs.server.datanode.fsdataset.impl,org.apache.hadoop.metrics2.lib
org.apache.hadoop.hdfs.server.datanode.fsdataset.impl,org.apache.hadoop.metrics2.util
org.apache.hadoop.hdfs.server.datanode.fsdataset.impl,org.apache.hadoop.util
org.apache.hadoop.hdfs.server.datanode.metrics,org.apache.hadoop.classification
org.apache.hadoop.hdfs.server.datanode.metrics,org.apache.hadoop.conf
org.apache.hadoop.hdfs.server.datanode.metrics,org.apache.hadoop.hdfs
org.apache.hadoop.hdfs.server.datanode.metrics,org.apache.hadoop.hdfs.server.datanode
org.apache.hadoop.hdfs.server.datanode.metrics,org.apache.hadoop.hdfs.server.datanode.fsdataset
org.apache.hadoop.hdfs.server.datanode.metrics,org.apache.hadoop.hdfs.server.protocol
org.apache.hadoop.hdfs.server.datanode.metrics,org.apache.hadoop.metrics2
org.apache.hadoop.hdfs.server.datanode.metrics,org.apache.hadoop.metrics2.annotation
org.apache.hadoop.hdfs.server.datanode.metrics,org.apache.hadoop.metrics2.lib
org.apache.hadoop.hdfs.server.datanode.metrics,org.apache.hadoop.metrics2.source
org.apache.hadoop.hdfs.server.datanode.metrics,org.apache.hadoop.util
org.apache.hadoop.hdfs.server.datanode.web,org.apache.hadoop.classification
org.apache.hadoop.hdfs.server.datanode.web,org.apache.hadoop.conf
org.apache.hadoop.hdfs.server.datanode.web,org.apache.hadoop.fs.permission
org.apache.hadoop.hdfs.server.datanode.web,org.apache.hadoop.hdfs
org.apache.hadoop.hdfs.server.datanode.web,org.apache.hadoop.hdfs.server.common
org.apache.hadoop.hdfs.server.datanode.web,org.apache.hadoop.hdfs.server.datanode
org.apache.hadoop.hdfs.server.datanode.web,org.apache.hadoop.hdfs.server.datanode.web.webhdfs
org.apache.hadoop.hdfs.server.datanode.web,org.apache.hadoop.hdfs.web.resources
org.apache.hadoop.hdfs.server.datanode.web,org.apache.hadoop.http
org.apache.hadoop.hdfs.server.datanode.web,org.apache.hadoop.net
org.apache.hadoop.hdfs.server.datanode.web,org.apache.hadoop.security.authorize
org.apache.hadoop.hdfs.server.datanode.web,org.apache.hadoop.security.http
org.apache.hadoop.hdfs.server.datanode.web,org.apache.hadoop.security.ssl
org.apache.hadoop.hdfs.server.datanode.web.webhdfs,org.apache.hadoop.classification
org.apache.hadoop.hdfs.server.datanode.web.webhdfs,org.apache.hadoop.conf
org.apache.hadoop.hdfs.server.datanode.web.webhdfs,org.apache.hadoop.fs
org.apache.hadoop.hdfs.server.datanode.web.webhdfs,org.apache.hadoop.fs.permission
org.apache.hadoop.hdfs.server.datanode.web.webhdfs,org.apache.hadoop.hdfs
org.apache.hadoop.hdfs.server.datanode.web.webhdfs,org.apache.hadoop.hdfs.client
org.apache.hadoop.hdfs.server.datanode.web.webhdfs,org.apache.hadoop.hdfs.security.token.delegation
org.apache.hadoop.hdfs.server.datanode.web.webhdfs,org.apache.hadoop.hdfs.server.common
org.apache.hadoop.hdfs.server.datanode.web.webhdfs,org.apache.hadoop.hdfs.web
org.apache.hadoop.hdfs.server.datanode.web.webhdfs,org.apache.hadoop.hdfs.web.resources
org.apache.hadoop.hdfs.server.datanode.web.webhdfs,org.apache.hadoop.io
org.apache.hadoop.hdfs.server.datanode.web.webhdfs,org.apache.hadoop.ipc
org.apache.hadoop.hdfs.server.datanode.web.webhdfs,org.apache.hadoop.security
org.apache.hadoop.hdfs.server.datanode.web.webhdfs,org.apache.hadoop.security.authorize
org.apache.hadoop.hdfs.server.datanode.web.webhdfs,org.apache.hadoop.security.token
org.apache.hadoop.hdfs.server.datanode.web.webhdfs,org.apache.hadoop.util
org.apache.hadoop.hdfs.server.diskbalancer,org.apache.hadoop.classification
org.apache.hadoop.hdfs.server.diskbalancer.command,org.apache.hadoop.classification
org.apache.hadoop.hdfs.server.diskbalancer.command,org.apache.hadoop.conf
org.apache.hadoop.hdfs.server.diskbalancer.command,org.apache.hadoop.fs
org.apache.hadoop.hdfs.server.diskbalancer.command,org.apache.hadoop.hdfs
org.apache.hadoop.hdfs.server.diskbalancer.command,org.apache.hadoop.hdfs.protocol
org.apache.hadoop.hdfs.server.diskbalancer.command,org.apache.hadoop.hdfs.server.datanode
org.apache.hadoop.hdfs.server.diskbalancer.command,org.apache.hadoop.hdfs.server.diskbalancer
org.apache.hadoop.hdfs.server.diskbalancer.command,org.apache.hadoop.hdfs.server.diskbalancer.connectors
org.apache.hadoop.hdfs.server.diskbalancer.command,org.apache.hadoop.hdfs.server.diskbalancer.datamodel
org.apache.hadoop.hdfs.server.diskbalancer.command,org.apache.hadoop.hdfs.server.diskbalancer.planner
org.apache.hadoop.hdfs.server.diskbalancer.command,org.apache.hadoop.hdfs.tools
org.apache.hadoop.hdfs.server.diskbalancer.command,org.apache.hadoop.net
org.apache.hadoop.hdfs.server.diskbalancer.command,org.apache.hadoop.security
org.apache.hadoop.hdfs.server.diskbalancer.command,org.apache.hadoop.util
org.apache.hadoop.hdfs.server.diskbalancer.connectors,org.apache.hadoop.conf
org.apache.hadoop.hdfs.server.diskbalancer.connectors,org.apache.hadoop.fs
org.apache.hadoop.hdfs.server.diskbalancer.connectors,org.apache.hadoop.hdfs.protocol
org.apache.hadoop.hdfs.server.diskbalancer.connectors,org.apache.hadoop.hdfs.server.balancer
org.apache.hadoop.hdfs.server.diskbalancer.connectors,org.apache.hadoop.hdfs.server.diskbalancer.datamodel
org.apache.hadoop.hdfs.server.diskbalancer.connectors,org.apache.hadoop.hdfs.server.protocol
org.apache.hadoop.hdfs.server.diskbalancer.connectors,org.apache.hadoop.util
org.apache.hadoop.hdfs.server.diskbalancer.datamodel,org.apache.hadoop.hdfs.server.diskbalancer.connectors
org.apache.hadoop.hdfs.server.diskbalancer.datamodel,org.apache.hadoop.hdfs.server.diskbalancer.planner
org.apache.hadoop.hdfs.server.diskbalancer.datamodel,org.apache.hadoop.hdfs.web
org.apache.hadoop.hdfs.server.diskbalancer.datamodel,org.apache.hadoop.util
org.apache.hadoop.hdfs.server.diskbalancer.planner,org.apache.hadoop.conf
org.apache.hadoop.hdfs.server.diskbalancer.planner,org.apache.hadoop.hdfs
org.apache.hadoop.hdfs.server.diskbalancer.planner,org.apache.hadoop.hdfs.server.diskbalancer.datamodel
org.apache.hadoop.hdfs.server.diskbalancer.planner,org.apache.hadoop.util
org.apache.hadoop.hdfs.server.federation.fairness,org.apache.hadoop.classification
org.apache.hadoop.hdfs.server.federation.fairness,org.apache.hadoop.conf
org.apache.hadoop.hdfs.server.federation.fairness,org.apache.hadoop.hdfs.server.federation.router
org.apache.hadoop.hdfs.server.federation.fairness,org.apache.hadoop.ipc
org.apache.hadoop.hdfs.server.federation.metrics,org.apache.hadoop.classification
org.apache.hadoop.hdfs.server.federation.metrics,org.apache.hadoop.conf
org.apache.hadoop.hdfs.server.federation.metrics,org.apache.hadoop.hdfs
org.apache.hadoop.hdfs.server.federation.metrics,org.apache.hadoop.hdfs.protocol
org.apache.hadoop.hdfs.server.federation.metrics,org.apache.hadoop.hdfs.server.common
org.apache.hadoop.hdfs.server.federation.metrics,org.apache.hadoop.hdfs.server.federation.resolver
org.apache.hadoop.hdfs.server.federation.metrics,org.apache.hadoop.hdfs.server.federation.router
org.apache.hadoop.hdfs.server.federation.metrics,org.apache.hadoop.hdfs.server.federation.router.security
org.apache.hadoop.hdfs.server.federation.metrics,org.apache.hadoop.hdfs.server.federation.store
org.apache.hadoop.hdfs.server.federation.metrics,org.apache.hadoop.hdfs.server.federation.store.protocol
org.apache.hadoop.hdfs.server.federation.metrics,org.apache.hadoop.hdfs.server.federation.store.records
org.apache.hadoop.hdfs.server.federation.metrics,org.apache.hadoop.hdfs.server.namenode
org.apache.hadoop.hdfs.server.federation.metrics,org.apache.hadoop.hdfs.server.namenode.metrics
org.apache.hadoop.hdfs.server.federation.metrics,org.apache.hadoop.hdfs.server.protocol
org.apache.hadoop.hdfs.server.federation.metrics,org.apache.hadoop.hdfs.web
org.apache.hadoop.hdfs.server.federation.metrics,org.apache.hadoop.ipc
org.apache.hadoop.hdfs.server.federation.metrics,org.apache.hadoop.metrics2
org.apache.hadoop.hdfs.server.federation.metrics,org.apache.hadoop.metrics2.annotation
org.apache.hadoop.hdfs.server.federation.metrics,org.apache.hadoop.metrics2.lib
org.apache.hadoop.hdfs.server.federation.metrics,org.apache.hadoop.metrics2.util
org.apache.hadoop.hdfs.server.federation.metrics,org.apache.hadoop.net
org.apache.hadoop.hdfs.server.federation.metrics,org.apache.hadoop.security
org.apache.hadoop.hdfs.server.federation.metrics,org.apache.hadoop.util
org.apache.hadoop.hdfs.server.federation.resolver,org.apache.hadoop.classification
org.apache.hadoop.hdfs.server.federation.resolver,org.apache.hadoop.conf
org.apache.hadoop.hdfs.server.federation.resolver,org.apache.hadoop.fs
org.apache.hadoop.hdfs.server.federation.resolver,org.apache.hadoop.hdfs.server.federation.metrics
org.apache.hadoop.hdfs.server.federation.resolver,org.apache.hadoop.hdfs.server.federation.resolver.order
org.apache.hadoop.hdfs.server.federation.resolver,org.apache.hadoop.hdfs.server.federation.router
org.apache.hadoop.hdfs.server.federation.resolver,org.apache.hadoop.hdfs.server.federation.store
org.apache.hadoop.hdfs.server.federation.resolver,org.apache.hadoop.hdfs.server.federation.store.protocol
org.apache.hadoop.hdfs.server.federation.resolver,org.apache.hadoop.hdfs.server.federation.store.records
org.apache.hadoop.hdfs.server.federation.resolver,org.apache.hadoop.hdfs.server.protocol
org.apache.hadoop.hdfs.server.federation.resolver,org.apache.hadoop.hdfs.tools.federation
org.apache.hadoop.hdfs.server.federation.resolver,org.apache.hadoop.net
org.apache.hadoop.hdfs.server.federation.resolver,org.apache.hadoop.util
org.apache.hadoop.hdfs.server.federation.resolver.order,org.apache.hadoop.classification
org.apache.hadoop.hdfs.server.federation.resolver.order,org.apache.hadoop.conf
org.apache.hadoop.hdfs.server.federation.resolver.order,org.apache.hadoop.fs
org.apache.hadoop.hdfs.server.federation.resolver.order,org.apache.hadoop.hdfs.protocol
org.apache.hadoop.hdfs.server.federation.resolver.order,org.apache.hadoop.hdfs.server.federation.resolver
org.apache.hadoop.hdfs.server.federation.resolver.order,org.apache.hadoop.hdfs.server.federation.router
org.apache.hadoop.hdfs.server.federation.resolver.order,org.apache.hadoop.hdfs.server.federation.store
org.apache.hadoop.hdfs.server.federation.resolver.order,org.apache.hadoop.hdfs.server.federation.store.protocol
org.apache.hadoop.hdfs.server.federation.resolver.order,org.apache.hadoop.hdfs.server.federation.store.records
org.apache.hadoop.hdfs.server.federation.resolver.order,org.apache.hadoop.hdfs.server.federation.utils
org.apache.hadoop.hdfs.server.federation.resolver.order,org.apache.hadoop.hdfs.server.protocol
org.apache.hadoop.hdfs.server.federation.resolver.order,org.apache.hadoop.security
org.apache.hadoop.hdfs.server.federation.resolver.order,org.apache.hadoop.util
org.apache.hadoop.hdfs.server.federation.router,org.apache.hadoop.classification
org.apache.hadoop.hdfs.server.federation.router,org.apache.hadoop.conf
org.apache.hadoop.hdfs.server.federation.router,org.apache.hadoop.crypto
org.apache.hadoop.hdfs.server.federation.router,org.apache.hadoop.fs
org.apache.hadoop.hdfs.server.federation.router,org.apache.hadoop.fs.permission
org.apache.hadoop.hdfs.server.federation.router,org.apache.hadoop.ha
org.apache.hadoop.hdfs.server.federation.router,org.apache.hadoop.hdfs
org.apache.hadoop.hdfs.server.federation.router,org.apache.hadoop.hdfs.client
org.apache.hadoop.hdfs.server.federation.router,org.apache.hadoop.hdfs.inotify
org.apache.hadoop.hdfs.server.federation.router,org.apache.hadoop.hdfs.protocol
org.apache.hadoop.hdfs.server.federation.router,org.apache.hadoop.hdfs.protocolPB
org.apache.hadoop.hdfs.server.federation.router,org.apache.hadoop.hdfs.security.token.block
org.apache.hadoop.hdfs.server.federation.router,org.apache.hadoop.hdfs.security.token.delegation
org.apache.hadoop.hdfs.server.federation.router,org.apache.hadoop.hdfs.server.common
org.apache.hadoop.hdfs.server.federation.router,org.apache.hadoop.hdfs.server.federation.fairness
org.apache.hadoop.hdfs.server.federation.router,org.apache.hadoop.hdfs.server.federation.metrics
org.apache.hadoop.hdfs.server.federation.router,org.apache.hadoop.hdfs.server.federation.resolver
org.apache.hadoop.hdfs.server.federation.router,org.apache.hadoop.hdfs.server.federation.router.async
org.apache.hadoop.hdfs.server.federation.router,org.apache.hadoop.hdfs.server.federation.router.async.utils
org.apache.hadoop.hdfs.server.federation.router,org.apache.hadoop.hdfs.server.federation.router.security
org.apache.hadoop.hdfs.server.federation.router,org.apache.hadoop.hdfs.server.federation.router.security.token
org.apache.hadoop.hdfs.server.federation.router,org.apache.hadoop.hdfs.server.federation.store
org.apache.hadoop.hdfs.server.federation.router,org.apache.hadoop.hdfs.server.federation.store.driver
org.apache.hadoop.hdfs.server.federation.router,org.apache.hadoop.hdfs.server.federation.store.driver.impl
org.apache.hadoop.hdfs.server.federation.router,org.apache.hadoop.hdfs.server.federation.store.protocol
org.apache.hadoop.hdfs.server.federation.router,org.apache.hadoop.hdfs.server.federation.store.records
org.apache.hadoop.hdfs.server.federation.router,org.apache.hadoop.hdfs.server.namenode
org.apache.hadoop.hdfs.server.federation.router,org.apache.hadoop.hdfs.server.namenode.ha
org.apache.hadoop.hdfs.server.federation.router,org.apache.hadoop.hdfs.server.namenode.web.resources
org.apache.hadoop.hdfs.server.federation.router,org.apache.hadoop.hdfs.server.protocol
org.apache.hadoop.hdfs.server.federation.router,org.apache.hadoop.hdfs.tools
org.apache.hadoop.hdfs.server.federation.router,org.apache.hadoop.hdfs.web
org.apache.hadoop.hdfs.server.federation.router,org.apache.hadoop.hdfs.web.resources
org.apache.hadoop.hdfs.server.federation.router,org.apache.hadoop.http
org.apache.hadoop.hdfs.server.federation.router,org.apache.hadoop.io
org.apache.hadoop.hdfs.server.federation.router,org.apache.hadoop.io.retry
org.apache.hadoop.hdfs.server.federation.router,org.apache.hadoop.ipc
org.apache.hadoop.hdfs.server.federation.router,org.apache.hadoop.ipc.protocolPB
org.apache.hadoop.hdfs.server.federation.router,org.apache.hadoop.metrics2
org.apache.hadoop.hdfs.server.federation.router,org.apache.hadoop.metrics2.annotation
org.apache.hadoop.hdfs.server.federation.router,org.apache.hadoop.metrics2.lib
org.apache.hadoop.hdfs.server.federation.router,org.apache.hadoop.metrics2.source
org.apache.hadoop.hdfs.server.federation.router,org.apache.hadoop.net
org.apache.hadoop.hdfs.server.federation.router,org.apache.hadoop.security
org.apache.hadoop.hdfs.server.federation.router,org.apache.hadoop.security.authorize
org.apache.hadoop.hdfs.server.federation.router,org.apache.hadoop.security.protocolPB
org.apache.hadoop.hdfs.server.federation.router,org.apache.hadoop.security.token
org.apache.hadoop.hdfs.server.federation.router,org.apache.hadoop.security.token.delegation
org.apache.hadoop.hdfs.server.federation.router,org.apache.hadoop.service
org.apache.hadoop.hdfs.server.federation.router,org.apache.hadoop.tools
org.apache.hadoop.hdfs.server.federation.router,org.apache.hadoop.tools.fedbalance
org.apache.hadoop.hdfs.server.federation.router,org.apache.hadoop.tools.fedbalance.procedure
org.apache.hadoop.hdfs.server.federation.router,org.apache.hadoop.tools.protocolPB
org.apache.hadoop.hdfs.server.federation.router,org.apache.hadoop.util
org.apache.hadoop.hdfs.server.federation.router.async,org.apache.hadoop.classification
org.apache.hadoop.hdfs.server.federation.router.async,org.apache.hadoop.conf
org.apache.hadoop.hdfs.server.federation.router.async,org.apache.hadoop.crypto
org.apache.hadoop.hdfs.server.federation.router.async,org.apache.hadoop.fs
org.apache.hadoop.hdfs.server.federation.router.async,org.apache.hadoop.fs.permission
org.apache.hadoop.hdfs.server.federation.router.async,org.apache.hadoop.ha
org.apache.hadoop.hdfs.server.federation.router.async,org.apache.hadoop.hdfs
org.apache.hadoop.hdfs.server.federation.router.async,org.apache.hadoop.hdfs.protocol
org.apache.hadoop.hdfs.server.federation.router.async,org.apache.hadoop.hdfs.security.token.block
org.apache.hadoop.hdfs.server.federation.router.async,org.apache.hadoop.hdfs.security.token.delegation
org.apache.hadoop.hdfs.server.federation.router.async,org.apache.hadoop.hdfs.server.federation.fairness
org.apache.hadoop.hdfs.server.federation.router.async,org.apache.hadoop.hdfs.server.federation.resolver
org.apache.hadoop.hdfs.server.federation.router.async,org.apache.hadoop.hdfs.server.federation.router
org.apache.hadoop.hdfs.server.federation.router.async,org.apache.hadoop.hdfs.server.federation.router.async.utils
org.apache.hadoop.hdfs.server.federation.router.async,org.apache.hadoop.hdfs.server.federation.store.records
org.apache.hadoop.hdfs.server.federation.router.async,org.apache.hadoop.hdfs.server.namenode
org.apache.hadoop.hdfs.server.federation.router.async,org.apache.hadoop.hdfs.server.protocol
org.apache.hadoop.hdfs.server.federation.router.async,org.apache.hadoop.io
org.apache.hadoop.hdfs.server.federation.router.async,org.apache.hadoop.ipc
org.apache.hadoop.hdfs.server.federation.router.async,org.apache.hadoop.security
org.apache.hadoop.hdfs.server.federation.router.async,org.apache.hadoop.security.authorize
org.apache.hadoop.hdfs.server.federation.router.async,org.apache.hadoop.security.token
org.apache.hadoop.hdfs.server.federation.router.async,org.apache.hadoop.tools
org.apache.hadoop.hdfs.server.federation.router.async,org.apache.hadoop.util
org.apache.hadoop.hdfs.server.federation.router.async.utils,org.apache.hadoop.classification
org.apache.hadoop.hdfs.server.federation.router.security,org.apache.hadoop.classification
org.apache.hadoop.hdfs.server.federation.router.security,org.apache.hadoop.conf
org.apache.hadoop.hdfs.server.federation.router.security,org.apache.hadoop.hdfs
org.apache.hadoop.hdfs.server.federation.router.security,org.apache.hadoop.hdfs.security.token.delegation
org.apache.hadoop.hdfs.server.federation.router.security,org.apache.hadoop.hdfs.server.federation.router
org.apache.hadoop.hdfs.server.federation.router.security,org.apache.hadoop.io
org.apache.hadoop.hdfs.server.federation.router.security,org.apache.hadoop.security
org.apache.hadoop.hdfs.server.federation.router.security,org.apache.hadoop.security.token
org.apache.hadoop.hdfs.server.federation.router.security,org.apache.hadoop.security.token.delegation
org.apache.hadoop.hdfs.server.federation.router.security.token,org.apache.hadoop.classification
org.apache.hadoop.hdfs.server.federation.router.security.token,org.apache.hadoop.conf
org.apache.hadoop.hdfs.server.federation.router.security.token,org.apache.hadoop.hdfs
org.apache.hadoop.hdfs.server.federation.router.security.token,org.apache.hadoop.hdfs.security.token.delegation
org.apache.hadoop.hdfs.server.federation.router.security.token,org.apache.hadoop.io.retry
org.apache.hadoop.hdfs.server.federation.router.security.token,org.apache.hadoop.security.token
org.apache.hadoop.hdfs.server.federation.router.security.token,org.apache.hadoop.security.token.delegation
org.apache.hadoop.hdfs.server.federation.router.security.token,org.apache.hadoop.util
org.apache.hadoop.hdfs.server.federation.store,org.apache.hadoop.classification
org.apache.hadoop.hdfs.server.federation.store,org.apache.hadoop.conf
org.apache.hadoop.hdfs.server.federation.store,org.apache.hadoop.hdfs.server.federation.metrics
org.apache.hadoop.hdfs.server.federation.store,org.apache.hadoop.hdfs.server.federation.resolver
org.apache.hadoop.hdfs.server.federation.store,org.apache.hadoop.hdfs.server.federation.router
org.apache.hadoop.hdfs.server.federation.store,org.apache.hadoop.hdfs.server.federation.store.driver
org.apache.hadoop.hdfs.server.federation.store,org.apache.hadoop.hdfs.server.federation.store.impl
org.apache.hadoop.hdfs.server.federation.store,org.apache.hadoop.hdfs.server.federation.store.protocol
org.apache.hadoop.hdfs.server.federation.store,org.apache.hadoop.hdfs.server.federation.store.records
org.apache.hadoop.hdfs.server.federation.store,org.apache.hadoop.metrics2
org.apache.hadoop.hdfs.server.federation.store,org.apache.hadoop.metrics2.util
org.apache.hadoop.hdfs.server.federation.store,org.apache.hadoop.net
org.apache.hadoop.hdfs.server.federation.store,org.apache.hadoop.service
org.apache.hadoop.hdfs.server.federation.store,org.apache.hadoop.util
org.apache.hadoop.hdfs.server.federation.store.driver,org.apache.hadoop.classification
org.apache.hadoop.hdfs.server.federation.store.driver,org.apache.hadoop.conf
org.apache.hadoop.hdfs.server.federation.store.driver,org.apache.hadoop.hdfs.server.federation.metrics
org.apache.hadoop.hdfs.server.federation.store.driver,org.apache.hadoop.hdfs.server.federation.router
org.apache.hadoop.hdfs.server.federation.store.driver,org.apache.hadoop.hdfs.server.federation.store
org.apache.hadoop.hdfs.server.federation.store.driver,org.apache.hadoop.hdfs.server.federation.store.records
org.apache.hadoop.hdfs.server.federation.store.driver,org.apache.hadoop.io.retry
org.apache.hadoop.hdfs.server.federation.store.driver,org.apache.hadoop.util
org.apache.hadoop.hdfs.server.federation.store.driver.impl,org.apache.hadoop.classification
org.apache.hadoop.hdfs.server.federation.store.driver.impl,org.apache.hadoop.conf
org.apache.hadoop.hdfs.server.federation.store.driver.impl,org.apache.hadoop.fs
org.apache.hadoop.hdfs.server.federation.store.driver.impl,org.apache.hadoop.hdfs
org.apache.hadoop.hdfs.server.federation.store.driver.impl,org.apache.hadoop.hdfs.server.federation.metrics
org.apache.hadoop.hdfs.server.federation.store.driver.impl,org.apache.hadoop.hdfs.server.federation.router
org.apache.hadoop.hdfs.server.federation.store.driver.impl,org.apache.hadoop.hdfs.server.federation.router.security.token
org.apache.hadoop.hdfs.server.federation.store.driver.impl,org.apache.hadoop.hdfs.server.federation.store
org.apache.hadoop.hdfs.server.federation.store.driver.impl,org.apache.hadoop.hdfs.server.federation.store.driver
org.apache.hadoop.hdfs.server.federation.store.driver.impl,org.apache.hadoop.hdfs.server.federation.store.records
org.apache.hadoop.hdfs.server.federation.store.driver.impl,org.apache.hadoop.hdfs.server.federation.store.records.impl.pb
org.apache.hadoop.hdfs.server.federation.store.driver.impl,org.apache.hadoop.util
org.apache.hadoop.hdfs.server.federation.store.driver.impl,org.apache.hadoop.util.curator
org.apache.hadoop.hdfs.server.federation.store.impl,org.apache.hadoop.classification
org.apache.hadoop.hdfs.server.federation.store.impl,org.apache.hadoop.fs
org.apache.hadoop.hdfs.server.federation.store.impl,org.apache.hadoop.fs.permission
org.apache.hadoop.hdfs.server.federation.store.impl,org.apache.hadoop.hdfs.server.federation.resolver
org.apache.hadoop.hdfs.server.federation.store.impl,org.apache.hadoop.hdfs.server.federation.router
org.apache.hadoop.hdfs.server.federation.store.impl,org.apache.hadoop.hdfs.server.federation.store
org.apache.hadoop.hdfs.server.federation.store.impl,org.apache.hadoop.hdfs.server.federation.store.driver
org.apache.hadoop.hdfs.server.federation.store.impl,org.apache.hadoop.hdfs.server.federation.store.protocol
org.apache.hadoop.hdfs.server.federation.store.impl,org.apache.hadoop.hdfs.server.federation.store.records
org.apache.hadoop.hdfs.server.federation.store.impl,org.apache.hadoop.security
org.apache.hadoop.hdfs.server.federation.store.impl,org.apache.hadoop.util
org.apache.hadoop.hdfs.server.federation.store.protocol,org.apache.hadoop.classification
org.apache.hadoop.hdfs.server.federation.store.protocol,org.apache.hadoop.fs
org.apache.hadoop.hdfs.server.federation.store.protocol,org.apache.hadoop.hdfs.server.federation.resolver
org.apache.hadoop.hdfs.server.federation.store.protocol,org.apache.hadoop.hdfs.server.federation.store.driver
org.apache.hadoop.hdfs.server.federation.store.protocol,org.apache.hadoop.hdfs.server.federation.store.records
org.apache.hadoop.hdfs.server.federation.store.protocol.impl.pb,org.apache.hadoop.classification
org.apache.hadoop.hdfs.server.federation.store.protocol.impl.pb,org.apache.hadoop.hdfs.server.federation.resolver
org.apache.hadoop.hdfs.server.federation.store.protocol.impl.pb,org.apache.hadoop.hdfs.server.federation.store.driver
org.apache.hadoop.hdfs.server.federation.store.protocol.impl.pb,org.apache.hadoop.hdfs.server.federation.store.protocol
org.apache.hadoop.hdfs.server.federation.store.protocol.impl.pb,org.apache.hadoop.hdfs.server.federation.store.records
org.apache.hadoop.hdfs.server.federation.store.protocol.impl.pb,org.apache.hadoop.hdfs.server.federation.store.records.impl.pb
org.apache.hadoop.hdfs.server.federation.store.records,org.apache.hadoop.classification
org.apache.hadoop.hdfs.server.federation.store.records,org.apache.hadoop.fs
org.apache.hadoop.hdfs.server.federation.store.records,org.apache.hadoop.fs.permission
org.apache.hadoop.hdfs.server.federation.store.records,org.apache.hadoop.hdfs.protocol
org.apache.hadoop.hdfs.server.federation.store.records,org.apache.hadoop.hdfs.server.federation.resolver
org.apache.hadoop.hdfs.server.federation.store.records,org.apache.hadoop.hdfs.server.federation.resolver.order
org.apache.hadoop.hdfs.server.federation.store.records,org.apache.hadoop.hdfs.server.federation.router
org.apache.hadoop.hdfs.server.federation.store.records,org.apache.hadoop.hdfs.server.federation.store.driver
org.apache.hadoop.hdfs.server.federation.store.records,org.apache.hadoop.hdfs.server.namenode
org.apache.hadoop.hdfs.server.federation.store.records,org.apache.hadoop.security
org.apache.hadoop.hdfs.server.federation.store.records,org.apache.hadoop.util
org.apache.hadoop.hdfs.server.federation.store.records.impl.pb,org.apache.hadoop.classification
org.apache.hadoop.hdfs.server.federation.store.records.impl.pb,org.apache.hadoop.fs
org.apache.hadoop.hdfs.server.federation.store.records.impl.pb,org.apache.hadoop.fs.permission
org.apache.hadoop.hdfs.server.federation.store.records.impl.pb,org.apache.hadoop.hdfs.protocol
org.apache.hadoop.hdfs.server.federation.store.records.impl.pb,org.apache.hadoop.hdfs.server.federation.resolver
org.apache.hadoop.hdfs.server.federation.store.records.impl.pb,org.apache.hadoop.hdfs.server.federation.resolver.order
org.apache.hadoop.hdfs.server.federation.store.records.impl.pb,org.apache.hadoop.hdfs.server.federation.router
org.apache.hadoop.hdfs.server.federation.store.records.impl.pb,org.apache.hadoop.hdfs.server.federation.store.driver
org.apache.hadoop.hdfs.server.federation.store.records.impl.pb,org.apache.hadoop.hdfs.server.federation.store.protocol.impl.pb
org.apache.hadoop.hdfs.server.federation.store.records.impl.pb,org.apache.hadoop.hdfs.server.federation.store.records
org.apache.hadoop.hdfs.server.federation.utils,org.apache.hadoop.classification
org.apache.hadoop.hdfs.server.federation.utils,org.apache.hadoop.io
org.apache.hadoop.hdfs.server.mover,org.apache.hadoop.classification
org.apache.hadoop.hdfs.server.mover,org.apache.hadoop.conf
org.apache.hadoop.hdfs.server.mover,org.apache.hadoop.fs
org.apache.hadoop.hdfs.server.mover,org.apache.hadoop.hdfs
org.apache.hadoop.hdfs.server.mover,org.apache.hadoop.hdfs.protocol
org.apache.hadoop.hdfs.server.mover,org.apache.hadoop.hdfs.server.balancer
org.apache.hadoop.hdfs.server.mover,org.apache.hadoop.hdfs.server.blockmanagement
org.apache.hadoop.hdfs.server.mover,org.apache.hadoop.hdfs.server.common
org.apache.hadoop.hdfs.server.mover,org.apache.hadoop.hdfs.server.namenode
org.apache.hadoop.hdfs.server.mover,org.apache.hadoop.hdfs.server.protocol
org.apache.hadoop.hdfs.server.mover,org.apache.hadoop.io
org.apache.hadoop.hdfs.server.mover,org.apache.hadoop.metrics2.annotation
org.apache.hadoop.hdfs.server.mover,org.apache.hadoop.metrics2.lib
org.apache.hadoop.hdfs.server.mover,org.apache.hadoop.metrics2.source
org.apache.hadoop.hdfs.server.mover,org.apache.hadoop.net
org.apache.hadoop.hdfs.server.mover,org.apache.hadoop.security
org.apache.hadoop.hdfs.server.mover,org.apache.hadoop.util
org.apache.hadoop.hdfs.server.namenode,org.apache.hadoop
org.apache.hadoop.hdfs.server.namenode,org.apache.hadoop.classification
org.apache.hadoop.hdfs.server.namenode,org.apache.hadoop.conf
org.apache.hadoop.hdfs.server.namenode,org.apache.hadoop.crypto
org.apache.hadoop.hdfs.server.namenode,org.apache.hadoop.crypto.key
org.apache.hadoop.hdfs.server.namenode,org.apache.hadoop.fs
org.apache.hadoop.hdfs.server.namenode,org.apache.hadoop.fs.permission
org.apache.hadoop.hdfs.server.namenode,org.apache.hadoop.ha
org.apache.hadoop.hdfs.server.namenode,org.apache.hadoop.ha.protocolPB
org.apache.hadoop.hdfs.server.namenode,org.apache.hadoop.hdfs
org.apache.hadoop.hdfs.server.namenode,org.apache.hadoop.hdfs.client
org.apache.hadoop.hdfs.server.namenode,org.apache.hadoop.hdfs.client.impl
org.apache.hadoop.hdfs.server.namenode,org.apache.hadoop.hdfs.inotify
org.apache.hadoop.hdfs.server.namenode,org.apache.hadoop.hdfs.net
org.apache.hadoop.hdfs.server.namenode,org.apache.hadoop.hdfs.protocol
org.apache.hadoop.hdfs.server.namenode,org.apache.hadoop.hdfs.protocol.datatransfer
org.apache.hadoop.hdfs.server.namenode,org.apache.hadoop.hdfs.protocol.datatransfer.sasl
org.apache.hadoop.hdfs.server.namenode,org.apache.hadoop.hdfs.protocolPB
org.apache.hadoop.hdfs.server.namenode,org.apache.hadoop.hdfs.security.token.block
org.apache.hadoop.hdfs.server.namenode,org.apache.hadoop.hdfs.security.token.delegation
org.apache.hadoop.hdfs.server.namenode,org.apache.hadoop.hdfs.server.aliasmap
org.apache.hadoop.hdfs.server.namenode,org.apache.hadoop.hdfs.server.blockmanagement
org.apache.hadoop.hdfs.server.namenode,org.apache.hadoop.hdfs.server.common
org.apache.hadoop.hdfs.server.namenode,org.apache.hadoop.hdfs.server.common.blockaliasmap
org.apache.hadoop.hdfs.server.namenode,org.apache.hadoop.hdfs.server.datanode
org.apache.hadoop.hdfs.server.namenode,org.apache.hadoop.hdfs.server.namenode.fgl
org.apache.hadoop.hdfs.server.namenode,org.apache.hadoop.hdfs.server.namenode.ha
org.apache.hadoop.hdfs.server.namenode,org.apache.hadoop.hdfs.server.namenode.metrics
org.apache.hadoop.hdfs.server.namenode,org.apache.hadoop.hdfs.server.namenode.snapshot
org.apache.hadoop.hdfs.server.namenode,org.apache.hadoop.hdfs.server.namenode.sps
org.apache.hadoop.hdfs.server.namenode,org.apache.hadoop.hdfs.server.namenode.startupprogress
org.apache.hadoop.hdfs.server.namenode,org.apache.hadoop.hdfs.server.namenode.top
org.apache.hadoop.hdfs.server.namenode,org.apache.hadoop.hdfs.server.namenode.top.metrics
org.apache.hadoop.hdfs.server.namenode,org.apache.hadoop.hdfs.server.namenode.top.window
org.apache.hadoop.hdfs.server.namenode,org.apache.hadoop.hdfs.server.namenode.visitor
org.apache.hadoop.hdfs.server.namenode,org.apache.hadoop.hdfs.server.namenode.web.resources
org.apache.hadoop.hdfs.server.namenode,org.apache.hadoop.hdfs.server.protocol
org.apache.hadoop.hdfs.server.namenode,org.apache.hadoop.hdfs.util
org.apache.hadoop.hdfs.server.namenode,org.apache.hadoop.hdfs.web
org.apache.hadoop.hdfs.server.namenode,org.apache.hadoop.hdfs.web.resources
org.apache.hadoop.hdfs.server.namenode,org.apache.hadoop.http
org.apache.hadoop.hdfs.server.namenode,org.apache.hadoop.io
org.apache.hadoop.hdfs.server.namenode,org.apache.hadoop.io.compress
org.apache.hadoop.hdfs.server.namenode,org.apache.hadoop.io.erasurecode
org.apache.hadoop.hdfs.server.namenode,org.apache.hadoop.io.nativeio
org.apache.hadoop.hdfs.server.namenode,org.apache.hadoop.ipc
org.apache.hadoop.hdfs.server.namenode,org.apache.hadoop.ipc.protocolPB
org.apache.hadoop.hdfs.server.namenode,org.apache.hadoop.log
org.apache.hadoop.hdfs.server.namenode,org.apache.hadoop.metrics2.annotation
org.apache.hadoop.hdfs.server.namenode,org.apache.hadoop.metrics2.lib
org.apache.hadoop.hdfs.server.namenode,org.apache.hadoop.metrics2.source
org.apache.hadoop.hdfs.server.namenode,org.apache.hadoop.metrics2.util
org.apache.hadoop.hdfs.server.namenode,org.apache.hadoop.net
org.apache.hadoop.hdfs.server.namenode,org.apache.hadoop.security
org.apache.hadoop.hdfs.server.namenode,org.apache.hadoop.security.authentication.client
org.apache.hadoop.hdfs.server.namenode,org.apache.hadoop.security.authorize
org.apache.hadoop.hdfs.server.namenode,org.apache.hadoop.security.http
org.apache.hadoop.hdfs.server.namenode,org.apache.hadoop.security.protocolPB
org.apache.hadoop.hdfs.server.namenode,org.apache.hadoop.security.token
org.apache.hadoop.hdfs.server.namenode,org.apache.hadoop.security.token.delegation
org.apache.hadoop.hdfs.server.namenode,org.apache.hadoop.tools
org.apache.hadoop.hdfs.server.namenode,org.apache.hadoop.tools.protocolPB
org.apache.hadoop.hdfs.server.namenode,org.apache.hadoop.tracing
org.apache.hadoop.hdfs.server.namenode,org.apache.hadoop.util
org.apache.hadoop.hdfs.server.namenode.fgl,org.apache.hadoop.classification
org.apache.hadoop.hdfs.server.namenode.fgl,org.apache.hadoop.conf
org.apache.hadoop.hdfs.server.namenode.fgl,org.apache.hadoop.hdfs.server.namenode
org.apache.hadoop.hdfs.server.namenode.fgl,org.apache.hadoop.hdfs.util
org.apache.hadoop.hdfs.server.namenode.fgl,org.apache.hadoop.metrics2.lib
org.apache.hadoop.hdfs.server.namenode.ha,org.apache.hadoop
org.apache.hadoop.hdfs.server.namenode.ha,org.apache.hadoop.classification
org.apache.hadoop.hdfs.server.namenode.ha,org.apache.hadoop.conf
org.apache.hadoop.hdfs.server.namenode.ha,org.apache.hadoop.fs
org.apache.hadoop.hdfs.server.namenode.ha,org.apache.hadoop.ha
org.apache.hadoop.hdfs.server.namenode.ha,org.apache.hadoop.hdfs
org.apache.hadoop.hdfs.server.namenode.ha,org.apache.hadoop.hdfs.client
org.apache.hadoop.hdfs.server.namenode.ha,org.apache.hadoop.hdfs.protocol
org.apache.hadoop.hdfs.server.namenode.ha,org.apache.hadoop.hdfs.protocolPB
org.apache.hadoop.hdfs.server.namenode.ha,org.apache.hadoop.hdfs.server.common
org.apache.hadoop.hdfs.server.namenode.ha,org.apache.hadoop.hdfs.server.namenode
org.apache.hadoop.hdfs.server.namenode.ha,org.apache.hadoop.hdfs.server.protocol
org.apache.hadoop.hdfs.server.namenode.ha,org.apache.hadoop.hdfs.tools
org.apache.hadoop.hdfs.server.namenode.ha,org.apache.hadoop.hdfs.util
org.apache.hadoop.hdfs.server.namenode.ha,org.apache.hadoop.io
org.apache.hadoop.hdfs.server.namenode.ha,org.apache.hadoop.io.retry
org.apache.hadoop.hdfs.server.namenode.ha,org.apache.hadoop.ipc
org.apache.hadoop.hdfs.server.namenode.ha,org.apache.hadoop.net
org.apache.hadoop.hdfs.server.namenode.ha,org.apache.hadoop.security
org.apache.hadoop.hdfs.server.namenode.ha,org.apache.hadoop.util
org.apache.hadoop.hdfs.server.namenode.metrics,org.apache.hadoop.classification
org.apache.hadoop.hdfs.server.namenode.metrics,org.apache.hadoop.conf
org.apache.hadoop.hdfs.server.namenode.metrics,org.apache.hadoop.hdfs
org.apache.hadoop.hdfs.server.namenode.metrics,org.apache.hadoop.metrics2
org.apache.hadoop.hdfs.server.namenode.metrics,org.apache.hadoop.metrics2.annotation
org.apache.hadoop.hdfs.server.namenode.metrics,org.apache.hadoop.metrics2.lib
org.apache.hadoop.hdfs.server.namenode.metrics,org.apache.hadoop.metrics2.source
org.apache.hadoop.hdfs.server.namenode.snapshot,org.apache.hadoop
org.apache.hadoop.hdfs.server.namenode.snapshot,org.apache.hadoop.classification
org.apache.hadoop.hdfs.server.namenode.snapshot,org.apache.hadoop.conf
org.apache.hadoop.hdfs.server.namenode.snapshot,org.apache.hadoop.fs
org.apache.hadoop.hdfs.server.namenode.snapshot,org.apache.hadoop.fs.permission
org.apache.hadoop.hdfs.server.namenode.snapshot,org.apache.hadoop.hdfs
org.apache.hadoop.hdfs.server.namenode.snapshot,org.apache.hadoop.hdfs.protocol
org.apache.hadoop.hdfs.server.namenode.snapshot,org.apache.hadoop.hdfs.protocolPB
org.apache.hadoop.hdfs.server.namenode.snapshot,org.apache.hadoop.hdfs.server.blockmanagement
org.apache.hadoop.hdfs.server.namenode.snapshot,org.apache.hadoop.hdfs.server.common
org.apache.hadoop.hdfs.server.namenode.snapshot,org.apache.hadoop.hdfs.server.namenode
org.apache.hadoop.hdfs.server.namenode.snapshot,org.apache.hadoop.hdfs.tools.snapshot
org.apache.hadoop.hdfs.server.namenode.snapshot,org.apache.hadoop.hdfs.util
org.apache.hadoop.hdfs.server.namenode.snapshot,org.apache.hadoop.metrics2.util
org.apache.hadoop.hdfs.server.namenode.snapshot,org.apache.hadoop.security
org.apache.hadoop.hdfs.server.namenode.snapshot,org.apache.hadoop.util
org.apache.hadoop.hdfs.server.namenode.sps,org.apache.hadoop.classification
org.apache.hadoop.hdfs.server.namenode.sps,org.apache.hadoop.conf
org.apache.hadoop.hdfs.server.namenode.sps,org.apache.hadoop.fs
org.apache.hadoop.hdfs.server.namenode.sps,org.apache.hadoop.hdfs
org.apache.hadoop.hdfs.server.namenode.sps,org.apache.hadoop.hdfs.protocol
org.apache.hadoop.hdfs.server.namenode.sps,org.apache.hadoop.hdfs.server.balancer
org.apache.hadoop.hdfs.server.namenode.sps,org.apache.hadoop.hdfs.server.common
org.apache.hadoop.hdfs.server.namenode.sps,org.apache.hadoop.hdfs.server.namenode
org.apache.hadoop.hdfs.server.namenode.sps,org.apache.hadoop.hdfs.server.protocol
org.apache.hadoop.hdfs.server.namenode.sps,org.apache.hadoop.hdfs.server.sps
org.apache.hadoop.hdfs.server.namenode.sps,org.apache.hadoop.hdfs.util
org.apache.hadoop.hdfs.server.namenode.sps,org.apache.hadoop.net
org.apache.hadoop.hdfs.server.namenode.sps,org.apache.hadoop.util
org.apache.hadoop.hdfs.server.namenode.startupprogress,org.apache.hadoop.classification
org.apache.hadoop.hdfs.server.namenode.startupprogress,org.apache.hadoop.metrics2
org.apache.hadoop.hdfs.server.namenode.startupprogress,org.apache.hadoop.metrics2.lib
org.apache.hadoop.hdfs.server.namenode.startupprogress,org.apache.hadoop.util
org.apache.hadoop.hdfs.server.namenode.top,org.apache.hadoop.classification
org.apache.hadoop.hdfs.server.namenode.top,org.apache.hadoop.conf
org.apache.hadoop.hdfs.server.namenode.top,org.apache.hadoop.fs
org.apache.hadoop.hdfs.server.namenode.top,org.apache.hadoop.hdfs
org.apache.hadoop.hdfs.server.namenode.top,org.apache.hadoop.hdfs.server.namenode
org.apache.hadoop.hdfs.server.namenode.top,org.apache.hadoop.hdfs.server.namenode.top.metrics
org.apache.hadoop.hdfs.server.namenode.top,org.apache.hadoop.metrics2.lib
org.apache.hadoop.hdfs.server.namenode.top,org.apache.hadoop.util
org.apache.hadoop.hdfs.server.namenode.top.metrics,org.apache.hadoop.classification
org.apache.hadoop.hdfs.server.namenode.top.metrics,org.apache.hadoop.conf
org.apache.hadoop.hdfs.server.namenode.top.metrics,org.apache.hadoop.fs
org.apache.hadoop.hdfs.server.namenode.top.metrics,org.apache.hadoop.hdfs
org.apache.hadoop.hdfs.server.namenode.top.metrics,org.apache.hadoop.hdfs.server.namenode.top.window
org.apache.hadoop.hdfs.server.namenode.top.metrics,org.apache.hadoop.metrics2
org.apache.hadoop.hdfs.server.namenode.top.metrics,org.apache.hadoop.metrics2.lib
org.apache.hadoop.hdfs.server.namenode.top.metrics,org.apache.hadoop.security
org.apache.hadoop.hdfs.server.namenode.top.metrics,org.apache.hadoop.util
org.apache.hadoop.hdfs.server.namenode.top.window,org.apache.hadoop.classification
org.apache.hadoop.hdfs.server.namenode.top.window,org.apache.hadoop.conf
org.apache.hadoop.hdfs.server.namenode.top.window,org.apache.hadoop.hdfs
org.apache.hadoop.hdfs.server.namenode.top.window,org.apache.hadoop.hdfs.server.namenode.top
org.apache.hadoop.hdfs.server.namenode.top.window,org.apache.hadoop.util
org.apache.hadoop.hdfs.server.namenode.visitor,org.apache.hadoop.hdfs.server.namenode
org.apache.hadoop.hdfs.server.namenode.visitor,org.apache.hadoop.hdfs.server.namenode.snapshot
org.apache.hadoop.hdfs.server.namenode.visitor,org.apache.hadoop.util
org.apache.hadoop.hdfs.server.namenode.web.resources,org.apache.hadoop.classification
org.apache.hadoop.hdfs.server.namenode.web.resources,org.apache.hadoop.conf
org.apache.hadoop.hdfs.server.namenode.web.resources,org.apache.hadoop.fs
org.apache.hadoop.hdfs.server.namenode.web.resources,org.apache.hadoop.fs.permission
org.apache.hadoop.hdfs.server.namenode.web.resources,org.apache.hadoop.hdfs
org.apache.hadoop.hdfs.server.namenode.web.resources,org.apache.hadoop.hdfs.protocol
org.apache.hadoop.hdfs.server.namenode.web.resources,org.apache.hadoop.hdfs.protocolPB
org.apache.hadoop.hdfs.server.namenode.web.resources,org.apache.hadoop.hdfs.security.token.delegation
org.apache.hadoop.hdfs.server.namenode.web.resources,org.apache.hadoop.hdfs.server.blockmanagement
org.apache.hadoop.hdfs.server.namenode.web.resources,org.apache.hadoop.hdfs.server.common
org.apache.hadoop.hdfs.server.namenode.web.resources,org.apache.hadoop.hdfs.server.namenode
org.apache.hadoop.hdfs.server.namenode.web.resources,org.apache.hadoop.hdfs.server.protocol
org.apache.hadoop.hdfs.server.namenode.web.resources,org.apache.hadoop.hdfs.web
org.apache.hadoop.hdfs.server.namenode.web.resources,org.apache.hadoop.http
org.apache.hadoop.hdfs.server.namenode.web.resources,org.apache.hadoop.io
org.apache.hadoop.hdfs.server.namenode.web.resources,org.apache.hadoop.ipc
org.apache.hadoop.hdfs.server.namenode.web.resources,org.apache.hadoop.net
org.apache.hadoop.hdfs.server.namenode.web.resources,org.apache.hadoop.security
org.apache.hadoop.hdfs.server.namenode.web.resources,org.apache.hadoop.security.token
org.apache.hadoop.hdfs.server.namenode.web.resources,org.apache.hadoop.util
org.apache.hadoop.hdfs.server.protocol,org.apache.hadoop.classification
org.apache.hadoop.hdfs.server.protocol,org.apache.hadoop.fs
org.apache.hadoop.hdfs.server.protocol,org.apache.hadoop.ha
org.apache.hadoop.hdfs.server.protocol,org.apache.hadoop.hdfs
org.apache.hadoop.hdfs.server.protocol,org.apache.hadoop.hdfs.protocol
org.apache.hadoop.hdfs.server.protocol,org.apache.hadoop.hdfs.security.token.block
org.apache.hadoop.hdfs.server.protocol,org.apache.hadoop.hdfs.server.blockmanagement
org.apache.hadoop.hdfs.server.protocol,org.apache.hadoop.hdfs.server.common
org.apache.hadoop.hdfs.server.protocol,org.apache.hadoop.hdfs.server.namenode
org.apache.hadoop.hdfs.server.protocol,org.apache.hadoop.hdfs.server.namenode.ha
org.apache.hadoop.hdfs.server.protocol,org.apache.hadoop.io.retry
org.apache.hadoop.hdfs.server.protocol,org.apache.hadoop.ipc
org.apache.hadoop.hdfs.server.protocol,org.apache.hadoop.security
org.apache.hadoop.hdfs.server.protocol,org.apache.hadoop.security.authorize
org.apache.hadoop.hdfs.server.protocol,org.apache.hadoop.tools
org.apache.hadoop.hdfs.server.protocol,org.apache.hadoop.util
org.apache.hadoop.hdfs.server.sps,org.apache.hadoop.classification
org.apache.hadoop.hdfs.server.sps,org.apache.hadoop.conf
org.apache.hadoop.hdfs.server.sps,org.apache.hadoop.fs
org.apache.hadoop.hdfs.server.sps,org.apache.hadoop.hdfs
org.apache.hadoop.hdfs.server.sps,org.apache.hadoop.hdfs.client
org.apache.hadoop.hdfs.server.sps,org.apache.hadoop.hdfs.protocol
org.apache.hadoop.hdfs.server.sps,org.apache.hadoop.hdfs.protocol.datatransfer
org.apache.hadoop.hdfs.server.sps,org.apache.hadoop.hdfs.protocol.datatransfer.sasl
org.apache.hadoop.hdfs.server.sps,org.apache.hadoop.hdfs.security.token.block
org.apache.hadoop.hdfs.server.sps,org.apache.hadoop.hdfs.server.balancer
org.apache.hadoop.hdfs.server.sps,org.apache.hadoop.hdfs.server.blockmanagement
org.apache.hadoop.hdfs.server.sps,org.apache.hadoop.hdfs.server.common
org.apache.hadoop.hdfs.server.sps,org.apache.hadoop.hdfs.server.common.sps
org.apache.hadoop.hdfs.server.sps,org.apache.hadoop.hdfs.server.namenode.sps
org.apache.hadoop.hdfs.server.sps,org.apache.hadoop.hdfs.server.protocol
org.apache.hadoop.hdfs.server.sps,org.apache.hadoop.hdfs.server.sps.metrics
org.apache.hadoop.hdfs.server.sps,org.apache.hadoop.net
org.apache.hadoop.hdfs.server.sps,org.apache.hadoop.security
org.apache.hadoop.hdfs.server.sps,org.apache.hadoop.security.token
org.apache.hadoop.hdfs.server.sps,org.apache.hadoop.util
org.apache.hadoop.hdfs.server.sps.metrics,org.apache.hadoop.classification
org.apache.hadoop.hdfs.server.sps.metrics,org.apache.hadoop.hdfs.protocol
org.apache.hadoop.hdfs.server.sps.metrics,org.apache.hadoop.hdfs.server.namenode.sps
org.apache.hadoop.hdfs.server.sps.metrics,org.apache.hadoop.metrics2.util
org.apache.hadoop.hdfs.shortcircuit,org.apache.hadoop
org.apache.hadoop.hdfs.shortcircuit,org.apache.hadoop.classification
org.apache.hadoop.hdfs.shortcircuit,org.apache.hadoop.fs
org.apache.hadoop.hdfs.shortcircuit,org.apache.hadoop.hdfs
org.apache.hadoop.hdfs.shortcircuit,org.apache.hadoop.hdfs.client
org.apache.hadoop.hdfs.shortcircuit,org.apache.hadoop.hdfs.net
org.apache.hadoop.hdfs.shortcircuit,org.apache.hadoop.hdfs.protocol
org.apache.hadoop.hdfs.shortcircuit,org.apache.hadoop.hdfs.protocol.datatransfer
org.apache.hadoop.hdfs.shortcircuit,org.apache.hadoop.hdfs.protocolPB
org.apache.hadoop.hdfs.shortcircuit,org.apache.hadoop.hdfs.server.datanode
org.apache.hadoop.hdfs.shortcircuit,org.apache.hadoop.hdfs.util
org.apache.hadoop.hdfs.shortcircuit,org.apache.hadoop.io
org.apache.hadoop.hdfs.shortcircuit,org.apache.hadoop.io.nativeio
org.apache.hadoop.hdfs.shortcircuit,org.apache.hadoop.ipc
org.apache.hadoop.hdfs.shortcircuit,org.apache.hadoop.net.unix
org.apache.hadoop.hdfs.shortcircuit,org.apache.hadoop.util
org.apache.hadoop.hdfs.tools,org.apache.hadoop
org.apache.hadoop.hdfs.tools,org.apache.hadoop.classification
org.apache.hadoop.hdfs.tools,org.apache.hadoop.conf
org.apache.hadoop.hdfs.tools,org.apache.hadoop.fs
org.apache.hadoop.hdfs.tools,org.apache.hadoop.fs.permission
org.apache.hadoop.hdfs.tools,org.apache.hadoop.fs.shell
org.apache.hadoop.hdfs.tools,org.apache.hadoop.fs.viewfs
org.apache.hadoop.hdfs.tools,org.apache.hadoop.ha
org.apache.hadoop.hdfs.tools,org.apache.hadoop.hdfs
org.apache.hadoop.hdfs.tools,org.apache.hadoop.hdfs.client
org.apache.hadoop.hdfs.tools,org.apache.hadoop.hdfs.client.impl
org.apache.hadoop.hdfs.tools,org.apache.hadoop.hdfs.net
org.apache.hadoop.hdfs.tools,org.apache.hadoop.hdfs.protocol
org.apache.hadoop.hdfs.tools,org.apache.hadoop.hdfs.security.token.block
org.apache.hadoop.hdfs.tools,org.apache.hadoop.hdfs.security.token.delegation
org.apache.hadoop.hdfs.tools,org.apache.hadoop.hdfs.server.datanode
org.apache.hadoop.hdfs.tools,org.apache.hadoop.hdfs.server.datanode.fsdataset.impl
org.apache.hadoop.hdfs.tools,org.apache.hadoop.hdfs.server.diskbalancer.command
org.apache.hadoop.hdfs.tools,org.apache.hadoop.hdfs.server.namenode
org.apache.hadoop.hdfs.tools,org.apache.hadoop.hdfs.util
org.apache.hadoop.hdfs.tools,org.apache.hadoop.hdfs.web
org.apache.hadoop.hdfs.tools,org.apache.hadoop.io
org.apache.hadoop.hdfs.tools,org.apache.hadoop.io.erasurecode
org.apache.hadoop.hdfs.tools,org.apache.hadoop.io.erasurecode.rawcoder
org.apache.hadoop.hdfs.tools,org.apache.hadoop.ipc
org.apache.hadoop.hdfs.tools,org.apache.hadoop.ipc.protocolPB
org.apache.hadoop.hdfs.tools,org.apache.hadoop.net
org.apache.hadoop.hdfs.tools,org.apache.hadoop.security
org.apache.hadoop.hdfs.tools,org.apache.hadoop.security.authentication.client
org.apache.hadoop.hdfs.tools,org.apache.hadoop.security.authorize
org.apache.hadoop.hdfs.tools,org.apache.hadoop.security.token
org.apache.hadoop.hdfs.tools,org.apache.hadoop.tools
org.apache.hadoop.hdfs.tools,org.apache.hadoop.util
org.apache.hadoop.hdfs.tools.federation,org.apache.hadoop.classification
org.apache.hadoop.hdfs.tools.federation,org.apache.hadoop.conf
org.apache.hadoop.hdfs.tools.federation,org.apache.hadoop.fs
org.apache.hadoop.hdfs.tools.federation,org.apache.hadoop.fs.permission
org.apache.hadoop.hdfs.tools.federation,org.apache.hadoop.hdfs
org.apache.hadoop.hdfs.tools.federation,org.apache.hadoop.hdfs.protocol
org.apache.hadoop.hdfs.tools.federation,org.apache.hadoop.hdfs.server.federation.resolver
org.apache.hadoop.hdfs.tools.federation,org.apache.hadoop.hdfs.server.federation.resolver.order
org.apache.hadoop.hdfs.tools.federation,org.apache.hadoop.hdfs.server.federation.router
org.apache.hadoop.hdfs.tools.federation,org.apache.hadoop.hdfs.server.federation.store
org.apache.hadoop.hdfs.tools.federation,org.apache.hadoop.hdfs.server.federation.store.protocol
org.apache.hadoop.hdfs.tools.federation,org.apache.hadoop.hdfs.server.federation.store.records
org.apache.hadoop.hdfs.tools.federation,org.apache.hadoop.hdfs.server.federation.store.records.impl.pb
org.apache.hadoop.hdfs.tools.federation,org.apache.hadoop.ipc
org.apache.hadoop.hdfs.tools.federation,org.apache.hadoop.ipc.protocolPB
org.apache.hadoop.hdfs.tools.federation,org.apache.hadoop.net
org.apache.hadoop.hdfs.tools.federation,org.apache.hadoop.security
org.apache.hadoop.hdfs.tools.federation,org.apache.hadoop.util
org.apache.hadoop.hdfs.tools.offlineEditsViewer,org.apache.hadoop.classification
org.apache.hadoop.hdfs.tools.offlineEditsViewer,org.apache.hadoop.conf
org.apache.hadoop.hdfs.tools.offlineEditsViewer,org.apache.hadoop.hdfs.server.common
org.apache.hadoop.hdfs.tools.offlineEditsViewer,org.apache.hadoop.hdfs.server.namenode
org.apache.hadoop.hdfs.tools.offlineEditsViewer,org.apache.hadoop.hdfs.util
org.apache.hadoop.hdfs.tools.offlineEditsViewer,org.apache.hadoop.io
org.apache.hadoop.hdfs.tools.offlineEditsViewer,org.apache.hadoop.util
org.apache.hadoop.hdfs.tools.offlineImageViewer,org.apache.hadoop.classification
org.apache.hadoop.hdfs.tools.offlineImageViewer,org.apache.hadoop.conf
org.apache.hadoop.hdfs.tools.offlineImageViewer,org.apache.hadoop.fs
org.apache.hadoop.hdfs.tools.offlineImageViewer,org.apache.hadoop.fs.permission
org.apache.hadoop.hdfs.tools.offlineImageViewer,org.apache.hadoop.hdfs
org.apache.hadoop.hdfs.tools.offlineImageViewer,org.apache.hadoop.hdfs.protocol
org.apache.hadoop.hdfs.tools.offlineImageViewer,org.apache.hadoop.hdfs.protocolPB
org.apache.hadoop.hdfs.tools.offlineImageViewer,org.apache.hadoop.hdfs.security.token.delegation
org.apache.hadoop.hdfs.tools.offlineImageViewer,org.apache.hadoop.hdfs.server.blockmanagement
org.apache.hadoop.hdfs.tools.offlineImageViewer,org.apache.hadoop.hdfs.server.namenode
org.apache.hadoop.hdfs.tools.offlineImageViewer,org.apache.hadoop.hdfs.util
org.apache.hadoop.hdfs.tools.offlineImageViewer,org.apache.hadoop.hdfs.web
org.apache.hadoop.hdfs.tools.offlineImageViewer,org.apache.hadoop.hdfs.web.resources
org.apache.hadoop.hdfs.tools.offlineImageViewer,org.apache.hadoop.io
org.apache.hadoop.hdfs.tools.offlineImageViewer,org.apache.hadoop.io.compress
org.apache.hadoop.hdfs.tools.offlineImageViewer,org.apache.hadoop.io.erasurecode
org.apache.hadoop.hdfs.tools.offlineImageViewer,org.apache.hadoop.net
org.apache.hadoop.hdfs.tools.offlineImageViewer,org.apache.hadoop.security
org.apache.hadoop.hdfs.tools.offlineImageViewer,org.apache.hadoop.security.token.delegation
org.apache.hadoop.hdfs.tools.offlineImageViewer,org.apache.hadoop.util
org.apache.hadoop.hdfs.tools.snapshot,org.apache.hadoop.classification
org.apache.hadoop.hdfs.tools.snapshot,org.apache.hadoop.conf
org.apache.hadoop.hdfs.tools.snapshot,org.apache.hadoop.fs
org.apache.hadoop.hdfs.tools.snapshot,org.apache.hadoop.hdfs
org.apache.hadoop.hdfs.tools.snapshot,org.apache.hadoop.hdfs.protocol
org.apache.hadoop.hdfs.tools.snapshot,org.apache.hadoop.hdfs.tools
org.apache.hadoop.hdfs.tools.snapshot,org.apache.hadoop.util
org.apache.hadoop.hdfs.util,org.apache.hadoop
org.apache.hadoop.hdfs.util,org.apache.hadoop.classification
org.apache.hadoop.hdfs.util,org.apache.hadoop.fs
org.apache.hadoop.hdfs.util,org.apache.hadoop.hdfs
org.apache.hadoop.hdfs.util,org.apache.hadoop.hdfs.protocol
org.apache.hadoop.hdfs.util,org.apache.hadoop.hdfs.security.token.block
org.apache.hadoop.hdfs.util,org.apache.hadoop.io
org.apache.hadoop.hdfs.util,org.apache.hadoop.io.erasurecode
org.apache.hadoop.hdfs.util,org.apache.hadoop.io.nativeio
org.apache.hadoop.hdfs.util,org.apache.hadoop.security.token
org.apache.hadoop.hdfs.util,org.apache.hadoop.util
org.apache.hadoop.hdfs.web,org.apache.hadoop.classification
org.apache.hadoop.hdfs.web,org.apache.hadoop.conf
org.apache.hadoop.hdfs.web,org.apache.hadoop.crypto.key
org.apache.hadoop.hdfs.web,org.apache.hadoop.fs
org.apache.hadoop.hdfs.web,org.apache.hadoop.fs.impl
org.apache.hadoop.hdfs.web,org.apache.hadoop.fs.permission
org.apache.hadoop.hdfs.web,org.apache.hadoop.hdfs
org.apache.hadoop.hdfs.web,org.apache.hadoop.hdfs.client
org.apache.hadoop.hdfs.web,org.apache.hadoop.hdfs.protocol
org.apache.hadoop.hdfs.web,org.apache.hadoop.hdfs.protocolPB
org.apache.hadoop.hdfs.web,org.apache.hadoop.hdfs.security.token.block
org.apache.hadoop.hdfs.web,org.apache.hadoop.hdfs.security.token.delegation
org.apache.hadoop.hdfs.web,org.apache.hadoop.hdfs.web.oauth2
org.apache.hadoop.hdfs.web,org.apache.hadoop.hdfs.web.resources
org.apache.hadoop.hdfs.web,org.apache.hadoop.http
org.apache.hadoop.hdfs.web,org.apache.hadoop.io
org.apache.hadoop.hdfs.web,org.apache.hadoop.io.erasurecode
org.apache.hadoop.hdfs.web,org.apache.hadoop.io.retry
org.apache.hadoop.hdfs.web,org.apache.hadoop.ipc
org.apache.hadoop.hdfs.web,org.apache.hadoop.net
org.apache.hadoop.hdfs.web,org.apache.hadoop.security
org.apache.hadoop.hdfs.web,org.apache.hadoop.security.authentication.client
org.apache.hadoop.hdfs.web,org.apache.hadoop.security.authentication.server
org.apache.hadoop.hdfs.web,org.apache.hadoop.security.authorize
org.apache.hadoop.hdfs.web,org.apache.hadoop.security.ssl
org.apache.hadoop.hdfs.web,org.apache.hadoop.security.token
org.apache.hadoop.hdfs.web,org.apache.hadoop.security.token.delegation
org.apache.hadoop.hdfs.web,org.apache.hadoop.util
org.apache.hadoop.hdfs.web.oauth2,org.apache.hadoop.classification
org.apache.hadoop.hdfs.web.oauth2,org.apache.hadoop.conf
org.apache.hadoop.hdfs.web.oauth2,org.apache.hadoop.hdfs.web
org.apache.hadoop.hdfs.web.oauth2,org.apache.hadoop.security.authentication.client
org.apache.hadoop.hdfs.web.oauth2,org.apache.hadoop.util
org.apache.hadoop.hdfs.web.resources,org.apache.hadoop.classification
org.apache.hadoop.hdfs.web.resources,org.apache.hadoop.conf
org.apache.hadoop.hdfs.web.resources,org.apache.hadoop.fs
org.apache.hadoop.hdfs.web.resources,org.apache.hadoop.fs.permission
org.apache.hadoop.hdfs.web.resources,org.apache.hadoop.hdfs.protocol
org.apache.hadoop.hdfs.web.resources,org.apache.hadoop.hdfs.server.common
org.apache.hadoop.hdfs.web.resources,org.apache.hadoop.hdfs.server.namenode
org.apache.hadoop.hdfs.web.resources,org.apache.hadoop.hdfs.web
org.apache.hadoop.hdfs.web.resources,org.apache.hadoop.ipc
org.apache.hadoop.hdfs.web.resources,org.apache.hadoop.security
org.apache.hadoop.hdfs.web.resources,org.apache.hadoop.security.authorize
org.apache.hadoop.hdfs.web.resources,org.apache.hadoop.util
org.apache.hadoop.http,org.apache.hadoop
org.apache.hadoop.http,org.apache.hadoop.classification
org.apache.hadoop.http,org.apache.hadoop.conf
org.apache.hadoop.http,org.apache.hadoop.fs
org.apache.hadoop.http,org.apache.hadoop.jmx
org.apache.hadoop.http,org.apache.hadoop.log
org.apache.hadoop.http,org.apache.hadoop.metrics2
org.apache.hadoop.http,org.apache.hadoop.metrics2.annotation
org.apache.hadoop.http,org.apache.hadoop.metrics2.lib
org.apache.hadoop.http,org.apache.hadoop.metrics2.sink
org.apache.hadoop.http,org.apache.hadoop.security
org.apache.hadoop.http,org.apache.hadoop.security.authentication.server
org.apache.hadoop.http,org.apache.hadoop.security.authentication.util
org.apache.hadoop.http,org.apache.hadoop.security.authorize
org.apache.hadoop.http,org.apache.hadoop.security.ssl
org.apache.hadoop.http,org.apache.hadoop.util
org.apache.hadoop.http.lib,org.apache.hadoop.conf
org.apache.hadoop.http.lib,org.apache.hadoop.http
org.apache.hadoop.io,org.apache.hadoop
org.apache.hadoop.io,org.apache.hadoop.classification
org.apache.hadoop.io,org.apache.hadoop.conf
org.apache.hadoop.io,org.apache.hadoop.fs
org.apache.hadoop.io,org.apache.hadoop.fs.permission
org.apache.hadoop.io,org.apache.hadoop.io.compress
org.apache.hadoop.io,org.apache.hadoop.io.nativeio
org.apache.hadoop.io,org.apache.hadoop.io.serializer
org.apache.hadoop.io,org.apache.hadoop.security
org.apache.hadoop.io,org.apache.hadoop.util
org.apache.hadoop.io,org.apache.hadoop.util.bloom
org.apache.hadoop.io,org.apache.hadoop.util.hash
org.apache.hadoop.io.compress,org.apache.hadoop.classification
org.apache.hadoop.io.compress,org.apache.hadoop.conf
org.apache.hadoop.io.compress,org.apache.hadoop.fs
org.apache.hadoop.io.compress,org.apache.hadoop.fs.statistics
org.apache.hadoop.io.compress,org.apache.hadoop.io.compress.bzip2
org.apache.hadoop.io.compress,org.apache.hadoop.io.compress.lz4
org.apache.hadoop.io.compress,org.apache.hadoop.io.compress.snappy
org.apache.hadoop.io.compress,org.apache.hadoop.io.compress.zlib
org.apache.hadoop.io.compress,org.apache.hadoop.io.compress.zstd
org.apache.hadoop.io.compress,org.apache.hadoop.util
org.apache.hadoop.io.compress.bzip2,org.apache.hadoop.classification
org.apache.hadoop.io.compress.bzip2,org.apache.hadoop.conf
org.apache.hadoop.io.compress.bzip2,org.apache.hadoop.io
org.apache.hadoop.io.compress.bzip2,org.apache.hadoop.io.compress
org.apache.hadoop.io.compress.bzip2,org.apache.hadoop.util
org.apache.hadoop.io.compress.lz4,org.apache.hadoop.classification
org.apache.hadoop.io.compress.lz4,org.apache.hadoop.conf
org.apache.hadoop.io.compress.lz4,org.apache.hadoop.io.compress
org.apache.hadoop.io.compress.snappy,org.apache.hadoop.classification
org.apache.hadoop.io.compress.snappy,org.apache.hadoop.conf
org.apache.hadoop.io.compress.snappy,org.apache.hadoop.io.compress
org.apache.hadoop.io.compress.zlib,org.apache.hadoop.classification
org.apache.hadoop.io.compress.zlib,org.apache.hadoop.conf
org.apache.hadoop.io.compress.zlib,org.apache.hadoop.io.compress
org.apache.hadoop.io.compress.zlib,org.apache.hadoop.util
org.apache.hadoop.io.compress.zstd,org.apache.hadoop.classification
org.apache.hadoop.io.compress.zstd,org.apache.hadoop.conf
org.apache.hadoop.io.compress.zstd,org.apache.hadoop.fs
org.apache.hadoop.io.compress.zstd,org.apache.hadoop.io.compress
org.apache.hadoop.io.erasurecode,org.apache.hadoop.classification
org.apache.hadoop.io.erasurecode,org.apache.hadoop.conf
org.apache.hadoop.io.erasurecode,org.apache.hadoop.io.erasurecode.codec
org.apache.hadoop.io.erasurecode,org.apache.hadoop.io.erasurecode.coder
org.apache.hadoop.io.erasurecode,org.apache.hadoop.io.erasurecode.rawcoder
org.apache.hadoop.io.erasurecode,org.apache.hadoop.util
org.apache.hadoop.io.erasurecode.codec,org.apache.hadoop.classification
org.apache.hadoop.io.erasurecode.codec,org.apache.hadoop.conf
org.apache.hadoop.io.erasurecode.codec,org.apache.hadoop.io.erasurecode
org.apache.hadoop.io.erasurecode.codec,org.apache.hadoop.io.erasurecode.coder
org.apache.hadoop.io.erasurecode.codec,org.apache.hadoop.io.erasurecode.grouper
org.apache.hadoop.io.erasurecode.coder,org.apache.hadoop.classification
org.apache.hadoop.io.erasurecode.coder,org.apache.hadoop.conf
org.apache.hadoop.io.erasurecode.coder,org.apache.hadoop.io.erasurecode
org.apache.hadoop.io.erasurecode.coder,org.apache.hadoop.io.erasurecode.coder.util
org.apache.hadoop.io.erasurecode.coder,org.apache.hadoop.io.erasurecode.rawcoder
org.apache.hadoop.io.erasurecode.coder.util,org.apache.hadoop
org.apache.hadoop.io.erasurecode.coder.util,org.apache.hadoop.classification
org.apache.hadoop.io.erasurecode.coder.util,org.apache.hadoop.io.erasurecode.rawcoder
org.apache.hadoop.io.erasurecode.coder.util,org.apache.hadoop.io.erasurecode.rawcoder.util
org.apache.hadoop.io.erasurecode.grouper,org.apache.hadoop.classification
org.apache.hadoop.io.erasurecode.grouper,org.apache.hadoop.io.erasurecode
org.apache.hadoop.io.erasurecode.rawcoder,org.apache.hadoop
org.apache.hadoop.io.erasurecode.rawcoder,org.apache.hadoop.classification
org.apache.hadoop.io.erasurecode.rawcoder,org.apache.hadoop.io.erasurecode
org.apache.hadoop.io.erasurecode.rawcoder,org.apache.hadoop.io.erasurecode.rawcoder.util
org.apache.hadoop.io.erasurecode.rawcoder,org.apache.hadoop.util
org.apache.hadoop.io.erasurecode.rawcoder.util,org.apache.hadoop.classification
org.apache.hadoop.io.erasurecode.rawcoder.util,org.apache.hadoop.io.erasurecode
org.apache.hadoop.io.file.tfile,org.apache.hadoop.classification
org.apache.hadoop.io.file.tfile,org.apache.hadoop.conf
org.apache.hadoop.io.file.tfile,org.apache.hadoop.fs
org.apache.hadoop.io.file.tfile,org.apache.hadoop.io
org.apache.hadoop.io.file.tfile,org.apache.hadoop.io.compress
org.apache.hadoop.io.file.tfile,org.apache.hadoop.util
org.apache.hadoop.io.nativeio,org.apache.hadoop.classification
org.apache.hadoop.io.nativeio,org.apache.hadoop.conf
org.apache.hadoop.io.nativeio,org.apache.hadoop.fs
org.apache.hadoop.io.nativeio,org.apache.hadoop.io
org.apache.hadoop.io.nativeio,org.apache.hadoop.util
org.apache.hadoop.io.retry,org.apache.hadoop.classification
org.apache.hadoop.io.retry,org.apache.hadoop.conf
org.apache.hadoop.io.retry,org.apache.hadoop.ipc
org.apache.hadoop.io.retry,org.apache.hadoop.net
org.apache.hadoop.io.retry,org.apache.hadoop.security
org.apache.hadoop.io.retry,org.apache.hadoop.util
org.apache.hadoop.io.retry,org.apache.hadoop.util.concurrent
org.apache.hadoop.io.serializer,org.apache.hadoop.classification
org.apache.hadoop.io.serializer,org.apache.hadoop.conf
org.apache.hadoop.io.serializer,org.apache.hadoop.fs
org.apache.hadoop.io.serializer,org.apache.hadoop.io
org.apache.hadoop.io.serializer,org.apache.hadoop.io.serializer.avro
org.apache.hadoop.io.serializer,org.apache.hadoop.util
org.apache.hadoop.io.serializer.avro,org.apache.hadoop.classification
org.apache.hadoop.io.serializer.avro,org.apache.hadoop.conf
org.apache.hadoop.io.serializer.avro,org.apache.hadoop.io.serializer
org.apache.hadoop.io.wrappedio,org.apache.hadoop.classification
org.apache.hadoop.io.wrappedio,org.apache.hadoop.fs
org.apache.hadoop.io.wrappedio,org.apache.hadoop.fs.statistics
org.apache.hadoop.io.wrappedio,org.apache.hadoop.util.functional
org.apache.hadoop.io.wrappedio.impl,org.apache.hadoop.classification
org.apache.hadoop.io.wrappedio.impl,org.apache.hadoop.fs
org.apache.hadoop.io.wrappedio.impl,org.apache.hadoop.fs.statistics
org.apache.hadoop.io.wrappedio.impl,org.apache.hadoop.util.dynamic
org.apache.hadoop.ipc,org.apache.hadoop
org.apache.hadoop.ipc,org.apache.hadoop.classification
org.apache.hadoop.ipc,org.apache.hadoop.conf
org.apache.hadoop.ipc,org.apache.hadoop.fs
org.apache.hadoop.ipc,org.apache.hadoop.ha
org.apache.hadoop.ipc,org.apache.hadoop.io
org.apache.hadoop.ipc,org.apache.hadoop.io.retry
org.apache.hadoop.ipc,org.apache.hadoop.ipc.internal
org.apache.hadoop.ipc,org.apache.hadoop.ipc.metrics
org.apache.hadoop.ipc,org.apache.hadoop.metrics2
org.apache.hadoop.ipc,org.apache.hadoop.metrics2.lib
org.apache.hadoop.ipc,org.apache.hadoop.metrics2.util
org.apache.hadoop.ipc,org.apache.hadoop.net
org.apache.hadoop.ipc,org.apache.hadoop.security
org.apache.hadoop.ipc,org.apache.hadoop.security.authorize
org.apache.hadoop.ipc,org.apache.hadoop.security.token
org.apache.hadoop.ipc,org.apache.hadoop.tracing
org.apache.hadoop.ipc,org.apache.hadoop.util
org.apache.hadoop.ipc,org.apache.hadoop.util.concurrent
org.apache.hadoop.ipc.internal,org.apache.hadoop.classification
org.apache.hadoop.ipc.internal,org.apache.hadoop.io
org.apache.hadoop.ipc.internal,org.apache.hadoop.security.token
org.apache.hadoop.ipc.metrics,org.apache.hadoop.classification
org.apache.hadoop.ipc.metrics,org.apache.hadoop.conf
org.apache.hadoop.ipc.metrics,org.apache.hadoop.fs
org.apache.hadoop.ipc.metrics,org.apache.hadoop.ipc
org.apache.hadoop.ipc.metrics,org.apache.hadoop.metrics2
org.apache.hadoop.ipc.metrics,org.apache.hadoop.metrics2.annotation
org.apache.hadoop.ipc.metrics,org.apache.hadoop.metrics2.lib
org.apache.hadoop.ipc.protocolPB,org.apache.hadoop.classification
org.apache.hadoop.ipc.protocolPB,org.apache.hadoop.fs
org.apache.hadoop.ipc.protocolPB,org.apache.hadoop.ipc
org.apache.hadoop.ipc.protocolPB,org.apache.hadoop.security
org.apache.hadoop.jmx,org.apache.hadoop.classification
org.apache.hadoop.jmx,org.apache.hadoop.http
org.apache.hadoop.lib.lang,org.apache.hadoop.classification
org.apache.hadoop.lib.lang,org.apache.hadoop.lib.util
org.apache.hadoop.lib.server,org.apache.hadoop.classification
org.apache.hadoop.lib.server,org.apache.hadoop.conf
org.apache.hadoop.lib.server,org.apache.hadoop.lib.lang
org.apache.hadoop.lib.server,org.apache.hadoop.lib.util
org.apache.hadoop.lib.server,org.apache.hadoop.util
org.apache.hadoop.lib.service,org.apache.hadoop.classification
org.apache.hadoop.lib.service,org.apache.hadoop.conf
org.apache.hadoop.lib.service,org.apache.hadoop.fs
org.apache.hadoop.lib.service,org.apache.hadoop.lib.lang
org.apache.hadoop.lib.service.hadoop,org.apache.hadoop.classification
org.apache.hadoop.lib.service.hadoop,org.apache.hadoop.conf
org.apache.hadoop.lib.service.hadoop,org.apache.hadoop.fs
org.apache.hadoop.lib.service.hadoop,org.apache.hadoop.fs.permission
org.apache.hadoop.lib.service.hadoop,org.apache.hadoop.lib.server
org.apache.hadoop.lib.service.hadoop,org.apache.hadoop.lib.service
org.apache.hadoop.lib.service.hadoop,org.apache.hadoop.lib.util
org.apache.hadoop.lib.service.hadoop,org.apache.hadoop.security
org.apache.hadoop.lib.service.hadoop,org.apache.hadoop.util
org.apache.hadoop.lib.service.instrumentation,org.apache.hadoop.classification
org.apache.hadoop.lib.service.instrumentation,org.apache.hadoop.lib.server
org.apache.hadoop.lib.service.instrumentation,org.apache.hadoop.lib.service
org.apache.hadoop.lib.service.instrumentation,org.apache.hadoop.util
org.apache.hadoop.lib.service.scheduler,org.apache.hadoop.classification
org.apache.hadoop.lib.service.scheduler,org.apache.hadoop.lib.lang
org.apache.hadoop.lib.service.scheduler,org.apache.hadoop.lib.server
org.apache.hadoop.lib.service.scheduler,org.apache.hadoop.lib.service
org.apache.hadoop.lib.service.scheduler,org.apache.hadoop.lib.util
org.apache.hadoop.lib.service.scheduler,org.apache.hadoop.util
org.apache.hadoop.lib.service.security,org.apache.hadoop.classification
org.apache.hadoop.lib.service.security,org.apache.hadoop.conf
org.apache.hadoop.lib.service.security,org.apache.hadoop.lib.server
org.apache.hadoop.lib.service.security,org.apache.hadoop.lib.service
org.apache.hadoop.lib.service.security,org.apache.hadoop.lib.util
org.apache.hadoop.lib.servlet,org.apache.hadoop.classification
org.apache.hadoop.lib.servlet,org.apache.hadoop.conf
org.apache.hadoop.lib.servlet,org.apache.hadoop.fs
org.apache.hadoop.lib.servlet,org.apache.hadoop.lib.server
org.apache.hadoop.lib.servlet,org.apache.hadoop.lib.service
org.apache.hadoop.lib.util,org.apache.hadoop.classification
org.apache.hadoop.lib.util,org.apache.hadoop.conf
org.apache.hadoop.lib.wsrs,org.apache.hadoop.classification
org.apache.hadoop.lib.wsrs,org.apache.hadoop.fs.http.server
org.apache.hadoop.lib.wsrs,org.apache.hadoop.fs.http.server.metrics
org.apache.hadoop.lib.wsrs,org.apache.hadoop.http
org.apache.hadoop.lib.wsrs,org.apache.hadoop.io
org.apache.hadoop.lib.wsrs,org.apache.hadoop.util
org.apache.hadoop.log,org.apache.hadoop
org.apache.hadoop.log,org.apache.hadoop.classification
org.apache.hadoop.log,org.apache.hadoop.conf
org.apache.hadoop.log,org.apache.hadoop.http
org.apache.hadoop.log,org.apache.hadoop.security.authentication.client
org.apache.hadoop.log,org.apache.hadoop.security.ssl
org.apache.hadoop.log,org.apache.hadoop.util
org.apache.hadoop.mapred,org.apache.hadoop.classification
org.apache.hadoop.mapred,org.apache.hadoop.conf
org.apache.hadoop.mapred,org.apache.hadoop.fs
org.apache.hadoop.mapred,org.apache.hadoop.fs.permission
org.apache.hadoop.mapred,org.apache.hadoop.fs.statistics
org.apache.hadoop.mapred,org.apache.hadoop.io
org.apache.hadoop.mapred,org.apache.hadoop.io.compress
org.apache.hadoop.mapred,org.apache.hadoop.io.nativeio
org.apache.hadoop.mapred,org.apache.hadoop.io.serializer
org.apache.hadoop.mapred,org.apache.hadoop.ipc
org.apache.hadoop.mapred,org.apache.hadoop.mapred.lib
org.apache.hadoop.mapred,org.apache.hadoop.mapred.protocolPB
org.apache.hadoop.mapred,org.apache.hadoop.mapreduce
org.apache.hadoop.mapred,org.apache.hadoop.mapreduce.checkpoint
org.apache.hadoop.mapred,org.apache.hadoop.mapreduce.counters
org.apache.hadoop.mapred,org.apache.hadoop.mapreduce.filecache
org.apache.hadoop.mapred,org.apache.hadoop.mapreduce.lib.input
org.apache.hadoop.mapred,org.apache.hadoop.mapreduce.lib.map
org.apache.hadoop.mapred,org.apache.hadoop.mapreduce.lib.output
org.apache.hadoop.mapred,org.apache.hadoop.mapreduce.lib.reduce
org.apache.hadoop.mapred,org.apache.hadoop.mapreduce.protocol
org.apache.hadoop.mapred,org.apache.hadoop.mapreduce.security
org.apache.hadoop.mapred,org.apache.hadoop.mapreduce.security.token
org.apache.hadoop.mapred,org.apache.hadoop.mapreduce.security.token.delegation
org.apache.hadoop.mapred,org.apache.hadoop.mapreduce.server.jobtracker
org.apache.hadoop.mapred,org.apache.hadoop.mapreduce.split
org.apache.hadoop.mapred,org.apache.hadoop.mapreduce.task
org.apache.hadoop.mapred,org.apache.hadoop.mapreduce.task.reduce
org.apache.hadoop.mapred,org.apache.hadoop.mapreduce.tools
org.apache.hadoop.mapred,org.apache.hadoop.mapreduce.util
org.apache.hadoop.mapred,org.apache.hadoop.mapreduce.v2
org.apache.hadoop.mapred,org.apache.hadoop.mapreduce.v2.api
org.apache.hadoop.mapred,org.apache.hadoop.mapreduce.v2.api.protocolrecords
org.apache.hadoop.mapred,org.apache.hadoop.mapreduce.v2.api.records
org.apache.hadoop.mapred,org.apache.hadoop.mapreduce.v2.app
org.apache.hadoop.mapred,org.apache.hadoop.mapreduce.v2.app.job
org.apache.hadoop.mapred,org.apache.hadoop.mapreduce.v2.app.job.event
org.apache.hadoop.mapred,org.apache.hadoop.mapreduce.v2.app.job.impl
org.apache.hadoop.mapred,org.apache.hadoop.mapreduce.v2.app.launcher
org.apache.hadoop.mapred,org.apache.hadoop.mapreduce.v2.app.rm
org.apache.hadoop.mapred,org.apache.hadoop.mapreduce.v2.app.rm.preemption
org.apache.hadoop.mapred,org.apache.hadoop.mapreduce.v2.app.security.authorize
org.apache.hadoop.mapred,org.apache.hadoop.mapreduce.v2.jobhistory
org.apache.hadoop.mapred,org.apache.hadoop.mapreduce.v2.util
org.apache.hadoop.mapred,org.apache.hadoop.metrics2
org.apache.hadoop.mapred,org.apache.hadoop.metrics2.annotation
org.apache.hadoop.mapred,org.apache.hadoop.metrics2.lib
org.apache.hadoop.mapred,org.apache.hadoop.metrics2.source
org.apache.hadoop.mapred,org.apache.hadoop.net
org.apache.hadoop.mapred,org.apache.hadoop.security
org.apache.hadoop.mapred,org.apache.hadoop.security.authorize
org.apache.hadoop.mapred,org.apache.hadoop.security.ssl
org.apache.hadoop.mapred,org.apache.hadoop.security.token
org.apache.hadoop.mapred,org.apache.hadoop.service
org.apache.hadoop.mapred,org.apache.hadoop.util
org.apache.hadoop.mapred,org.apache.hadoop.util.concurrent
org.apache.hadoop.mapred,org.apache.hadoop.util.functional
org.apache.hadoop.mapred,org.apache.hadoop.yarn
org.apache.hadoop.mapred,org.apache.hadoop.yarn.api
org.apache.hadoop.mapred,org.apache.hadoop.yarn.api.protocolrecords
org.apache.hadoop.mapred,org.apache.hadoop.yarn.api.records
org.apache.hadoop.mapred,org.apache.hadoop.yarn.client
org.apache.hadoop.mapred,org.apache.hadoop.yarn.client.api
org.apache.hadoop.mapred,org.apache.hadoop.yarn.client.util
org.apache.hadoop.mapred,org.apache.hadoop.yarn.conf
org.apache.hadoop.mapred,org.apache.hadoop.yarn.event
org.apache.hadoop.mapred,org.apache.hadoop.yarn.exceptions
org.apache.hadoop.mapred,org.apache.hadoop.yarn.factories
org.apache.hadoop.mapred,org.apache.hadoop.yarn.factory.providers
org.apache.hadoop.mapred,org.apache.hadoop.yarn.ipc
org.apache.hadoop.mapred,org.apache.hadoop.yarn.security
org.apache.hadoop.mapred,org.apache.hadoop.yarn.security.client
org.apache.hadoop.mapred,org.apache.hadoop.yarn.server.api
org.apache.hadoop.mapred,org.apache.hadoop.yarn.server.nodemanager.containermanager.localizer
org.apache.hadoop.mapred,org.apache.hadoop.yarn.server.records
org.apache.hadoop.mapred,org.apache.hadoop.yarn.server.records.impl.pb
org.apache.hadoop.mapred,org.apache.hadoop.yarn.server.utils
org.apache.hadoop.mapred,org.apache.hadoop.yarn.util
org.apache.hadoop.mapred,org.apache.hadoop.yarn.util.resource
org.apache.hadoop.mapred.gridmix,org.apache.hadoop.classification
org.apache.hadoop.mapred.gridmix,org.apache.hadoop.conf
org.apache.hadoop.mapred.gridmix,org.apache.hadoop.fs
org.apache.hadoop.mapred.gridmix,org.apache.hadoop.fs.permission
org.apache.hadoop.mapred.gridmix,org.apache.hadoop.io
org.apache.hadoop.mapred.gridmix,org.apache.hadoop.io.compress
org.apache.hadoop.mapred.gridmix,org.apache.hadoop.mapred
org.apache.hadoop.mapred.gridmix,org.apache.hadoop.mapred.gridmix.emulators.resourceusage
org.apache.hadoop.mapred.gridmix,org.apache.hadoop.mapreduce
org.apache.hadoop.mapred.gridmix,org.apache.hadoop.mapreduce.lib.input
org.apache.hadoop.mapred.gridmix,org.apache.hadoop.mapreduce.lib.output
org.apache.hadoop.mapred.gridmix,org.apache.hadoop.mapreduce.server.jobtracker
org.apache.hadoop.mapred.gridmix,org.apache.hadoop.mapreduce.server.tasktracker
org.apache.hadoop.mapred.gridmix,org.apache.hadoop.security
org.apache.hadoop.mapred.gridmix,org.apache.hadoop.tools.rumen
org.apache.hadoop.mapred.gridmix,org.apache.hadoop.util
org.apache.hadoop.mapred.gridmix,org.apache.hadoop.yarn.util
org.apache.hadoop.mapred.gridmix.emulators.resourceusage,org.apache.hadoop.classification
org.apache.hadoop.mapred.gridmix.emulators.resourceusage,org.apache.hadoop.conf
org.apache.hadoop.mapred.gridmix.emulators.resourceusage,org.apache.hadoop.mapred.gridmix
org.apache.hadoop.mapred.gridmix.emulators.resourceusage,org.apache.hadoop.tools.rumen
org.apache.hadoop.mapred.gridmix.emulators.resourceusage,org.apache.hadoop.util
org.apache.hadoop.mapred.gridmix.emulators.resourceusage,org.apache.hadoop.yarn.util
org.apache.hadoop.mapred.jobcontrol,org.apache.hadoop.classification
org.apache.hadoop.mapred.jobcontrol,org.apache.hadoop.mapred
org.apache.hadoop.mapred.jobcontrol,org.apache.hadoop.mapreduce.lib.jobcontrol
org.apache.hadoop.mapred.join,org.apache.hadoop.classification
org.apache.hadoop.mapred.join,org.apache.hadoop.conf
org.apache.hadoop.mapred.join,org.apache.hadoop.fs
org.apache.hadoop.mapred.join,org.apache.hadoop.io
org.apache.hadoop.mapred.join,org.apache.hadoop.mapred
org.apache.hadoop.mapred.join,org.apache.hadoop.util
org.apache.hadoop.mapred.lib,org.apache.hadoop.classification
org.apache.hadoop.mapred.lib,org.apache.hadoop.conf
org.apache.hadoop.mapred.lib,org.apache.hadoop.fs
org.apache.hadoop.mapred.lib,org.apache.hadoop.io
org.apache.hadoop.mapred.lib,org.apache.hadoop.io.compress
org.apache.hadoop.mapred.lib,org.apache.hadoop.io.serializer
org.apache.hadoop.mapred.lib,org.apache.hadoop.mapred
org.apache.hadoop.mapred.lib,org.apache.hadoop.mapreduce
org.apache.hadoop.mapred.lib,org.apache.hadoop.mapreduce.lib.map
org.apache.hadoop.mapred.lib,org.apache.hadoop.util
org.apache.hadoop.mapred.lib,org.apache.hadoop.util.concurrent
org.apache.hadoop.mapred.lib.aggregate,org.apache.hadoop.classification
org.apache.hadoop.mapred.lib.aggregate,org.apache.hadoop.conf
org.apache.hadoop.mapred.lib.aggregate,org.apache.hadoop.fs
org.apache.hadoop.mapred.lib.aggregate,org.apache.hadoop.io
org.apache.hadoop.mapred.lib.aggregate,org.apache.hadoop.mapred
org.apache.hadoop.mapred.lib.aggregate,org.apache.hadoop.mapred.jobcontrol
org.apache.hadoop.mapred.lib.aggregate,org.apache.hadoop.util
org.apache.hadoop.mapred.lib.db,org.apache.hadoop.classification
org.apache.hadoop.mapred.lib.db,org.apache.hadoop.fs
org.apache.hadoop.mapred.lib.db,org.apache.hadoop.io
org.apache.hadoop.mapred.lib.db,org.apache.hadoop.mapred
org.apache.hadoop.mapred.lib.db,org.apache.hadoop.mapreduce
org.apache.hadoop.mapred.lib.db,org.apache.hadoop.mapreduce.task
org.apache.hadoop.mapred.lib.db,org.apache.hadoop.util
org.apache.hadoop.mapred.nativetask,org.apache.hadoop.classification
org.apache.hadoop.mapred.nativetask,org.apache.hadoop.conf
org.apache.hadoop.mapred.nativetask,org.apache.hadoop.io
org.apache.hadoop.mapred.nativetask,org.apache.hadoop.mapred
org.apache.hadoop.mapred.nativetask,org.apache.hadoop.mapred.nativetask.buffer
org.apache.hadoop.mapred.nativetask,org.apache.hadoop.mapred.nativetask.handlers
org.apache.hadoop.mapred.nativetask,org.apache.hadoop.mapred.nativetask.serde
org.apache.hadoop.mapred.nativetask,org.apache.hadoop.mapred.nativetask.util
org.apache.hadoop.mapred.nativetask,org.apache.hadoop.mapreduce
org.apache.hadoop.mapred.nativetask,org.apache.hadoop.mapreduce.lib.input
org.apache.hadoop.mapred.nativetask,org.apache.hadoop.util
org.apache.hadoop.mapred.nativetask.buffer,org.apache.hadoop.classification
org.apache.hadoop.mapred.nativetask.buffer,org.apache.hadoop.mapred.nativetask
org.apache.hadoop.mapred.nativetask.buffer,org.apache.hadoop.util
org.apache.hadoop.mapred.nativetask.handlers,org.apache.hadoop.classification
org.apache.hadoop.mapred.nativetask.handlers,org.apache.hadoop.conf
org.apache.hadoop.mapred.nativetask.handlers,org.apache.hadoop.fs
org.apache.hadoop.mapred.nativetask.handlers,org.apache.hadoop.io
org.apache.hadoop.mapred.nativetask.handlers,org.apache.hadoop.mapred
org.apache.hadoop.mapred.nativetask.handlers,org.apache.hadoop.mapred.nativetask
org.apache.hadoop.mapred.nativetask.handlers,org.apache.hadoop.mapred.nativetask.buffer
org.apache.hadoop.mapred.nativetask.handlers,org.apache.hadoop.mapred.nativetask.serde
org.apache.hadoop.mapred.nativetask.handlers,org.apache.hadoop.mapred.nativetask.util
org.apache.hadoop.mapred.nativetask.handlers,org.apache.hadoop.mapreduce
org.apache.hadoop.mapred.nativetask.handlers,org.apache.hadoop.util
org.apache.hadoop.mapred.nativetask.serde,org.apache.hadoop.classification
org.apache.hadoop.mapred.nativetask.serde,org.apache.hadoop.io
org.apache.hadoop.mapred.nativetask.serde,org.apache.hadoop.mapred.nativetask
org.apache.hadoop.mapred.nativetask.serde,org.apache.hadoop.mapred.nativetask.buffer
org.apache.hadoop.mapred.nativetask.serde,org.apache.hadoop.mapred.nativetask.util
org.apache.hadoop.mapred.nativetask.util,org.apache.hadoop.classification
org.apache.hadoop.mapred.nativetask.util,org.apache.hadoop.conf
org.apache.hadoop.mapred.nativetask.util,org.apache.hadoop.fs
org.apache.hadoop.mapred.nativetask.util,org.apache.hadoop.io
org.apache.hadoop.mapred.nativetask.util,org.apache.hadoop.mapred
org.apache.hadoop.mapred.nativetask.util,org.apache.hadoop.util
org.apache.hadoop.mapred.pipes,org.apache.hadoop.classification
org.apache.hadoop.mapred.pipes,org.apache.hadoop.conf
org.apache.hadoop.mapred.pipes,org.apache.hadoop.fs
org.apache.hadoop.mapred.pipes,org.apache.hadoop.fs.permission
org.apache.hadoop.mapred.pipes,org.apache.hadoop.io
org.apache.hadoop.mapred.pipes,org.apache.hadoop.mapred
org.apache.hadoop.mapred.pipes,org.apache.hadoop.mapred.lib
org.apache.hadoop.mapred.pipes,org.apache.hadoop.mapreduce
org.apache.hadoop.mapred.pipes,org.apache.hadoop.mapreduce.security
org.apache.hadoop.mapred.pipes,org.apache.hadoop.mapreduce.security.token
org.apache.hadoop.mapred.pipes,org.apache.hadoop.mapreduce.task
org.apache.hadoop.mapred.pipes,org.apache.hadoop.security.token
org.apache.hadoop.mapred.pipes,org.apache.hadoop.util
org.apache.hadoop.mapred.protocolPB,org.apache.hadoop.classification
org.apache.hadoop.mapred.protocolPB,org.apache.hadoop.io
org.apache.hadoop.mapred.protocolPB,org.apache.hadoop.ipc
org.apache.hadoop.mapred.protocolPB,org.apache.hadoop.mapred
org.apache.hadoop.mapred.protocolPB,org.apache.hadoop.mapreduce.checkpoint
org.apache.hadoop.mapred.protocolPB,org.apache.hadoop.mapreduce.security.token
org.apache.hadoop.mapred.protocolPB,org.apache.hadoop.security.token
org.apache.hadoop.mapred.tools,org.apache.hadoop.conf
org.apache.hadoop.mapred.tools,org.apache.hadoop.tools
org.apache.hadoop.mapred.tools,org.apache.hadoop.util
org.apache.hadoop.mapred.uploader,org.apache.hadoop.classification
org.apache.hadoop.mapred.uploader,org.apache.hadoop.conf
org.apache.hadoop.mapred.uploader,org.apache.hadoop.fs
org.apache.hadoop.mapred.uploader,org.apache.hadoop.fs.permission
org.apache.hadoop.mapred.uploader,org.apache.hadoop.hdfs
org.apache.hadoop.mapred.uploader,org.apache.hadoop.hdfs.protocol
org.apache.hadoop.mapred.uploader,org.apache.hadoop.io
org.apache.hadoop.mapred.uploader,org.apache.hadoop.security
org.apache.hadoop.mapred.uploader,org.apache.hadoop.util
org.apache.hadoop.mapreduce,org.apache.hadoop.classification
org.apache.hadoop.mapreduce,org.apache.hadoop.conf
org.apache.hadoop.mapreduce,org.apache.hadoop.crypto
org.apache.hadoop.mapreduce,org.apache.hadoop.fs
org.apache.hadoop.mapreduce,org.apache.hadoop.fs.crypto
org.apache.hadoop.mapreduce,org.apache.hadoop.fs.permission
org.apache.hadoop.mapreduce,org.apache.hadoop.hdfs
org.apache.hadoop.mapreduce,org.apache.hadoop.hdfs.protocol
org.apache.hadoop.mapreduce,org.apache.hadoop.io
org.apache.hadoop.mapreduce,org.apache.hadoop.io.compress
org.apache.hadoop.mapreduce,org.apache.hadoop.ipc
org.apache.hadoop.mapreduce,org.apache.hadoop.mapred
org.apache.hadoop.mapreduce,org.apache.hadoop.mapreduce.counters
org.apache.hadoop.mapreduce,org.apache.hadoop.mapreduce.filecache
org.apache.hadoop.mapreduce,org.apache.hadoop.mapreduce.lib.input
org.apache.hadoop.mapreduce,org.apache.hadoop.mapreduce.protocol
org.apache.hadoop.mapreduce,org.apache.hadoop.mapreduce.security
org.apache.hadoop.mapreduce,org.apache.hadoop.mapreduce.security.token.delegation
org.apache.hadoop.mapreduce,org.apache.hadoop.mapreduce.split
org.apache.hadoop.mapreduce,org.apache.hadoop.mapreduce.task
org.apache.hadoop.mapreduce,org.apache.hadoop.mapreduce.task.annotation
org.apache.hadoop.mapreduce,org.apache.hadoop.mapreduce.util
org.apache.hadoop.mapreduce,org.apache.hadoop.mapreduce.v2
org.apache.hadoop.mapreduce,org.apache.hadoop.mapreduce.v2.api.records
org.apache.hadoop.mapreduce,org.apache.hadoop.mapreduce.v2.util
org.apache.hadoop.mapreduce,org.apache.hadoop.security
org.apache.hadoop.mapreduce,org.apache.hadoop.security.authorize
org.apache.hadoop.mapreduce,org.apache.hadoop.security.token
org.apache.hadoop.mapreduce,org.apache.hadoop.util
org.apache.hadoop.mapreduce,org.apache.hadoop.yarn.api.records
org.apache.hadoop.mapreduce,org.apache.hadoop.yarn.client.api
org.apache.hadoop.mapreduce,org.apache.hadoop.yarn.conf
org.apache.hadoop.mapreduce,org.apache.hadoop.yarn.exceptions
org.apache.hadoop.mapreduce,org.apache.hadoop.yarn.factories
org.apache.hadoop.mapreduce,org.apache.hadoop.yarn.factory.providers
org.apache.hadoop.mapreduce,org.apache.hadoop.yarn.util
org.apache.hadoop.mapreduce.checkpoint,org.apache.hadoop.fs
org.apache.hadoop.mapreduce.checkpoint,org.apache.hadoop.io
org.apache.hadoop.mapreduce.checkpoint,org.apache.hadoop.mapred
org.apache.hadoop.mapreduce.counters,org.apache.hadoop.classification
org.apache.hadoop.mapreduce.counters,org.apache.hadoop.conf
org.apache.hadoop.mapreduce.counters,org.apache.hadoop.io
org.apache.hadoop.mapreduce.counters,org.apache.hadoop.mapred
org.apache.hadoop.mapreduce.counters,org.apache.hadoop.mapreduce
org.apache.hadoop.mapreduce.counters,org.apache.hadoop.mapreduce.util
org.apache.hadoop.mapreduce.counters,org.apache.hadoop.util
org.apache.hadoop.mapreduce.filecache,org.apache.hadoop.classification
org.apache.hadoop.mapreduce.filecache,org.apache.hadoop.conf
org.apache.hadoop.mapreduce.filecache,org.apache.hadoop.fs
org.apache.hadoop.mapreduce.filecache,org.apache.hadoop.fs.permission
org.apache.hadoop.mapreduce.filecache,org.apache.hadoop.mapreduce
org.apache.hadoop.mapreduce.filecache,org.apache.hadoop.mapreduce.security
org.apache.hadoop.mapreduce.filecache,org.apache.hadoop.mapreduce.task
org.apache.hadoop.mapreduce.filecache,org.apache.hadoop.security
org.apache.hadoop.mapreduce.jobhistory,org.apache.hadoop.classification
org.apache.hadoop.mapreduce.jobhistory,org.apache.hadoop.conf
org.apache.hadoop.mapreduce.jobhistory,org.apache.hadoop.fs
org.apache.hadoop.mapreduce.jobhistory,org.apache.hadoop.fs.permission
org.apache.hadoop.mapreduce.jobhistory,org.apache.hadoop.io
org.apache.hadoop.mapreduce.jobhistory,org.apache.hadoop.mapred
org.apache.hadoop.mapreduce.jobhistory,org.apache.hadoop.mapreduce
org.apache.hadoop.mapreduce.jobhistory,org.apache.hadoop.mapreduce.util
org.apache.hadoop.mapreduce.jobhistory,org.apache.hadoop.mapreduce.v2.api.records
org.apache.hadoop.mapreduce.jobhistory,org.apache.hadoop.mapreduce.v2.app
org.apache.hadoop.mapreduce.jobhistory,org.apache.hadoop.mapreduce.v2.app.job
org.apache.hadoop.mapreduce.jobhistory,org.apache.hadoop.mapreduce.v2.jobhistory
org.apache.hadoop.mapreduce.jobhistory,org.apache.hadoop.mapreduce.v2.util
org.apache.hadoop.mapreduce.jobhistory,org.apache.hadoop.security
org.apache.hadoop.mapreduce.jobhistory,org.apache.hadoop.security.authorize
org.apache.hadoop.mapreduce.jobhistory,org.apache.hadoop.service
org.apache.hadoop.mapreduce.jobhistory,org.apache.hadoop.util
org.apache.hadoop.mapreduce.jobhistory,org.apache.hadoop.yarn.api.records
org.apache.hadoop.mapreduce.jobhistory,org.apache.hadoop.yarn.api.records.timeline
org.apache.hadoop.mapreduce.jobhistory,org.apache.hadoop.yarn.api.records.timelineservice
org.apache.hadoop.mapreduce.jobhistory,org.apache.hadoop.yarn.client.api
org.apache.hadoop.mapreduce.jobhistory,org.apache.hadoop.yarn.conf
org.apache.hadoop.mapreduce.jobhistory,org.apache.hadoop.yarn.event
org.apache.hadoop.mapreduce.jobhistory,org.apache.hadoop.yarn.exceptions
org.apache.hadoop.mapreduce.jobhistory,org.apache.hadoop.yarn.util
org.apache.hadoop.mapreduce.jobhistory,org.apache.hadoop.yarn.webapp.util
org.apache.hadoop.mapreduce.lib.aggregate,org.apache.hadoop.classification
org.apache.hadoop.mapreduce.lib.aggregate,org.apache.hadoop.conf
org.apache.hadoop.mapreduce.lib.aggregate,org.apache.hadoop.fs
org.apache.hadoop.mapreduce.lib.aggregate,org.apache.hadoop.io
org.apache.hadoop.mapreduce.lib.aggregate,org.apache.hadoop.mapreduce
org.apache.hadoop.mapreduce.lib.aggregate,org.apache.hadoop.mapreduce.lib.input
org.apache.hadoop.mapreduce.lib.aggregate,org.apache.hadoop.mapreduce.lib.jobcontrol
org.apache.hadoop.mapreduce.lib.aggregate,org.apache.hadoop.mapreduce.lib.output
org.apache.hadoop.mapreduce.lib.aggregate,org.apache.hadoop.util
org.apache.hadoop.mapreduce.lib.chain,org.apache.hadoop.classification
org.apache.hadoop.mapreduce.lib.chain,org.apache.hadoop.conf
org.apache.hadoop.mapreduce.lib.chain,org.apache.hadoop.fs
org.apache.hadoop.mapreduce.lib.chain,org.apache.hadoop.io
org.apache.hadoop.mapreduce.lib.chain,org.apache.hadoop.mapreduce
org.apache.hadoop.mapreduce.lib.chain,org.apache.hadoop.mapreduce.lib.map
org.apache.hadoop.mapreduce.lib.chain,org.apache.hadoop.mapreduce.lib.reduce
org.apache.hadoop.mapreduce.lib.chain,org.apache.hadoop.security
org.apache.hadoop.mapreduce.lib.chain,org.apache.hadoop.util
org.apache.hadoop.mapreduce.lib.db,org.apache.hadoop.classification
org.apache.hadoop.mapreduce.lib.db,org.apache.hadoop.conf
org.apache.hadoop.mapreduce.lib.db,org.apache.hadoop.io
org.apache.hadoop.mapreduce.lib.db,org.apache.hadoop.mapreduce
org.apache.hadoop.mapreduce.lib.db,org.apache.hadoop.mapreduce.lib.output
org.apache.hadoop.mapreduce.lib.db,org.apache.hadoop.util
org.apache.hadoop.mapreduce.lib.fieldsel,org.apache.hadoop.classification
org.apache.hadoop.mapreduce.lib.fieldsel,org.apache.hadoop.conf
org.apache.hadoop.mapreduce.lib.fieldsel,org.apache.hadoop.io
org.apache.hadoop.mapreduce.lib.fieldsel,org.apache.hadoop.mapreduce
org.apache.hadoop.mapreduce.lib.fieldsel,org.apache.hadoop.mapreduce.lib.input
org.apache.hadoop.mapreduce.lib.input,org.apache.hadoop.classification
org.apache.hadoop.mapreduce.lib.input,org.apache.hadoop.conf
org.apache.hadoop.mapreduce.lib.input,org.apache.hadoop.fs
org.apache.hadoop.mapreduce.lib.input,org.apache.hadoop.io
org.apache.hadoop.mapreduce.lib.input,org.apache.hadoop.io.compress
org.apache.hadoop.mapreduce.lib.input,org.apache.hadoop.io.serializer
org.apache.hadoop.mapreduce.lib.input,org.apache.hadoop.mapred
org.apache.hadoop.mapreduce.lib.input,org.apache.hadoop.mapreduce
org.apache.hadoop.mapreduce.lib.input,org.apache.hadoop.mapreduce.security
org.apache.hadoop.mapreduce.lib.input,org.apache.hadoop.net
org.apache.hadoop.mapreduce.lib.input,org.apache.hadoop.util
org.apache.hadoop.mapreduce.lib.input,org.apache.hadoop.util.functional
org.apache.hadoop.mapreduce.lib.jobcontrol,org.apache.hadoop.classification
org.apache.hadoop.mapreduce.lib.jobcontrol,org.apache.hadoop.conf
org.apache.hadoop.mapreduce.lib.jobcontrol,org.apache.hadoop.fs
org.apache.hadoop.mapreduce.lib.jobcontrol,org.apache.hadoop.mapred.jobcontrol
org.apache.hadoop.mapreduce.lib.jobcontrol,org.apache.hadoop.mapreduce
org.apache.hadoop.mapreduce.lib.jobcontrol,org.apache.hadoop.mapreduce.lib.input
org.apache.hadoop.mapreduce.lib.jobcontrol,org.apache.hadoop.util
org.apache.hadoop.mapreduce.lib.join,org.apache.hadoop.classification
org.apache.hadoop.mapreduce.lib.join,org.apache.hadoop.conf
org.apache.hadoop.mapreduce.lib.join,org.apache.hadoop.fs
org.apache.hadoop.mapreduce.lib.join,org.apache.hadoop.io
org.apache.hadoop.mapreduce.lib.join,org.apache.hadoop.mapreduce
org.apache.hadoop.mapreduce.lib.join,org.apache.hadoop.mapreduce.lib.input
org.apache.hadoop.mapreduce.lib.join,org.apache.hadoop.mapreduce.task
org.apache.hadoop.mapreduce.lib.join,org.apache.hadoop.util
org.apache.hadoop.mapreduce.lib.map,org.apache.hadoop.classification
org.apache.hadoop.mapreduce.lib.map,org.apache.hadoop.conf
org.apache.hadoop.mapreduce.lib.map,org.apache.hadoop.fs
org.apache.hadoop.mapreduce.lib.map,org.apache.hadoop.io
org.apache.hadoop.mapreduce.lib.map,org.apache.hadoop.mapreduce
org.apache.hadoop.mapreduce.lib.map,org.apache.hadoop.mapreduce.task
org.apache.hadoop.mapreduce.lib.map,org.apache.hadoop.security
org.apache.hadoop.mapreduce.lib.map,org.apache.hadoop.util
org.apache.hadoop.mapreduce.lib.output,org.apache.hadoop.classification
org.apache.hadoop.mapreduce.lib.output,org.apache.hadoop.conf
org.apache.hadoop.mapreduce.lib.output,org.apache.hadoop.fs
org.apache.hadoop.mapreduce.lib.output,org.apache.hadoop.fs.statistics
org.apache.hadoop.mapreduce.lib.output,org.apache.hadoop.io
org.apache.hadoop.mapreduce.lib.output,org.apache.hadoop.io.compress
org.apache.hadoop.mapreduce.lib.output,org.apache.hadoop.mapred
org.apache.hadoop.mapreduce.lib.output,org.apache.hadoop.mapreduce
org.apache.hadoop.mapreduce.lib.output,org.apache.hadoop.mapreduce.security
org.apache.hadoop.mapreduce.lib.output,org.apache.hadoop.mapreduce.task
org.apache.hadoop.mapreduce.lib.output,org.apache.hadoop.mapreduce.task.annotation
org.apache.hadoop.mapreduce.lib.output,org.apache.hadoop.util
org.apache.hadoop.mapreduce.lib.output.committer.manifest,org.apache.hadoop.classification
org.apache.hadoop.mapreduce.lib.output.committer.manifest,org.apache.hadoop.conf
org.apache.hadoop.mapreduce.lib.output.committer.manifest,org.apache.hadoop.fs
org.apache.hadoop.mapreduce.lib.output.committer.manifest,org.apache.hadoop.fs.statistics
org.apache.hadoop.mapreduce.lib.output.committer.manifest,org.apache.hadoop.fs.statistics.impl
org.apache.hadoop.mapreduce.lib.output.committer.manifest,org.apache.hadoop.mapreduce
org.apache.hadoop.mapreduce.lib.output.committer.manifest,org.apache.hadoop.mapreduce.lib.output
org.apache.hadoop.mapreduce.lib.output.committer.manifest,org.apache.hadoop.mapreduce.lib.output.committer.manifest.files
org.apache.hadoop.mapreduce.lib.output.committer.manifest,org.apache.hadoop.mapreduce.lib.output.committer.manifest.impl
org.apache.hadoop.mapreduce.lib.output.committer.manifest,org.apache.hadoop.mapreduce.lib.output.committer.manifest.stages
org.apache.hadoop.mapreduce.lib.output.committer.manifest,org.apache.hadoop.util
org.apache.hadoop.mapreduce.lib.output.committer.manifest,org.apache.hadoop.util.concurrent
org.apache.hadoop.mapreduce.lib.output.committer.manifest,org.apache.hadoop.util.functional
org.apache.hadoop.mapreduce.lib.output.committer.manifest.files,org.apache.hadoop.classification
org.apache.hadoop.mapreduce.lib.output.committer.manifest.files,org.apache.hadoop.conf
org.apache.hadoop.mapreduce.lib.output.committer.manifest.files,org.apache.hadoop.fs
org.apache.hadoop.mapreduce.lib.output.committer.manifest.files,org.apache.hadoop.fs.statistics
org.apache.hadoop.mapreduce.lib.output.committer.manifest.files,org.apache.hadoop.io
org.apache.hadoop.mapreduce.lib.output.committer.manifest.files,org.apache.hadoop.util
org.apache.hadoop.mapreduce.lib.output.committer.manifest.impl,org.apache.hadoop.classification
org.apache.hadoop.mapreduce.lib.output.committer.manifest.impl,org.apache.hadoop.conf
org.apache.hadoop.mapreduce.lib.output.committer.manifest.impl,org.apache.hadoop.fs
org.apache.hadoop.mapreduce.lib.output.committer.manifest.impl,org.apache.hadoop.fs.audit
org.apache.hadoop.mapreduce.lib.output.committer.manifest.impl,org.apache.hadoop.fs.statistics
org.apache.hadoop.mapreduce.lib.output.committer.manifest.impl,org.apache.hadoop.fs.statistics.impl
org.apache.hadoop.mapreduce.lib.output.committer.manifest.impl,org.apache.hadoop.io
org.apache.hadoop.mapreduce.lib.output.committer.manifest.impl,org.apache.hadoop.mapreduce
org.apache.hadoop.mapreduce.lib.output.committer.manifest.impl,org.apache.hadoop.mapreduce.lib.output.committer.manifest
org.apache.hadoop.mapreduce.lib.output.committer.manifest.impl,org.apache.hadoop.mapreduce.lib.output.committer.manifest.files
org.apache.hadoop.mapreduce.lib.output.committer.manifest.impl,org.apache.hadoop.mapreduce.lib.output.committer.manifest.stages
org.apache.hadoop.mapreduce.lib.output.committer.manifest.impl,org.apache.hadoop.net
org.apache.hadoop.mapreduce.lib.output.committer.manifest.impl,org.apache.hadoop.security
org.apache.hadoop.mapreduce.lib.output.committer.manifest.impl,org.apache.hadoop.util
org.apache.hadoop.mapreduce.lib.output.committer.manifest.impl,org.apache.hadoop.util.concurrent
org.apache.hadoop.mapreduce.lib.output.committer.manifest.impl,org.apache.hadoop.util.functional
org.apache.hadoop.mapreduce.lib.output.committer.manifest.stages,org.apache.hadoop.classification
org.apache.hadoop.mapreduce.lib.output.committer.manifest.stages,org.apache.hadoop.conf
org.apache.hadoop.mapreduce.lib.output.committer.manifest.stages,org.apache.hadoop.fs
org.apache.hadoop.mapreduce.lib.output.committer.manifest.stages,org.apache.hadoop.fs.statistics
org.apache.hadoop.mapreduce.lib.output.committer.manifest.stages,org.apache.hadoop.fs.statistics.impl
org.apache.hadoop.mapreduce.lib.output.committer.manifest.stages,org.apache.hadoop.io
org.apache.hadoop.mapreduce.lib.output.committer.manifest.stages,org.apache.hadoop.io.retry
org.apache.hadoop.mapreduce.lib.output.committer.manifest.stages,org.apache.hadoop.mapreduce.lib.output.committer.manifest.files
org.apache.hadoop.mapreduce.lib.output.committer.manifest.stages,org.apache.hadoop.mapreduce.lib.output.committer.manifest.impl
org.apache.hadoop.mapreduce.lib.output.committer.manifest.stages,org.apache.hadoop.util
org.apache.hadoop.mapreduce.lib.output.committer.manifest.stages,org.apache.hadoop.util.functional
org.apache.hadoop.mapreduce.lib.partition,org.apache.hadoop.classification
org.apache.hadoop.mapreduce.lib.partition,org.apache.hadoop.conf
org.apache.hadoop.mapreduce.lib.partition,org.apache.hadoop.fs
org.apache.hadoop.mapreduce.lib.partition,org.apache.hadoop.io
org.apache.hadoop.mapreduce.lib.partition,org.apache.hadoop.mapreduce
org.apache.hadoop.mapreduce.lib.partition,org.apache.hadoop.mapreduce.lib.input
org.apache.hadoop.mapreduce.lib.partition,org.apache.hadoop.mapreduce.task
org.apache.hadoop.mapreduce.lib.partition,org.apache.hadoop.util
org.apache.hadoop.mapreduce.lib.reduce,org.apache.hadoop.classification
org.apache.hadoop.mapreduce.lib.reduce,org.apache.hadoop.conf
org.apache.hadoop.mapreduce.lib.reduce,org.apache.hadoop.fs
org.apache.hadoop.mapreduce.lib.reduce,org.apache.hadoop.io
org.apache.hadoop.mapreduce.lib.reduce,org.apache.hadoop.mapreduce
org.apache.hadoop.mapreduce.lib.reduce,org.apache.hadoop.security
org.apache.hadoop.mapreduce.protocol,org.apache.hadoop.classification
org.apache.hadoop.mapreduce.protocol,org.apache.hadoop.conf
org.apache.hadoop.mapreduce.protocol,org.apache.hadoop.io
org.apache.hadoop.mapreduce.protocol,org.apache.hadoop.ipc
org.apache.hadoop.mapreduce.protocol,org.apache.hadoop.mapreduce
org.apache.hadoop.mapreduce.protocol,org.apache.hadoop.mapreduce.security.token.delegation
org.apache.hadoop.mapreduce.protocol,org.apache.hadoop.mapreduce.server.jobtracker
org.apache.hadoop.mapreduce.protocol,org.apache.hadoop.mapreduce.v2
org.apache.hadoop.mapreduce.protocol,org.apache.hadoop.security
org.apache.hadoop.mapreduce.protocol,org.apache.hadoop.security.authorize
org.apache.hadoop.mapreduce.protocol,org.apache.hadoop.security.token
org.apache.hadoop.mapreduce.security,org.apache.hadoop.classification
org.apache.hadoop.mapreduce.security,org.apache.hadoop.conf
org.apache.hadoop.mapreduce.security,org.apache.hadoop.crypto
org.apache.hadoop.mapreduce.security,org.apache.hadoop.fs
org.apache.hadoop.mapreduce.security,org.apache.hadoop.io
org.apache.hadoop.mapreduce.security,org.apache.hadoop.mapred
org.apache.hadoop.mapreduce.security,org.apache.hadoop.mapreduce
org.apache.hadoop.mapreduce.security,org.apache.hadoop.mapreduce.security.token
org.apache.hadoop.mapreduce.security,org.apache.hadoop.security
org.apache.hadoop.mapreduce.security,org.apache.hadoop.security.token
org.apache.hadoop.mapreduce.security.token,org.apache.hadoop.classification
org.apache.hadoop.mapreduce.security.token,org.apache.hadoop.io
org.apache.hadoop.mapreduce.security.token,org.apache.hadoop.security
org.apache.hadoop.mapreduce.security.token,org.apache.hadoop.security.token
org.apache.hadoop.mapreduce.security.token.delegation,org.apache.hadoop.classification
org.apache.hadoop.mapreduce.security.token.delegation,org.apache.hadoop.io
org.apache.hadoop.mapreduce.security.token.delegation,org.apache.hadoop.security.token.delegation
org.apache.hadoop.mapreduce.server.jobtracker,org.apache.hadoop.classification
org.apache.hadoop.mapreduce.server.jobtracker,org.apache.hadoop.mapreduce
org.apache.hadoop.mapreduce.server.tasktracker,org.apache.hadoop.classification
org.apache.hadoop.mapreduce.server.tasktracker,org.apache.hadoop.mapreduce
org.apache.hadoop.mapreduce.split,org.apache.hadoop.classification
org.apache.hadoop.mapreduce.split,org.apache.hadoop.conf
org.apache.hadoop.mapreduce.split,org.apache.hadoop.fs
org.apache.hadoop.mapreduce.split,org.apache.hadoop.fs.permission
org.apache.hadoop.mapreduce.split,org.apache.hadoop.io
org.apache.hadoop.mapreduce.split,org.apache.hadoop.io.serializer
org.apache.hadoop.mapreduce.split,org.apache.hadoop.mapreduce
org.apache.hadoop.mapreduce.task,org.apache.hadoop.classification
org.apache.hadoop.mapreduce.task,org.apache.hadoop.conf
org.apache.hadoop.mapreduce.task,org.apache.hadoop.fs
org.apache.hadoop.mapreduce.task,org.apache.hadoop.io
org.apache.hadoop.mapreduce.task,org.apache.hadoop.io.serializer
org.apache.hadoop.mapreduce.task,org.apache.hadoop.mapred
org.apache.hadoop.mapreduce.task,org.apache.hadoop.mapreduce
org.apache.hadoop.mapreduce.task,org.apache.hadoop.mapreduce.filecache
org.apache.hadoop.mapreduce.task,org.apache.hadoop.mapreduce.lib.input
org.apache.hadoop.mapreduce.task,org.apache.hadoop.mapreduce.lib.output
org.apache.hadoop.mapreduce.task,org.apache.hadoop.mapreduce.lib.partition
org.apache.hadoop.mapreduce.task,org.apache.hadoop.security
org.apache.hadoop.mapreduce.task,org.apache.hadoop.util
org.apache.hadoop.mapreduce.task.annotation,org.apache.hadoop.classification
org.apache.hadoop.mapreduce.task.reduce,org.apache.hadoop.classification
org.apache.hadoop.mapreduce.task.reduce,org.apache.hadoop.conf
org.apache.hadoop.mapreduce.task.reduce,org.apache.hadoop.fs
org.apache.hadoop.mapreduce.task.reduce,org.apache.hadoop.io
org.apache.hadoop.mapreduce.task.reduce,org.apache.hadoop.io.compress
org.apache.hadoop.mapreduce.task.reduce,org.apache.hadoop.mapred
org.apache.hadoop.mapreduce.task.reduce,org.apache.hadoop.mapreduce
org.apache.hadoop.mapreduce.task.reduce,org.apache.hadoop.mapreduce.security
org.apache.hadoop.mapreduce.task.reduce,org.apache.hadoop.metrics2
org.apache.hadoop.mapreduce.task.reduce,org.apache.hadoop.metrics2.annotation
org.apache.hadoop.mapreduce.task.reduce,org.apache.hadoop.metrics2.lib
org.apache.hadoop.mapreduce.task.reduce,org.apache.hadoop.security.ssl
org.apache.hadoop.mapreduce.task.reduce,org.apache.hadoop.util
org.apache.hadoop.mapreduce.task.reduce,org.apache.hadoop.yarn.conf
org.apache.hadoop.mapreduce.tools,org.apache.hadoop.classification
org.apache.hadoop.mapreduce.tools,org.apache.hadoop.conf
org.apache.hadoop.mapreduce.tools,org.apache.hadoop.fs
org.apache.hadoop.mapreduce.tools,org.apache.hadoop.ipc
org.apache.hadoop.mapreduce.tools,org.apache.hadoop.mapred
org.apache.hadoop.mapreduce.tools,org.apache.hadoop.mapreduce
org.apache.hadoop.mapreduce.tools,org.apache.hadoop.mapreduce.jobhistory
org.apache.hadoop.mapreduce.tools,org.apache.hadoop.mapreduce.v2
org.apache.hadoop.mapreduce.tools,org.apache.hadoop.security
org.apache.hadoop.mapreduce.tools,org.apache.hadoop.util
org.apache.hadoop.mapreduce.tools,org.apache.hadoop.yarn.logaggregation
org.apache.hadoop.mapreduce.util,org.apache.hadoop.classification
org.apache.hadoop.mapreduce.util,org.apache.hadoop.conf
org.apache.hadoop.mapreduce.util,org.apache.hadoop.fs
org.apache.hadoop.mapreduce.util,org.apache.hadoop.io
org.apache.hadoop.mapreduce.util,org.apache.hadoop.mapreduce
org.apache.hadoop.mapreduce.util,org.apache.hadoop.mapreduce.counters
org.apache.hadoop.mapreduce.util,org.apache.hadoop.mapreduce.lib.input
org.apache.hadoop.mapreduce.util,org.apache.hadoop.mapreduce.server.jobtracker
org.apache.hadoop.mapreduce.util,org.apache.hadoop.mapreduce.server.tasktracker
org.apache.hadoop.mapreduce.util,org.apache.hadoop.util
org.apache.hadoop.mapreduce.util,org.apache.hadoop.yarn.api.records.timelineservice
org.apache.hadoop.mapreduce.v2.api,org.apache.hadoop.classification
org.apache.hadoop.mapreduce.v2.api,org.apache.hadoop.fs
org.apache.hadoop.mapreduce.v2.api,org.apache.hadoop.io
org.apache.hadoop.mapreduce.v2.api,org.apache.hadoop.ipc
org.apache.hadoop.mapreduce.v2.api,org.apache.hadoop.mapreduce.v2.api.protocolrecords
org.apache.hadoop.mapreduce.v2.api,org.apache.hadoop.security
org.apache.hadoop.mapreduce.v2.api,org.apache.hadoop.security.token
org.apache.hadoop.mapreduce.v2.api,org.apache.hadoop.security.token.delegation
org.apache.hadoop.mapreduce.v2.api,org.apache.hadoop.tools
org.apache.hadoop.mapreduce.v2.api.impl.pb.client,org.apache.hadoop.classification
org.apache.hadoop.mapreduce.v2.api.impl.pb.client,org.apache.hadoop.conf
org.apache.hadoop.mapreduce.v2.api.impl.pb.client,org.apache.hadoop.ipc
org.apache.hadoop.mapreduce.v2.api.impl.pb.client,org.apache.hadoop.mapreduce.v2.api
org.apache.hadoop.mapreduce.v2.api.impl.pb.client,org.apache.hadoop.mapreduce.v2.api.protocolrecords
org.apache.hadoop.mapreduce.v2.api.impl.pb.client,org.apache.hadoop.mapreduce.v2.api.protocolrecords.impl.pb
org.apache.hadoop.mapreduce.v2.api.impl.pb.service,org.apache.hadoop.classification
org.apache.hadoop.mapreduce.v2.api.impl.pb.service,org.apache.hadoop.mapreduce.v2.api
org.apache.hadoop.mapreduce.v2.api.impl.pb.service,org.apache.hadoop.mapreduce.v2.api.protocolrecords
org.apache.hadoop.mapreduce.v2.api.impl.pb.service,org.apache.hadoop.mapreduce.v2.api.protocolrecords.impl.pb
org.apache.hadoop.mapreduce.v2.api.protocolrecords,org.apache.hadoop.mapreduce.v2.api.records
org.apache.hadoop.mapreduce.v2.api.protocolrecords,org.apache.hadoop.yarn.api.records
org.apache.hadoop.mapreduce.v2.api.protocolrecords.impl.pb,org.apache.hadoop.classification
org.apache.hadoop.mapreduce.v2.api.protocolrecords.impl.pb,org.apache.hadoop.mapreduce.v2.api.protocolrecords
org.apache.hadoop.mapreduce.v2.api.protocolrecords.impl.pb,org.apache.hadoop.mapreduce.v2.api.records
org.apache.hadoop.mapreduce.v2.api.protocolrecords.impl.pb,org.apache.hadoop.mapreduce.v2.api.records.impl.pb
org.apache.hadoop.mapreduce.v2.api.protocolrecords.impl.pb,org.apache.hadoop.mapreduce.v2.util
org.apache.hadoop.mapreduce.v2.api.protocolrecords.impl.pb,org.apache.hadoop.yarn.api.records
org.apache.hadoop.mapreduce.v2.api.protocolrecords.impl.pb,org.apache.hadoop.yarn.api.records.impl.pb
org.apache.hadoop.mapreduce.v2.api.records,org.apache.hadoop.classification
org.apache.hadoop.mapreduce.v2.api.records,org.apache.hadoop.yarn.api.records
org.apache.hadoop.mapreduce.v2.api.records.impl.pb,org.apache.hadoop.classification
org.apache.hadoop.mapreduce.v2.api.records.impl.pb,org.apache.hadoop.mapreduce
org.apache.hadoop.mapreduce.v2.api.records.impl.pb,org.apache.hadoop.mapreduce.v2.api.records
org.apache.hadoop.mapreduce.v2.api.records.impl.pb,org.apache.hadoop.mapreduce.v2.util
org.apache.hadoop.mapreduce.v2.api.records.impl.pb,org.apache.hadoop.yarn.api.records
org.apache.hadoop.mapreduce.v2.api.records.impl.pb,org.apache.hadoop.yarn.api.records.impl.pb
org.apache.hadoop.mapreduce.v2.app,org.apache.hadoop.classification
org.apache.hadoop.mapreduce.v2.app,org.apache.hadoop.conf
org.apache.hadoop.mapreduce.v2.app,org.apache.hadoop.fs
org.apache.hadoop.mapreduce.v2.app,org.apache.hadoop.ipc
org.apache.hadoop.mapreduce.v2.app,org.apache.hadoop.mapred
org.apache.hadoop.mapreduce.v2.app,org.apache.hadoop.mapreduce
org.apache.hadoop.mapreduce.v2.app,org.apache.hadoop.mapreduce.jobhistory
org.apache.hadoop.mapreduce.v2.app,org.apache.hadoop.mapreduce.security
org.apache.hadoop.mapreduce.v2.app,org.apache.hadoop.mapreduce.security.token
org.apache.hadoop.mapreduce.v2.app,org.apache.hadoop.mapreduce.task
org.apache.hadoop.mapreduce.v2.app,org.apache.hadoop.mapreduce.util
org.apache.hadoop.mapreduce.v2.app,org.apache.hadoop.mapreduce.v2.api
org.apache.hadoop.mapreduce.v2.app,org.apache.hadoop.mapreduce.v2.api.records
org.apache.hadoop.mapreduce.v2.app,org.apache.hadoop.mapreduce.v2.app.client
org.apache.hadoop.mapreduce.v2.app,org.apache.hadoop.mapreduce.v2.app.commit
org.apache.hadoop.mapreduce.v2.app,org.apache.hadoop.mapreduce.v2.app.job
org.apache.hadoop.mapreduce.v2.app,org.apache.hadoop.mapreduce.v2.app.job.event
org.apache.hadoop.mapreduce.v2.app,org.apache.hadoop.mapreduce.v2.app.job.impl
org.apache.hadoop.mapreduce.v2.app,org.apache.hadoop.mapreduce.v2.app.launcher
org.apache.hadoop.mapreduce.v2.app,org.apache.hadoop.mapreduce.v2.app.local
org.apache.hadoop.mapreduce.v2.app,org.apache.hadoop.mapreduce.v2.app.metrics
org.apache.hadoop.mapreduce.v2.app,org.apache.hadoop.mapreduce.v2.app.rm
org.apache.hadoop.mapreduce.v2.app,org.apache.hadoop.mapreduce.v2.app.rm.preemption
org.apache.hadoop.mapreduce.v2.app,org.apache.hadoop.mapreduce.v2.app.security.authorize
org.apache.hadoop.mapreduce.v2.app,org.apache.hadoop.mapreduce.v2.app.speculate
org.apache.hadoop.mapreduce.v2.app,org.apache.hadoop.mapreduce.v2.jobhistory
org.apache.hadoop.mapreduce.v2.app,org.apache.hadoop.mapreduce.v2.util
org.apache.hadoop.mapreduce.v2.app,org.apache.hadoop.metrics2.lib
org.apache.hadoop.mapreduce.v2.app,org.apache.hadoop.security
org.apache.hadoop.mapreduce.v2.app,org.apache.hadoop.security.token
org.apache.hadoop.mapreduce.v2.app,org.apache.hadoop.service
org.apache.hadoop.mapreduce.v2.app,org.apache.hadoop.util
org.apache.hadoop.mapreduce.v2.app,org.apache.hadoop.yarn
org.apache.hadoop.mapreduce.v2.app,org.apache.hadoop.yarn.api
org.apache.hadoop.mapreduce.v2.app,org.apache.hadoop.yarn.api.records
org.apache.hadoop.mapreduce.v2.app,org.apache.hadoop.yarn.client.api
org.apache.hadoop.mapreduce.v2.app,org.apache.hadoop.yarn.conf
org.apache.hadoop.mapreduce.v2.app,org.apache.hadoop.yarn.event
org.apache.hadoop.mapreduce.v2.app,org.apache.hadoop.yarn.exceptions
org.apache.hadoop.mapreduce.v2.app,org.apache.hadoop.yarn.security
org.apache.hadoop.mapreduce.v2.app,org.apache.hadoop.yarn.security.client
org.apache.hadoop.mapreduce.v2.app,org.apache.hadoop.yarn.util
org.apache.hadoop.mapreduce.v2.app.client,org.apache.hadoop.classification
org.apache.hadoop.mapreduce.v2.app.client,org.apache.hadoop.conf
org.apache.hadoop.mapreduce.v2.app.client,org.apache.hadoop.fs
org.apache.hadoop.mapreduce.v2.app.client,org.apache.hadoop.http
org.apache.hadoop.mapreduce.v2.app.client,org.apache.hadoop.ipc
org.apache.hadoop.mapreduce.v2.app.client,org.apache.hadoop.mapreduce
org.apache.hadoop.mapreduce.v2.app.client,org.apache.hadoop.mapreduce.v2.api
org.apache.hadoop.mapreduce.v2.app.client,org.apache.hadoop.mapreduce.v2.api.protocolrecords
org.apache.hadoop.mapreduce.v2.app.client,org.apache.hadoop.mapreduce.v2.api.records
org.apache.hadoop.mapreduce.v2.app.client,org.apache.hadoop.mapreduce.v2.app
org.apache.hadoop.mapreduce.v2.app.client,org.apache.hadoop.mapreduce.v2.app.job
org.apache.hadoop.mapreduce.v2.app.client,org.apache.hadoop.mapreduce.v2.app.job.event
org.apache.hadoop.mapreduce.v2.app.client,org.apache.hadoop.mapreduce.v2.app.security.authorize
org.apache.hadoop.mapreduce.v2.app.client,org.apache.hadoop.mapreduce.v2.app.webapp
org.apache.hadoop.mapreduce.v2.app.client,org.apache.hadoop.mapreduce.v2.app.webapp.jsonprovider
org.apache.hadoop.mapreduce.v2.app.client,org.apache.hadoop.net
org.apache.hadoop.mapreduce.v2.app.client,org.apache.hadoop.security
org.apache.hadoop.mapreduce.v2.app.client,org.apache.hadoop.security.authorize
org.apache.hadoop.mapreduce.v2.app.client,org.apache.hadoop.service
org.apache.hadoop.mapreduce.v2.app.client,org.apache.hadoop.yarn.exceptions
org.apache.hadoop.mapreduce.v2.app.client,org.apache.hadoop.yarn.factories
org.apache.hadoop.mapreduce.v2.app.client,org.apache.hadoop.yarn.factory.providers
org.apache.hadoop.mapreduce.v2.app.client,org.apache.hadoop.yarn.ipc
org.apache.hadoop.mapreduce.v2.app.client,org.apache.hadoop.yarn.webapp
org.apache.hadoop.mapreduce.v2.app.commit,org.apache.hadoop.classification
org.apache.hadoop.mapreduce.v2.app.commit,org.apache.hadoop.conf
org.apache.hadoop.mapreduce.v2.app.commit,org.apache.hadoop.fs
org.apache.hadoop.mapreduce.v2.app.commit,org.apache.hadoop.mapreduce
org.apache.hadoop.mapreduce.v2.app.commit,org.apache.hadoop.mapreduce.v2.api.records
org.apache.hadoop.mapreduce.v2.app.commit,org.apache.hadoop.mapreduce.v2.app
org.apache.hadoop.mapreduce.v2.app.commit,org.apache.hadoop.mapreduce.v2.app.job.event
org.apache.hadoop.mapreduce.v2.app.commit,org.apache.hadoop.mapreduce.v2.app.rm
org.apache.hadoop.mapreduce.v2.app.commit,org.apache.hadoop.mapreduce.v2.util
org.apache.hadoop.mapreduce.v2.app.commit,org.apache.hadoop.security
org.apache.hadoop.mapreduce.v2.app.commit,org.apache.hadoop.service
org.apache.hadoop.mapreduce.v2.app.commit,org.apache.hadoop.util
org.apache.hadoop.mapreduce.v2.app.commit,org.apache.hadoop.util.concurrent
org.apache.hadoop.mapreduce.v2.app.commit,org.apache.hadoop.yarn.event
org.apache.hadoop.mapreduce.v2.app.commit,org.apache.hadoop.yarn.exceptions
org.apache.hadoop.mapreduce.v2.app.job,org.apache.hadoop.classification
org.apache.hadoop.mapreduce.v2.app.job,org.apache.hadoop.conf
org.apache.hadoop.mapreduce.v2.app.job,org.apache.hadoop.fs
org.apache.hadoop.mapreduce.v2.app.job,org.apache.hadoop.mapred
org.apache.hadoop.mapreduce.v2.app.job,org.apache.hadoop.mapreduce
org.apache.hadoop.mapreduce.v2.app.job,org.apache.hadoop.mapreduce.v2.api.records
org.apache.hadoop.mapreduce.v2.app.job,org.apache.hadoop.security
org.apache.hadoop.mapreduce.v2.app.job,org.apache.hadoop.security.authorize
org.apache.hadoop.mapreduce.v2.app.job,org.apache.hadoop.yarn.api.records
org.apache.hadoop.mapreduce.v2.app.job.event,org.apache.hadoop.classification
org.apache.hadoop.mapreduce.v2.app.job.event,org.apache.hadoop.mapreduce
org.apache.hadoop.mapreduce.v2.app.job.event,org.apache.hadoop.mapreduce.v2.api.records
org.apache.hadoop.mapreduce.v2.app.job.event,org.apache.hadoop.yarn.api.records
org.apache.hadoop.mapreduce.v2.app.job.event,org.apache.hadoop.yarn.event
org.apache.hadoop.mapreduce.v2.app.job.impl,org.apache.hadoop.classification
org.apache.hadoop.mapreduce.v2.app.job.impl,org.apache.hadoop.conf
org.apache.hadoop.mapreduce.v2.app.job.impl,org.apache.hadoop.fs
org.apache.hadoop.mapreduce.v2.app.job.impl,org.apache.hadoop.io
org.apache.hadoop.mapreduce.v2.app.job.impl,org.apache.hadoop.mapred
org.apache.hadoop.mapreduce.v2.app.job.impl,org.apache.hadoop.mapreduce
org.apache.hadoop.mapreduce.v2.app.job.impl,org.apache.hadoop.mapreduce.jobhistory
org.apache.hadoop.mapreduce.v2.app.job.impl,org.apache.hadoop.mapreduce.lib.chain
org.apache.hadoop.mapreduce.v2.app.job.impl,org.apache.hadoop.mapreduce.security
org.apache.hadoop.mapreduce.v2.app.job.impl,org.apache.hadoop.mapreduce.security.token
org.apache.hadoop.mapreduce.v2.app.job.impl,org.apache.hadoop.mapreduce.split
org.apache.hadoop.mapreduce.v2.app.job.impl,org.apache.hadoop.mapreduce.task
org.apache.hadoop.mapreduce.v2.app.job.impl,org.apache.hadoop.mapreduce.v2.api.records
org.apache.hadoop.mapreduce.v2.app.job.impl,org.apache.hadoop.mapreduce.v2.app
org.apache.hadoop.mapreduce.v2.app.job.impl,org.apache.hadoop.mapreduce.v2.app.commit
org.apache.hadoop.mapreduce.v2.app.job.impl,org.apache.hadoop.mapreduce.v2.app.job
org.apache.hadoop.mapreduce.v2.app.job.impl,org.apache.hadoop.mapreduce.v2.app.job.event
org.apache.hadoop.mapreduce.v2.app.job.impl,org.apache.hadoop.mapreduce.v2.app.launcher
org.apache.hadoop.mapreduce.v2.app.job.impl,org.apache.hadoop.mapreduce.v2.app.metrics
org.apache.hadoop.mapreduce.v2.app.job.impl,org.apache.hadoop.mapreduce.v2.app.rm
org.apache.hadoop.mapreduce.v2.app.job.impl,org.apache.hadoop.mapreduce.v2.app.speculate
org.apache.hadoop.mapreduce.v2.app.job.impl,org.apache.hadoop.mapreduce.v2.util
org.apache.hadoop.mapreduce.v2.app.job.impl,org.apache.hadoop.net
org.apache.hadoop.mapreduce.v2.app.job.impl,org.apache.hadoop.security
org.apache.hadoop.mapreduce.v2.app.job.impl,org.apache.hadoop.security.authorize
org.apache.hadoop.mapreduce.v2.app.job.impl,org.apache.hadoop.security.token
org.apache.hadoop.mapreduce.v2.app.job.impl,org.apache.hadoop.util
org.apache.hadoop.mapreduce.v2.app.job.impl,org.apache.hadoop.util.concurrent
org.apache.hadoop.mapreduce.v2.app.job.impl,org.apache.hadoop.yarn.api.records
org.apache.hadoop.mapreduce.v2.app.job.impl,org.apache.hadoop.yarn.conf
org.apache.hadoop.mapreduce.v2.app.job.impl,org.apache.hadoop.yarn.event
org.apache.hadoop.mapreduce.v2.app.job.impl,org.apache.hadoop.yarn.exceptions
org.apache.hadoop.mapreduce.v2.app.job.impl,org.apache.hadoop.yarn.factories
org.apache.hadoop.mapreduce.v2.app.job.impl,org.apache.hadoop.yarn.factory.providers
org.apache.hadoop.mapreduce.v2.app.job.impl,org.apache.hadoop.yarn.state
org.apache.hadoop.mapreduce.v2.app.job.impl,org.apache.hadoop.yarn.util
org.apache.hadoop.mapreduce.v2.app.job.impl,org.apache.hadoop.yarn.util.resource
org.apache.hadoop.mapreduce.v2.app.launcher,org.apache.hadoop.classification
org.apache.hadoop.mapreduce.v2.app.launcher,org.apache.hadoop.conf
org.apache.hadoop.mapreduce.v2.app.launcher,org.apache.hadoop.mapred
org.apache.hadoop.mapreduce.v2.app.launcher,org.apache.hadoop.mapreduce
org.apache.hadoop.mapreduce.v2.app.launcher,org.apache.hadoop.mapreduce.v2.api.records
org.apache.hadoop.mapreduce.v2.app.launcher,org.apache.hadoop.mapreduce.v2.app
org.apache.hadoop.mapreduce.v2.app.launcher,org.apache.hadoop.mapreduce.v2.app.job.event
org.apache.hadoop.mapreduce.v2.app.launcher,org.apache.hadoop.service
org.apache.hadoop.mapreduce.v2.app.launcher,org.apache.hadoop.util
org.apache.hadoop.mapreduce.v2.app.launcher,org.apache.hadoop.util.concurrent
org.apache.hadoop.mapreduce.v2.app.launcher,org.apache.hadoop.yarn.api.protocolrecords
org.apache.hadoop.mapreduce.v2.app.launcher,org.apache.hadoop.yarn.api.records
org.apache.hadoop.mapreduce.v2.app.launcher,org.apache.hadoop.yarn.client.api.impl
org.apache.hadoop.mapreduce.v2.app.launcher,org.apache.hadoop.yarn.event
org.apache.hadoop.mapreduce.v2.app.launcher,org.apache.hadoop.yarn.exceptions
org.apache.hadoop.mapreduce.v2.app.local,org.apache.hadoop.classification
org.apache.hadoop.mapreduce.v2.app.local,org.apache.hadoop.conf
org.apache.hadoop.mapreduce.v2.app.local,org.apache.hadoop.io
org.apache.hadoop.mapreduce.v2.app.local,org.apache.hadoop.mapreduce
org.apache.hadoop.mapreduce.v2.app.local,org.apache.hadoop.mapreduce.v2.api.records
org.apache.hadoop.mapreduce.v2.app.local,org.apache.hadoop.mapreduce.v2.app
org.apache.hadoop.mapreduce.v2.app.local,org.apache.hadoop.mapreduce.v2.app.client
org.apache.hadoop.mapreduce.v2.app.local,org.apache.hadoop.mapreduce.v2.app.job.event
org.apache.hadoop.mapreduce.v2.app.local,org.apache.hadoop.mapreduce.v2.app.rm
org.apache.hadoop.mapreduce.v2.app.local,org.apache.hadoop.security
org.apache.hadoop.mapreduce.v2.app.local,org.apache.hadoop.yarn.api.protocolrecords
org.apache.hadoop.mapreduce.v2.app.local,org.apache.hadoop.yarn.api.records
org.apache.hadoop.mapreduce.v2.app.local,org.apache.hadoop.yarn.client
org.apache.hadoop.mapreduce.v2.app.local,org.apache.hadoop.yarn.event
org.apache.hadoop.mapreduce.v2.app.local,org.apache.hadoop.yarn.exceptions
org.apache.hadoop.mapreduce.v2.app.local,org.apache.hadoop.yarn.factories
org.apache.hadoop.mapreduce.v2.app.local,org.apache.hadoop.yarn.factory.providers
org.apache.hadoop.mapreduce.v2.app.local,org.apache.hadoop.yarn.security
org.apache.hadoop.mapreduce.v2.app.metrics,org.apache.hadoop.classification
org.apache.hadoop.mapreduce.v2.app.metrics,org.apache.hadoop.mapreduce.v2.app.job
org.apache.hadoop.mapreduce.v2.app.metrics,org.apache.hadoop.metrics2
org.apache.hadoop.mapreduce.v2.app.metrics,org.apache.hadoop.metrics2.annotation
org.apache.hadoop.mapreduce.v2.app.metrics,org.apache.hadoop.metrics2.lib
org.apache.hadoop.mapreduce.v2.app.metrics,org.apache.hadoop.metrics2.source
org.apache.hadoop.mapreduce.v2.app.rm,org.apache.hadoop.classification
org.apache.hadoop.mapreduce.v2.app.rm,org.apache.hadoop.conf
org.apache.hadoop.mapreduce.v2.app.rm,org.apache.hadoop.io
org.apache.hadoop.mapreduce.v2.app.rm,org.apache.hadoop.mapreduce
org.apache.hadoop.mapreduce.v2.app.rm,org.apache.hadoop.mapreduce.jobhistory
org.apache.hadoop.mapreduce.v2.app.rm,org.apache.hadoop.mapreduce.v2.api.records
org.apache.hadoop.mapreduce.v2.app.rm,org.apache.hadoop.mapreduce.v2.app
org.apache.hadoop.mapreduce.v2.app.rm,org.apache.hadoop.mapreduce.v2.app.client
org.apache.hadoop.mapreduce.v2.app.rm,org.apache.hadoop.mapreduce.v2.app.job
org.apache.hadoop.mapreduce.v2.app.rm,org.apache.hadoop.mapreduce.v2.app.job.event
org.apache.hadoop.mapreduce.v2.app.rm,org.apache.hadoop.mapreduce.v2.app.job.impl
org.apache.hadoop.mapreduce.v2.app.rm,org.apache.hadoop.mapreduce.v2.app.rm.preemption
org.apache.hadoop.mapreduce.v2.app.rm,org.apache.hadoop.mapreduce.v2.util
org.apache.hadoop.mapreduce.v2.app.rm,org.apache.hadoop.security
org.apache.hadoop.mapreduce.v2.app.rm,org.apache.hadoop.service
org.apache.hadoop.mapreduce.v2.app.rm,org.apache.hadoop.util
org.apache.hadoop.mapreduce.v2.app.rm,org.apache.hadoop.yarn.api
org.apache.hadoop.mapreduce.v2.app.rm,org.apache.hadoop.yarn.api.protocolrecords
org.apache.hadoop.mapreduce.v2.app.rm,org.apache.hadoop.yarn.api.records
org.apache.hadoop.mapreduce.v2.app.rm,org.apache.hadoop.yarn.client
org.apache.hadoop.mapreduce.v2.app.rm,org.apache.hadoop.yarn.client.api
org.apache.hadoop.mapreduce.v2.app.rm,org.apache.hadoop.yarn.event
org.apache.hadoop.mapreduce.v2.app.rm,org.apache.hadoop.yarn.exceptions
org.apache.hadoop.mapreduce.v2.app.rm,org.apache.hadoop.yarn.factories
org.apache.hadoop.mapreduce.v2.app.rm,org.apache.hadoop.yarn.factory.providers
org.apache.hadoop.mapreduce.v2.app.rm,org.apache.hadoop.yarn.security
org.apache.hadoop.mapreduce.v2.app.rm,org.apache.hadoop.yarn.util
org.apache.hadoop.mapreduce.v2.app.rm,org.apache.hadoop.yarn.util.resource
org.apache.hadoop.mapreduce.v2.app.rm.preemption,org.apache.hadoop.mapreduce
org.apache.hadoop.mapreduce.v2.app.rm.preemption,org.apache.hadoop.mapreduce.checkpoint
org.apache.hadoop.mapreduce.v2.app.rm.preemption,org.apache.hadoop.mapreduce.v2.api.records
org.apache.hadoop.mapreduce.v2.app.rm.preemption,org.apache.hadoop.mapreduce.v2.app
org.apache.hadoop.mapreduce.v2.app.rm.preemption,org.apache.hadoop.mapreduce.v2.app.job.event
org.apache.hadoop.mapreduce.v2.app.rm.preemption,org.apache.hadoop.yarn.api.records
org.apache.hadoop.mapreduce.v2.app.rm.preemption,org.apache.hadoop.yarn.event
org.apache.hadoop.mapreduce.v2.app.security.authorize,org.apache.hadoop.classification
org.apache.hadoop.mapreduce.v2.app.security.authorize,org.apache.hadoop.fs
org.apache.hadoop.mapreduce.v2.app.security.authorize,org.apache.hadoop.mapred
org.apache.hadoop.mapreduce.v2.app.security.authorize,org.apache.hadoop.mapred.protocolPB
org.apache.hadoop.mapreduce.v2.app.security.authorize,org.apache.hadoop.mapreduce
org.apache.hadoop.mapreduce.v2.app.security.authorize,org.apache.hadoop.mapreduce.v2.api
org.apache.hadoop.mapreduce.v2.app.security.authorize,org.apache.hadoop.mapreduce.v2.jobhistory
org.apache.hadoop.mapreduce.v2.app.security.authorize,org.apache.hadoop.security
org.apache.hadoop.mapreduce.v2.app.security.authorize,org.apache.hadoop.security.authorize
org.apache.hadoop.mapreduce.v2.app.security.authorize,org.apache.hadoop.tools
org.apache.hadoop.mapreduce.v2.app.speculate,org.apache.hadoop.classification
org.apache.hadoop.mapreduce.v2.app.speculate,org.apache.hadoop.conf
org.apache.hadoop.mapreduce.v2.app.speculate,org.apache.hadoop.mapreduce
org.apache.hadoop.mapreduce.v2.app.speculate,org.apache.hadoop.mapreduce.v2.api.records
org.apache.hadoop.mapreduce.v2.app.speculate,org.apache.hadoop.mapreduce.v2.app
org.apache.hadoop.mapreduce.v2.app.speculate,org.apache.hadoop.mapreduce.v2.app.job
org.apache.hadoop.mapreduce.v2.app.speculate,org.apache.hadoop.mapreduce.v2.app.job.event
org.apache.hadoop.mapreduce.v2.app.speculate,org.apache.hadoop.mapreduce.v2.app.speculate.forecast
org.apache.hadoop.mapreduce.v2.app.speculate,org.apache.hadoop.service
org.apache.hadoop.mapreduce.v2.app.speculate,org.apache.hadoop.yarn.event
org.apache.hadoop.mapreduce.v2.app.speculate,org.apache.hadoop.yarn.exceptions
org.apache.hadoop.mapreduce.v2.app.speculate,org.apache.hadoop.yarn.util
org.apache.hadoop.mapreduce.v2.app.speculate.forecast,org.apache.hadoop.classification
org.apache.hadoop.mapreduce.v2.app.webapp,org.apache.hadoop.classification
org.apache.hadoop.mapreduce.v2.app.webapp,org.apache.hadoop.conf
org.apache.hadoop.mapreduce.v2.app.webapp,org.apache.hadoop.fs
org.apache.hadoop.mapreduce.v2.app.webapp,org.apache.hadoop.http
org.apache.hadoop.mapreduce.v2.app.webapp,org.apache.hadoop.mapreduce
org.apache.hadoop.mapreduce.v2.app.webapp,org.apache.hadoop.mapreduce.v2.api.protocolrecords
org.apache.hadoop.mapreduce.v2.app.webapp,org.apache.hadoop.mapreduce.v2.api.protocolrecords.impl.pb
org.apache.hadoop.mapreduce.v2.app.webapp,org.apache.hadoop.mapreduce.v2.api.records
org.apache.hadoop.mapreduce.v2.app.webapp,org.apache.hadoop.mapreduce.v2.app
org.apache.hadoop.mapreduce.v2.app.webapp,org.apache.hadoop.mapreduce.v2.app.client
org.apache.hadoop.mapreduce.v2.app.webapp,org.apache.hadoop.mapreduce.v2.app.job
org.apache.hadoop.mapreduce.v2.app.webapp,org.apache.hadoop.mapreduce.v2.app.webapp.dao
org.apache.hadoop.mapreduce.v2.app.webapp,org.apache.hadoop.mapreduce.v2.app.webapp.jsonprovider
org.apache.hadoop.mapreduce.v2.app.webapp,org.apache.hadoop.mapreduce.v2.util
org.apache.hadoop.mapreduce.v2.app.webapp,org.apache.hadoop.security
org.apache.hadoop.mapreduce.v2.app.webapp,org.apache.hadoop.util
org.apache.hadoop.mapreduce.v2.app.webapp,org.apache.hadoop.yarn.exceptions
org.apache.hadoop.mapreduce.v2.app.webapp,org.apache.hadoop.yarn.util
org.apache.hadoop.mapreduce.v2.app.webapp,org.apache.hadoop.yarn.webapp
org.apache.hadoop.mapreduce.v2.app.webapp,org.apache.hadoop.yarn.webapp.hamlet2
org.apache.hadoop.mapreduce.v2.app.webapp,org.apache.hadoop.yarn.webapp.util
org.apache.hadoop.mapreduce.v2.app.webapp,org.apache.hadoop.yarn.webapp.view
org.apache.hadoop.mapreduce.v2.app.webapp.dao,org.apache.hadoop.conf
org.apache.hadoop.mapreduce.v2.app.webapp.dao,org.apache.hadoop.mapreduce
org.apache.hadoop.mapreduce.v2.app.webapp.dao,org.apache.hadoop.mapreduce.util
org.apache.hadoop.mapreduce.v2.app.webapp.dao,org.apache.hadoop.mapreduce.v2.api.records
org.apache.hadoop.mapreduce.v2.app.webapp.dao,org.apache.hadoop.mapreduce.v2.app
org.apache.hadoop.mapreduce.v2.app.webapp.dao,org.apache.hadoop.mapreduce.v2.app.job
org.apache.hadoop.mapreduce.v2.app.webapp.dao,org.apache.hadoop.mapreduce.v2.app.webapp
org.apache.hadoop.mapreduce.v2.app.webapp.dao,org.apache.hadoop.mapreduce.v2.util
org.apache.hadoop.mapreduce.v2.app.webapp.dao,org.apache.hadoop.security.authorize
org.apache.hadoop.mapreduce.v2.app.webapp.dao,org.apache.hadoop.util
org.apache.hadoop.mapreduce.v2.app.webapp.dao,org.apache.hadoop.yarn.api.records
org.apache.hadoop.mapreduce.v2.app.webapp.dao,org.apache.hadoop.yarn.util
org.apache.hadoop.mapreduce.v2.app.webapp.jsonprovider,org.apache.hadoop.mapreduce.v2.app.webapp.dao
org.apache.hadoop.mapreduce.v2.app.webapp.jsonprovider,org.apache.hadoop.util
org.apache.hadoop.mapreduce.v2.app.webapp.jsonprovider,org.apache.hadoop.yarn.webapp
org.apache.hadoop.mapreduce.v2.hs,org.apache.hadoop.classification
org.apache.hadoop.mapreduce.v2.hs,org.apache.hadoop.conf
org.apache.hadoop.mapreduce.v2.hs,org.apache.hadoop.fs
org.apache.hadoop.mapreduce.v2.hs,org.apache.hadoop.fs.permission
org.apache.hadoop.mapreduce.v2.hs,org.apache.hadoop.hdfs.server.common
org.apache.hadoop.mapreduce.v2.hs,org.apache.hadoop.hdfs.server.namenode
org.apache.hadoop.mapreduce.v2.hs,org.apache.hadoop.io
org.apache.hadoop.mapreduce.v2.hs,org.apache.hadoop.ipc
org.apache.hadoop.mapreduce.v2.hs,org.apache.hadoop.mapred
org.apache.hadoop.mapreduce.v2.hs,org.apache.hadoop.mapreduce
org.apache.hadoop.mapreduce.v2.hs,org.apache.hadoop.mapreduce.jobhistory
org.apache.hadoop.mapreduce.v2.hs,org.apache.hadoop.mapreduce.v2.api
org.apache.hadoop.mapreduce.v2.hs,org.apache.hadoop.mapreduce.v2.api.protocolrecords
org.apache.hadoop.mapreduce.v2.hs,org.apache.hadoop.mapreduce.v2.api.records
org.apache.hadoop.mapreduce.v2.hs,org.apache.hadoop.mapreduce.v2.app
org.apache.hadoop.mapreduce.v2.hs,org.apache.hadoop.mapreduce.v2.app.job
org.apache.hadoop.mapreduce.v2.hs,org.apache.hadoop.mapreduce.v2.app.security.authorize
org.apache.hadoop.mapreduce.v2.hs,org.apache.hadoop.mapreduce.v2.hs.protocolPB
org.apache.hadoop.mapreduce.v2.hs,org.apache.hadoop.mapreduce.v2.hs.server
org.apache.hadoop.mapreduce.v2.hs,org.apache.hadoop.mapreduce.v2.hs.webapp
org.apache.hadoop.mapreduce.v2.hs,org.apache.hadoop.mapreduce.v2.hs.webapp.dao
org.apache.hadoop.mapreduce.v2.hs,org.apache.hadoop.mapreduce.v2.jobhistory
org.apache.hadoop.mapreduce.v2.hs,org.apache.hadoop.mapreduce.v2.util
org.apache.hadoop.mapreduce.v2.hs,org.apache.hadoop.metrics2.lib
org.apache.hadoop.mapreduce.v2.hs,org.apache.hadoop.metrics2.source
org.apache.hadoop.mapreduce.v2.hs,org.apache.hadoop.net
org.apache.hadoop.mapreduce.v2.hs,org.apache.hadoop.security
org.apache.hadoop.mapreduce.v2.hs,org.apache.hadoop.security.authorize
org.apache.hadoop.mapreduce.v2.hs,org.apache.hadoop.security.protocolPB
org.apache.hadoop.mapreduce.v2.hs,org.apache.hadoop.security.token
org.apache.hadoop.mapreduce.v2.hs,org.apache.hadoop.security.token.delegation
org.apache.hadoop.mapreduce.v2.hs,org.apache.hadoop.service
org.apache.hadoop.mapreduce.v2.hs,org.apache.hadoop.tools
org.apache.hadoop.mapreduce.v2.hs,org.apache.hadoop.tools.protocolPB
org.apache.hadoop.mapreduce.v2.hs,org.apache.hadoop.util
org.apache.hadoop.mapreduce.v2.hs,org.apache.hadoop.util.concurrent
org.apache.hadoop.mapreduce.v2.hs,org.apache.hadoop.yarn
org.apache.hadoop.mapreduce.v2.hs,org.apache.hadoop.yarn.api
org.apache.hadoop.mapreduce.v2.hs,org.apache.hadoop.yarn.api.records
org.apache.hadoop.mapreduce.v2.hs,org.apache.hadoop.yarn.client
org.apache.hadoop.mapreduce.v2.hs,org.apache.hadoop.yarn.conf
org.apache.hadoop.mapreduce.v2.hs,org.apache.hadoop.yarn.event
org.apache.hadoop.mapreduce.v2.hs,org.apache.hadoop.yarn.exceptions
org.apache.hadoop.mapreduce.v2.hs,org.apache.hadoop.yarn.factories
org.apache.hadoop.mapreduce.v2.hs,org.apache.hadoop.yarn.factory.providers
org.apache.hadoop.mapreduce.v2.hs,org.apache.hadoop.yarn.ipc
org.apache.hadoop.mapreduce.v2.hs,org.apache.hadoop.yarn.logaggregation
org.apache.hadoop.mapreduce.v2.hs,org.apache.hadoop.yarn.security.client
org.apache.hadoop.mapreduce.v2.hs,org.apache.hadoop.yarn.server.records
org.apache.hadoop.mapreduce.v2.hs,org.apache.hadoop.yarn.server.records.impl.pb
org.apache.hadoop.mapreduce.v2.hs,org.apache.hadoop.yarn.server.utils
org.apache.hadoop.mapreduce.v2.hs,org.apache.hadoop.yarn.util
org.apache.hadoop.mapreduce.v2.hs,org.apache.hadoop.yarn.webapp
org.apache.hadoop.mapreduce.v2.hs.client,org.apache.hadoop.conf
org.apache.hadoop.mapreduce.v2.hs.client,org.apache.hadoop.fs
org.apache.hadoop.mapreduce.v2.hs.client,org.apache.hadoop.mapred
org.apache.hadoop.mapreduce.v2.hs.client,org.apache.hadoop.mapreduce.v2.api
org.apache.hadoop.mapreduce.v2.hs.client,org.apache.hadoop.mapreduce.v2.hs
org.apache.hadoop.mapreduce.v2.hs.client,org.apache.hadoop.mapreduce.v2.jobhistory
org.apache.hadoop.mapreduce.v2.hs.client,org.apache.hadoop.security
org.apache.hadoop.mapreduce.v2.hs.client,org.apache.hadoop.tools
org.apache.hadoop.mapreduce.v2.hs.client,org.apache.hadoop.util
org.apache.hadoop.mapreduce.v2.hs.protocolPB,org.apache.hadoop.ipc
org.apache.hadoop.mapreduce.v2.hs.protocolPB,org.apache.hadoop.mapreduce.v2.api
org.apache.hadoop.mapreduce.v2.hs.server,org.apache.hadoop.classification
org.apache.hadoop.mapreduce.v2.hs.server,org.apache.hadoop.conf
org.apache.hadoop.mapreduce.v2.hs.server,org.apache.hadoop.fs
org.apache.hadoop.mapreduce.v2.hs.server,org.apache.hadoop.ipc
org.apache.hadoop.mapreduce.v2.hs.server,org.apache.hadoop.mapreduce.v2.api
org.apache.hadoop.mapreduce.v2.hs.server,org.apache.hadoop.mapreduce.v2.app.security.authorize
org.apache.hadoop.mapreduce.v2.hs.server,org.apache.hadoop.mapreduce.v2.hs
org.apache.hadoop.mapreduce.v2.hs.server,org.apache.hadoop.mapreduce.v2.hs.protocolPB
org.apache.hadoop.mapreduce.v2.hs.server,org.apache.hadoop.mapreduce.v2.jobhistory
org.apache.hadoop.mapreduce.v2.hs.server,org.apache.hadoop.security
org.apache.hadoop.mapreduce.v2.hs.server,org.apache.hadoop.security.authorize
org.apache.hadoop.mapreduce.v2.hs.server,org.apache.hadoop.security.protocolPB
org.apache.hadoop.mapreduce.v2.hs.server,org.apache.hadoop.service
org.apache.hadoop.mapreduce.v2.hs.server,org.apache.hadoop.tools.protocolPB
org.apache.hadoop.mapreduce.v2.hs.server,org.apache.hadoop.yarn.logaggregation
org.apache.hadoop.mapreduce.v2.hs.webapp,org.apache.hadoop.classification
org.apache.hadoop.mapreduce.v2.hs.webapp,org.apache.hadoop.conf
org.apache.hadoop.mapreduce.v2.hs.webapp,org.apache.hadoop.http
org.apache.hadoop.mapreduce.v2.hs.webapp,org.apache.hadoop.mapred
org.apache.hadoop.mapreduce.v2.hs.webapp,org.apache.hadoop.mapreduce
org.apache.hadoop.mapreduce.v2.hs.webapp,org.apache.hadoop.mapreduce.v2.api.records
org.apache.hadoop.mapreduce.v2.hs.webapp,org.apache.hadoop.mapreduce.v2.app
org.apache.hadoop.mapreduce.v2.hs.webapp,org.apache.hadoop.mapreduce.v2.app.job
org.apache.hadoop.mapreduce.v2.hs.webapp,org.apache.hadoop.mapreduce.v2.app.webapp
org.apache.hadoop.mapreduce.v2.hs.webapp,org.apache.hadoop.mapreduce.v2.app.webapp.dao
org.apache.hadoop.mapreduce.v2.hs.webapp,org.apache.hadoop.mapreduce.v2.hs
org.apache.hadoop.mapreduce.v2.hs.webapp,org.apache.hadoop.mapreduce.v2.hs.webapp.dao
org.apache.hadoop.mapreduce.v2.hs.webapp,org.apache.hadoop.mapreduce.v2.jobhistory
org.apache.hadoop.mapreduce.v2.hs.webapp,org.apache.hadoop.mapreduce.v2.util
org.apache.hadoop.mapreduce.v2.hs.webapp,org.apache.hadoop.security
org.apache.hadoop.mapreduce.v2.hs.webapp,org.apache.hadoop.util
org.apache.hadoop.mapreduce.v2.hs.webapp,org.apache.hadoop.yarn.api
org.apache.hadoop.mapreduce.v2.hs.webapp,org.apache.hadoop.yarn.api.records
org.apache.hadoop.mapreduce.v2.hs.webapp,org.apache.hadoop.yarn.conf
org.apache.hadoop.mapreduce.v2.hs.webapp,org.apache.hadoop.yarn.exceptions
org.apache.hadoop.mapreduce.v2.hs.webapp,org.apache.hadoop.yarn.logaggregation
org.apache.hadoop.mapreduce.v2.hs.webapp,org.apache.hadoop.yarn.server.webapp
org.apache.hadoop.mapreduce.v2.hs.webapp,org.apache.hadoop.yarn.util
org.apache.hadoop.mapreduce.v2.hs.webapp,org.apache.hadoop.yarn.webapp
org.apache.hadoop.mapreduce.v2.hs.webapp,org.apache.hadoop.yarn.webapp.hamlet2
org.apache.hadoop.mapreduce.v2.hs.webapp,org.apache.hadoop.yarn.webapp.log
org.apache.hadoop.mapreduce.v2.hs.webapp,org.apache.hadoop.yarn.webapp.view
org.apache.hadoop.mapreduce.v2.hs.webapp.dao,org.apache.hadoop.classification
org.apache.hadoop.mapreduce.v2.hs.webapp.dao,org.apache.hadoop.mapreduce
org.apache.hadoop.mapreduce.v2.hs.webapp.dao,org.apache.hadoop.mapreduce.v2.api.records
org.apache.hadoop.mapreduce.v2.hs.webapp.dao,org.apache.hadoop.mapreduce.v2.app.job
org.apache.hadoop.mapreduce.v2.hs.webapp.dao,org.apache.hadoop.mapreduce.v2.app.webapp.dao
org.apache.hadoop.mapreduce.v2.hs.webapp.dao,org.apache.hadoop.mapreduce.v2.hs
org.apache.hadoop.mapreduce.v2.hs.webapp.dao,org.apache.hadoop.mapreduce.v2.util
org.apache.hadoop.mapreduce.v2.hs.webapp.dao,org.apache.hadoop.security.authorize
org.apache.hadoop.mapreduce.v2.hs.webapp.dao,org.apache.hadoop.util
org.apache.hadoop.mapreduce.v2.hs.webapp.dao,org.apache.hadoop.yarn.api.records
org.apache.hadoop.mapreduce.v2.jobhistory,org.apache.hadoop.classification
org.apache.hadoop.mapreduce.v2.jobhistory,org.apache.hadoop.conf
org.apache.hadoop.mapreduce.v2.jobhistory,org.apache.hadoop.fs
org.apache.hadoop.mapreduce.v2.jobhistory,org.apache.hadoop.fs.permission
org.apache.hadoop.mapreduce.v2.jobhistory,org.apache.hadoop.http
org.apache.hadoop.mapreduce.v2.jobhistory,org.apache.hadoop.mapred
org.apache.hadoop.mapreduce.v2.jobhistory,org.apache.hadoop.mapreduce
org.apache.hadoop.mapreduce.v2.jobhistory,org.apache.hadoop.mapreduce.v2.api.records
org.apache.hadoop.mapreduce.v2.jobhistory,org.apache.hadoop.mapreduce.v2.util
org.apache.hadoop.mapreduce.v2.jobhistory,org.apache.hadoop.security
org.apache.hadoop.mapreduce.v2.jobhistory,org.apache.hadoop.yarn.api.records
org.apache.hadoop.mapreduce.v2.security,org.apache.hadoop.classification
org.apache.hadoop.mapreduce.v2.security,org.apache.hadoop.conf
org.apache.hadoop.mapreduce.v2.security,org.apache.hadoop.io
org.apache.hadoop.mapreduce.v2.security,org.apache.hadoop.ipc
org.apache.hadoop.mapreduce.v2.security,org.apache.hadoop.mapreduce.v2.api
org.apache.hadoop.mapreduce.v2.security,org.apache.hadoop.mapreduce.v2.api.protocolrecords
org.apache.hadoop.mapreduce.v2.security,org.apache.hadoop.security
org.apache.hadoop.mapreduce.v2.security,org.apache.hadoop.security.token
org.apache.hadoop.mapreduce.v2.security,org.apache.hadoop.yarn.ipc
org.apache.hadoop.mapreduce.v2.security,org.apache.hadoop.yarn.util
org.apache.hadoop.mapreduce.v2.security.client,org.apache.hadoop.classification
org.apache.hadoop.mapreduce.v2.security.client,org.apache.hadoop.conf
org.apache.hadoop.mapreduce.v2.security.client,org.apache.hadoop.io
org.apache.hadoop.mapreduce.v2.security.client,org.apache.hadoop.mapreduce.v2.api
org.apache.hadoop.mapreduce.v2.security.client,org.apache.hadoop.mapreduce.v2.jobhistory
org.apache.hadoop.mapreduce.v2.security.client,org.apache.hadoop.security
org.apache.hadoop.mapreduce.v2.security.client,org.apache.hadoop.security.token
org.apache.hadoop.mapreduce.v2.util,org.apache.hadoop.classification
org.apache.hadoop.mapreduce.v2.util,org.apache.hadoop.conf
org.apache.hadoop.mapreduce.v2.util,org.apache.hadoop.fs
org.apache.hadoop.mapreduce.v2.util,org.apache.hadoop.http
org.apache.hadoop.mapreduce.v2.util,org.apache.hadoop.mapred
org.apache.hadoop.mapreduce.v2.util,org.apache.hadoop.mapreduce
org.apache.hadoop.mapreduce.v2.util,org.apache.hadoop.mapreduce.filecache
org.apache.hadoop.mapreduce.v2.util,org.apache.hadoop.mapreduce.task
org.apache.hadoop.mapreduce.v2.util,org.apache.hadoop.mapreduce.v2.api.records
org.apache.hadoop.mapreduce.v2.util,org.apache.hadoop.mapreduce.v2.jobhistory
org.apache.hadoop.mapreduce.v2.util,org.apache.hadoop.net
org.apache.hadoop.mapreduce.v2.util,org.apache.hadoop.util
org.apache.hadoop.mapreduce.v2.util,org.apache.hadoop.yarn
org.apache.hadoop.mapreduce.v2.util,org.apache.hadoop.yarn.api
org.apache.hadoop.mapreduce.v2.util,org.apache.hadoop.yarn.api.records
org.apache.hadoop.mapreduce.v2.util,org.apache.hadoop.yarn.conf
org.apache.hadoop.mapreduce.v2.util,org.apache.hadoop.yarn.exceptions
org.apache.hadoop.mapreduce.v2.util,org.apache.hadoop.yarn.util
org.apache.hadoop.maven.plugin.cmakebuilder,org.apache.hadoop.maven.plugin.util
org.apache.hadoop.maven.plugin.protoc,org.apache.hadoop.maven.plugin.util
org.apache.hadoop.maven.plugin.versioninfo,org.apache.hadoop.maven.plugin.util
org.apache.hadoop.mcp,org.apache.hadoop.classification
org.apache.hadoop.mcp,org.apache.hadoop.conf
org.apache.hadoop.mcp,org.apache.hadoop.http
org.apache.hadoop.mcp,org.apache.hadoop.security.ssl
org.apache.hadoop.mcp,org.apache.hadoop.util
org.apache.hadoop.metrics2,org.apache.hadoop.classification
org.apache.hadoop.metrics2,org.apache.hadoop.metrics2.annotation
org.apache.hadoop.metrics2.annotation,org.apache.hadoop.classification
org.apache.hadoop.metrics2.filter,org.apache.hadoop.classification
org.apache.hadoop.metrics2.filter,org.apache.hadoop.fs
org.apache.hadoop.metrics2.filter,org.apache.hadoop.metrics2
org.apache.hadoop.metrics2.impl,org.apache.hadoop.classification
org.apache.hadoop.metrics2.impl,org.apache.hadoop.io
org.apache.hadoop.metrics2.impl,org.apache.hadoop.metrics2
org.apache.hadoop.metrics2.impl,org.apache.hadoop.metrics2.annotation
org.apache.hadoop.metrics2.impl,org.apache.hadoop.metrics2.filter
org.apache.hadoop.metrics2.impl,org.apache.hadoop.metrics2.lib
org.apache.hadoop.metrics2.impl,org.apache.hadoop.metrics2.util
org.apache.hadoop.metrics2.impl,org.apache.hadoop.util
org.apache.hadoop.metrics2.lib,org.apache.hadoop.classification
org.apache.hadoop.metrics2.lib,org.apache.hadoop.metrics2
org.apache.hadoop.metrics2.lib,org.apache.hadoop.metrics2.annotation
org.apache.hadoop.metrics2.lib,org.apache.hadoop.metrics2.impl
org.apache.hadoop.metrics2.lib,org.apache.hadoop.metrics2.util
org.apache.hadoop.metrics2.lib,org.apache.hadoop.util
org.apache.hadoop.metrics2.sink,org.apache.hadoop.classification
org.apache.hadoop.metrics2.sink,org.apache.hadoop.conf
org.apache.hadoop.metrics2.sink,org.apache.hadoop.fs
org.apache.hadoop.metrics2.sink,org.apache.hadoop.metrics2
org.apache.hadoop.metrics2.sink,org.apache.hadoop.metrics2.impl
org.apache.hadoop.metrics2.sink,org.apache.hadoop.net
org.apache.hadoop.metrics2.sink,org.apache.hadoop.security
org.apache.hadoop.metrics2.sink.ganglia,org.apache.hadoop.classification
org.apache.hadoop.metrics2.sink.ganglia,org.apache.hadoop.metrics2
org.apache.hadoop.metrics2.sink.ganglia,org.apache.hadoop.metrics2.impl
org.apache.hadoop.metrics2.sink.ganglia,org.apache.hadoop.metrics2.util
org.apache.hadoop.metrics2.sink.ganglia,org.apache.hadoop.net
org.apache.hadoop.metrics2.source,org.apache.hadoop.classification
org.apache.hadoop.metrics2.source,org.apache.hadoop.conf
org.apache.hadoop.metrics2.source,org.apache.hadoop.fs
org.apache.hadoop.metrics2.source,org.apache.hadoop.metrics2
org.apache.hadoop.metrics2.source,org.apache.hadoop.metrics2.lib
org.apache.hadoop.metrics2.source,org.apache.hadoop.util
org.apache.hadoop.metrics2.util,org.apache.hadoop.classification
org.apache.hadoop.metrics2.util,org.apache.hadoop.metrics2
org.apache.hadoop.metrics2.util,org.apache.hadoop.metrics2.lib
org.apache.hadoop.metrics2.util,org.apache.hadoop.net
org.apache.hadoop.metrics2.util,org.apache.hadoop.util
org.apache.hadoop.mount,org.apache.hadoop.nfs
org.apache.hadoop.mount,org.apache.hadoop.oncrpc
org.apache.hadoop.mount,org.apache.hadoop.oncrpc.security
org.apache.hadoop.mount,org.apache.hadoop.portmap
org.apache.hadoop.mount,org.apache.hadoop.util
org.apache.hadoop.net,org.apache.hadoop.classification
org.apache.hadoop.net,org.apache.hadoop.conf
org.apache.hadoop.net,org.apache.hadoop.fs
org.apache.hadoop.net,org.apache.hadoop.io
org.apache.hadoop.net,org.apache.hadoop.ipc
org.apache.hadoop.net,org.apache.hadoop.security
org.apache.hadoop.net,org.apache.hadoop.util
org.apache.hadoop.net,org.apache.hadoop.util.dynamic
org.apache.hadoop.net.unix,org.apache.hadoop.classification
org.apache.hadoop.net.unix,org.apache.hadoop.io
org.apache.hadoop.net.unix,org.apache.hadoop.util
org.apache.hadoop.nfs,org.apache.hadoop.conf
org.apache.hadoop.nfs,org.apache.hadoop.fs
org.apache.hadoop.nfs,org.apache.hadoop.nfs.nfs3
org.apache.hadoop.nfs,org.apache.hadoop.oncrpc
org.apache.hadoop.nfs,org.apache.hadoop.util
org.apache.hadoop.nfs.nfs3,org.apache.hadoop.conf
org.apache.hadoop.nfs.nfs3,org.apache.hadoop.nfs
org.apache.hadoop.nfs.nfs3,org.apache.hadoop.nfs.nfs3.response
org.apache.hadoop.nfs.nfs3,org.apache.hadoop.oncrpc
org.apache.hadoop.nfs.nfs3,org.apache.hadoop.portmap
org.apache.hadoop.nfs.nfs3,org.apache.hadoop.util
org.apache.hadoop.nfs.nfs3.request,org.apache.hadoop.classification
org.apache.hadoop.nfs.nfs3.request,org.apache.hadoop.nfs
org.apache.hadoop.nfs.nfs3.request,org.apache.hadoop.nfs.nfs3
org.apache.hadoop.nfs.nfs3.request,org.apache.hadoop.oncrpc
org.apache.hadoop.nfs.nfs3.response,org.apache.hadoop.classification
org.apache.hadoop.nfs.nfs3.response,org.apache.hadoop.nfs
org.apache.hadoop.nfs.nfs3.response,org.apache.hadoop.nfs.nfs3
org.apache.hadoop.nfs.nfs3.response,org.apache.hadoop.oncrpc
org.apache.hadoop.nfs.nfs3.response,org.apache.hadoop.oncrpc.security
org.apache.hadoop.oncrpc,org.apache.hadoop.classification
org.apache.hadoop.oncrpc,org.apache.hadoop.oncrpc.security
org.apache.hadoop.oncrpc,org.apache.hadoop.portmap
org.apache.hadoop.oncrpc,org.apache.hadoop.util
org.apache.hadoop.oncrpc.security,org.apache.hadoop.classification
org.apache.hadoop.oncrpc.security,org.apache.hadoop.oncrpc
org.apache.hadoop.oncrpc.security,org.apache.hadoop.security
org.apache.hadoop.oncrpc.security,org.apache.hadoop.util
org.apache.hadoop.portmap,org.apache.hadoop.classification
org.apache.hadoop.portmap,org.apache.hadoop.oncrpc
org.apache.hadoop.portmap,org.apache.hadoop.oncrpc.security
org.apache.hadoop.portmap,org.apache.hadoop.util
org.apache.hadoop.record,org.apache.hadoop.classification
org.apache.hadoop.record,org.apache.hadoop.io
org.apache.hadoop.registry.cli,org.apache.hadoop.conf
org.apache.hadoop.registry.cli,org.apache.hadoop.fs
org.apache.hadoop.registry.cli,org.apache.hadoop.registry.client.api
org.apache.hadoop.registry.cli,org.apache.hadoop.registry.client.exceptions
org.apache.hadoop.registry.cli,org.apache.hadoop.registry.client.types
org.apache.hadoop.registry.cli,org.apache.hadoop.security
org.apache.hadoop.registry.cli,org.apache.hadoop.service
org.apache.hadoop.registry.cli,org.apache.hadoop.util
org.apache.hadoop.registry.client.api,org.apache.hadoop.classification
org.apache.hadoop.registry.client.api,org.apache.hadoop.conf
org.apache.hadoop.registry.client.api,org.apache.hadoop.fs
org.apache.hadoop.registry.client.api,org.apache.hadoop.registry.client.exceptions
org.apache.hadoop.registry.client.api,org.apache.hadoop.registry.client.impl
org.apache.hadoop.registry.client.api,org.apache.hadoop.registry.client.types
org.apache.hadoop.registry.client.api,org.apache.hadoop.registry.server.dns
org.apache.hadoop.registry.client.api,org.apache.hadoop.service
org.apache.hadoop.registry.client.api,org.apache.hadoop.util
org.apache.hadoop.registry.client.binding,org.apache.hadoop.classification
org.apache.hadoop.registry.client.binding,org.apache.hadoop.fs
org.apache.hadoop.registry.client.binding,org.apache.hadoop.registry.client.api
org.apache.hadoop.registry.client.binding,org.apache.hadoop.registry.client.exceptions
org.apache.hadoop.registry.client.binding,org.apache.hadoop.registry.client.impl.zk
org.apache.hadoop.registry.client.binding,org.apache.hadoop.registry.client.types
org.apache.hadoop.registry.client.binding,org.apache.hadoop.security
org.apache.hadoop.registry.client.binding,org.apache.hadoop.util
org.apache.hadoop.registry.client.exceptions,org.apache.hadoop.classification
org.apache.hadoop.registry.client.exceptions,org.apache.hadoop.fs
org.apache.hadoop.registry.client.exceptions,org.apache.hadoop.registry.client.types
org.apache.hadoop.registry.client.impl,org.apache.hadoop.classification
org.apache.hadoop.registry.client.impl,org.apache.hadoop.conf
org.apache.hadoop.registry.client.impl,org.apache.hadoop.fs
org.apache.hadoop.registry.client.impl,org.apache.hadoop.registry.client.api
org.apache.hadoop.registry.client.impl,org.apache.hadoop.registry.client.binding
org.apache.hadoop.registry.client.impl,org.apache.hadoop.registry.client.exceptions
org.apache.hadoop.registry.client.impl,org.apache.hadoop.registry.client.impl.zk
org.apache.hadoop.registry.client.impl,org.apache.hadoop.registry.client.types
org.apache.hadoop.registry.client.impl,org.apache.hadoop.service
org.apache.hadoop.registry.client.impl,org.apache.hadoop.util
org.apache.hadoop.registry.client.impl.zk,org.apache.hadoop.classification
org.apache.hadoop.registry.client.impl.zk,org.apache.hadoop.conf
org.apache.hadoop.registry.client.impl.zk,org.apache.hadoop.fs
org.apache.hadoop.registry.client.impl.zk,org.apache.hadoop.io
org.apache.hadoop.registry.client.impl.zk,org.apache.hadoop.registry.client.api
org.apache.hadoop.registry.client.impl.zk,org.apache.hadoop.registry.client.binding
org.apache.hadoop.registry.client.impl.zk,org.apache.hadoop.registry.client.exceptions
org.apache.hadoop.registry.client.impl.zk,org.apache.hadoop.registry.client.types
org.apache.hadoop.registry.client.impl.zk,org.apache.hadoop.security
org.apache.hadoop.registry.client.impl.zk,org.apache.hadoop.security.authentication.util
org.apache.hadoop.registry.client.impl.zk,org.apache.hadoop.service
org.apache.hadoop.registry.client.impl.zk,org.apache.hadoop.util
org.apache.hadoop.registry.client.types,org.apache.hadoop.classification
org.apache.hadoop.registry.client.types,org.apache.hadoop.registry.client.binding
org.apache.hadoop.registry.client.types,org.apache.hadoop.util
org.apache.hadoop.registry.client.types.yarn,org.apache.hadoop.registry.client.types
org.apache.hadoop.registry.conf,org.apache.hadoop.conf
org.apache.hadoop.registry.server.dns,org.apache.hadoop.classification
org.apache.hadoop.registry.server.dns,org.apache.hadoop.conf
org.apache.hadoop.registry.server.dns,org.apache.hadoop.fs
org.apache.hadoop.registry.server.dns,org.apache.hadoop.io
org.apache.hadoop.registry.server.dns,org.apache.hadoop.net
org.apache.hadoop.registry.server.dns,org.apache.hadoop.registry.client.api
org.apache.hadoop.registry.server.dns,org.apache.hadoop.registry.client.binding
org.apache.hadoop.registry.server.dns,org.apache.hadoop.registry.client.impl.zk
org.apache.hadoop.registry.server.dns,org.apache.hadoop.registry.client.types
org.apache.hadoop.registry.server.dns,org.apache.hadoop.registry.client.types.yarn
org.apache.hadoop.registry.server.dns,org.apache.hadoop.registry.conf
org.apache.hadoop.registry.server.dns,org.apache.hadoop.service
org.apache.hadoop.registry.server.dns,org.apache.hadoop.service.launcher
org.apache.hadoop.registry.server.dns,org.apache.hadoop.util
org.apache.hadoop.registry.server.dns,org.apache.hadoop.util.concurrent
org.apache.hadoop.registry.server.integration,org.apache.hadoop.registry.client.types
org.apache.hadoop.registry.server.integration,org.apache.hadoop.registry.client.types.yarn
org.apache.hadoop.registry.server.integration,org.apache.hadoop.registry.server.services
org.apache.hadoop.registry.server.integration,org.apache.hadoop.util
org.apache.hadoop.registry.server.services,org.apache.hadoop.classification
org.apache.hadoop.registry.server.services,org.apache.hadoop.conf
org.apache.hadoop.registry.server.services,org.apache.hadoop.fs
org.apache.hadoop.registry.server.services,org.apache.hadoop.registry.client.api
org.apache.hadoop.registry.server.services,org.apache.hadoop.registry.client.binding
org.apache.hadoop.registry.server.services,org.apache.hadoop.registry.client.exceptions
org.apache.hadoop.registry.server.services,org.apache.hadoop.registry.client.impl.zk
org.apache.hadoop.registry.server.services,org.apache.hadoop.registry.client.types
org.apache.hadoop.registry.server.services,org.apache.hadoop.service
org.apache.hadoop.registry.server.services,org.apache.hadoop.util
org.apache.hadoop.registry.server.services,org.apache.hadoop.util.concurrent
org.apache.hadoop.resourceestimator.common.api,org.apache.hadoop.yarn.api.records
org.apache.hadoop.resourceestimator.common.api,org.apache.hadoop.yarn.server.resourcemanager.reservation
org.apache.hadoop.resourceestimator.common.config,org.apache.hadoop.conf
org.apache.hadoop.resourceestimator.common.config,org.apache.hadoop.resourceestimator.common.exception
org.apache.hadoop.resourceestimator.common.config,org.apache.hadoop.resourceestimator.skylinestore.impl
org.apache.hadoop.resourceestimator.common.config,org.apache.hadoop.resourceestimator.solver.impl
org.apache.hadoop.resourceestimator.common.config,org.apache.hadoop.resourceestimator.translator.impl
org.apache.hadoop.resourceestimator.common.serialization,org.apache.hadoop.yarn.api.records
org.apache.hadoop.resourceestimator.common.serialization,org.apache.hadoop.yarn.server.resourcemanager.reservation
org.apache.hadoop.resourceestimator.common.serialization,org.apache.hadoop.yarn.util.resource
org.apache.hadoop.resourceestimator.service,org.apache.hadoop.conf
org.apache.hadoop.resourceestimator.service,org.apache.hadoop.http
org.apache.hadoop.resourceestimator.service,org.apache.hadoop.resourceestimator.common.api
org.apache.hadoop.resourceestimator.service,org.apache.hadoop.resourceestimator.common.config
org.apache.hadoop.resourceestimator.service,org.apache.hadoop.resourceestimator.common.exception
org.apache.hadoop.resourceestimator.service,org.apache.hadoop.resourceestimator.common.serialization
org.apache.hadoop.resourceestimator.service,org.apache.hadoop.resourceestimator.skylinestore.api
org.apache.hadoop.resourceestimator.service,org.apache.hadoop.resourceestimator.skylinestore.exceptions
org.apache.hadoop.resourceestimator.service,org.apache.hadoop.resourceestimator.solver.api
org.apache.hadoop.resourceestimator.service,org.apache.hadoop.resourceestimator.solver.exceptions
org.apache.hadoop.resourceestimator.service,org.apache.hadoop.resourceestimator.translator.api
org.apache.hadoop.resourceestimator.service,org.apache.hadoop.resourceestimator.translator.impl
org.apache.hadoop.resourceestimator.service,org.apache.hadoop.service
org.apache.hadoop.resourceestimator.service,org.apache.hadoop.util
org.apache.hadoop.resourceestimator.service,org.apache.hadoop.yarn.api.records
org.apache.hadoop.resourceestimator.service,org.apache.hadoop.yarn.conf
org.apache.hadoop.resourceestimator.service,org.apache.hadoop.yarn.server.resourcemanager.reservation
org.apache.hadoop.resourceestimator.service,org.apache.hadoop.yarn.webapp
org.apache.hadoop.resourceestimator.skylinestore.api,org.apache.hadoop.resourceestimator.common.api
org.apache.hadoop.resourceestimator.skylinestore.api,org.apache.hadoop.resourceestimator.skylinestore.exceptions
org.apache.hadoop.resourceestimator.skylinestore.api,org.apache.hadoop.yarn.server.resourcemanager.reservation
org.apache.hadoop.resourceestimator.skylinestore.impl,org.apache.hadoop.resourceestimator.common.api
org.apache.hadoop.resourceestimator.skylinestore.impl,org.apache.hadoop.resourceestimator.skylinestore.api
org.apache.hadoop.resourceestimator.skylinestore.impl,org.apache.hadoop.resourceestimator.skylinestore.exceptions
org.apache.hadoop.resourceestimator.skylinestore.impl,org.apache.hadoop.resourceestimator.skylinestore.validator
org.apache.hadoop.resourceestimator.skylinestore.impl,org.apache.hadoop.yarn.server.resourcemanager.reservation
org.apache.hadoop.resourceestimator.skylinestore.validator,org.apache.hadoop.resourceestimator.common.api
org.apache.hadoop.resourceestimator.skylinestore.validator,org.apache.hadoop.resourceestimator.skylinestore.api
org.apache.hadoop.resourceestimator.skylinestore.validator,org.apache.hadoop.resourceestimator.skylinestore.exceptions
org.apache.hadoop.resourceestimator.skylinestore.validator,org.apache.hadoop.yarn.server.resourcemanager.reservation
org.apache.hadoop.resourceestimator.solver.api,org.apache.hadoop.conf
org.apache.hadoop.resourceestimator.solver.api,org.apache.hadoop.resourceestimator.common.api
org.apache.hadoop.resourceestimator.solver.api,org.apache.hadoop.resourceestimator.skylinestore.api
org.apache.hadoop.resourceestimator.solver.api,org.apache.hadoop.resourceestimator.skylinestore.exceptions
org.apache.hadoop.resourceestimator.solver.api,org.apache.hadoop.resourceestimator.solver.exceptions
org.apache.hadoop.resourceestimator.solver.api,org.apache.hadoop.yarn.api.records
org.apache.hadoop.resourceestimator.solver.api,org.apache.hadoop.yarn.server.resourcemanager.reservation
org.apache.hadoop.resourceestimator.solver.impl,org.apache.hadoop.conf
org.apache.hadoop.resourceestimator.solver.impl,org.apache.hadoop.resourceestimator.common.api
org.apache.hadoop.resourceestimator.solver.impl,org.apache.hadoop.resourceestimator.common.config
org.apache.hadoop.resourceestimator.solver.impl,org.apache.hadoop.resourceestimator.skylinestore.api
org.apache.hadoop.resourceestimator.solver.impl,org.apache.hadoop.resourceestimator.skylinestore.exceptions
org.apache.hadoop.resourceestimator.solver.impl,org.apache.hadoop.resourceestimator.solver.api
org.apache.hadoop.resourceestimator.solver.impl,org.apache.hadoop.resourceestimator.solver.exceptions
org.apache.hadoop.resourceestimator.solver.impl,org.apache.hadoop.resourceestimator.solver.preprocess
org.apache.hadoop.resourceestimator.solver.impl,org.apache.hadoop.yarn.api.protocolrecords
org.apache.hadoop.resourceestimator.solver.impl,org.apache.hadoop.yarn.api.records
org.apache.hadoop.resourceestimator.solver.impl,org.apache.hadoop.yarn.server.resourcemanager.reservation
org.apache.hadoop.resourceestimator.solver.impl,org.apache.hadoop.yarn.util.resource
org.apache.hadoop.resourceestimator.solver.preprocess,org.apache.hadoop.resourceestimator.common.api
org.apache.hadoop.resourceestimator.solver.preprocess,org.apache.hadoop.resourceestimator.solver.api
org.apache.hadoop.resourceestimator.solver.preprocess,org.apache.hadoop.resourceestimator.solver.exceptions
org.apache.hadoop.resourceestimator.solver.preprocess,org.apache.hadoop.yarn.api.records
org.apache.hadoop.resourceestimator.solver.preprocess,org.apache.hadoop.yarn.server.resourcemanager.reservation
org.apache.hadoop.resourceestimator.solver.preprocess,org.apache.hadoop.yarn.util.resource
org.apache.hadoop.resourceestimator.translator.api,org.apache.hadoop.conf
org.apache.hadoop.resourceestimator.translator.api,org.apache.hadoop.resourceestimator.common.api
org.apache.hadoop.resourceestimator.translator.api,org.apache.hadoop.resourceestimator.common.exception
org.apache.hadoop.resourceestimator.translator.api,org.apache.hadoop.resourceestimator.skylinestore.api
org.apache.hadoop.resourceestimator.translator.api,org.apache.hadoop.resourceestimator.skylinestore.exceptions
org.apache.hadoop.resourceestimator.translator.api,org.apache.hadoop.resourceestimator.translator.exceptions
org.apache.hadoop.resourceestimator.translator.api,org.apache.hadoop.yarn.api.records
org.apache.hadoop.resourceestimator.translator.api,org.apache.hadoop.yarn.server.resourcemanager.reservation
org.apache.hadoop.resourceestimator.translator.api,org.apache.hadoop.yarn.util.resource
org.apache.hadoop.resourceestimator.translator.impl,org.apache.hadoop.conf
org.apache.hadoop.resourceestimator.translator.impl,org.apache.hadoop.resourceestimator.common.api
org.apache.hadoop.resourceestimator.translator.impl,org.apache.hadoop.resourceestimator.common.config
org.apache.hadoop.resourceestimator.translator.impl,org.apache.hadoop.resourceestimator.common.exception
org.apache.hadoop.resourceestimator.translator.impl,org.apache.hadoop.resourceestimator.skylinestore.api
org.apache.hadoop.resourceestimator.translator.impl,org.apache.hadoop.resourceestimator.skylinestore.exceptions
org.apache.hadoop.resourceestimator.translator.impl,org.apache.hadoop.resourceestimator.translator.api
org.apache.hadoop.resourceestimator.translator.impl,org.apache.hadoop.resourceestimator.translator.exceptions
org.apache.hadoop.resourceestimator.translator.impl,org.apache.hadoop.resourceestimator.translator.validator
org.apache.hadoop.resourceestimator.translator.impl,org.apache.hadoop.yarn.api.records
org.apache.hadoop.resourceestimator.translator.impl,org.apache.hadoop.yarn.server.resourcemanager.reservation
org.apache.hadoop.resourceestimator.translator.impl,org.apache.hadoop.yarn.util.resource
org.apache.hadoop.resourceestimator.translator.validator,org.apache.hadoop.resourceestimator.translator.api
org.apache.hadoop.security,org.apache.hadoop
org.apache.hadoop.security,org.apache.hadoop.classification
org.apache.hadoop.security,org.apache.hadoop.conf
org.apache.hadoop.security,org.apache.hadoop.fs
org.apache.hadoop.security,org.apache.hadoop.http
org.apache.hadoop.security,org.apache.hadoop.io
org.apache.hadoop.security,org.apache.hadoop.io.retry
org.apache.hadoop.security,org.apache.hadoop.ipc
org.apache.hadoop.security,org.apache.hadoop.ipc.internal
org.apache.hadoop.security,org.apache.hadoop.metrics2.annotation
org.apache.hadoop.security,org.apache.hadoop.metrics2.lib
org.apache.hadoop.security,org.apache.hadoop.net
org.apache.hadoop.security,org.apache.hadoop.security.alias
org.apache.hadoop.security,org.apache.hadoop.security.authentication.server
org.apache.hadoop.security,org.apache.hadoop.security.authentication.util
org.apache.hadoop.security,org.apache.hadoop.security.http
org.apache.hadoop.security,org.apache.hadoop.security.token
org.apache.hadoop.security,org.apache.hadoop.tracing
org.apache.hadoop.security,org.apache.hadoop.util
org.apache.hadoop.security.alias,org.apache.hadoop.classification
org.apache.hadoop.security.alias,org.apache.hadoop.conf
org.apache.hadoop.security.alias,org.apache.hadoop.fs
org.apache.hadoop.security.alias,org.apache.hadoop.fs.permission
org.apache.hadoop.security.alias,org.apache.hadoop.io
org.apache.hadoop.security.alias,org.apache.hadoop.security
org.apache.hadoop.security.alias,org.apache.hadoop.tools
org.apache.hadoop.security.alias,org.apache.hadoop.util
org.apache.hadoop.security.authentication.client,org.apache.hadoop.classification
org.apache.hadoop.security.authentication.client,org.apache.hadoop.security.authentication.server
org.apache.hadoop.security.authentication.client,org.apache.hadoop.security.authentication.util
org.apache.hadoop.security.authentication.examples,org.apache.hadoop.security.authentication.client
org.apache.hadoop.security.authentication.server,org.apache.hadoop.classification
org.apache.hadoop.security.authentication.server,org.apache.hadoop.conf
org.apache.hadoop.security.authentication.server,org.apache.hadoop.http
org.apache.hadoop.security.authentication.server,org.apache.hadoop.security
org.apache.hadoop.security.authentication.server,org.apache.hadoop.security.authentication.client
org.apache.hadoop.security.authentication.server,org.apache.hadoop.security.authentication.util
org.apache.hadoop.security.authentication.server,org.apache.hadoop.security.authorize
org.apache.hadoop.security.authentication.server,org.apache.hadoop.util
org.apache.hadoop.security.authentication.util,org.apache.hadoop.classification
org.apache.hadoop.security.authentication.util,org.apache.hadoop.security.authentication.client
org.apache.hadoop.security.authentication.util,org.apache.hadoop.security.authentication.server
org.apache.hadoop.security.authorize,org.apache.hadoop.classification
org.apache.hadoop.security.authorize,org.apache.hadoop.conf
org.apache.hadoop.security.authorize,org.apache.hadoop.fs
org.apache.hadoop.security.authorize,org.apache.hadoop.io
org.apache.hadoop.security.authorize,org.apache.hadoop.io.retry
org.apache.hadoop.security.authorize,org.apache.hadoop.security
org.apache.hadoop.security.authorize,org.apache.hadoop.util
org.apache.hadoop.security.http,org.apache.hadoop.classification
org.apache.hadoop.security.http,org.apache.hadoop.conf
org.apache.hadoop.security.protocolPB,org.apache.hadoop.classification
org.apache.hadoop.security.protocolPB,org.apache.hadoop.fs
org.apache.hadoop.security.protocolPB,org.apache.hadoop.ipc
org.apache.hadoop.security.protocolPB,org.apache.hadoop.security
org.apache.hadoop.security.protocolPB,org.apache.hadoop.security.authorize
org.apache.hadoop.security.ssl,org.apache.hadoop.classification
org.apache.hadoop.security.ssl,org.apache.hadoop.conf
org.apache.hadoop.security.ssl,org.apache.hadoop.security.authentication.client
org.apache.hadoop.security.ssl,org.apache.hadoop.util
org.apache.hadoop.security.token,org.apache.hadoop
org.apache.hadoop.security.token,org.apache.hadoop.classification
org.apache.hadoop.security.token,org.apache.hadoop.conf
org.apache.hadoop.security.token,org.apache.hadoop.fs
org.apache.hadoop.security.token,org.apache.hadoop.io
org.apache.hadoop.security.token,org.apache.hadoop.ipc
org.apache.hadoop.security.token,org.apache.hadoop.security
org.apache.hadoop.security.token,org.apache.hadoop.security.token.delegation
org.apache.hadoop.security.token,org.apache.hadoop.tools
org.apache.hadoop.security.token,org.apache.hadoop.util
org.apache.hadoop.security.token.delegation,org.apache.hadoop.classification
org.apache.hadoop.security.token.delegation,org.apache.hadoop.conf
org.apache.hadoop.security.token.delegation,org.apache.hadoop.fs
org.apache.hadoop.security.token.delegation,org.apache.hadoop.fs.statistics
org.apache.hadoop.security.token.delegation,org.apache.hadoop.fs.statistics.impl
org.apache.hadoop.security.token.delegation,org.apache.hadoop.io
org.apache.hadoop.security.token.delegation,org.apache.hadoop.metrics2.annotation
org.apache.hadoop.security.token.delegation,org.apache.hadoop.metrics2.lib
org.apache.hadoop.security.token.delegation,org.apache.hadoop.security
org.apache.hadoop.security.token.delegation,org.apache.hadoop.security.authentication.util
org.apache.hadoop.security.token.delegation,org.apache.hadoop.security.token
org.apache.hadoop.security.token.delegation,org.apache.hadoop.security.token.delegation.web
org.apache.hadoop.security.token.delegation,org.apache.hadoop.util
org.apache.hadoop.security.token.delegation,org.apache.hadoop.util.functional
org.apache.hadoop.security.token.delegation.web,org.apache.hadoop.classification
org.apache.hadoop.security.token.delegation.web,org.apache.hadoop.conf
org.apache.hadoop.security.token.delegation.web,org.apache.hadoop.io
org.apache.hadoop.security.token.delegation.web,org.apache.hadoop.net
org.apache.hadoop.security.token.delegation.web,org.apache.hadoop.security
org.apache.hadoop.security.token.delegation.web,org.apache.hadoop.security.authentication.client
org.apache.hadoop.security.token.delegation.web,org.apache.hadoop.security.authentication.server
org.apache.hadoop.security.token.delegation.web,org.apache.hadoop.security.authentication.util
org.apache.hadoop.security.token.delegation.web,org.apache.hadoop.security.authorize
org.apache.hadoop.security.token.delegation.web,org.apache.hadoop.security.token
org.apache.hadoop.security.token.delegation.web,org.apache.hadoop.security.token.delegation
org.apache.hadoop.security.token.delegation.web,org.apache.hadoop.util
org.apache.hadoop.service,org.apache.hadoop.classification
org.apache.hadoop.service,org.apache.hadoop.conf
org.apache.hadoop.service,org.apache.hadoop.service.launcher
org.apache.hadoop.service,org.apache.hadoop.util
org.apache.hadoop.service.launcher,org.apache.hadoop.classification
org.apache.hadoop.service.launcher,org.apache.hadoop.conf
org.apache.hadoop.service.launcher,org.apache.hadoop.fs.audit
org.apache.hadoop.service.launcher,org.apache.hadoop.net
org.apache.hadoop.service.launcher,org.apache.hadoop.service
org.apache.hadoop.service.launcher,org.apache.hadoop.util
org.apache.hadoop.streaming,org.apache.hadoop.classification
org.apache.hadoop.streaming,org.apache.hadoop.conf
org.apache.hadoop.streaming,org.apache.hadoop.fs
org.apache.hadoop.streaming,org.apache.hadoop.fs.permission
org.apache.hadoop.streaming,org.apache.hadoop.io
org.apache.hadoop.streaming,org.apache.hadoop.mapred
org.apache.hadoop.streaming,org.apache.hadoop.mapred.lib
org.apache.hadoop.streaming,org.apache.hadoop.mapred.lib.aggregate
org.apache.hadoop.streaming,org.apache.hadoop.mapreduce
org.apache.hadoop.streaming,org.apache.hadoop.mapreduce.filecache
org.apache.hadoop.streaming,org.apache.hadoop.mapreduce.server.jobtracker
org.apache.hadoop.streaming,org.apache.hadoop.security
org.apache.hadoop.streaming,org.apache.hadoop.streaming.io
org.apache.hadoop.streaming,org.apache.hadoop.typedbytes
org.apache.hadoop.streaming,org.apache.hadoop.util
org.apache.hadoop.streaming.io,org.apache.hadoop.conf
org.apache.hadoop.streaming.io,org.apache.hadoop.io
org.apache.hadoop.streaming.io,org.apache.hadoop.streaming
org.apache.hadoop.streaming.io,org.apache.hadoop.typedbytes
org.apache.hadoop.streaming.io,org.apache.hadoop.util
org.apache.hadoop.streaming.mapreduce,org.apache.hadoop.conf
org.apache.hadoop.streaming.mapreduce,org.apache.hadoop.fs
org.apache.hadoop.streaming.mapreduce,org.apache.hadoop.io
org.apache.hadoop.streaming.mapreduce,org.apache.hadoop.mapreduce
org.apache.hadoop.streaming.mapreduce,org.apache.hadoop.mapreduce.lib.input
org.apache.hadoop.streaming.mapreduce,org.apache.hadoop.streaming
org.apache.hadoop.streaming.mapreduce,org.apache.hadoop.util.functional
org.apache.hadoop.tools,org.apache.hadoop
org.apache.hadoop.tools,org.apache.hadoop.classification
org.apache.hadoop.tools,org.apache.hadoop.conf
org.apache.hadoop.tools,org.apache.hadoop.fs
org.apache.hadoop.tools,org.apache.hadoop.fs.permission
org.apache.hadoop.tools,org.apache.hadoop.fs.statistics
org.apache.hadoop.tools,org.apache.hadoop.hdfs
org.apache.hadoop.tools,org.apache.hadoop.hdfs.protocol
org.apache.hadoop.tools,org.apache.hadoop.io
org.apache.hadoop.tools,org.apache.hadoop.io.retry
org.apache.hadoop.tools,org.apache.hadoop.ipc
org.apache.hadoop.tools,org.apache.hadoop.mapred
org.apache.hadoop.tools,org.apache.hadoop.mapred.lib
org.apache.hadoop.tools,org.apache.hadoop.mapreduce
org.apache.hadoop.tools,org.apache.hadoop.mapreduce.security
org.apache.hadoop.tools,org.apache.hadoop.net
org.apache.hadoop.tools,org.apache.hadoop.security
org.apache.hadoop.tools,org.apache.hadoop.tools.mapred
org.apache.hadoop.tools,org.apache.hadoop.tools.util
org.apache.hadoop.tools,org.apache.hadoop.util
org.apache.hadoop.tools,org.apache.hadoop.util.functional
org.apache.hadoop.tools,org.apache.hadoop.yarn.api.records
org.apache.hadoop.tools,org.apache.hadoop.yarn.applications.distributedshell
org.apache.hadoop.tools,org.apache.hadoop.yarn.client.api
org.apache.hadoop.tools,org.apache.hadoop.yarn.conf
org.apache.hadoop.tools,org.apache.hadoop.yarn.exceptions
org.apache.hadoop.tools,org.apache.hadoop.yarn.logaggregation.filecontroller
org.apache.hadoop.tools,org.apache.hadoop.yarn.util
org.apache.hadoop.tools.dynamometer,org.apache.hadoop.classification
org.apache.hadoop.tools.dynamometer,org.apache.hadoop.conf
org.apache.hadoop.tools.dynamometer,org.apache.hadoop.fs
org.apache.hadoop.tools.dynamometer,org.apache.hadoop.hdfs
org.apache.hadoop.tools.dynamometer,org.apache.hadoop.hdfs.client
org.apache.hadoop.tools.dynamometer,org.apache.hadoop.hdfs.protocol
org.apache.hadoop.tools.dynamometer,org.apache.hadoop.hdfs.server.blockmanagement
org.apache.hadoop.tools.dynamometer,org.apache.hadoop.hdfs.server.datanode
org.apache.hadoop.tools.dynamometer,org.apache.hadoop.io
org.apache.hadoop.tools.dynamometer,org.apache.hadoop.mapreduce
org.apache.hadoop.tools.dynamometer,org.apache.hadoop.net
org.apache.hadoop.tools.dynamometer,org.apache.hadoop.security
org.apache.hadoop.tools.dynamometer,org.apache.hadoop.security.authorize
org.apache.hadoop.tools.dynamometer,org.apache.hadoop.security.token
org.apache.hadoop.tools.dynamometer,org.apache.hadoop.tools.dynamometer.workloadgenerator
org.apache.hadoop.tools.dynamometer,org.apache.hadoop.tools.dynamometer.workloadgenerator.audit
org.apache.hadoop.tools.dynamometer,org.apache.hadoop.util
org.apache.hadoop.tools.dynamometer,org.apache.hadoop.yarn
org.apache.hadoop.tools.dynamometer,org.apache.hadoop.yarn.api
org.apache.hadoop.tools.dynamometer,org.apache.hadoop.yarn.api.protocolrecords
org.apache.hadoop.tools.dynamometer,org.apache.hadoop.yarn.api.records
org.apache.hadoop.tools.dynamometer,org.apache.hadoop.yarn.client.api
org.apache.hadoop.tools.dynamometer,org.apache.hadoop.yarn.client.api.async
org.apache.hadoop.tools.dynamometer,org.apache.hadoop.yarn.client.api.async.impl
org.apache.hadoop.tools.dynamometer,org.apache.hadoop.yarn.conf
org.apache.hadoop.tools.dynamometer,org.apache.hadoop.yarn.exceptions
org.apache.hadoop.tools.dynamometer,org.apache.hadoop.yarn.security
org.apache.hadoop.tools.dynamometer,org.apache.hadoop.yarn.util
org.apache.hadoop.tools.dynamometer.blockgenerator,org.apache.hadoop.classification
org.apache.hadoop.tools.dynamometer.blockgenerator,org.apache.hadoop.conf
org.apache.hadoop.tools.dynamometer.blockgenerator,org.apache.hadoop.fs
org.apache.hadoop.tools.dynamometer.blockgenerator,org.apache.hadoop.io
org.apache.hadoop.tools.dynamometer.blockgenerator,org.apache.hadoop.mapreduce
org.apache.hadoop.tools.dynamometer.blockgenerator,org.apache.hadoop.mapreduce.lib.input
org.apache.hadoop.tools.dynamometer.blockgenerator,org.apache.hadoop.mapreduce.lib.output
org.apache.hadoop.tools.dynamometer.blockgenerator,org.apache.hadoop.util
org.apache.hadoop.tools.dynamometer.workloadgenerator,org.apache.hadoop.classification
org.apache.hadoop.tools.dynamometer.workloadgenerator,org.apache.hadoop.conf
org.apache.hadoop.tools.dynamometer.workloadgenerator,org.apache.hadoop.fs
org.apache.hadoop.tools.dynamometer.workloadgenerator,org.apache.hadoop.io
org.apache.hadoop.tools.dynamometer.workloadgenerator,org.apache.hadoop.mapreduce
org.apache.hadoop.tools.dynamometer.workloadgenerator,org.apache.hadoop.mapreduce.lib.input
org.apache.hadoop.tools.dynamometer.workloadgenerator,org.apache.hadoop.mapreduce.lib.output
org.apache.hadoop.tools.dynamometer.workloadgenerator,org.apache.hadoop.tools.dynamometer.workloadgenerator.audit
org.apache.hadoop.tools.dynamometer.workloadgenerator,org.apache.hadoop.util
org.apache.hadoop.tools.dynamometer.workloadgenerator.audit,org.apache.hadoop.classification
org.apache.hadoop.tools.dynamometer.workloadgenerator.audit,org.apache.hadoop.conf
org.apache.hadoop.tools.dynamometer.workloadgenerator.audit,org.apache.hadoop.fs
org.apache.hadoop.tools.dynamometer.workloadgenerator.audit,org.apache.hadoop.fs.permission
org.apache.hadoop.tools.dynamometer.workloadgenerator.audit,org.apache.hadoop.hdfs
org.apache.hadoop.tools.dynamometer.workloadgenerator.audit,org.apache.hadoop.hdfs.protocol
org.apache.hadoop.tools.dynamometer.workloadgenerator.audit,org.apache.hadoop.io
org.apache.hadoop.tools.dynamometer.workloadgenerator.audit,org.apache.hadoop.mapreduce
org.apache.hadoop.tools.dynamometer.workloadgenerator.audit,org.apache.hadoop.mapreduce.counters
org.apache.hadoop.tools.dynamometer.workloadgenerator.audit,org.apache.hadoop.mapreduce.lib.input
org.apache.hadoop.tools.dynamometer.workloadgenerator.audit,org.apache.hadoop.mapreduce.lib.output
org.apache.hadoop.tools.dynamometer.workloadgenerator.audit,org.apache.hadoop.security
org.apache.hadoop.tools.dynamometer.workloadgenerator.audit,org.apache.hadoop.tools.dynamometer.workloadgenerator
org.apache.hadoop.tools.dynamometer.workloadgenerator.audit,org.apache.hadoop.util
org.apache.hadoop.tools.fedbalance,org.apache.hadoop.classification
org.apache.hadoop.tools.fedbalance,org.apache.hadoop.conf
org.apache.hadoop.tools.fedbalance,org.apache.hadoop.fs
org.apache.hadoop.tools.fedbalance,org.apache.hadoop.fs.permission
org.apache.hadoop.tools.fedbalance,org.apache.hadoop.hdfs
org.apache.hadoop.tools.fedbalance,org.apache.hadoop.hdfs.protocol
org.apache.hadoop.tools.fedbalance,org.apache.hadoop.hdfs.protocolPB
org.apache.hadoop.tools.fedbalance,org.apache.hadoop.io
org.apache.hadoop.tools.fedbalance,org.apache.hadoop.mapred
org.apache.hadoop.tools.fedbalance,org.apache.hadoop.mapreduce
org.apache.hadoop.tools.fedbalance,org.apache.hadoop.tools
org.apache.hadoop.tools.fedbalance,org.apache.hadoop.tools.fedbalance.procedure
org.apache.hadoop.tools.fedbalance,org.apache.hadoop.util
org.apache.hadoop.tools.fedbalance.procedure,org.apache.hadoop.classification
org.apache.hadoop.tools.fedbalance.procedure,org.apache.hadoop.conf
org.apache.hadoop.tools.fedbalance.procedure,org.apache.hadoop.fs
org.apache.hadoop.tools.fedbalance.procedure,org.apache.hadoop.io
org.apache.hadoop.tools.fedbalance.procedure,org.apache.hadoop.util
org.apache.hadoop.tools.mapred,org.apache.hadoop.classification
org.apache.hadoop.tools.mapred,org.apache.hadoop.conf
org.apache.hadoop.tools.mapred,org.apache.hadoop.fs
org.apache.hadoop.tools.mapred,org.apache.hadoop.fs.permission
org.apache.hadoop.tools.mapred,org.apache.hadoop.hdfs.protocol
org.apache.hadoop.tools.mapred,org.apache.hadoop.io
org.apache.hadoop.tools.mapred,org.apache.hadoop.ipc
org.apache.hadoop.tools.mapred,org.apache.hadoop.mapreduce
org.apache.hadoop.tools.mapred,org.apache.hadoop.mapreduce.lib.input
org.apache.hadoop.tools.mapred,org.apache.hadoop.mapreduce.lib.output
org.apache.hadoop.tools.mapred,org.apache.hadoop.mapreduce.security
org.apache.hadoop.tools.mapred,org.apache.hadoop.tools
org.apache.hadoop.tools.mapred,org.apache.hadoop.tools.util
org.apache.hadoop.tools.mapred,org.apache.hadoop.util
org.apache.hadoop.tools.mapred.lib,org.apache.hadoop.conf
org.apache.hadoop.tools.mapred.lib,org.apache.hadoop.fs
org.apache.hadoop.tools.mapred.lib,org.apache.hadoop.io
org.apache.hadoop.tools.mapred.lib,org.apache.hadoop.mapreduce
org.apache.hadoop.tools.mapred.lib,org.apache.hadoop.mapreduce.lib.input
org.apache.hadoop.tools.mapred.lib,org.apache.hadoop.tools
org.apache.hadoop.tools.mapred.lib,org.apache.hadoop.tools.util
org.apache.hadoop.tools.protocolPB,org.apache.hadoop.classification
org.apache.hadoop.tools.protocolPB,org.apache.hadoop.fs
org.apache.hadoop.tools.protocolPB,org.apache.hadoop.ipc
org.apache.hadoop.tools.protocolPB,org.apache.hadoop.security
org.apache.hadoop.tools.protocolPB,org.apache.hadoop.tools
org.apache.hadoop.tools.rumen,org.apache.hadoop.conf
org.apache.hadoop.tools.rumen,org.apache.hadoop.fs
org.apache.hadoop.tools.rumen,org.apache.hadoop.io
org.apache.hadoop.tools.rumen,org.apache.hadoop.io.compress
org.apache.hadoop.tools.rumen,org.apache.hadoop.mapred
org.apache.hadoop.tools.rumen,org.apache.hadoop.mapreduce
org.apache.hadoop.tools.rumen,org.apache.hadoop.mapreduce.jobhistory
org.apache.hadoop.tools.rumen,org.apache.hadoop.mapreduce.lib.input
org.apache.hadoop.tools.rumen,org.apache.hadoop.mapreduce.v2.hs
org.apache.hadoop.tools.rumen,org.apache.hadoop.security.authorize
org.apache.hadoop.tools.rumen,org.apache.hadoop.tools.rumen.datatypes
org.apache.hadoop.tools.rumen,org.apache.hadoop.tools.rumen.serializers
org.apache.hadoop.tools.rumen,org.apache.hadoop.util
org.apache.hadoop.tools.rumen.anonymization,org.apache.hadoop.tools.rumen.state
org.apache.hadoop.tools.rumen.datatypes,org.apache.hadoop.conf
org.apache.hadoop.tools.rumen.datatypes,org.apache.hadoop.fs
org.apache.hadoop.tools.rumen.datatypes,org.apache.hadoop.tools.rumen
org.apache.hadoop.tools.rumen.datatypes,org.apache.hadoop.tools.rumen.anonymization
org.apache.hadoop.tools.rumen.datatypes,org.apache.hadoop.tools.rumen.datatypes.util
org.apache.hadoop.tools.rumen.datatypes,org.apache.hadoop.tools.rumen.state
org.apache.hadoop.tools.rumen.datatypes,org.apache.hadoop.util
org.apache.hadoop.tools.rumen.datatypes.util,org.apache.hadoop.conf
org.apache.hadoop.tools.rumen.datatypes.util,org.apache.hadoop.mapred
org.apache.hadoop.tools.rumen.datatypes.util,org.apache.hadoop.mapreduce
org.apache.hadoop.tools.rumen.datatypes.util,org.apache.hadoop.tools.rumen.datatypes
org.apache.hadoop.tools.rumen.serializers,org.apache.hadoop.conf
org.apache.hadoop.tools.rumen.serializers,org.apache.hadoop.tools.rumen.datatypes
org.apache.hadoop.tools.rumen.serializers,org.apache.hadoop.tools.rumen.state
org.apache.hadoop.tools.rumen.state,org.apache.hadoop.conf
org.apache.hadoop.tools.rumen.state,org.apache.hadoop.fs
org.apache.hadoop.tools.rumen.state,org.apache.hadoop.tools.rumen
org.apache.hadoop.tools.rumen.state,org.apache.hadoop.tools.rumen.datatypes
org.apache.hadoop.tools.util,org.apache.hadoop.conf
org.apache.hadoop.tools.util,org.apache.hadoop.fs
org.apache.hadoop.tools.util,org.apache.hadoop.fs.permission
org.apache.hadoop.tools.util,org.apache.hadoop.hdfs
org.apache.hadoop.tools.util,org.apache.hadoop.io
org.apache.hadoop.tools.util,org.apache.hadoop.io.retry
org.apache.hadoop.tools.util,org.apache.hadoop.mapreduce
org.apache.hadoop.tools.util,org.apache.hadoop.tools
org.apache.hadoop.tools.util,org.apache.hadoop.tools.mapred
org.apache.hadoop.tools.util,org.apache.hadoop.util
org.apache.hadoop.tracing,org.apache.hadoop.classification
org.apache.hadoop.tracing,org.apache.hadoop.conf
org.apache.hadoop.typedbytes,org.apache.hadoop.conf
org.apache.hadoop.typedbytes,org.apache.hadoop.io
org.apache.hadoop.typedbytes,org.apache.hadoop.record
org.apache.hadoop.typedbytes,org.apache.hadoop.util
org.apache.hadoop.util,org.apache.hadoop
org.apache.hadoop.util,org.apache.hadoop.classification
org.apache.hadoop.util,org.apache.hadoop.conf
org.apache.hadoop.util,org.apache.hadoop.crypto
org.apache.hadoop.util,org.apache.hadoop.crypto.key
org.apache.hadoop.util,org.apache.hadoop.crypto.key.kms
org.apache.hadoop.util,org.apache.hadoop.fs
org.apache.hadoop.util,org.apache.hadoop.fs.audit
org.apache.hadoop.util,org.apache.hadoop.fs.permission
org.apache.hadoop.util,org.apache.hadoop.fs.shell
org.apache.hadoop.util,org.apache.hadoop.fs.statistics
org.apache.hadoop.util,org.apache.hadoop.fs.store
org.apache.hadoop.util,org.apache.hadoop.io
org.apache.hadoop.util,org.apache.hadoop.io.compress.bzip2
org.apache.hadoop.util,org.apache.hadoop.io.compress.zlib
org.apache.hadoop.util,org.apache.hadoop.io.erasurecode
org.apache.hadoop.util,org.apache.hadoop.io.nativeio
org.apache.hadoop.util,org.apache.hadoop.io.serializer
org.apache.hadoop.util,org.apache.hadoop.ipc
org.apache.hadoop.util,org.apache.hadoop.metrics2
org.apache.hadoop.util,org.apache.hadoop.metrics2.annotation
org.apache.hadoop.util,org.apache.hadoop.net
org.apache.hadoop.util,org.apache.hadoop.security
org.apache.hadoop.util,org.apache.hadoop.service
org.apache.hadoop.util,org.apache.hadoop.tracing
org.apache.hadoop.util,org.apache.hadoop.util.concurrent
org.apache.hadoop.util,org.apache.hadoop.util.dynamic
org.apache.hadoop.util.bloom,org.apache.hadoop.classification
org.apache.hadoop.util.bloom,org.apache.hadoop.io
org.apache.hadoop.util.bloom,org.apache.hadoop.util.hash
org.apache.hadoop.util.concurrent,org.apache.hadoop.classification
org.apache.hadoop.util.curator,org.apache.hadoop.classification
org.apache.hadoop.util.curator,org.apache.hadoop.conf
org.apache.hadoop.util.curator,org.apache.hadoop.fs
org.apache.hadoop.util.curator,org.apache.hadoop.security
org.apache.hadoop.util.curator,org.apache.hadoop.security.authentication.util
org.apache.hadoop.util.curator,org.apache.hadoop.util
org.apache.hadoop.util.dynamic,org.apache.hadoop.classification
org.apache.hadoop.util.dynamic,org.apache.hadoop.util
org.apache.hadoop.util.functional,org.apache.hadoop.classification
org.apache.hadoop.util.functional,org.apache.hadoop.conf
org.apache.hadoop.util.functional,org.apache.hadoop.fs
org.apache.hadoop.util.functional,org.apache.hadoop.fs.statistics
org.apache.hadoop.util.functional,org.apache.hadoop.io
org.apache.hadoop.util.functional,org.apache.hadoop.util
org.apache.hadoop.util.hash,org.apache.hadoop.classification
org.apache.hadoop.util.hash,org.apache.hadoop.conf
org.apache.hadoop.yarn,org.apache.hadoop.conf
org.apache.hadoop.yarn,org.apache.hadoop.fs
org.apache.hadoop.yarn,org.apache.hadoop.util
org.apache.hadoop.yarn,org.apache.hadoop.yarn.conf
org.apache.hadoop.yarn,org.apache.hadoop.yarn.exceptions
org.apache.hadoop.yarn.ams,org.apache.hadoop.classification
org.apache.hadoop.yarn.ams,org.apache.hadoop.yarn.api.protocolrecords
org.apache.hadoop.yarn.ams,org.apache.hadoop.yarn.api.records
org.apache.hadoop.yarn.ams,org.apache.hadoop.yarn.exceptions
org.apache.hadoop.yarn.api,org.apache.hadoop.conf
org.apache.hadoop.yarn.api,org.apache.hadoop.io.retry
org.apache.hadoop.yarn.api,org.apache.hadoop.ipc
org.apache.hadoop.yarn.api,org.apache.hadoop.security
org.apache.hadoop.yarn.api,org.apache.hadoop.util
org.apache.hadoop.yarn.api,org.apache.hadoop.yarn.api.protocolrecords
org.apache.hadoop.yarn.api,org.apache.hadoop.yarn.api.records
org.apache.hadoop.yarn.api,org.apache.hadoop.yarn.conf
org.apache.hadoop.yarn.api,org.apache.hadoop.yarn.exceptions
org.apache.hadoop.yarn.api.impl.pb.client,org.apache.hadoop.conf
org.apache.hadoop.yarn.api.impl.pb.client,org.apache.hadoop.ipc
org.apache.hadoop.yarn.api.impl.pb.client,org.apache.hadoop.net
org.apache.hadoop.yarn.api.impl.pb.client,org.apache.hadoop.security
org.apache.hadoop.yarn.api.impl.pb.client,org.apache.hadoop.yarn.api
org.apache.hadoop.yarn.api.impl.pb.client,org.apache.hadoop.yarn.api.protocolrecords
org.apache.hadoop.yarn.api.impl.pb.client,org.apache.hadoop.yarn.api.protocolrecords.impl.pb
org.apache.hadoop.yarn.api.impl.pb.client,org.apache.hadoop.yarn.api.records
org.apache.hadoop.yarn.api.impl.pb.client,org.apache.hadoop.yarn.api.records.impl.pb
org.apache.hadoop.yarn.api.impl.pb.client,org.apache.hadoop.yarn.conf
org.apache.hadoop.yarn.api.impl.pb.client,org.apache.hadoop.yarn.exceptions
org.apache.hadoop.yarn.api.impl.pb.client,org.apache.hadoop.yarn.ipc
org.apache.hadoop.yarn.api.impl.pb.service,org.apache.hadoop.yarn.api
org.apache.hadoop.yarn.api.impl.pb.service,org.apache.hadoop.yarn.api.protocolrecords
org.apache.hadoop.yarn.api.impl.pb.service,org.apache.hadoop.yarn.api.protocolrecords.impl.pb
org.apache.hadoop.yarn.api.impl.pb.service,org.apache.hadoop.yarn.api.records
org.apache.hadoop.yarn.api.impl.pb.service,org.apache.hadoop.yarn.api.records.impl.pb
org.apache.hadoop.yarn.api.impl.pb.service,org.apache.hadoop.yarn.exceptions
org.apache.hadoop.yarn.api.pb,org.apache.hadoop.yarn.api.records
org.apache.hadoop.yarn.api.pb,org.apache.hadoop.yarn.api.records.impl.pb
org.apache.hadoop.yarn.api.pb,org.apache.hadoop.yarn.api.resource
org.apache.hadoop.yarn.api.pb,org.apache.hadoop.yarn.exceptions
org.apache.hadoop.yarn.api.protocolrecords,org.apache.hadoop.classification
org.apache.hadoop.yarn.api.protocolrecords,org.apache.hadoop.security.token.delegation
org.apache.hadoop.yarn.api.protocolrecords,org.apache.hadoop.yarn.api
org.apache.hadoop.yarn.api.protocolrecords,org.apache.hadoop.yarn.api.records
org.apache.hadoop.yarn.api.protocolrecords,org.apache.hadoop.yarn.api.resource
org.apache.hadoop.yarn.api.protocolrecords,org.apache.hadoop.yarn.util
org.apache.hadoop.yarn.api.protocolrecords.impl.pb,org.apache.hadoop.classification
org.apache.hadoop.yarn.api.protocolrecords.impl.pb,org.apache.hadoop.conf
org.apache.hadoop.yarn.api.protocolrecords.impl.pb,org.apache.hadoop.util
org.apache.hadoop.yarn.api.protocolrecords.impl.pb,org.apache.hadoop.yarn.api.pb
org.apache.hadoop.yarn.api.protocolrecords.impl.pb,org.apache.hadoop.yarn.api.protocolrecords
org.apache.hadoop.yarn.api.protocolrecords.impl.pb,org.apache.hadoop.yarn.api.records
org.apache.hadoop.yarn.api.protocolrecords.impl.pb,org.apache.hadoop.yarn.api.records.impl.pb
org.apache.hadoop.yarn.api.protocolrecords.impl.pb,org.apache.hadoop.yarn.api.resource
org.apache.hadoop.yarn.api.protocolrecords.impl.pb,org.apache.hadoop.yarn.util.resource
org.apache.hadoop.yarn.api.records,org.apache.hadoop.classification
org.apache.hadoop.yarn.api.records,org.apache.hadoop.conf
org.apache.hadoop.yarn.api.records,org.apache.hadoop.fs
org.apache.hadoop.yarn.api.records,org.apache.hadoop.util
org.apache.hadoop.yarn.api.records,org.apache.hadoop.yarn.api
org.apache.hadoop.yarn.api.records,org.apache.hadoop.yarn.api.protocolrecords
org.apache.hadoop.yarn.api.records,org.apache.hadoop.yarn.api.records.impl
org.apache.hadoop.yarn.api.records,org.apache.hadoop.yarn.api.resource
org.apache.hadoop.yarn.api.records,org.apache.hadoop.yarn.conf
org.apache.hadoop.yarn.api.records,org.apache.hadoop.yarn.exceptions
org.apache.hadoop.yarn.api.records,org.apache.hadoop.yarn.factory.providers
org.apache.hadoop.yarn.api.records,org.apache.hadoop.yarn.server.api
org.apache.hadoop.yarn.api.records,org.apache.hadoop.yarn.util
org.apache.hadoop.yarn.api.records,org.apache.hadoop.yarn.util.resource
org.apache.hadoop.yarn.api.records.impl,org.apache.hadoop.classification
org.apache.hadoop.yarn.api.records.impl,org.apache.hadoop.yarn.api.records
org.apache.hadoop.yarn.api.records.impl,org.apache.hadoop.yarn.util.resource
org.apache.hadoop.yarn.api.records.impl.pb,org.apache.hadoop.classification
org.apache.hadoop.yarn.api.records.impl.pb,org.apache.hadoop.conf
org.apache.hadoop.yarn.api.records.impl.pb,org.apache.hadoop.util
org.apache.hadoop.yarn.api.records.impl.pb,org.apache.hadoop.yarn.api.pb
org.apache.hadoop.yarn.api.records.impl.pb,org.apache.hadoop.yarn.api.protocolrecords
org.apache.hadoop.yarn.api.records.impl.pb,org.apache.hadoop.yarn.api.records
org.apache.hadoop.yarn.api.records.impl.pb,org.apache.hadoop.yarn.api.resource
org.apache.hadoop.yarn.api.records.impl.pb,org.apache.hadoop.yarn.exceptions
org.apache.hadoop.yarn.api.records.impl.pb,org.apache.hadoop.yarn.server.api
org.apache.hadoop.yarn.api.records.impl.pb,org.apache.hadoop.yarn.util
org.apache.hadoop.yarn.api.records.impl.pb,org.apache.hadoop.yarn.util.resource
org.apache.hadoop.yarn.api.records.timeline,org.apache.hadoop.classification
org.apache.hadoop.yarn.api.records.timeline,org.apache.hadoop.yarn.api.records
org.apache.hadoop.yarn.api.records.timeline,org.apache.hadoop.yarn.util
org.apache.hadoop.yarn.api.records.timeline.reader,org.apache.hadoop.classification
org.apache.hadoop.yarn.api.records.timeline.reader,org.apache.hadoop.yarn.api.records.timeline
org.apache.hadoop.yarn.api.records.timeline.writer,org.apache.hadoop.classification
org.apache.hadoop.yarn.api.records.timeline.writer,org.apache.hadoop.yarn.api.records.timeline
org.apache.hadoop.yarn.api.records.timelineservice,org.apache.hadoop.classification
org.apache.hadoop.yarn.api.records.timelineservice,org.apache.hadoop.yarn.exceptions
org.apache.hadoop.yarn.api.records.timelineservice,org.apache.hadoop.yarn.util
org.apache.hadoop.yarn.api.records.timelineservice.reader,org.apache.hadoop.classification
org.apache.hadoop.yarn.api.records.timelineservice.reader,org.apache.hadoop.yarn.api.records.timelineservice
org.apache.hadoop.yarn.api.records.timelineservice.writer,org.apache.hadoop.classification
org.apache.hadoop.yarn.api.records.timelineservice.writer,org.apache.hadoop.yarn.api.records.timeline
org.apache.hadoop.yarn.api.records.timelineservice.writer,org.apache.hadoop.yarn.api.records.timelineservice
org.apache.hadoop.yarn.api.resource,org.apache.hadoop.yarn.api.records
org.apache.hadoop.yarn.api.resource,org.apache.hadoop.yarn.exceptions
org.apache.hadoop.yarn.appcatalog.model,org.apache.hadoop.yarn.service.api.records
org.apache.hadoop.yarn.applications.distributedshell,org.apache.hadoop.classification
org.apache.hadoop.yarn.applications.distributedshell,org.apache.hadoop.conf
org.apache.hadoop.yarn.applications.distributedshell,org.apache.hadoop.fs
org.apache.hadoop.yarn.applications.distributedshell,org.apache.hadoop.fs.permission
org.apache.hadoop.yarn.applications.distributedshell,org.apache.hadoop.io
org.apache.hadoop.yarn.applications.distributedshell,org.apache.hadoop.net
org.apache.hadoop.yarn.applications.distributedshell,org.apache.hadoop.security
org.apache.hadoop.yarn.applications.distributedshell,org.apache.hadoop.security.token
org.apache.hadoop.yarn.applications.distributedshell,org.apache.hadoop.util
org.apache.hadoop.yarn.applications.distributedshell,org.apache.hadoop.yarn.api
org.apache.hadoop.yarn.applications.distributedshell,org.apache.hadoop.yarn.api.protocolrecords
org.apache.hadoop.yarn.applications.distributedshell,org.apache.hadoop.yarn.api.records
org.apache.hadoop.yarn.applications.distributedshell,org.apache.hadoop.yarn.api.records.timeline
org.apache.hadoop.yarn.applications.distributedshell,org.apache.hadoop.yarn.api.resource
org.apache.hadoop.yarn.applications.distributedshell,org.apache.hadoop.yarn.client.api
org.apache.hadoop.yarn.applications.distributedshell,org.apache.hadoop.yarn.client.api.async
org.apache.hadoop.yarn.applications.distributedshell,org.apache.hadoop.yarn.client.api.async.impl
org.apache.hadoop.yarn.applications.distributedshell,org.apache.hadoop.yarn.client.util
org.apache.hadoop.yarn.applications.distributedshell,org.apache.hadoop.yarn.conf
org.apache.hadoop.yarn.applications.distributedshell,org.apache.hadoop.yarn.exceptions
org.apache.hadoop.yarn.applications.distributedshell,org.apache.hadoop.yarn.security
org.apache.hadoop.yarn.applications.distributedshell,org.apache.hadoop.yarn.server.timeline
org.apache.hadoop.yarn.applications.distributedshell,org.apache.hadoop.yarn.util
org.apache.hadoop.yarn.applications.distributedshell,org.apache.hadoop.yarn.util.constraint
org.apache.hadoop.yarn.applications.distributedshell,org.apache.hadoop.yarn.util.resource
org.apache.hadoop.yarn.applications.distributedshell,org.apache.hadoop.yarn.util.timeline
org.apache.hadoop.yarn.applications.unmanagedamlauncher,org.apache.hadoop.conf
org.apache.hadoop.yarn.applications.unmanagedamlauncher,org.apache.hadoop.fs
org.apache.hadoop.yarn.applications.unmanagedamlauncher,org.apache.hadoop.security
org.apache.hadoop.yarn.applications.unmanagedamlauncher,org.apache.hadoop.security.token
org.apache.hadoop.yarn.applications.unmanagedamlauncher,org.apache.hadoop.yarn.api
org.apache.hadoop.yarn.applications.unmanagedamlauncher,org.apache.hadoop.yarn.api.records
org.apache.hadoop.yarn.applications.unmanagedamlauncher,org.apache.hadoop.yarn.client.api
org.apache.hadoop.yarn.applications.unmanagedamlauncher,org.apache.hadoop.yarn.conf
org.apache.hadoop.yarn.applications.unmanagedamlauncher,org.apache.hadoop.yarn.exceptions
org.apache.hadoop.yarn.applications.unmanagedamlauncher,org.apache.hadoop.yarn.security
org.apache.hadoop.yarn.applications.unmanagedamlauncher,org.apache.hadoop.yarn.util
org.apache.hadoop.yarn.client,org.apache.hadoop.classification
org.apache.hadoop.yarn.client,org.apache.hadoop.conf
org.apache.hadoop.yarn.client,org.apache.hadoop.fs
org.apache.hadoop.yarn.client,org.apache.hadoop.ha
org.apache.hadoop.yarn.client,org.apache.hadoop.io
org.apache.hadoop.yarn.client,org.apache.hadoop.io.retry
org.apache.hadoop.yarn.client,org.apache.hadoop.ipc
org.apache.hadoop.yarn.client,org.apache.hadoop.net
org.apache.hadoop.yarn.client,org.apache.hadoop.security
org.apache.hadoop.yarn.client,org.apache.hadoop.security.token
org.apache.hadoop.yarn.client,org.apache.hadoop.util
org.apache.hadoop.yarn.client,org.apache.hadoop.util.concurrent
org.apache.hadoop.yarn.client,org.apache.hadoop.yarn.api
org.apache.hadoop.yarn.client,org.apache.hadoop.yarn.api.records
org.apache.hadoop.yarn.client,org.apache.hadoop.yarn.conf
org.apache.hadoop.yarn.client,org.apache.hadoop.yarn.exceptions
org.apache.hadoop.yarn.client,org.apache.hadoop.yarn.factories
org.apache.hadoop.yarn.client,org.apache.hadoop.yarn.factory.providers
org.apache.hadoop.yarn.client,org.apache.hadoop.yarn.ipc
org.apache.hadoop.yarn.client,org.apache.hadoop.yarn.security
org.apache.hadoop.yarn.client,org.apache.hadoop.yarn.server.api
org.apache.hadoop.yarn.client,org.apache.hadoop.yarn.server.api.protocolrecords
org.apache.hadoop.yarn.client.api,org.apache.hadoop.classification
org.apache.hadoop.yarn.client.api,org.apache.hadoop.conf
org.apache.hadoop.yarn.client.api,org.apache.hadoop.fs
org.apache.hadoop.yarn.client.api,org.apache.hadoop.io
org.apache.hadoop.yarn.client.api,org.apache.hadoop.security
org.apache.hadoop.yarn.client.api,org.apache.hadoop.security.token
org.apache.hadoop.yarn.client.api,org.apache.hadoop.service
org.apache.hadoop.yarn.client.api,org.apache.hadoop.util
org.apache.hadoop.yarn.client.api,org.apache.hadoop.yarn.api
org.apache.hadoop.yarn.client.api,org.apache.hadoop.yarn.api.protocolrecords
org.apache.hadoop.yarn.client.api,org.apache.hadoop.yarn.api.records
org.apache.hadoop.yarn.client.api,org.apache.hadoop.yarn.api.records.timeline
org.apache.hadoop.yarn.client.api,org.apache.hadoop.yarn.api.records.timelineservice
org.apache.hadoop.yarn.client.api,org.apache.hadoop.yarn.api.resource
org.apache.hadoop.yarn.client.api,org.apache.hadoop.yarn.client.api.async
org.apache.hadoop.yarn.client.api,org.apache.hadoop.yarn.client.api.impl
org.apache.hadoop.yarn.client.api,org.apache.hadoop.yarn.exceptions
org.apache.hadoop.yarn.client.api,org.apache.hadoop.yarn.security
org.apache.hadoop.yarn.client.api,org.apache.hadoop.yarn.security.client
org.apache.hadoop.yarn.client.api,org.apache.hadoop.yarn.util.resource
org.apache.hadoop.yarn.client.api.async,org.apache.hadoop.classification
org.apache.hadoop.yarn.client.api.async,org.apache.hadoop.service
org.apache.hadoop.yarn.client.api.async,org.apache.hadoop.util
org.apache.hadoop.yarn.client.api.async,org.apache.hadoop.yarn.api.protocolrecords
org.apache.hadoop.yarn.client.api.async,org.apache.hadoop.yarn.api.records
org.apache.hadoop.yarn.client.api.async,org.apache.hadoop.yarn.api.resource
org.apache.hadoop.yarn.client.api.async,org.apache.hadoop.yarn.client.api
org.apache.hadoop.yarn.client.api.async,org.apache.hadoop.yarn.client.api.async.impl
org.apache.hadoop.yarn.client.api.async,org.apache.hadoop.yarn.client.api.impl
org.apache.hadoop.yarn.client.api.async,org.apache.hadoop.yarn.conf
org.apache.hadoop.yarn.client.api.async,org.apache.hadoop.yarn.exceptions
org.apache.hadoop.yarn.client.api.async,org.apache.hadoop.yarn.util.resource
org.apache.hadoop.yarn.client.api.async.impl,org.apache.hadoop.classification
org.apache.hadoop.yarn.client.api.async.impl,org.apache.hadoop.conf
org.apache.hadoop.yarn.client.api.async.impl,org.apache.hadoop.yarn.api.protocolrecords
org.apache.hadoop.yarn.client.api.async.impl,org.apache.hadoop.yarn.api.records
org.apache.hadoop.yarn.client.api.async.impl,org.apache.hadoop.yarn.api.resource
org.apache.hadoop.yarn.client.api.async.impl,org.apache.hadoop.yarn.client.api
org.apache.hadoop.yarn.client.api.async.impl,org.apache.hadoop.yarn.client.api.async
org.apache.hadoop.yarn.client.api.async.impl,org.apache.hadoop.yarn.client.api.impl
org.apache.hadoop.yarn.client.api.async.impl,org.apache.hadoop.yarn.conf
org.apache.hadoop.yarn.client.api.async.impl,org.apache.hadoop.yarn.event
org.apache.hadoop.yarn.client.api.async.impl,org.apache.hadoop.yarn.exceptions
org.apache.hadoop.yarn.client.api.async.impl,org.apache.hadoop.yarn.ipc
org.apache.hadoop.yarn.client.api.async.impl,org.apache.hadoop.yarn.state
org.apache.hadoop.yarn.client.api.impl,org.apache.hadoop.classification
org.apache.hadoop.yarn.client.api.impl,org.apache.hadoop.conf
org.apache.hadoop.yarn.client.api.impl,org.apache.hadoop.fs
org.apache.hadoop.yarn.client.api.impl,org.apache.hadoop.fs.permission
org.apache.hadoop.yarn.client.api.impl,org.apache.hadoop.io
org.apache.hadoop.yarn.client.api.impl,org.apache.hadoop.ipc
org.apache.hadoop.yarn.client.api.impl,org.apache.hadoop.net
org.apache.hadoop.yarn.client.api.impl,org.apache.hadoop.security
org.apache.hadoop.yarn.client.api.impl,org.apache.hadoop.security.authentication.client
org.apache.hadoop.yarn.client.api.impl,org.apache.hadoop.security.authentication.server
org.apache.hadoop.yarn.client.api.impl,org.apache.hadoop.security.ssl
org.apache.hadoop.yarn.client.api.impl,org.apache.hadoop.security.token
org.apache.hadoop.yarn.client.api.impl,org.apache.hadoop.security.token.delegation.web
org.apache.hadoop.yarn.client.api.impl,org.apache.hadoop.service
org.apache.hadoop.yarn.client.api.impl,org.apache.hadoop.util
org.apache.hadoop.yarn.client.api.impl,org.apache.hadoop.yarn.api
org.apache.hadoop.yarn.client.api.impl,org.apache.hadoop.yarn.api.protocolrecords
org.apache.hadoop.yarn.client.api.impl,org.apache.hadoop.yarn.api.records
org.apache.hadoop.yarn.client.api.impl,org.apache.hadoop.yarn.api.records.timeline
org.apache.hadoop.yarn.client.api.impl,org.apache.hadoop.yarn.api.records.timeline.reader
org.apache.hadoop.yarn.client.api.impl,org.apache.hadoop.yarn.api.records.timeline.writer
org.apache.hadoop.yarn.client.api.impl,org.apache.hadoop.yarn.api.records.timelineservice
org.apache.hadoop.yarn.client.api.impl,org.apache.hadoop.yarn.api.records.timelineservice.reader
org.apache.hadoop.yarn.client.api.impl,org.apache.hadoop.yarn.api.records.timelineservice.writer
org.apache.hadoop.yarn.client.api.impl,org.apache.hadoop.yarn.api.resource
org.apache.hadoop.yarn.client.api.impl,org.apache.hadoop.yarn.client
org.apache.hadoop.yarn.client.api.impl,org.apache.hadoop.yarn.client.api
org.apache.hadoop.yarn.client.api.impl,org.apache.hadoop.yarn.client.util
org.apache.hadoop.yarn.client.api.impl,org.apache.hadoop.yarn.conf
org.apache.hadoop.yarn.client.api.impl,org.apache.hadoop.yarn.exceptions
org.apache.hadoop.yarn.client.api.impl,org.apache.hadoop.yarn.ipc
org.apache.hadoop.yarn.client.api.impl,org.apache.hadoop.yarn.logaggregation.filecontroller
org.apache.hadoop.yarn.client.api.impl,org.apache.hadoop.yarn.security
org.apache.hadoop.yarn.client.api.impl,org.apache.hadoop.yarn.security.client
org.apache.hadoop.yarn.client.api.impl,org.apache.hadoop.yarn.sharedcache
org.apache.hadoop.yarn.client.api.impl,org.apache.hadoop.yarn.util
org.apache.hadoop.yarn.client.api.impl,org.apache.hadoop.yarn.util.resource
org.apache.hadoop.yarn.client.api.impl,org.apache.hadoop.yarn.util.timeline
org.apache.hadoop.yarn.client.api.impl,org.apache.hadoop.yarn.webapp
org.apache.hadoop.yarn.client.api.impl,org.apache.hadoop.yarn.webapp.util
org.apache.hadoop.yarn.client.cli,org.apache.hadoop.classification
org.apache.hadoop.yarn.client.cli,org.apache.hadoop.conf
org.apache.hadoop.yarn.client.cli,org.apache.hadoop.fs
org.apache.hadoop.yarn.client.cli,org.apache.hadoop.ha
org.apache.hadoop.yarn.client.cli,org.apache.hadoop.io
org.apache.hadoop.yarn.client.cli,org.apache.hadoop.ipc
org.apache.hadoop.yarn.client.cli,org.apache.hadoop.security
org.apache.hadoop.yarn.client.cli,org.apache.hadoop.security.authentication.client
org.apache.hadoop.yarn.client.cli,org.apache.hadoop.security.ssl
org.apache.hadoop.yarn.client.cli,org.apache.hadoop.util
org.apache.hadoop.yarn.client.cli,org.apache.hadoop.yarn.api
org.apache.hadoop.yarn.client.cli,org.apache.hadoop.yarn.api.protocolrecords
org.apache.hadoop.yarn.client.cli,org.apache.hadoop.yarn.api.records
org.apache.hadoop.yarn.client.cli,org.apache.hadoop.yarn.api.records.timelineservice
org.apache.hadoop.yarn.client.cli,org.apache.hadoop.yarn.client
org.apache.hadoop.yarn.client.cli,org.apache.hadoop.yarn.client.api
org.apache.hadoop.yarn.client.cli,org.apache.hadoop.yarn.client.util
org.apache.hadoop.yarn.client.cli,org.apache.hadoop.yarn.conf
org.apache.hadoop.yarn.client.cli,org.apache.hadoop.yarn.exceptions
org.apache.hadoop.yarn.client.cli,org.apache.hadoop.yarn.factories
org.apache.hadoop.yarn.client.cli,org.apache.hadoop.yarn.factory.providers
org.apache.hadoop.yarn.client.cli,org.apache.hadoop.yarn.logaggregation
org.apache.hadoop.yarn.client.cli,org.apache.hadoop.yarn.nodelabels
org.apache.hadoop.yarn.client.cli,org.apache.hadoop.yarn.server.api
org.apache.hadoop.yarn.client.cli,org.apache.hadoop.yarn.server.api.protocolrecords
org.apache.hadoop.yarn.client.cli,org.apache.hadoop.yarn.server.metrics
org.apache.hadoop.yarn.client.cli,org.apache.hadoop.yarn.util
org.apache.hadoop.yarn.client.cli,org.apache.hadoop.yarn.util.resource
org.apache.hadoop.yarn.client.cli,org.apache.hadoop.yarn.webapp.dao
org.apache.hadoop.yarn.client.cli,org.apache.hadoop.yarn.webapp.util
org.apache.hadoop.yarn.client.util,org.apache.hadoop.classification
org.apache.hadoop.yarn.client.util,org.apache.hadoop.conf
org.apache.hadoop.yarn.client.util,org.apache.hadoop.security
org.apache.hadoop.yarn.client.util,org.apache.hadoop.security.authentication.client
org.apache.hadoop.yarn.client.util,org.apache.hadoop.yarn.api.records
org.apache.hadoop.yarn.client.util,org.apache.hadoop.yarn.conf
org.apache.hadoop.yarn.conf,org.apache.hadoop
org.apache.hadoop.yarn.conf,org.apache.hadoop.classification
org.apache.hadoop.yarn.conf,org.apache.hadoop.conf
org.apache.hadoop.yarn.conf,org.apache.hadoop.fs
org.apache.hadoop.yarn.conf,org.apache.hadoop.ha
org.apache.hadoop.yarn.conf,org.apache.hadoop.http
org.apache.hadoop.yarn.conf,org.apache.hadoop.net
org.apache.hadoop.yarn.conf,org.apache.hadoop.security.authentication.server
org.apache.hadoop.yarn.conf,org.apache.hadoop.util
org.apache.hadoop.yarn.conf,org.apache.hadoop.yarn.api
org.apache.hadoop.yarn.conf,org.apache.hadoop.yarn.exceptions
org.apache.hadoop.yarn.csi.adaptor,org.apache.hadoop.conf
org.apache.hadoop.yarn.csi.adaptor,org.apache.hadoop.ipc
org.apache.hadoop.yarn.csi.adaptor,org.apache.hadoop.service
org.apache.hadoop.yarn.csi.adaptor,org.apache.hadoop.util
org.apache.hadoop.yarn.csi.adaptor,org.apache.hadoop.yarn.api
org.apache.hadoop.yarn.csi.adaptor,org.apache.hadoop.yarn.api.protocolrecords
org.apache.hadoop.yarn.csi.adaptor,org.apache.hadoop.yarn.conf
org.apache.hadoop.yarn.csi.adaptor,org.apache.hadoop.yarn.csi.client
org.apache.hadoop.yarn.csi.adaptor,org.apache.hadoop.yarn.csi.translator
org.apache.hadoop.yarn.csi.adaptor,org.apache.hadoop.yarn.exceptions
org.apache.hadoop.yarn.csi.adaptor,org.apache.hadoop.yarn.ipc
org.apache.hadoop.yarn.csi.adaptor,org.apache.hadoop.yarn.server.api
org.apache.hadoop.yarn.csi.adaptor,org.apache.hadoop.yarn.util.csi
org.apache.hadoop.yarn.csi.client,org.apache.hadoop.yarn.csi.utils
org.apache.hadoop.yarn.csi.translator,org.apache.hadoop.yarn.api.protocolrecords
org.apache.hadoop.yarn.csi.translator,org.apache.hadoop.yarn.exceptions
org.apache.hadoop.yarn.event,org.apache.hadoop.classification
org.apache.hadoop.yarn.event,org.apache.hadoop.conf
org.apache.hadoop.yarn.event,org.apache.hadoop.service
org.apache.hadoop.yarn.event,org.apache.hadoop.util
org.apache.hadoop.yarn.event,org.apache.hadoop.yarn.conf
org.apache.hadoop.yarn.event,org.apache.hadoop.yarn.exceptions
org.apache.hadoop.yarn.event,org.apache.hadoop.yarn.metrics
org.apache.hadoop.yarn.event,org.apache.hadoop.yarn.util
org.apache.hadoop.yarn.exceptions,org.apache.hadoop.classification
org.apache.hadoop.yarn.exceptions,org.apache.hadoop.yarn.api
org.apache.hadoop.yarn.exceptions,org.apache.hadoop.yarn.api.protocolrecords
org.apache.hadoop.yarn.exceptions,org.apache.hadoop.yarn.api.records
org.apache.hadoop.yarn.factories,org.apache.hadoop.classification
org.apache.hadoop.yarn.factories,org.apache.hadoop.conf
org.apache.hadoop.yarn.factories,org.apache.hadoop.ipc
org.apache.hadoop.yarn.factories,org.apache.hadoop.security.token
org.apache.hadoop.yarn.factories.impl.pb,org.apache.hadoop
org.apache.hadoop.yarn.factories.impl.pb,org.apache.hadoop.conf
org.apache.hadoop.yarn.factories.impl.pb,org.apache.hadoop.ipc
org.apache.hadoop.yarn.factories.impl.pb,org.apache.hadoop.security.token
org.apache.hadoop.yarn.factories.impl.pb,org.apache.hadoop.yarn.exceptions
org.apache.hadoop.yarn.factories.impl.pb,org.apache.hadoop.yarn.factories
org.apache.hadoop.yarn.factory.providers,org.apache.hadoop.classification
org.apache.hadoop.yarn.factory.providers,org.apache.hadoop.conf
org.apache.hadoop.yarn.factory.providers,org.apache.hadoop.yarn.conf
org.apache.hadoop.yarn.factory.providers,org.apache.hadoop.yarn.exceptions
org.apache.hadoop.yarn.factory.providers,org.apache.hadoop.yarn.factories
org.apache.hadoop.yarn.ipc,org.apache.hadoop.classification
org.apache.hadoop.yarn.ipc,org.apache.hadoop.conf
org.apache.hadoop.yarn.ipc,org.apache.hadoop.ipc
org.apache.hadoop.yarn.ipc,org.apache.hadoop.security.token
org.apache.hadoop.yarn.ipc,org.apache.hadoop.yarn.conf
org.apache.hadoop.yarn.ipc,org.apache.hadoop.yarn.exceptions
org.apache.hadoop.yarn.ipc,org.apache.hadoop.yarn.factory.providers
org.apache.hadoop.yarn.logaggregation,org.apache.hadoop.classification
org.apache.hadoop.yarn.logaggregation,org.apache.hadoop.conf
org.apache.hadoop.yarn.logaggregation,org.apache.hadoop.fs
org.apache.hadoop.yarn.logaggregation,org.apache.hadoop.fs.permission
org.apache.hadoop.yarn.logaggregation,org.apache.hadoop.hdfs.protocol
org.apache.hadoop.yarn.logaggregation,org.apache.hadoop.io
org.apache.hadoop.yarn.logaggregation,org.apache.hadoop.io.file.tfile
org.apache.hadoop.yarn.logaggregation,org.apache.hadoop.ipc
org.apache.hadoop.yarn.logaggregation,org.apache.hadoop.security
org.apache.hadoop.yarn.logaggregation,org.apache.hadoop.service
org.apache.hadoop.yarn.logaggregation,org.apache.hadoop.util
org.apache.hadoop.yarn.logaggregation,org.apache.hadoop.yarn.api
org.apache.hadoop.yarn.logaggregation,org.apache.hadoop.yarn.api.protocolrecords
org.apache.hadoop.yarn.logaggregation,org.apache.hadoop.yarn.api.records
org.apache.hadoop.yarn.logaggregation,org.apache.hadoop.yarn.client
org.apache.hadoop.yarn.logaggregation,org.apache.hadoop.yarn.conf
org.apache.hadoop.yarn.logaggregation,org.apache.hadoop.yarn.exceptions
org.apache.hadoop.yarn.logaggregation,org.apache.hadoop.yarn.logaggregation.filecontroller
org.apache.hadoop.yarn.logaggregation,org.apache.hadoop.yarn.util
org.apache.hadoop.yarn.logaggregation,org.apache.hadoop.yarn.webapp.util
org.apache.hadoop.yarn.logaggregation.filecontroller,org.apache.hadoop.classification
org.apache.hadoop.yarn.logaggregation.filecontroller,org.apache.hadoop.conf
org.apache.hadoop.yarn.logaggregation.filecontroller,org.apache.hadoop.fs
org.apache.hadoop.yarn.logaggregation.filecontroller,org.apache.hadoop.fs.permission
org.apache.hadoop.yarn.logaggregation.filecontroller,org.apache.hadoop.io
org.apache.hadoop.yarn.logaggregation.filecontroller,org.apache.hadoop.ipc
org.apache.hadoop.yarn.logaggregation.filecontroller,org.apache.hadoop.security
org.apache.hadoop.yarn.logaggregation.filecontroller,org.apache.hadoop.security.token
org.apache.hadoop.yarn.logaggregation.filecontroller,org.apache.hadoop.util
org.apache.hadoop.yarn.logaggregation.filecontroller,org.apache.hadoop.yarn.api.records
org.apache.hadoop.yarn.logaggregation.filecontroller,org.apache.hadoop.yarn.conf
org.apache.hadoop.yarn.logaggregation.filecontroller,org.apache.hadoop.yarn.exceptions
org.apache.hadoop.yarn.logaggregation.filecontroller,org.apache.hadoop.yarn.logaggregation
org.apache.hadoop.yarn.logaggregation.filecontroller,org.apache.hadoop.yarn.server.security
org.apache.hadoop.yarn.logaggregation.filecontroller,org.apache.hadoop.yarn.webapp.hamlet2
org.apache.hadoop.yarn.logaggregation.filecontroller,org.apache.hadoop.yarn.webapp.view
org.apache.hadoop.yarn.logaggregation.filecontroller.ifile,org.apache.hadoop.classification
org.apache.hadoop.yarn.logaggregation.filecontroller.ifile,org.apache.hadoop.conf
org.apache.hadoop.yarn.logaggregation.filecontroller.ifile,org.apache.hadoop.fs
org.apache.hadoop.yarn.logaggregation.filecontroller.ifile,org.apache.hadoop.io
org.apache.hadoop.yarn.logaggregation.filecontroller.ifile,org.apache.hadoop.io.compress
org.apache.hadoop.yarn.logaggregation.filecontroller.ifile,org.apache.hadoop.io.file.tfile
org.apache.hadoop.yarn.logaggregation.filecontroller.ifile,org.apache.hadoop.security
org.apache.hadoop.yarn.logaggregation.filecontroller.ifile,org.apache.hadoop.yarn.api.records
org.apache.hadoop.yarn.logaggregation.filecontroller.ifile,org.apache.hadoop.yarn.conf
org.apache.hadoop.yarn.logaggregation.filecontroller.ifile,org.apache.hadoop.yarn.logaggregation
org.apache.hadoop.yarn.logaggregation.filecontroller.ifile,org.apache.hadoop.yarn.logaggregation.filecontroller
org.apache.hadoop.yarn.logaggregation.filecontroller.ifile,org.apache.hadoop.yarn.util
org.apache.hadoop.yarn.logaggregation.filecontroller.tfile,org.apache.hadoop.classification
org.apache.hadoop.yarn.logaggregation.filecontroller.tfile,org.apache.hadoop.conf
org.apache.hadoop.yarn.logaggregation.filecontroller.tfile,org.apache.hadoop.fs
org.apache.hadoop.yarn.logaggregation.filecontroller.tfile,org.apache.hadoop.hdfs.protocol
org.apache.hadoop.yarn.logaggregation.filecontroller.tfile,org.apache.hadoop.yarn.api.records
org.apache.hadoop.yarn.logaggregation.filecontroller.tfile,org.apache.hadoop.yarn.logaggregation
org.apache.hadoop.yarn.logaggregation.filecontroller.tfile,org.apache.hadoop.yarn.logaggregation.filecontroller
org.apache.hadoop.yarn.logaggregation.filecontroller.tfile,org.apache.hadoop.yarn.util
org.apache.hadoop.yarn.metrics,org.apache.hadoop.classification
org.apache.hadoop.yarn.metrics,org.apache.hadoop.metrics2
org.apache.hadoop.yarn.metrics,org.apache.hadoop.metrics2.annotation
org.apache.hadoop.yarn.metrics,org.apache.hadoop.metrics2.lib
org.apache.hadoop.yarn.metrics,org.apache.hadoop.yarn.api.records
org.apache.hadoop.yarn.metrics,org.apache.hadoop.yarn.util.resource
org.apache.hadoop.yarn.nodelabels,org.apache.hadoop.classification
org.apache.hadoop.yarn.nodelabels,org.apache.hadoop.conf
org.apache.hadoop.yarn.nodelabels,org.apache.hadoop.fs
org.apache.hadoop.yarn.nodelabels,org.apache.hadoop.security
org.apache.hadoop.yarn.nodelabels,org.apache.hadoop.service
org.apache.hadoop.yarn.nodelabels,org.apache.hadoop.util
org.apache.hadoop.yarn.nodelabels,org.apache.hadoop.yarn.api.records
org.apache.hadoop.yarn.nodelabels,org.apache.hadoop.yarn.conf
org.apache.hadoop.yarn.nodelabels,org.apache.hadoop.yarn.event
org.apache.hadoop.yarn.nodelabels,org.apache.hadoop.yarn.exceptions
org.apache.hadoop.yarn.nodelabels,org.apache.hadoop.yarn.nodelabels.event
org.apache.hadoop.yarn.nodelabels,org.apache.hadoop.yarn.nodelabels.store
org.apache.hadoop.yarn.nodelabels,org.apache.hadoop.yarn.nodelabels.store.op
org.apache.hadoop.yarn.nodelabels,org.apache.hadoop.yarn.server.api.protocolrecords
org.apache.hadoop.yarn.nodelabels,org.apache.hadoop.yarn.util.resource
org.apache.hadoop.yarn.nodelabels.event,org.apache.hadoop.yarn.api.records
org.apache.hadoop.yarn.nodelabels.event,org.apache.hadoop.yarn.event
org.apache.hadoop.yarn.nodelabels.store,org.apache.hadoop.conf
org.apache.hadoop.yarn.nodelabels.store,org.apache.hadoop.fs
org.apache.hadoop.yarn.nodelabels.store,org.apache.hadoop.io
org.apache.hadoop.yarn.nodelabels.store,org.apache.hadoop.yarn.conf
org.apache.hadoop.yarn.nodelabels.store,org.apache.hadoop.yarn.nodelabels.store.op
org.apache.hadoop.yarn.nodelabels.store.op,org.apache.hadoop.util
org.apache.hadoop.yarn.nodelabels.store.op,org.apache.hadoop.yarn.api.records
org.apache.hadoop.yarn.nodelabels.store.op,org.apache.hadoop.yarn.nodelabels
org.apache.hadoop.yarn.nodelabels.store.op,org.apache.hadoop.yarn.nodelabels.store
org.apache.hadoop.yarn.nodelabels.store.op,org.apache.hadoop.yarn.server.api.protocolrecords
org.apache.hadoop.yarn.nodelabels.store.op,org.apache.hadoop.yarn.server.api.protocolrecords.impl.pb
org.apache.hadoop.yarn.proto,org.apache.hadoop.mapreduce.v2.api
org.apache.hadoop.yarn.security,org.apache.hadoop.classification
org.apache.hadoop.yarn.security,org.apache.hadoop.conf
org.apache.hadoop.yarn.security,org.apache.hadoop.io
org.apache.hadoop.yarn.security,org.apache.hadoop.security
org.apache.hadoop.yarn.security,org.apache.hadoop.security.authorize
org.apache.hadoop.yarn.security,org.apache.hadoop.security.token
org.apache.hadoop.yarn.security,org.apache.hadoop.util
org.apache.hadoop.yarn.security,org.apache.hadoop.yarn.api
org.apache.hadoop.yarn.security,org.apache.hadoop.yarn.api.records
org.apache.hadoop.yarn.security,org.apache.hadoop.yarn.api.records.impl.pb
org.apache.hadoop.yarn.security,org.apache.hadoop.yarn.conf
org.apache.hadoop.yarn.security,org.apache.hadoop.yarn.exceptions
org.apache.hadoop.yarn.security,org.apache.hadoop.yarn.nodelabels
org.apache.hadoop.yarn.security,org.apache.hadoop.yarn.server.api
org.apache.hadoop.yarn.security.admin,org.apache.hadoop.conf
org.apache.hadoop.yarn.security.admin,org.apache.hadoop.security
org.apache.hadoop.yarn.security.admin,org.apache.hadoop.security.token
org.apache.hadoop.yarn.security.admin,org.apache.hadoop.yarn.conf
org.apache.hadoop.yarn.security.admin,org.apache.hadoop.yarn.server.api
org.apache.hadoop.yarn.security.client,org.apache.hadoop.classification
org.apache.hadoop.yarn.security.client,org.apache.hadoop.conf
org.apache.hadoop.yarn.security.client,org.apache.hadoop.io
org.apache.hadoop.yarn.security.client,org.apache.hadoop.ipc
org.apache.hadoop.yarn.security.client,org.apache.hadoop.net
org.apache.hadoop.yarn.security.client,org.apache.hadoop.security
org.apache.hadoop.yarn.security.client,org.apache.hadoop.security.token
org.apache.hadoop.yarn.security.client,org.apache.hadoop.security.token.delegation
org.apache.hadoop.yarn.security.client,org.apache.hadoop.yarn.api
org.apache.hadoop.yarn.security.client,org.apache.hadoop.yarn.api.protocolrecords
org.apache.hadoop.yarn.security.client,org.apache.hadoop.yarn.api.records
org.apache.hadoop.yarn.security.client,org.apache.hadoop.yarn.api.records.impl.pb
org.apache.hadoop.yarn.security.client,org.apache.hadoop.yarn.client
org.apache.hadoop.yarn.security.client,org.apache.hadoop.yarn.client.api
org.apache.hadoop.yarn.security.client,org.apache.hadoop.yarn.conf
org.apache.hadoop.yarn.security.client,org.apache.hadoop.yarn.exceptions
org.apache.hadoop.yarn.security.client,org.apache.hadoop.yarn.util
org.apache.hadoop.yarn.security.client.impl.pb,org.apache.hadoop.io
org.apache.hadoop.yarn.security.client.impl.pb,org.apache.hadoop.yarn.security.client
org.apache.hadoop.yarn.server,org.apache.hadoop
org.apache.hadoop.yarn.server,org.apache.hadoop.classification
org.apache.hadoop.yarn.server,org.apache.hadoop.conf
org.apache.hadoop.yarn.server,org.apache.hadoop.ipc
org.apache.hadoop.yarn.server,org.apache.hadoop.security
org.apache.hadoop.yarn.server,org.apache.hadoop.security.token
org.apache.hadoop.yarn.server,org.apache.hadoop.util
org.apache.hadoop.yarn.server,org.apache.hadoop.yarn.api
org.apache.hadoop.yarn.server,org.apache.hadoop.yarn.api.protocolrecords
org.apache.hadoop.yarn.server,org.apache.hadoop.yarn.api.records
org.apache.hadoop.yarn.server,org.apache.hadoop.yarn.client
org.apache.hadoop.yarn.server,org.apache.hadoop.yarn.conf
org.apache.hadoop.yarn.server,org.apache.hadoop.yarn.exceptions
org.apache.hadoop.yarn.server,org.apache.hadoop.yarn.server.api
org.apache.hadoop.yarn.server,org.apache.hadoop.yarn.server.metrics
org.apache.hadoop.yarn.server,org.apache.hadoop.yarn.server.scheduler
org.apache.hadoop.yarn.server,org.apache.hadoop.yarn.server.utils
org.apache.hadoop.yarn.server,org.apache.hadoop.yarn.util
org.apache.hadoop.yarn.server.api,org.apache.hadoop.classification
org.apache.hadoop.yarn.server.api,org.apache.hadoop.conf
org.apache.hadoop.yarn.server.api,org.apache.hadoop.fs
org.apache.hadoop.yarn.server.api,org.apache.hadoop.io.retry
org.apache.hadoop.yarn.server.api,org.apache.hadoop.ipc
org.apache.hadoop.yarn.server.api,org.apache.hadoop.service
org.apache.hadoop.yarn.server.api,org.apache.hadoop.tools
org.apache.hadoop.yarn.server.api,org.apache.hadoop.util
org.apache.hadoop.yarn.server.api,org.apache.hadoop.yarn.api
org.apache.hadoop.yarn.server.api,org.apache.hadoop.yarn.api.protocolrecords
org.apache.hadoop.yarn.server.api,org.apache.hadoop.yarn.api.records
org.apache.hadoop.yarn.server.api,org.apache.hadoop.yarn.client
org.apache.hadoop.yarn.server.api,org.apache.hadoop.yarn.conf
org.apache.hadoop.yarn.server.api,org.apache.hadoop.yarn.exceptions
org.apache.hadoop.yarn.server.api,org.apache.hadoop.yarn.server.api.protocolrecords
org.apache.hadoop.yarn.server.api.impl.pb.client,org.apache.hadoop.conf
org.apache.hadoop.yarn.server.api.impl.pb.client,org.apache.hadoop.ipc
org.apache.hadoop.yarn.server.api.impl.pb.client,org.apache.hadoop.net
org.apache.hadoop.yarn.server.api.impl.pb.client,org.apache.hadoop.security
org.apache.hadoop.yarn.server.api.impl.pb.client,org.apache.hadoop.yarn.api.protocolrecords
org.apache.hadoop.yarn.server.api.impl.pb.client,org.apache.hadoop.yarn.api.protocolrecords.impl.pb
org.apache.hadoop.yarn.server.api.impl.pb.client,org.apache.hadoop.yarn.conf
org.apache.hadoop.yarn.server.api.impl.pb.client,org.apache.hadoop.yarn.exceptions
org.apache.hadoop.yarn.server.api.impl.pb.client,org.apache.hadoop.yarn.ipc
org.apache.hadoop.yarn.server.api.impl.pb.client,org.apache.hadoop.yarn.server.api
org.apache.hadoop.yarn.server.api.impl.pb.client,org.apache.hadoop.yarn.server.api.protocolrecords
org.apache.hadoop.yarn.server.api.impl.pb.client,org.apache.hadoop.yarn.server.api.protocolrecords.impl.pb
org.apache.hadoop.yarn.server.api.impl.pb.service,org.apache.hadoop.yarn.api.protocolrecords
org.apache.hadoop.yarn.server.api.impl.pb.service,org.apache.hadoop.yarn.api.protocolrecords.impl.pb
org.apache.hadoop.yarn.server.api.impl.pb.service,org.apache.hadoop.yarn.exceptions
org.apache.hadoop.yarn.server.api.impl.pb.service,org.apache.hadoop.yarn.server.api
org.apache.hadoop.yarn.server.api.impl.pb.service,org.apache.hadoop.yarn.server.api.protocolrecords
org.apache.hadoop.yarn.server.api.impl.pb.service,org.apache.hadoop.yarn.server.api.protocolrecords.impl.pb
org.apache.hadoop.yarn.server.api.protocolrecords,org.apache.hadoop.classification
org.apache.hadoop.yarn.server.api.protocolrecords,org.apache.hadoop.yarn.api.protocolrecords
org.apache.hadoop.yarn.server.api.protocolrecords,org.apache.hadoop.yarn.api.records
org.apache.hadoop.yarn.server.api.protocolrecords,org.apache.hadoop.yarn.exceptions
org.apache.hadoop.yarn.server.api.protocolrecords,org.apache.hadoop.yarn.nodelabels
org.apache.hadoop.yarn.server.api.protocolrecords,org.apache.hadoop.yarn.server.api
org.apache.hadoop.yarn.server.api.protocolrecords,org.apache.hadoop.yarn.server.api.records
org.apache.hadoop.yarn.server.api.protocolrecords,org.apache.hadoop.yarn.util
org.apache.hadoop.yarn.server.api.protocolrecords.impl.pb,org.apache.hadoop.util
org.apache.hadoop.yarn.server.api.protocolrecords.impl.pb,org.apache.hadoop.yarn.api.protocolrecords
org.apache.hadoop.yarn.server.api.protocolrecords.impl.pb,org.apache.hadoop.yarn.api.protocolrecords.impl.pb
org.apache.hadoop.yarn.server.api.protocolrecords.impl.pb,org.apache.hadoop.yarn.api.records
org.apache.hadoop.yarn.server.api.protocolrecords.impl.pb,org.apache.hadoop.yarn.api.records.impl.pb
org.apache.hadoop.yarn.server.api.protocolrecords.impl.pb,org.apache.hadoop.yarn.nodelabels
org.apache.hadoop.yarn.server.api.protocolrecords.impl.pb,org.apache.hadoop.yarn.server.api.protocolrecords
org.apache.hadoop.yarn.server.api.protocolrecords.impl.pb,org.apache.hadoop.yarn.server.api.records
org.apache.hadoop.yarn.server.api.protocolrecords.impl.pb,org.apache.hadoop.yarn.server.api.records.impl.pb
org.apache.hadoop.yarn.server.api.records,org.apache.hadoop.classification
org.apache.hadoop.yarn.server.api.records,org.apache.hadoop.yarn.api
org.apache.hadoop.yarn.server.api.records,org.apache.hadoop.yarn.api.records
org.apache.hadoop.yarn.server.api.records,org.apache.hadoop.yarn.util
org.apache.hadoop.yarn.server.api.records.impl.pb,org.apache.hadoop.yarn.api.records
org.apache.hadoop.yarn.server.api.records.impl.pb,org.apache.hadoop.yarn.api.records.impl.pb
org.apache.hadoop.yarn.server.api.records.impl.pb,org.apache.hadoop.yarn.server.api.records
org.apache.hadoop.yarn.server.applicationhistoryservice,org.apache.hadoop.classification
org.apache.hadoop.yarn.server.applicationhistoryservice,org.apache.hadoop.conf
org.apache.hadoop.yarn.server.applicationhistoryservice,org.apache.hadoop.fs
org.apache.hadoop.yarn.server.applicationhistoryservice,org.apache.hadoop.fs.permission
org.apache.hadoop.yarn.server.applicationhistoryservice,org.apache.hadoop.http
org.apache.hadoop.yarn.server.applicationhistoryservice,org.apache.hadoop.io
org.apache.hadoop.yarn.server.applicationhistoryservice,org.apache.hadoop.io.file.tfile
org.apache.hadoop.yarn.server.applicationhistoryservice,org.apache.hadoop.ipc
org.apache.hadoop.yarn.server.applicationhistoryservice,org.apache.hadoop.metrics2.lib
org.apache.hadoop.yarn.server.applicationhistoryservice,org.apache.hadoop.metrics2.source
org.apache.hadoop.yarn.server.applicationhistoryservice,org.apache.hadoop.security
org.apache.hadoop.yarn.server.applicationhistoryservice,org.apache.hadoop.security.authorize
org.apache.hadoop.yarn.server.applicationhistoryservice,org.apache.hadoop.service
org.apache.hadoop.yarn.server.applicationhistoryservice,org.apache.hadoop.util
org.apache.hadoop.yarn.server.applicationhistoryservice,org.apache.hadoop.yarn
org.apache.hadoop.yarn.server.applicationhistoryservice,org.apache.hadoop.yarn.api
org.apache.hadoop.yarn.server.applicationhistoryservice,org.apache.hadoop.yarn.api.protocolrecords
org.apache.hadoop.yarn.server.applicationhistoryservice,org.apache.hadoop.yarn.api.records
org.apache.hadoop.yarn.server.applicationhistoryservice,org.apache.hadoop.yarn.api.records.timeline
org.apache.hadoop.yarn.server.applicationhistoryservice,org.apache.hadoop.yarn.api.records.timeline.reader
org.apache.hadoop.yarn.server.applicationhistoryservice,org.apache.hadoop.yarn.api.records.timeline.writer
org.apache.hadoop.yarn.server.applicationhistoryservice,org.apache.hadoop.yarn.conf
org.apache.hadoop.yarn.server.applicationhistoryservice,org.apache.hadoop.yarn.exceptions
org.apache.hadoop.yarn.server.applicationhistoryservice,org.apache.hadoop.yarn.ipc
org.apache.hadoop.yarn.server.applicationhistoryservice,org.apache.hadoop.yarn.server.applicationhistoryservice.records
org.apache.hadoop.yarn.server.applicationhistoryservice,org.apache.hadoop.yarn.server.applicationhistoryservice.records.impl.pb
org.apache.hadoop.yarn.server.applicationhistoryservice,org.apache.hadoop.yarn.server.applicationhistoryservice.webapp
org.apache.hadoop.yarn.server.applicationhistoryservice,org.apache.hadoop.yarn.server.metrics
org.apache.hadoop.yarn.server.applicationhistoryservice,org.apache.hadoop.yarn.server.security
org.apache.hadoop.yarn.server.applicationhistoryservice,org.apache.hadoop.yarn.server.timeline
org.apache.hadoop.yarn.server.applicationhistoryservice,org.apache.hadoop.yarn.server.timeline.security
org.apache.hadoop.yarn.server.applicationhistoryservice,org.apache.hadoop.yarn.server.timeline.security.authorize
org.apache.hadoop.yarn.server.applicationhistoryservice,org.apache.hadoop.yarn.server.timeline.webapp
org.apache.hadoop.yarn.server.applicationhistoryservice,org.apache.hadoop.yarn.server.util.timeline
org.apache.hadoop.yarn.server.applicationhistoryservice,org.apache.hadoop.yarn.util
org.apache.hadoop.yarn.server.applicationhistoryservice,org.apache.hadoop.yarn.webapp
org.apache.hadoop.yarn.server.applicationhistoryservice,org.apache.hadoop.yarn.webapp.util
org.apache.hadoop.yarn.server.applicationhistoryservice.records,org.apache.hadoop.yarn.api.records
org.apache.hadoop.yarn.server.applicationhistoryservice.records,org.apache.hadoop.yarn.util
org.apache.hadoop.yarn.server.applicationhistoryservice.records.impl.pb,org.apache.hadoop.yarn.api.records
org.apache.hadoop.yarn.server.applicationhistoryservice.records.impl.pb,org.apache.hadoop.yarn.api.records.impl.pb
org.apache.hadoop.yarn.server.applicationhistoryservice.records.impl.pb,org.apache.hadoop.yarn.server.applicationhistoryservice.records
org.apache.hadoop.yarn.server.applicationhistoryservice.webapp,org.apache.hadoop.classification
org.apache.hadoop.yarn.server.applicationhistoryservice.webapp,org.apache.hadoop.conf
org.apache.hadoop.yarn.server.applicationhistoryservice.webapp,org.apache.hadoop.http
org.apache.hadoop.yarn.server.applicationhistoryservice.webapp,org.apache.hadoop.util
org.apache.hadoop.yarn.server.applicationhistoryservice.webapp,org.apache.hadoop.yarn.api
org.apache.hadoop.yarn.server.applicationhistoryservice.webapp,org.apache.hadoop.yarn.api.records
org.apache.hadoop.yarn.server.applicationhistoryservice.webapp,org.apache.hadoop.yarn.api.records.timeline
org.apache.hadoop.yarn.server.applicationhistoryservice.webapp,org.apache.hadoop.yarn.server.applicationhistoryservice
org.apache.hadoop.yarn.server.applicationhistoryservice.webapp,org.apache.hadoop.yarn.server.timeline
org.apache.hadoop.yarn.server.applicationhistoryservice.webapp,org.apache.hadoop.yarn.server.webapp
org.apache.hadoop.yarn.server.applicationhistoryservice.webapp,org.apache.hadoop.yarn.server.webapp.dao
org.apache.hadoop.yarn.server.applicationhistoryservice.webapp,org.apache.hadoop.yarn.util
org.apache.hadoop.yarn.server.applicationhistoryservice.webapp,org.apache.hadoop.yarn.util.timeline
org.apache.hadoop.yarn.server.applicationhistoryservice.webapp,org.apache.hadoop.yarn.webapp
org.apache.hadoop.yarn.server.applicationhistoryservice.webapp,org.apache.hadoop.yarn.webapp.hamlet2
org.apache.hadoop.yarn.server.applicationhistoryservice.webapp,org.apache.hadoop.yarn.webapp.log
org.apache.hadoop.yarn.server.applicationhistoryservice.webapp,org.apache.hadoop.yarn.webapp.view
org.apache.hadoop.yarn.server.federation.cache,org.apache.hadoop.classification
org.apache.hadoop.yarn.server.federation.cache,org.apache.hadoop.conf
org.apache.hadoop.yarn.server.federation.cache,org.apache.hadoop.yarn.api.records
org.apache.hadoop.yarn.server.federation.cache,org.apache.hadoop.yarn.conf
org.apache.hadoop.yarn.server.federation.cache,org.apache.hadoop.yarn.exceptions
org.apache.hadoop.yarn.server.federation.cache,org.apache.hadoop.yarn.server.federation.store
org.apache.hadoop.yarn.server.federation.cache,org.apache.hadoop.yarn.server.federation.store.records
org.apache.hadoop.yarn.server.federation.failover,org.apache.hadoop.classification
org.apache.hadoop.yarn.server.federation.failover,org.apache.hadoop.conf
org.apache.hadoop.yarn.server.federation.failover,org.apache.hadoop.fs
org.apache.hadoop.yarn.server.federation.failover,org.apache.hadoop.ipc
org.apache.hadoop.yarn.server.federation.failover,org.apache.hadoop.security
org.apache.hadoop.yarn.server.federation.failover,org.apache.hadoop.security.token
org.apache.hadoop.yarn.server.federation.failover,org.apache.hadoop.util
org.apache.hadoop.yarn.server.federation.failover,org.apache.hadoop.yarn.api
org.apache.hadoop.yarn.server.federation.failover,org.apache.hadoop.yarn.client
org.apache.hadoop.yarn.server.federation.failover,org.apache.hadoop.yarn.conf
org.apache.hadoop.yarn.server.federation.failover,org.apache.hadoop.yarn.exceptions
org.apache.hadoop.yarn.server.federation.failover,org.apache.hadoop.yarn.server.api
org.apache.hadoop.yarn.server.federation.failover,org.apache.hadoop.yarn.server.federation.store.records
org.apache.hadoop.yarn.server.federation.failover,org.apache.hadoop.yarn.server.federation.utils
org.apache.hadoop.yarn.server.federation.policies,org.apache.hadoop.classification
org.apache.hadoop.yarn.server.federation.policies,org.apache.hadoop.conf
org.apache.hadoop.yarn.server.federation.policies,org.apache.hadoop.yarn.api.protocolrecords
org.apache.hadoop.yarn.server.federation.policies,org.apache.hadoop.yarn.api.records
org.apache.hadoop.yarn.server.federation.policies,org.apache.hadoop.yarn.conf
org.apache.hadoop.yarn.server.federation.policies,org.apache.hadoop.yarn.exceptions
org.apache.hadoop.yarn.server.federation.policies,org.apache.hadoop.yarn.server.federation.policies.amrmproxy
org.apache.hadoop.yarn.server.federation.policies,org.apache.hadoop.yarn.server.federation.policies.dao
org.apache.hadoop.yarn.server.federation.policies,org.apache.hadoop.yarn.server.federation.policies.exceptions
org.apache.hadoop.yarn.server.federation.policies,org.apache.hadoop.yarn.server.federation.policies.manager
org.apache.hadoop.yarn.server.federation.policies,org.apache.hadoop.yarn.server.federation.policies.router
org.apache.hadoop.yarn.server.federation.policies,org.apache.hadoop.yarn.server.federation.resolver
org.apache.hadoop.yarn.server.federation.policies,org.apache.hadoop.yarn.server.federation.store.records
org.apache.hadoop.yarn.server.federation.policies,org.apache.hadoop.yarn.server.federation.utils
org.apache.hadoop.yarn.server.federation.policies.amrmproxy,org.apache.hadoop.classification
org.apache.hadoop.yarn.server.federation.policies.amrmproxy,org.apache.hadoop.conf
org.apache.hadoop.yarn.server.federation.policies.amrmproxy,org.apache.hadoop.util
org.apache.hadoop.yarn.server.federation.policies.amrmproxy,org.apache.hadoop.yarn.api.protocolrecords
org.apache.hadoop.yarn.server.federation.policies.amrmproxy,org.apache.hadoop.yarn.api.records
org.apache.hadoop.yarn.server.federation.policies.amrmproxy,org.apache.hadoop.yarn.exceptions
org.apache.hadoop.yarn.server.federation.policies.amrmproxy,org.apache.hadoop.yarn.server.federation.policies
org.apache.hadoop.yarn.server.federation.policies.amrmproxy,org.apache.hadoop.yarn.server.federation.policies.dao
org.apache.hadoop.yarn.server.federation.policies.amrmproxy,org.apache.hadoop.yarn.server.federation.policies.exceptions
org.apache.hadoop.yarn.server.federation.policies.amrmproxy,org.apache.hadoop.yarn.server.federation.resolver
org.apache.hadoop.yarn.server.federation.policies.amrmproxy,org.apache.hadoop.yarn.server.federation.store.records
org.apache.hadoop.yarn.server.federation.policies.amrmproxy,org.apache.hadoop.yarn.server.federation.utils
org.apache.hadoop.yarn.server.federation.policies.dao,org.apache.hadoop.classification
org.apache.hadoop.yarn.server.federation.policies.dao,org.apache.hadoop.yarn.server.federation.policies.exceptions
org.apache.hadoop.yarn.server.federation.policies.dao,org.apache.hadoop.yarn.server.federation.store.records
org.apache.hadoop.yarn.server.federation.policies.exceptions,org.apache.hadoop.yarn.exceptions
org.apache.hadoop.yarn.server.federation.policies.manager,org.apache.hadoop.classification
org.apache.hadoop.yarn.server.federation.policies.manager,org.apache.hadoop.yarn.server.federation.policies
org.apache.hadoop.yarn.server.federation.policies.manager,org.apache.hadoop.yarn.server.federation.policies.amrmproxy
org.apache.hadoop.yarn.server.federation.policies.manager,org.apache.hadoop.yarn.server.federation.policies.dao
org.apache.hadoop.yarn.server.federation.policies.manager,org.apache.hadoop.yarn.server.federation.policies.exceptions
org.apache.hadoop.yarn.server.federation.policies.manager,org.apache.hadoop.yarn.server.federation.policies.router
org.apache.hadoop.yarn.server.federation.policies.manager,org.apache.hadoop.yarn.server.federation.store.records
org.apache.hadoop.yarn.server.federation.policies.router,org.apache.hadoop.yarn.api.protocolrecords
org.apache.hadoop.yarn.server.federation.policies.router,org.apache.hadoop.yarn.api.records
org.apache.hadoop.yarn.server.federation.policies.router,org.apache.hadoop.yarn.conf
org.apache.hadoop.yarn.server.federation.policies.router,org.apache.hadoop.yarn.exceptions
org.apache.hadoop.yarn.server.federation.policies.router,org.apache.hadoop.yarn.server.federation.policies
org.apache.hadoop.yarn.server.federation.policies.router,org.apache.hadoop.yarn.server.federation.policies.dao
org.apache.hadoop.yarn.server.federation.policies.router,org.apache.hadoop.yarn.server.federation.policies.exceptions
org.apache.hadoop.yarn.server.federation.policies.router,org.apache.hadoop.yarn.server.federation.resolver
org.apache.hadoop.yarn.server.federation.policies.router,org.apache.hadoop.yarn.server.federation.store.records
org.apache.hadoop.yarn.server.federation.policies.router,org.apache.hadoop.yarn.server.federation.utils
org.apache.hadoop.yarn.server.federation.policies.router,org.apache.hadoop.yarn.util
org.apache.hadoop.yarn.server.federation.resolver,org.apache.hadoop.conf
org.apache.hadoop.yarn.server.federation.resolver,org.apache.hadoop.yarn.conf
org.apache.hadoop.yarn.server.federation.resolver,org.apache.hadoop.yarn.exceptions
org.apache.hadoop.yarn.server.federation.resolver,org.apache.hadoop.yarn.server.federation.store.records
org.apache.hadoop.yarn.server.federation.store,org.apache.hadoop.conf
org.apache.hadoop.yarn.server.federation.store,org.apache.hadoop.yarn.exceptions
org.apache.hadoop.yarn.server.federation.store,org.apache.hadoop.yarn.server.federation.store.exception
org.apache.hadoop.yarn.server.federation.store,org.apache.hadoop.yarn.server.federation.store.records
org.apache.hadoop.yarn.server.federation.store,org.apache.hadoop.yarn.server.records
org.apache.hadoop.yarn.server.federation.store.exception,org.apache.hadoop.yarn.exceptions
org.apache.hadoop.yarn.server.federation.store.impl,org.apache.hadoop.classification
org.apache.hadoop.yarn.server.federation.store.impl,org.apache.hadoop.conf
org.apache.hadoop.yarn.server.federation.store.impl,org.apache.hadoop.metrics2
org.apache.hadoop.yarn.server.federation.store.impl,org.apache.hadoop.metrics2.annotation
org.apache.hadoop.yarn.server.federation.store.impl,org.apache.hadoop.metrics2.lib
org.apache.hadoop.yarn.server.federation.store.impl,org.apache.hadoop.security.token.delegation
org.apache.hadoop.yarn.server.federation.store.impl,org.apache.hadoop.util.curator
org.apache.hadoop.yarn.server.federation.store.impl,org.apache.hadoop.yarn.api.records
org.apache.hadoop.yarn.server.federation.store.impl,org.apache.hadoop.yarn.api.records.impl.pb
org.apache.hadoop.yarn.server.federation.store.impl,org.apache.hadoop.yarn.conf
org.apache.hadoop.yarn.server.federation.store.impl,org.apache.hadoop.yarn.exceptions
org.apache.hadoop.yarn.server.federation.store.impl,org.apache.hadoop.yarn.security.client
org.apache.hadoop.yarn.server.federation.store.impl,org.apache.hadoop.yarn.server.federation.store
org.apache.hadoop.yarn.server.federation.store.impl,org.apache.hadoop.yarn.server.federation.store.exception
org.apache.hadoop.yarn.server.federation.store.impl,org.apache.hadoop.yarn.server.federation.store.metrics
org.apache.hadoop.yarn.server.federation.store.impl,org.apache.hadoop.yarn.server.federation.store.records
org.apache.hadoop.yarn.server.federation.store.impl,org.apache.hadoop.yarn.server.federation.store.records.impl.pb
org.apache.hadoop.yarn.server.federation.store.impl,org.apache.hadoop.yarn.server.federation.store.sql
org.apache.hadoop.yarn.server.federation.store.impl,org.apache.hadoop.yarn.server.federation.store.utils
org.apache.hadoop.yarn.server.federation.store.impl,org.apache.hadoop.yarn.server.records
org.apache.hadoop.yarn.server.federation.store.impl,org.apache.hadoop.yarn.server.records.impl.pb
org.apache.hadoop.yarn.server.federation.store.impl,org.apache.hadoop.yarn.util
org.apache.hadoop.yarn.server.federation.store.metrics,org.apache.hadoop.classification
org.apache.hadoop.yarn.server.federation.store.metrics,org.apache.hadoop.metrics2
org.apache.hadoop.yarn.server.federation.store.metrics,org.apache.hadoop.metrics2.annotation
org.apache.hadoop.yarn.server.federation.store.metrics,org.apache.hadoop.metrics2.lib
org.apache.hadoop.yarn.server.federation.store.metrics,org.apache.hadoop.yarn.server.federation.store
org.apache.hadoop.yarn.server.federation.store.records,org.apache.hadoop.classification
org.apache.hadoop.yarn.server.federation.store.records,org.apache.hadoop.security.token.delegation
org.apache.hadoop.yarn.server.federation.store.records,org.apache.hadoop.yarn.api.records
org.apache.hadoop.yarn.server.federation.store.records,org.apache.hadoop.yarn.security.client
org.apache.hadoop.yarn.server.federation.store.records,org.apache.hadoop.yarn.util
org.apache.hadoop.yarn.server.federation.store.records.impl.pb,org.apache.hadoop.util
org.apache.hadoop.yarn.server.federation.store.records.impl.pb,org.apache.hadoop.yarn.api.records
org.apache.hadoop.yarn.server.federation.store.records.impl.pb,org.apache.hadoop.yarn.api.records.impl.pb
org.apache.hadoop.yarn.server.federation.store.records.impl.pb,org.apache.hadoop.yarn.security.client
org.apache.hadoop.yarn.server.federation.store.records.impl.pb,org.apache.hadoop.yarn.server.federation.store.records
org.apache.hadoop.yarn.server.federation.store.sql,org.apache.hadoop.classification
org.apache.hadoop.yarn.server.federation.store.sql,org.apache.hadoop.security.token.delegation
org.apache.hadoop.yarn.server.federation.store.sql,org.apache.hadoop.util
org.apache.hadoop.yarn.server.federation.store.sql,org.apache.hadoop.yarn.security.client
org.apache.hadoop.yarn.server.federation.store.sql,org.apache.hadoop.yarn.server.federation.store.records
org.apache.hadoop.yarn.server.federation.store.sql,org.apache.hadoop.yarn.server.federation.store.utils
org.apache.hadoop.yarn.server.federation.store.sql,org.apache.hadoop.yarn.util
org.apache.hadoop.yarn.server.federation.store.utils,org.apache.hadoop.io
org.apache.hadoop.yarn.server.federation.store.utils,org.apache.hadoop.security.token.delegation
org.apache.hadoop.yarn.server.federation.store.utils,org.apache.hadoop.yarn.api.records
org.apache.hadoop.yarn.server.federation.store.utils,org.apache.hadoop.yarn.exceptions
org.apache.hadoop.yarn.server.federation.store.utils,org.apache.hadoop.yarn.security.client
org.apache.hadoop.yarn.server.federation.store.utils,org.apache.hadoop.yarn.server.federation.store.exception
org.apache.hadoop.yarn.server.federation.store.utils,org.apache.hadoop.yarn.server.federation.store.metrics
org.apache.hadoop.yarn.server.federation.store.utils,org.apache.hadoop.yarn.server.federation.store.records
org.apache.hadoop.yarn.server.federation.utils,org.apache.hadoop.classification
org.apache.hadoop.yarn.server.federation.utils,org.apache.hadoop.conf
org.apache.hadoop.yarn.server.federation.utils,org.apache.hadoop.io
org.apache.hadoop.yarn.server.federation.utils,org.apache.hadoop.io.retry
org.apache.hadoop.yarn.server.federation.utils,org.apache.hadoop.registry.client.api
org.apache.hadoop.yarn.server.federation.utils,org.apache.hadoop.registry.client.types
org.apache.hadoop.yarn.server.federation.utils,org.apache.hadoop.security
org.apache.hadoop.yarn.server.federation.utils,org.apache.hadoop.security.token
org.apache.hadoop.yarn.server.federation.utils,org.apache.hadoop.security.token.delegation
org.apache.hadoop.yarn.server.federation.utils,org.apache.hadoop.util
org.apache.hadoop.yarn.server.federation.utils,org.apache.hadoop.yarn.api.records
org.apache.hadoop.yarn.server.federation.utils,org.apache.hadoop.yarn.conf
org.apache.hadoop.yarn.server.federation.utils,org.apache.hadoop.yarn.exceptions
org.apache.hadoop.yarn.server.federation.utils,org.apache.hadoop.yarn.security
org.apache.hadoop.yarn.server.federation.utils,org.apache.hadoop.yarn.security.client
org.apache.hadoop.yarn.server.federation.utils,org.apache.hadoop.yarn.server.federation.cache
org.apache.hadoop.yarn.server.federation.utils,org.apache.hadoop.yarn.server.federation.policies
org.apache.hadoop.yarn.server.federation.utils,org.apache.hadoop.yarn.server.federation.policies.exceptions
org.apache.hadoop.yarn.server.federation.utils,org.apache.hadoop.yarn.server.federation.resolver
org.apache.hadoop.yarn.server.federation.utils,org.apache.hadoop.yarn.server.federation.store
org.apache.hadoop.yarn.server.federation.utils,org.apache.hadoop.yarn.server.federation.store.exception
org.apache.hadoop.yarn.server.federation.utils,org.apache.hadoop.yarn.server.federation.store.records
org.apache.hadoop.yarn.server.federation.utils,org.apache.hadoop.yarn.webapp
org.apache.hadoop.yarn.server.globalpolicygenerator,org.apache.hadoop.classification
org.apache.hadoop.yarn.server.globalpolicygenerator,org.apache.hadoop.conf
org.apache.hadoop.yarn.server.globalpolicygenerator,org.apache.hadoop.metrics2.lib
org.apache.hadoop.yarn.server.globalpolicygenerator,org.apache.hadoop.metrics2.source
org.apache.hadoop.yarn.server.globalpolicygenerator,org.apache.hadoop.net
org.apache.hadoop.yarn.server.globalpolicygenerator,org.apache.hadoop.registry.client.api
org.apache.hadoop.yarn.server.globalpolicygenerator,org.apache.hadoop.security
org.apache.hadoop.yarn.server.globalpolicygenerator,org.apache.hadoop.service
org.apache.hadoop.yarn.server.globalpolicygenerator,org.apache.hadoop.util
org.apache.hadoop.yarn.server.globalpolicygenerator,org.apache.hadoop.yarn
org.apache.hadoop.yarn.server.globalpolicygenerator,org.apache.hadoop.yarn.conf
org.apache.hadoop.yarn.server.globalpolicygenerator,org.apache.hadoop.yarn.exceptions
org.apache.hadoop.yarn.server.globalpolicygenerator,org.apache.hadoop.yarn.server.federation.policies
org.apache.hadoop.yarn.server.globalpolicygenerator,org.apache.hadoop.yarn.server.federation.policies.amrmproxy
org.apache.hadoop.yarn.server.globalpolicygenerator,org.apache.hadoop.yarn.server.federation.policies.dao
org.apache.hadoop.yarn.server.globalpolicygenerator,org.apache.hadoop.yarn.server.federation.policies.exceptions
org.apache.hadoop.yarn.server.globalpolicygenerator,org.apache.hadoop.yarn.server.federation.policies.manager
org.apache.hadoop.yarn.server.globalpolicygenerator,org.apache.hadoop.yarn.server.federation.policies.router
org.apache.hadoop.yarn.server.globalpolicygenerator,org.apache.hadoop.yarn.server.federation.store.records
org.apache.hadoop.yarn.server.globalpolicygenerator,org.apache.hadoop.yarn.server.federation.utils
org.apache.hadoop.yarn.server.globalpolicygenerator,org.apache.hadoop.yarn.server.globalpolicygenerator.applicationcleaner
org.apache.hadoop.yarn.server.globalpolicygenerator,org.apache.hadoop.yarn.server.globalpolicygenerator.policygenerator
org.apache.hadoop.yarn.server.globalpolicygenerator,org.apache.hadoop.yarn.server.globalpolicygenerator.subclustercleaner
org.apache.hadoop.yarn.server.globalpolicygenerator,org.apache.hadoop.yarn.server.globalpolicygenerator.webapp
org.apache.hadoop.yarn.server.globalpolicygenerator,org.apache.hadoop.yarn.server.resourcemanager.webapp
org.apache.hadoop.yarn.server.globalpolicygenerator,org.apache.hadoop.yarn.webapp
org.apache.hadoop.yarn.server.globalpolicygenerator,org.apache.hadoop.yarn.webapp.util
org.apache.hadoop.yarn.server.globalpolicygenerator.applicationcleaner,org.apache.hadoop.conf
org.apache.hadoop.yarn.server.globalpolicygenerator.applicationcleaner,org.apache.hadoop.util
org.apache.hadoop.yarn.server.globalpolicygenerator.applicationcleaner,org.apache.hadoop.yarn.api.records
org.apache.hadoop.yarn.server.globalpolicygenerator.applicationcleaner,org.apache.hadoop.yarn.conf
org.apache.hadoop.yarn.server.globalpolicygenerator.applicationcleaner,org.apache.hadoop.yarn.exceptions
org.apache.hadoop.yarn.server.globalpolicygenerator.applicationcleaner,org.apache.hadoop.yarn.server.federation.store.records
org.apache.hadoop.yarn.server.globalpolicygenerator.applicationcleaner,org.apache.hadoop.yarn.server.federation.utils
org.apache.hadoop.yarn.server.globalpolicygenerator.applicationcleaner,org.apache.hadoop.yarn.server.globalpolicygenerator
org.apache.hadoop.yarn.server.globalpolicygenerator.applicationcleaner,org.apache.hadoop.yarn.server.resourcemanager.webapp
org.apache.hadoop.yarn.server.globalpolicygenerator.applicationcleaner,org.apache.hadoop.yarn.server.resourcemanager.webapp.dao
org.apache.hadoop.yarn.server.globalpolicygenerator.applicationcleaner,org.apache.hadoop.yarn.webapp.util
org.apache.hadoop.yarn.server.globalpolicygenerator.policygenerator,org.apache.hadoop.classification
org.apache.hadoop.yarn.server.globalpolicygenerator.policygenerator,org.apache.hadoop.conf
org.apache.hadoop.yarn.server.globalpolicygenerator.policygenerator,org.apache.hadoop.yarn.conf
org.apache.hadoop.yarn.server.globalpolicygenerator.policygenerator,org.apache.hadoop.yarn.exceptions
org.apache.hadoop.yarn.server.globalpolicygenerator.policygenerator,org.apache.hadoop.yarn.server.federation.policies.manager
org.apache.hadoop.yarn.server.globalpolicygenerator.policygenerator,org.apache.hadoop.yarn.server.federation.store.records
org.apache.hadoop.yarn.server.globalpolicygenerator.policygenerator,org.apache.hadoop.yarn.server.federation.utils
org.apache.hadoop.yarn.server.globalpolicygenerator.policygenerator,org.apache.hadoop.yarn.server.globalpolicygenerator
org.apache.hadoop.yarn.server.globalpolicygenerator.policygenerator,org.apache.hadoop.yarn.server.resourcemanager.webapp
org.apache.hadoop.yarn.server.globalpolicygenerator.policygenerator,org.apache.hadoop.yarn.server.resourcemanager.webapp.dao
org.apache.hadoop.yarn.server.globalpolicygenerator.subclustercleaner,org.apache.hadoop.conf
org.apache.hadoop.yarn.server.globalpolicygenerator.subclustercleaner,org.apache.hadoop.yarn.conf
org.apache.hadoop.yarn.server.globalpolicygenerator.subclustercleaner,org.apache.hadoop.yarn.server.federation.store.records
org.apache.hadoop.yarn.server.globalpolicygenerator.subclustercleaner,org.apache.hadoop.yarn.server.globalpolicygenerator
org.apache.hadoop.yarn.server.globalpolicygenerator.webapp,org.apache.hadoop.conf
org.apache.hadoop.yarn.server.globalpolicygenerator.webapp,org.apache.hadoop.http
org.apache.hadoop.yarn.server.globalpolicygenerator.webapp,org.apache.hadoop.util
org.apache.hadoop.yarn.server.globalpolicygenerator.webapp,org.apache.hadoop.yarn.conf
org.apache.hadoop.yarn.server.globalpolicygenerator.webapp,org.apache.hadoop.yarn.server.federation.policies.dao
org.apache.hadoop.yarn.server.globalpolicygenerator.webapp,org.apache.hadoop.yarn.server.federation.policies.exceptions
org.apache.hadoop.yarn.server.globalpolicygenerator.webapp,org.apache.hadoop.yarn.server.federation.store.records
org.apache.hadoop.yarn.server.globalpolicygenerator.webapp,org.apache.hadoop.yarn.server.federation.utils
org.apache.hadoop.yarn.server.globalpolicygenerator.webapp,org.apache.hadoop.yarn.server.globalpolicygenerator
org.apache.hadoop.yarn.server.globalpolicygenerator.webapp,org.apache.hadoop.yarn.server.globalpolicygenerator.webapp.dao
org.apache.hadoop.yarn.server.globalpolicygenerator.webapp,org.apache.hadoop.yarn.server.resourcemanager.webapp
org.apache.hadoop.yarn.server.globalpolicygenerator.webapp,org.apache.hadoop.yarn.util
org.apache.hadoop.yarn.server.globalpolicygenerator.webapp,org.apache.hadoop.yarn.webapp
org.apache.hadoop.yarn.server.globalpolicygenerator.webapp,org.apache.hadoop.yarn.webapp.hamlet2
org.apache.hadoop.yarn.server.globalpolicygenerator.webapp,org.apache.hadoop.yarn.webapp.view
org.apache.hadoop.yarn.server.globalpolicygenerator.webapp.dao,org.apache.hadoop.util
org.apache.hadoop.yarn.server.globalpolicygenerator.webapp.dao,org.apache.hadoop.yarn.server.globalpolicygenerator
org.apache.hadoop.yarn.server.globalpolicygenerator.webapp.dao,org.apache.hadoop.yarn.util
org.apache.hadoop.yarn.server.metrics,org.apache.hadoop.classification
org.apache.hadoop.yarn.server.metrics,org.apache.hadoop.metrics2
org.apache.hadoop.yarn.server.metrics,org.apache.hadoop.metrics2.annotation
org.apache.hadoop.yarn.server.metrics,org.apache.hadoop.metrics2.lib
org.apache.hadoop.yarn.server.metrics,org.apache.hadoop.yarn.api.records
org.apache.hadoop.yarn.server.nodemanager,org.apache.hadoop.classification
org.apache.hadoop.yarn.server.nodemanager,org.apache.hadoop.conf
org.apache.hadoop.yarn.server.nodemanager,org.apache.hadoop.fs
org.apache.hadoop.yarn.server.nodemanager,org.apache.hadoop.fs.permission
org.apache.hadoop.yarn.server.nodemanager,org.apache.hadoop.hdfs.protocol.datatransfer
org.apache.hadoop.yarn.server.nodemanager,org.apache.hadoop.io
org.apache.hadoop.yarn.server.nodemanager,org.apache.hadoop.io.nativeio
org.apache.hadoop.yarn.server.nodemanager,org.apache.hadoop.ipc
org.apache.hadoop.yarn.server.nodemanager,org.apache.hadoop.metrics2.lib
org.apache.hadoop.yarn.server.nodemanager,org.apache.hadoop.metrics2.util
org.apache.hadoop.yarn.server.nodemanager,org.apache.hadoop.net
org.apache.hadoop.yarn.server.nodemanager,org.apache.hadoop.security
org.apache.hadoop.yarn.server.nodemanager,org.apache.hadoop.service
org.apache.hadoop.yarn.server.nodemanager,org.apache.hadoop.util
org.apache.hadoop.yarn.server.nodemanager,org.apache.hadoop.util.concurrent
org.apache.hadoop.yarn.server.nodemanager,org.apache.hadoop.yarn
org.apache.hadoop.yarn.server.nodemanager,org.apache.hadoop.yarn.api
org.apache.hadoop.yarn.server.nodemanager,org.apache.hadoop.yarn.api.protocolrecords
org.apache.hadoop.yarn.server.nodemanager,org.apache.hadoop.yarn.api.records
org.apache.hadoop.yarn.server.nodemanager,org.apache.hadoop.yarn.conf
org.apache.hadoop.yarn.server.nodemanager,org.apache.hadoop.yarn.event
org.apache.hadoop.yarn.server.nodemanager,org.apache.hadoop.yarn.exceptions
org.apache.hadoop.yarn.server.nodemanager,org.apache.hadoop.yarn.factories
org.apache.hadoop.yarn.server.nodemanager,org.apache.hadoop.yarn.factories.impl.pb
org.apache.hadoop.yarn.server.nodemanager,org.apache.hadoop.yarn.factory.providers
org.apache.hadoop.yarn.server.nodemanager,org.apache.hadoop.yarn.metrics
org.apache.hadoop.yarn.server.nodemanager,org.apache.hadoop.yarn.nodelabels
org.apache.hadoop.yarn.server.nodemanager,org.apache.hadoop.yarn.server.api
org.apache.hadoop.yarn.server.nodemanager,org.apache.hadoop.yarn.server.api.protocolrecords
org.apache.hadoop.yarn.server.nodemanager,org.apache.hadoop.yarn.server.api.records
org.apache.hadoop.yarn.server.nodemanager,org.apache.hadoop.yarn.server.nodemanager.api.impl.pb
org.apache.hadoop.yarn.server.nodemanager,org.apache.hadoop.yarn.server.nodemanager.collectormanager
org.apache.hadoop.yarn.server.nodemanager,org.apache.hadoop.yarn.server.nodemanager.containermanager
org.apache.hadoop.yarn.server.nodemanager,org.apache.hadoop.yarn.server.nodemanager.containermanager.application
org.apache.hadoop.yarn.server.nodemanager,org.apache.hadoop.yarn.server.nodemanager.containermanager.container
org.apache.hadoop.yarn.server.nodemanager,org.apache.hadoop.yarn.server.nodemanager.containermanager.deletion.recovery
org.apache.hadoop.yarn.server.nodemanager,org.apache.hadoop.yarn.server.nodemanager.containermanager.deletion.task
org.apache.hadoop.yarn.server.nodemanager,org.apache.hadoop.yarn.server.nodemanager.containermanager.launcher
org.apache.hadoop.yarn.server.nodemanager,org.apache.hadoop.yarn.server.nodemanager.containermanager.linux.privileged
org.apache.hadoop.yarn.server.nodemanager,org.apache.hadoop.yarn.server.nodemanager.containermanager.linux.resources
org.apache.hadoop.yarn.server.nodemanager,org.apache.hadoop.yarn.server.nodemanager.containermanager.linux.resources.numa
org.apache.hadoop.yarn.server.nodemanager,org.apache.hadoop.yarn.server.nodemanager.containermanager.linux.runtime
org.apache.hadoop.yarn.server.nodemanager,org.apache.hadoop.yarn.server.nodemanager.containermanager.linux.runtime.docker
org.apache.hadoop.yarn.server.nodemanager,org.apache.hadoop.yarn.server.nodemanager.containermanager.localizer
org.apache.hadoop.yarn.server.nodemanager,org.apache.hadoop.yarn.server.nodemanager.containermanager.monitor
org.apache.hadoop.yarn.server.nodemanager,org.apache.hadoop.yarn.server.nodemanager.containermanager.resourceplugin
org.apache.hadoop.yarn.server.nodemanager,org.apache.hadoop.yarn.server.nodemanager.containermanager.resourceplugin.gpu
org.apache.hadoop.yarn.server.nodemanager,org.apache.hadoop.yarn.server.nodemanager.containermanager.runtime
org.apache.hadoop.yarn.server.nodemanager,org.apache.hadoop.yarn.server.nodemanager.executor
org.apache.hadoop.yarn.server.nodemanager,org.apache.hadoop.yarn.server.nodemanager.health
org.apache.hadoop.yarn.server.nodemanager,org.apache.hadoop.yarn.server.nodemanager.logaggregation.tracker
org.apache.hadoop.yarn.server.nodemanager,org.apache.hadoop.yarn.server.nodemanager.metrics
org.apache.hadoop.yarn.server.nodemanager,org.apache.hadoop.yarn.server.nodemanager.nodelabels
org.apache.hadoop.yarn.server.nodemanager,org.apache.hadoop.yarn.server.nodemanager.recovery
org.apache.hadoop.yarn.server.nodemanager,org.apache.hadoop.yarn.server.nodemanager.security
org.apache.hadoop.yarn.server.nodemanager,org.apache.hadoop.yarn.server.nodemanager.timelineservice
org.apache.hadoop.yarn.server.nodemanager,org.apache.hadoop.yarn.server.nodemanager.util
org.apache.hadoop.yarn.server.nodemanager,org.apache.hadoop.yarn.server.nodemanager.webapp
org.apache.hadoop.yarn.server.nodemanager,org.apache.hadoop.yarn.server.scheduler
org.apache.hadoop.yarn.server.nodemanager,org.apache.hadoop.yarn.server.security
org.apache.hadoop.yarn.server.nodemanager,org.apache.hadoop.yarn.server.utils
org.apache.hadoop.yarn.server.nodemanager,org.apache.hadoop.yarn.state
org.apache.hadoop.yarn.server.nodemanager,org.apache.hadoop.yarn.util
org.apache.hadoop.yarn.server.nodemanager,org.apache.hadoop.yarn.util.resource
org.apache.hadoop.yarn.server.nodemanager.amrmproxy,org.apache.hadoop.classification
org.apache.hadoop.yarn.server.nodemanager.amrmproxy,org.apache.hadoop.conf
org.apache.hadoop.yarn.server.nodemanager.amrmproxy,org.apache.hadoop.fs
org.apache.hadoop.yarn.server.nodemanager.amrmproxy,org.apache.hadoop.io
org.apache.hadoop.yarn.server.nodemanager.amrmproxy,org.apache.hadoop.ipc
org.apache.hadoop.yarn.server.nodemanager.amrmproxy,org.apache.hadoop.metrics2
org.apache.hadoop.yarn.server.nodemanager.amrmproxy,org.apache.hadoop.metrics2.annotation
org.apache.hadoop.yarn.server.nodemanager.amrmproxy,org.apache.hadoop.metrics2.lib
org.apache.hadoop.yarn.server.nodemanager.amrmproxy,org.apache.hadoop.registry.client.api
org.apache.hadoop.yarn.server.nodemanager.amrmproxy,org.apache.hadoop.security
org.apache.hadoop.yarn.server.nodemanager.amrmproxy,org.apache.hadoop.security.token
org.apache.hadoop.yarn.server.nodemanager.amrmproxy,org.apache.hadoop.service
org.apache.hadoop.yarn.server.nodemanager.amrmproxy,org.apache.hadoop.util
org.apache.hadoop.yarn.server.nodemanager.amrmproxy,org.apache.hadoop.yarn.api
org.apache.hadoop.yarn.server.nodemanager.amrmproxy,org.apache.hadoop.yarn.api.protocolrecords
org.apache.hadoop.yarn.server.nodemanager.amrmproxy,org.apache.hadoop.yarn.api.protocolrecords.impl.pb
org.apache.hadoop.yarn.server.nodemanager.amrmproxy,org.apache.hadoop.yarn.api.records
org.apache.hadoop.yarn.server.nodemanager.amrmproxy,org.apache.hadoop.yarn.client
org.apache.hadoop.yarn.server.nodemanager.amrmproxy,org.apache.hadoop.yarn.conf
org.apache.hadoop.yarn.server.nodemanager.amrmproxy,org.apache.hadoop.yarn.event
org.apache.hadoop.yarn.server.nodemanager.amrmproxy,org.apache.hadoop.yarn.exceptions
org.apache.hadoop.yarn.server.nodemanager.amrmproxy,org.apache.hadoop.yarn.factories
org.apache.hadoop.yarn.server.nodemanager.amrmproxy,org.apache.hadoop.yarn.factory.providers
org.apache.hadoop.yarn.server.nodemanager.amrmproxy,org.apache.hadoop.yarn.ipc
org.apache.hadoop.yarn.server.nodemanager.amrmproxy,org.apache.hadoop.yarn.security
org.apache.hadoop.yarn.server.nodemanager.amrmproxy,org.apache.hadoop.yarn.server
org.apache.hadoop.yarn.server.nodemanager.amrmproxy,org.apache.hadoop.yarn.server.api
org.apache.hadoop.yarn.server.nodemanager.amrmproxy,org.apache.hadoop.yarn.server.api.protocolrecords
org.apache.hadoop.yarn.server.nodemanager.amrmproxy,org.apache.hadoop.yarn.server.api.records
org.apache.hadoop.yarn.server.nodemanager.amrmproxy,org.apache.hadoop.yarn.server.federation.failover
org.apache.hadoop.yarn.server.nodemanager.amrmproxy,org.apache.hadoop.yarn.server.federation.policies
org.apache.hadoop.yarn.server.nodemanager.amrmproxy,org.apache.hadoop.yarn.server.federation.policies.amrmproxy
org.apache.hadoop.yarn.server.nodemanager.amrmproxy,org.apache.hadoop.yarn.server.federation.policies.exceptions
org.apache.hadoop.yarn.server.nodemanager.amrmproxy,org.apache.hadoop.yarn.server.federation.resolver
org.apache.hadoop.yarn.server.nodemanager.amrmproxy,org.apache.hadoop.yarn.server.federation.retry
org.apache.hadoop.yarn.server.nodemanager.amrmproxy,org.apache.hadoop.yarn.server.federation.store.records
org.apache.hadoop.yarn.server.nodemanager.amrmproxy,org.apache.hadoop.yarn.server.federation.utils
org.apache.hadoop.yarn.server.nodemanager.amrmproxy,org.apache.hadoop.yarn.server.nodemanager
org.apache.hadoop.yarn.server.nodemanager.amrmproxy,org.apache.hadoop.yarn.server.nodemanager.containermanager.application
org.apache.hadoop.yarn.server.nodemanager.amrmproxy,org.apache.hadoop.yarn.server.nodemanager.containermanager.container
org.apache.hadoop.yarn.server.nodemanager.amrmproxy,org.apache.hadoop.yarn.server.nodemanager.recovery
org.apache.hadoop.yarn.server.nodemanager.amrmproxy,org.apache.hadoop.yarn.server.nodemanager.scheduler
org.apache.hadoop.yarn.server.nodemanager.amrmproxy,org.apache.hadoop.yarn.server.security
org.apache.hadoop.yarn.server.nodemanager.amrmproxy,org.apache.hadoop.yarn.server.uam
org.apache.hadoop.yarn.server.nodemanager.amrmproxy,org.apache.hadoop.yarn.server.utils
org.apache.hadoop.yarn.server.nodemanager.amrmproxy,org.apache.hadoop.yarn.util
org.apache.hadoop.yarn.server.nodemanager.amrmproxy,org.apache.hadoop.yarn.util.resource
org.apache.hadoop.yarn.server.nodemanager.api,org.apache.hadoop.classification
org.apache.hadoop.yarn.server.nodemanager.api,org.apache.hadoop.ipc
org.apache.hadoop.yarn.server.nodemanager.api,org.apache.hadoop.yarn.api.records
org.apache.hadoop.yarn.server.nodemanager.api,org.apache.hadoop.yarn.exceptions
org.apache.hadoop.yarn.server.nodemanager.api,org.apache.hadoop.yarn.server.nodemanager.api.protocolrecords
org.apache.hadoop.yarn.server.nodemanager.api.impl.pb,org.apache.hadoop.classification
org.apache.hadoop.yarn.server.nodemanager.api.impl.pb,org.apache.hadoop.fs
org.apache.hadoop.yarn.server.nodemanager.api.impl.pb,org.apache.hadoop.yarn.api.records
org.apache.hadoop.yarn.server.nodemanager.api.impl.pb,org.apache.hadoop.yarn.api.records.impl.pb
org.apache.hadoop.yarn.server.nodemanager.api.impl.pb,org.apache.hadoop.yarn.server.nodemanager
org.apache.hadoop.yarn.server.nodemanager.api.impl.pb,org.apache.hadoop.yarn.server.nodemanager.api
org.apache.hadoop.yarn.server.nodemanager.api.impl.pb,org.apache.hadoop.yarn.server.nodemanager.containermanager.deletion.recovery
org.apache.hadoop.yarn.server.nodemanager.api.impl.pb,org.apache.hadoop.yarn.server.nodemanager.containermanager.deletion.task
org.apache.hadoop.yarn.server.nodemanager.api.impl.pb.client,org.apache.hadoop.conf
org.apache.hadoop.yarn.server.nodemanager.api.impl.pb.client,org.apache.hadoop.ipc
org.apache.hadoop.yarn.server.nodemanager.api.impl.pb.client,org.apache.hadoop.yarn.exceptions
org.apache.hadoop.yarn.server.nodemanager.api.impl.pb.client,org.apache.hadoop.yarn.ipc
org.apache.hadoop.yarn.server.nodemanager.api.impl.pb.client,org.apache.hadoop.yarn.server.nodemanager.api
org.apache.hadoop.yarn.server.nodemanager.api.impl.pb.client,org.apache.hadoop.yarn.server.nodemanager.api.protocolrecords
org.apache.hadoop.yarn.server.nodemanager.api.impl.pb.client,org.apache.hadoop.yarn.server.nodemanager.api.protocolrecords.impl.pb
org.apache.hadoop.yarn.server.nodemanager.api.impl.pb.service,org.apache.hadoop.yarn.exceptions
org.apache.hadoop.yarn.server.nodemanager.api.impl.pb.service,org.apache.hadoop.yarn.server.nodemanager.api
org.apache.hadoop.yarn.server.nodemanager.api.impl.pb.service,org.apache.hadoop.yarn.server.nodemanager.api.protocolrecords
org.apache.hadoop.yarn.server.nodemanager.api.impl.pb.service,org.apache.hadoop.yarn.server.nodemanager.api.protocolrecords.impl.pb
org.apache.hadoop.yarn.server.nodemanager.api.protocolrecords,org.apache.hadoop.yarn.api.records
org.apache.hadoop.yarn.server.nodemanager.api.protocolrecords.impl.pb,org.apache.hadoop.yarn.api.records
org.apache.hadoop.yarn.server.nodemanager.api.protocolrecords.impl.pb,org.apache.hadoop.yarn.api.records.impl.pb
org.apache.hadoop.yarn.server.nodemanager.api.protocolrecords.impl.pb,org.apache.hadoop.yarn.server.nodemanager.api
org.apache.hadoop.yarn.server.nodemanager.api.protocolrecords.impl.pb,org.apache.hadoop.yarn.server.nodemanager.api.impl.pb
org.apache.hadoop.yarn.server.nodemanager.api.protocolrecords.impl.pb,org.apache.hadoop.yarn.server.nodemanager.api.protocolrecords
org.apache.hadoop.yarn.server.nodemanager.collectormanager,org.apache.hadoop.classification
org.apache.hadoop.yarn.server.nodemanager.collectormanager,org.apache.hadoop.conf
org.apache.hadoop.yarn.server.nodemanager.collectormanager,org.apache.hadoop.fs
org.apache.hadoop.yarn.server.nodemanager.collectormanager,org.apache.hadoop.ipc
org.apache.hadoop.yarn.server.nodemanager.collectormanager,org.apache.hadoop.service
org.apache.hadoop.yarn.server.nodemanager.collectormanager,org.apache.hadoop.yarn.api.records
org.apache.hadoop.yarn.server.nodemanager.collectormanager,org.apache.hadoop.yarn.conf
org.apache.hadoop.yarn.server.nodemanager.collectormanager,org.apache.hadoop.yarn.exceptions
org.apache.hadoop.yarn.server.nodemanager.collectormanager,org.apache.hadoop.yarn.ipc
org.apache.hadoop.yarn.server.nodemanager.collectormanager,org.apache.hadoop.yarn.server.api
org.apache.hadoop.yarn.server.nodemanager.collectormanager,org.apache.hadoop.yarn.server.api.protocolrecords
org.apache.hadoop.yarn.server.nodemanager.collectormanager,org.apache.hadoop.yarn.server.api.records
org.apache.hadoop.yarn.server.nodemanager.collectormanager,org.apache.hadoop.yarn.server.nodemanager
org.apache.hadoop.yarn.server.nodemanager.collectormanager,org.apache.hadoop.yarn.server.nodemanager.containermanager.application
org.apache.hadoop.yarn.server.nodemanager.collectormanager,org.apache.hadoop.yarn.server.nodemanager.security.authorize
org.apache.hadoop.yarn.server.nodemanager.collectormanager,org.apache.hadoop.yarn.server.nodemanager.timelineservice
org.apache.hadoop.yarn.server.nodemanager.containermanager,org.apache.hadoop.classification
org.apache.hadoop.yarn.server.nodemanager.containermanager,org.apache.hadoop.conf
org.apache.hadoop.yarn.server.nodemanager.containermanager,org.apache.hadoop.fs
org.apache.hadoop.yarn.server.nodemanager.containermanager,org.apache.hadoop.fs.permission
org.apache.hadoop.yarn.server.nodemanager.containermanager,org.apache.hadoop.io
org.apache.hadoop.yarn.server.nodemanager.containermanager,org.apache.hadoop.ipc
org.apache.hadoop.yarn.server.nodemanager.containermanager,org.apache.hadoop.net
org.apache.hadoop.yarn.server.nodemanager.containermanager,org.apache.hadoop.security
org.apache.hadoop.yarn.server.nodemanager.containermanager,org.apache.hadoop.security.authorize
org.apache.hadoop.yarn.server.nodemanager.containermanager,org.apache.hadoop.security.token
org.apache.hadoop.yarn.server.nodemanager.containermanager,org.apache.hadoop.service
org.apache.hadoop.yarn.server.nodemanager.containermanager,org.apache.hadoop.util
org.apache.hadoop.yarn.server.nodemanager.containermanager,org.apache.hadoop.yarn.api
org.apache.hadoop.yarn.server.nodemanager.containermanager,org.apache.hadoop.yarn.api.protocolrecords
org.apache.hadoop.yarn.server.nodemanager.containermanager,org.apache.hadoop.yarn.api.protocolrecords.impl.pb
org.apache.hadoop.yarn.server.nodemanager.containermanager,org.apache.hadoop.yarn.api.records
org.apache.hadoop.yarn.server.nodemanager.containermanager,org.apache.hadoop.yarn.api.records.impl.pb
org.apache.hadoop.yarn.server.nodemanager.containermanager,org.apache.hadoop.yarn.conf
org.apache.hadoop.yarn.server.nodemanager.containermanager,org.apache.hadoop.yarn.event
org.apache.hadoop.yarn.server.nodemanager.containermanager,org.apache.hadoop.yarn.exceptions
org.apache.hadoop.yarn.server.nodemanager.containermanager,org.apache.hadoop.yarn.ipc
org.apache.hadoop.yarn.server.nodemanager.containermanager,org.apache.hadoop.yarn.metrics
org.apache.hadoop.yarn.server.nodemanager.containermanager,org.apache.hadoop.yarn.security
org.apache.hadoop.yarn.server.nodemanager.containermanager,org.apache.hadoop.yarn.server.api
org.apache.hadoop.yarn.server.nodemanager.containermanager,org.apache.hadoop.yarn.server.api.records
org.apache.hadoop.yarn.server.nodemanager.containermanager,org.apache.hadoop.yarn.server.nodemanager
org.apache.hadoop.yarn.server.nodemanager.containermanager,org.apache.hadoop.yarn.server.nodemanager.amrmproxy
org.apache.hadoop.yarn.server.nodemanager.containermanager,org.apache.hadoop.yarn.server.nodemanager.containermanager.application
org.apache.hadoop.yarn.server.nodemanager.containermanager,org.apache.hadoop.yarn.server.nodemanager.containermanager.container
org.apache.hadoop.yarn.server.nodemanager.containermanager,org.apache.hadoop.yarn.server.nodemanager.containermanager.deletion.task
org.apache.hadoop.yarn.server.nodemanager.containermanager,org.apache.hadoop.yarn.server.nodemanager.containermanager.launcher
org.apache.hadoop.yarn.server.nodemanager.containermanager,org.apache.hadoop.yarn.server.nodemanager.containermanager.localizer
org.apache.hadoop.yarn.server.nodemanager.containermanager,org.apache.hadoop.yarn.server.nodemanager.containermanager.localizer.event
org.apache.hadoop.yarn.server.nodemanager.containermanager,org.apache.hadoop.yarn.server.nodemanager.containermanager.localizer.sharedcache
org.apache.hadoop.yarn.server.nodemanager.containermanager,org.apache.hadoop.yarn.server.nodemanager.containermanager.logaggregation
org.apache.hadoop.yarn.server.nodemanager.containermanager,org.apache.hadoop.yarn.server.nodemanager.containermanager.loghandler
org.apache.hadoop.yarn.server.nodemanager.containermanager,org.apache.hadoop.yarn.server.nodemanager.containermanager.loghandler.event
org.apache.hadoop.yarn.server.nodemanager.containermanager,org.apache.hadoop.yarn.server.nodemanager.containermanager.monitor
org.apache.hadoop.yarn.server.nodemanager.containermanager,org.apache.hadoop.yarn.server.nodemanager.containermanager.records
org.apache.hadoop.yarn.server.nodemanager.containermanager,org.apache.hadoop.yarn.server.nodemanager.containermanager.scheduler
org.apache.hadoop.yarn.server.nodemanager.containermanager,org.apache.hadoop.yarn.server.nodemanager.metrics
org.apache.hadoop.yarn.server.nodemanager.containermanager,org.apache.hadoop.yarn.server.nodemanager.recovery
org.apache.hadoop.yarn.server.nodemanager.containermanager,org.apache.hadoop.yarn.server.nodemanager.security.authorize
org.apache.hadoop.yarn.server.nodemanager.containermanager,org.apache.hadoop.yarn.server.nodemanager.timelineservice
org.apache.hadoop.yarn.server.nodemanager.containermanager,org.apache.hadoop.yarn.server.utils
org.apache.hadoop.yarn.server.nodemanager.containermanager,org.apache.hadoop.yarn.util
org.apache.hadoop.yarn.server.nodemanager.containermanager,org.apache.hadoop.yarn.util.resource
org.apache.hadoop.yarn.server.nodemanager.containermanager,org.apache.hadoop.yarn.util.timeline
org.apache.hadoop.yarn.server.nodemanager.containermanager.application,org.apache.hadoop.classification
org.apache.hadoop.yarn.server.nodemanager.containermanager.application,org.apache.hadoop.conf
org.apache.hadoop.yarn.server.nodemanager.containermanager.application,org.apache.hadoop.io
org.apache.hadoop.yarn.server.nodemanager.containermanager.application,org.apache.hadoop.security
org.apache.hadoop.yarn.server.nodemanager.containermanager.application,org.apache.hadoop.yarn.api.records
org.apache.hadoop.yarn.server.nodemanager.containermanager.application,org.apache.hadoop.yarn.api.records.impl.pb
org.apache.hadoop.yarn.server.nodemanager.containermanager.application,org.apache.hadoop.yarn.conf
org.apache.hadoop.yarn.server.nodemanager.containermanager.application,org.apache.hadoop.yarn.event
org.apache.hadoop.yarn.server.nodemanager.containermanager.application,org.apache.hadoop.yarn.server.api.records
org.apache.hadoop.yarn.server.nodemanager.containermanager.application,org.apache.hadoop.yarn.server.nodemanager
org.apache.hadoop.yarn.server.nodemanager.containermanager.application,org.apache.hadoop.yarn.server.nodemanager.containermanager
org.apache.hadoop.yarn.server.nodemanager.containermanager.application,org.apache.hadoop.yarn.server.nodemanager.containermanager.container
org.apache.hadoop.yarn.server.nodemanager.containermanager.application,org.apache.hadoop.yarn.server.nodemanager.containermanager.localizer
org.apache.hadoop.yarn.server.nodemanager.containermanager.application,org.apache.hadoop.yarn.server.nodemanager.containermanager.localizer.event
org.apache.hadoop.yarn.server.nodemanager.containermanager.application,org.apache.hadoop.yarn.server.nodemanager.containermanager.logaggregation
org.apache.hadoop.yarn.server.nodemanager.containermanager.application,org.apache.hadoop.yarn.server.nodemanager.containermanager.loghandler.event
org.apache.hadoop.yarn.server.nodemanager.containermanager.application,org.apache.hadoop.yarn.server.nodemanager.recovery
org.apache.hadoop.yarn.server.nodemanager.containermanager.application,org.apache.hadoop.yarn.server.nodemanager.timelineservice
org.apache.hadoop.yarn.server.nodemanager.containermanager.application,org.apache.hadoop.yarn.server.security
org.apache.hadoop.yarn.server.nodemanager.containermanager.application,org.apache.hadoop.yarn.state
org.apache.hadoop.yarn.server.nodemanager.containermanager.container,org.apache.hadoop.classification
org.apache.hadoop.yarn.server.nodemanager.containermanager.container,org.apache.hadoop.conf
org.apache.hadoop.yarn.server.nodemanager.containermanager.container,org.apache.hadoop.fs
org.apache.hadoop.yarn.server.nodemanager.containermanager.container,org.apache.hadoop.security
org.apache.hadoop.yarn.server.nodemanager.containermanager.container,org.apache.hadoop.util
org.apache.hadoop.yarn.server.nodemanager.containermanager.container,org.apache.hadoop.yarn.api.records
org.apache.hadoop.yarn.server.nodemanager.containermanager.container,org.apache.hadoop.yarn.conf
org.apache.hadoop.yarn.server.nodemanager.containermanager.container,org.apache.hadoop.yarn.event
org.apache.hadoop.yarn.server.nodemanager.containermanager.container,org.apache.hadoop.yarn.security
org.apache.hadoop.yarn.server.nodemanager.containermanager.container,org.apache.hadoop.yarn.server.api.protocolrecords
org.apache.hadoop.yarn.server.nodemanager.containermanager.container,org.apache.hadoop.yarn.server.nodemanager
org.apache.hadoop.yarn.server.nodemanager.containermanager.container,org.apache.hadoop.yarn.server.nodemanager.containermanager
org.apache.hadoop.yarn.server.nodemanager.containermanager.container,org.apache.hadoop.yarn.server.nodemanager.containermanager.application
org.apache.hadoop.yarn.server.nodemanager.containermanager.container,org.apache.hadoop.yarn.server.nodemanager.containermanager.launcher
org.apache.hadoop.yarn.server.nodemanager.containermanager.container,org.apache.hadoop.yarn.server.nodemanager.containermanager.localizer
org.apache.hadoop.yarn.server.nodemanager.containermanager.container,org.apache.hadoop.yarn.server.nodemanager.containermanager.localizer.event
org.apache.hadoop.yarn.server.nodemanager.containermanager.container,org.apache.hadoop.yarn.server.nodemanager.containermanager.localizer.sharedcache
org.apache.hadoop.yarn.server.nodemanager.containermanager.container,org.apache.hadoop.yarn.server.nodemanager.containermanager.loghandler.event
org.apache.hadoop.yarn.server.nodemanager.containermanager.container,org.apache.hadoop.yarn.server.nodemanager.containermanager.monitor
org.apache.hadoop.yarn.server.nodemanager.containermanager.container,org.apache.hadoop.yarn.server.nodemanager.containermanager.runtime
org.apache.hadoop.yarn.server.nodemanager.containermanager.container,org.apache.hadoop.yarn.server.nodemanager.containermanager.scheduler
org.apache.hadoop.yarn.server.nodemanager.containermanager.container,org.apache.hadoop.yarn.server.nodemanager.metrics
org.apache.hadoop.yarn.server.nodemanager.containermanager.container,org.apache.hadoop.yarn.server.nodemanager.recovery
org.apache.hadoop.yarn.server.nodemanager.containermanager.container,org.apache.hadoop.yarn.server.nodemanager.timelineservice
org.apache.hadoop.yarn.server.nodemanager.containermanager.container,org.apache.hadoop.yarn.server.utils
org.apache.hadoop.yarn.server.nodemanager.containermanager.container,org.apache.hadoop.yarn.state
org.apache.hadoop.yarn.server.nodemanager.containermanager.container,org.apache.hadoop.yarn.util
org.apache.hadoop.yarn.server.nodemanager.containermanager.container,org.apache.hadoop.yarn.util.resource
org.apache.hadoop.yarn.server.nodemanager.containermanager.deletion.recovery,org.apache.hadoop.classification
org.apache.hadoop.yarn.server.nodemanager.containermanager.deletion.recovery,org.apache.hadoop.yarn.server.nodemanager.containermanager.deletion.task
org.apache.hadoop.yarn.server.nodemanager.containermanager.deletion.task,org.apache.hadoop.classification
org.apache.hadoop.yarn.server.nodemanager.containermanager.deletion.task,org.apache.hadoop.fs
org.apache.hadoop.yarn.server.nodemanager.containermanager.deletion.task,org.apache.hadoop.yarn.server.nodemanager
org.apache.hadoop.yarn.server.nodemanager.containermanager.deletion.task,org.apache.hadoop.yarn.server.nodemanager.executor
org.apache.hadoop.yarn.server.nodemanager.containermanager.deletion.task,org.apache.hadoop.yarn.server.nodemanager.recovery
org.apache.hadoop.yarn.server.nodemanager.containermanager.launcher,org.apache.hadoop.classification
org.apache.hadoop.yarn.server.nodemanager.containermanager.launcher,org.apache.hadoop.conf
org.apache.hadoop.yarn.server.nodemanager.containermanager.launcher,org.apache.hadoop.fs
org.apache.hadoop.yarn.server.nodemanager.containermanager.launcher,org.apache.hadoop.io
org.apache.hadoop.yarn.server.nodemanager.containermanager.launcher,org.apache.hadoop.security
org.apache.hadoop.yarn.server.nodemanager.containermanager.launcher,org.apache.hadoop.service
org.apache.hadoop.yarn.server.nodemanager.containermanager.launcher,org.apache.hadoop.util
org.apache.hadoop.yarn.server.nodemanager.containermanager.launcher,org.apache.hadoop.util.concurrent
org.apache.hadoop.yarn.server.nodemanager.containermanager.launcher,org.apache.hadoop.yarn.api
org.apache.hadoop.yarn.server.nodemanager.containermanager.launcher,org.apache.hadoop.yarn.api.records
org.apache.hadoop.yarn.server.nodemanager.containermanager.launcher,org.apache.hadoop.yarn.conf
org.apache.hadoop.yarn.server.nodemanager.containermanager.launcher,org.apache.hadoop.yarn.event
org.apache.hadoop.yarn.server.nodemanager.containermanager.launcher,org.apache.hadoop.yarn.exceptions
org.apache.hadoop.yarn.server.nodemanager.containermanager.launcher,org.apache.hadoop.yarn.ipc
org.apache.hadoop.yarn.server.nodemanager.containermanager.launcher,org.apache.hadoop.yarn.server.nodemanager
org.apache.hadoop.yarn.server.nodemanager.containermanager.launcher,org.apache.hadoop.yarn.server.nodemanager.containermanager
org.apache.hadoop.yarn.server.nodemanager.containermanager.launcher,org.apache.hadoop.yarn.server.nodemanager.containermanager.application
org.apache.hadoop.yarn.server.nodemanager.containermanager.launcher,org.apache.hadoop.yarn.server.nodemanager.containermanager.container
org.apache.hadoop.yarn.server.nodemanager.containermanager.launcher,org.apache.hadoop.yarn.server.nodemanager.containermanager.deletion.task
org.apache.hadoop.yarn.server.nodemanager.containermanager.launcher,org.apache.hadoop.yarn.server.nodemanager.containermanager.linux.runtime
org.apache.hadoop.yarn.server.nodemanager.containermanager.launcher,org.apache.hadoop.yarn.server.nodemanager.containermanager.localizer
org.apache.hadoop.yarn.server.nodemanager.containermanager.launcher,org.apache.hadoop.yarn.server.nodemanager.executor
org.apache.hadoop.yarn.server.nodemanager.containermanager.launcher,org.apache.hadoop.yarn.server.nodemanager.util
org.apache.hadoop.yarn.server.nodemanager.containermanager.launcher,org.apache.hadoop.yarn.server.security
org.apache.hadoop.yarn.server.nodemanager.containermanager.launcher,org.apache.hadoop.yarn.util
org.apache.hadoop.yarn.server.nodemanager.containermanager.linux.privileged,org.apache.hadoop.classification
org.apache.hadoop.yarn.server.nodemanager.containermanager.linux.privileged,org.apache.hadoop.conf
org.apache.hadoop.yarn.server.nodemanager.containermanager.linux.privileged,org.apache.hadoop.hdfs.protocol.datatransfer
org.apache.hadoop.yarn.server.nodemanager.containermanager.linux.privileged,org.apache.hadoop.yarn.api
org.apache.hadoop.yarn.server.nodemanager.containermanager.linux.privileged,org.apache.hadoop.yarn.conf
org.apache.hadoop.yarn.server.nodemanager.containermanager.linux.privileged,org.apache.hadoop.yarn.exceptions
org.apache.hadoop.yarn.server.nodemanager.containermanager.linux.resources,org.apache.hadoop.classification
org.apache.hadoop.yarn.server.nodemanager.containermanager.linux.resources,org.apache.hadoop.conf
org.apache.hadoop.yarn.server.nodemanager.containermanager.linux.resources,org.apache.hadoop.fs
org.apache.hadoop.yarn.server.nodemanager.containermanager.linux.resources,org.apache.hadoop.io
org.apache.hadoop.yarn.server.nodemanager.containermanager.linux.resources,org.apache.hadoop.security
org.apache.hadoop.yarn.server.nodemanager.containermanager.linux.resources,org.apache.hadoop.util
org.apache.hadoop.yarn.server.nodemanager.containermanager.linux.resources,org.apache.hadoop.yarn.api
org.apache.hadoop.yarn.server.nodemanager.containermanager.linux.resources,org.apache.hadoop.yarn.api.records
org.apache.hadoop.yarn.server.nodemanager.containermanager.linux.resources,org.apache.hadoop.yarn.conf
org.apache.hadoop.yarn.server.nodemanager.containermanager.linux.resources,org.apache.hadoop.yarn.exceptions
org.apache.hadoop.yarn.server.nodemanager.containermanager.linux.resources,org.apache.hadoop.yarn.security
org.apache.hadoop.yarn.server.nodemanager.containermanager.linux.resources,org.apache.hadoop.yarn.server.nodemanager
org.apache.hadoop.yarn.server.nodemanager.containermanager.linux.resources,org.apache.hadoop.yarn.server.nodemanager.containermanager.container
org.apache.hadoop.yarn.server.nodemanager.containermanager.linux.resources,org.apache.hadoop.yarn.server.nodemanager.containermanager.linux.privileged
org.apache.hadoop.yarn.server.nodemanager.containermanager.linux.resources,org.apache.hadoop.yarn.server.nodemanager.containermanager.linux.resources.numa
org.apache.hadoop.yarn.server.nodemanager.containermanager.linux.resources,org.apache.hadoop.yarn.server.nodemanager.containermanager.resourceplugin
org.apache.hadoop.yarn.server.nodemanager.containermanager.linux.resources,org.apache.hadoop.yarn.server.nodemanager.executor
org.apache.hadoop.yarn.server.nodemanager.containermanager.linux.resources,org.apache.hadoop.yarn.server.nodemanager.util
org.apache.hadoop.yarn.server.nodemanager.containermanager.linux.resources,org.apache.hadoop.yarn.util
org.apache.hadoop.yarn.server.nodemanager.containermanager.linux.resources.fpga,org.apache.hadoop.classification
org.apache.hadoop.yarn.server.nodemanager.containermanager.linux.resources.fpga,org.apache.hadoop.conf
org.apache.hadoop.yarn.server.nodemanager.containermanager.linux.resources.fpga,org.apache.hadoop.util
org.apache.hadoop.yarn.server.nodemanager.containermanager.linux.resources.fpga,org.apache.hadoop.yarn.api.records
org.apache.hadoop.yarn.server.nodemanager.containermanager.linux.resources.fpga,org.apache.hadoop.yarn.server.nodemanager
org.apache.hadoop.yarn.server.nodemanager.containermanager.linux.resources.fpga,org.apache.hadoop.yarn.server.nodemanager.containermanager.container
org.apache.hadoop.yarn.server.nodemanager.containermanager.linux.resources.fpga,org.apache.hadoop.yarn.server.nodemanager.containermanager.linux.privileged
org.apache.hadoop.yarn.server.nodemanager.containermanager.linux.resources.fpga,org.apache.hadoop.yarn.server.nodemanager.containermanager.linux.resources
org.apache.hadoop.yarn.server.nodemanager.containermanager.linux.resources.fpga,org.apache.hadoop.yarn.server.nodemanager.containermanager.resourceplugin.fpga
org.apache.hadoop.yarn.server.nodemanager.containermanager.linux.resources.gpu,org.apache.hadoop.classification
org.apache.hadoop.yarn.server.nodemanager.containermanager.linux.resources.gpu,org.apache.hadoop.conf
org.apache.hadoop.yarn.server.nodemanager.containermanager.linux.resources.gpu,org.apache.hadoop.util
org.apache.hadoop.yarn.server.nodemanager.containermanager.linux.resources.gpu,org.apache.hadoop.yarn.api.records
org.apache.hadoop.yarn.server.nodemanager.containermanager.linux.resources.gpu,org.apache.hadoop.yarn.exceptions
org.apache.hadoop.yarn.server.nodemanager.containermanager.linux.resources.gpu,org.apache.hadoop.yarn.server.nodemanager
org.apache.hadoop.yarn.server.nodemanager.containermanager.linux.resources.gpu,org.apache.hadoop.yarn.server.nodemanager.containermanager.container
org.apache.hadoop.yarn.server.nodemanager.containermanager.linux.resources.gpu,org.apache.hadoop.yarn.server.nodemanager.containermanager.linux.privileged
org.apache.hadoop.yarn.server.nodemanager.containermanager.linux.resources.gpu,org.apache.hadoop.yarn.server.nodemanager.containermanager.linux.resources
org.apache.hadoop.yarn.server.nodemanager.containermanager.linux.resources.gpu,org.apache.hadoop.yarn.server.nodemanager.containermanager.linux.runtime
org.apache.hadoop.yarn.server.nodemanager.containermanager.linux.resources.gpu,org.apache.hadoop.yarn.server.nodemanager.containermanager.resourceplugin.gpu
org.apache.hadoop.yarn.server.nodemanager.containermanager.linux.resources.numa,org.apache.hadoop.classification
org.apache.hadoop.yarn.server.nodemanager.containermanager.linux.resources.numa,org.apache.hadoop.conf
org.apache.hadoop.yarn.server.nodemanager.containermanager.linux.resources.numa,org.apache.hadoop.util
org.apache.hadoop.yarn.server.nodemanager.containermanager.linux.resources.numa,org.apache.hadoop.yarn.api.records
org.apache.hadoop.yarn.server.nodemanager.containermanager.linux.resources.numa,org.apache.hadoop.yarn.conf
org.apache.hadoop.yarn.server.nodemanager.containermanager.linux.resources.numa,org.apache.hadoop.yarn.exceptions
org.apache.hadoop.yarn.server.nodemanager.containermanager.linux.resources.numa,org.apache.hadoop.yarn.server.nodemanager
org.apache.hadoop.yarn.server.nodemanager.containermanager.linux.resources.numa,org.apache.hadoop.yarn.server.nodemanager.containermanager.container
org.apache.hadoop.yarn.server.nodemanager.containermanager.linux.resources.numa,org.apache.hadoop.yarn.server.nodemanager.containermanager.linux.privileged
org.apache.hadoop.yarn.server.nodemanager.containermanager.linux.resources.numa,org.apache.hadoop.yarn.server.nodemanager.containermanager.linux.resources
org.apache.hadoop.yarn.server.nodemanager.containermanager.linux.runtime,org.apache.hadoop.classification
org.apache.hadoop.yarn.server.nodemanager.containermanager.linux.runtime,org.apache.hadoop.conf
org.apache.hadoop.yarn.server.nodemanager.containermanager.linux.runtime,org.apache.hadoop.fs
org.apache.hadoop.yarn.server.nodemanager.containermanager.linux.runtime,org.apache.hadoop.hdfs.protocol.datatransfer
org.apache.hadoop.yarn.server.nodemanager.containermanager.linux.runtime,org.apache.hadoop.registry.client.api
org.apache.hadoop.yarn.server.nodemanager.containermanager.linux.runtime,org.apache.hadoop.registry.client.binding
org.apache.hadoop.yarn.server.nodemanager.containermanager.linux.runtime,org.apache.hadoop.security
org.apache.hadoop.yarn.server.nodemanager.containermanager.linux.runtime,org.apache.hadoop.security.authorize
org.apache.hadoop.yarn.server.nodemanager.containermanager.linux.runtime,org.apache.hadoop.util
org.apache.hadoop.yarn.server.nodemanager.containermanager.linux.runtime,org.apache.hadoop.util.concurrent
org.apache.hadoop.yarn.server.nodemanager.containermanager.linux.runtime,org.apache.hadoop.yarn.api
org.apache.hadoop.yarn.server.nodemanager.containermanager.linux.runtime,org.apache.hadoop.yarn.api.impl.pb.client
org.apache.hadoop.yarn.server.nodemanager.containermanager.linux.runtime,org.apache.hadoop.yarn.api.records
org.apache.hadoop.yarn.server.nodemanager.containermanager.linux.runtime,org.apache.hadoop.yarn.conf
org.apache.hadoop.yarn.server.nodemanager.containermanager.linux.runtime,org.apache.hadoop.yarn.exceptions
org.apache.hadoop.yarn.server.nodemanager.containermanager.linux.runtime,org.apache.hadoop.yarn.server.nodemanager
org.apache.hadoop.yarn.server.nodemanager.containermanager.linux.runtime,org.apache.hadoop.yarn.server.nodemanager.containermanager.container
org.apache.hadoop.yarn.server.nodemanager.containermanager.linux.runtime,org.apache.hadoop.yarn.server.nodemanager.containermanager.launcher
org.apache.hadoop.yarn.server.nodemanager.containermanager.linux.runtime,org.apache.hadoop.yarn.server.nodemanager.containermanager.linux.privileged
org.apache.hadoop.yarn.server.nodemanager.containermanager.linux.runtime,org.apache.hadoop.yarn.server.nodemanager.containermanager.linux.resources
org.apache.hadoop.yarn.server.nodemanager.containermanager.linux.runtime,org.apache.hadoop.yarn.server.nodemanager.containermanager.linux.runtime.docker
org.apache.hadoop.yarn.server.nodemanager.containermanager.linux.runtime,org.apache.hadoop.yarn.server.nodemanager.containermanager.linux.runtime.runc
org.apache.hadoop.yarn.server.nodemanager.containermanager.linux.runtime,org.apache.hadoop.yarn.server.nodemanager.containermanager.localizer
org.apache.hadoop.yarn.server.nodemanager.containermanager.linux.runtime,org.apache.hadoop.yarn.server.nodemanager.containermanager.resourceplugin
org.apache.hadoop.yarn.server.nodemanager.containermanager.linux.runtime,org.apache.hadoop.yarn.server.nodemanager.containermanager.runtime
org.apache.hadoop.yarn.server.nodemanager.containermanager.linux.runtime,org.apache.hadoop.yarn.server.nodemanager.containermanager.volume.csi
org.apache.hadoop.yarn.server.nodemanager.containermanager.linux.runtime,org.apache.hadoop.yarn.server.nodemanager.executor
org.apache.hadoop.yarn.server.nodemanager.containermanager.linux.runtime,org.apache.hadoop.yarn.util
org.apache.hadoop.yarn.server.nodemanager.containermanager.linux.runtime,org.apache.hadoop.yarn.util.csi
org.apache.hadoop.yarn.server.nodemanager.containermanager.linux.runtime.docker,org.apache.hadoop.classification
org.apache.hadoop.yarn.server.nodemanager.containermanager.linux.runtime.docker,org.apache.hadoop.fs
org.apache.hadoop.yarn.server.nodemanager.containermanager.linux.runtime.docker,org.apache.hadoop.util
org.apache.hadoop.yarn.server.nodemanager.containermanager.linux.runtime.docker,org.apache.hadoop.yarn.api.records
org.apache.hadoop.yarn.server.nodemanager.containermanager.linux.runtime.docker,org.apache.hadoop.yarn.server.nodemanager
org.apache.hadoop.yarn.server.nodemanager.containermanager.linux.runtime.docker,org.apache.hadoop.yarn.server.nodemanager.containermanager.linux.privileged
org.apache.hadoop.yarn.server.nodemanager.containermanager.linux.runtime.docker,org.apache.hadoop.yarn.server.nodemanager.containermanager.localizer
org.apache.hadoop.yarn.server.nodemanager.containermanager.linux.runtime.docker,org.apache.hadoop.yarn.server.nodemanager.containermanager.runtime
org.apache.hadoop.yarn.server.nodemanager.containermanager.linux.runtime.runc,org.apache.hadoop.classification
org.apache.hadoop.yarn.server.nodemanager.containermanager.linux.runtime.runc,org.apache.hadoop.conf
org.apache.hadoop.yarn.server.nodemanager.containermanager.linux.runtime.runc,org.apache.hadoop.fs
org.apache.hadoop.yarn.server.nodemanager.containermanager.linux.runtime.runc,org.apache.hadoop.service
org.apache.hadoop.yarn.server.nodemanager.containermanager.linux.runtime.runc,org.apache.hadoop.util.concurrent
org.apache.hadoop.yarn.server.nodemanager.containermanager.linux.runtime.runc,org.apache.hadoop.yarn.api.records
org.apache.hadoop.yarn.server.nodemanager.containermanager.localizer,org.apache.hadoop.classification
org.apache.hadoop.yarn.server.nodemanager.containermanager.localizer,org.apache.hadoop.conf
org.apache.hadoop.yarn.server.nodemanager.containermanager.localizer,org.apache.hadoop.fs
org.apache.hadoop.yarn.server.nodemanager.containermanager.localizer,org.apache.hadoop.fs.permission
org.apache.hadoop.yarn.server.nodemanager.containermanager.localizer,org.apache.hadoop.ipc
org.apache.hadoop.yarn.server.nodemanager.containermanager.localizer,org.apache.hadoop.security
org.apache.hadoop.yarn.server.nodemanager.containermanager.localizer,org.apache.hadoop.security.token
org.apache.hadoop.yarn.server.nodemanager.containermanager.localizer,org.apache.hadoop.service
org.apache.hadoop.yarn.server.nodemanager.containermanager.localizer,org.apache.hadoop.util
org.apache.hadoop.yarn.server.nodemanager.containermanager.localizer,org.apache.hadoop.util.concurrent
org.apache.hadoop.yarn.server.nodemanager.containermanager.localizer,org.apache.hadoop.yarn
org.apache.hadoop.yarn.server.nodemanager.containermanager.localizer,org.apache.hadoop.yarn.api
org.apache.hadoop.yarn.server.nodemanager.containermanager.localizer,org.apache.hadoop.yarn.api.records
org.apache.hadoop.yarn.server.nodemanager.containermanager.localizer,org.apache.hadoop.yarn.api.records.impl.pb
org.apache.hadoop.yarn.server.nodemanager.containermanager.localizer,org.apache.hadoop.yarn.conf
org.apache.hadoop.yarn.server.nodemanager.containermanager.localizer,org.apache.hadoop.yarn.event
org.apache.hadoop.yarn.server.nodemanager.containermanager.localizer,org.apache.hadoop.yarn.exceptions
org.apache.hadoop.yarn.server.nodemanager.containermanager.localizer,org.apache.hadoop.yarn.factories
org.apache.hadoop.yarn.server.nodemanager.containermanager.localizer,org.apache.hadoop.yarn.factory.providers
org.apache.hadoop.yarn.server.nodemanager.containermanager.localizer,org.apache.hadoop.yarn.ipc
org.apache.hadoop.yarn.server.nodemanager.containermanager.localizer,org.apache.hadoop.yarn.server.nodemanager
org.apache.hadoop.yarn.server.nodemanager.containermanager.localizer,org.apache.hadoop.yarn.server.nodemanager.api
org.apache.hadoop.yarn.server.nodemanager.containermanager.localizer,org.apache.hadoop.yarn.server.nodemanager.api.protocolrecords
org.apache.hadoop.yarn.server.nodemanager.containermanager.localizer,org.apache.hadoop.yarn.server.nodemanager.containermanager.application
org.apache.hadoop.yarn.server.nodemanager.containermanager.localizer,org.apache.hadoop.yarn.server.nodemanager.containermanager.container
org.apache.hadoop.yarn.server.nodemanager.containermanager.localizer,org.apache.hadoop.yarn.server.nodemanager.containermanager.deletion.task
org.apache.hadoop.yarn.server.nodemanager.containermanager.localizer,org.apache.hadoop.yarn.server.nodemanager.containermanager.localizer.event
org.apache.hadoop.yarn.server.nodemanager.containermanager.localizer,org.apache.hadoop.yarn.server.nodemanager.containermanager.localizer.security
org.apache.hadoop.yarn.server.nodemanager.containermanager.localizer,org.apache.hadoop.yarn.server.nodemanager.executor
org.apache.hadoop.yarn.server.nodemanager.containermanager.localizer,org.apache.hadoop.yarn.server.nodemanager.metrics
org.apache.hadoop.yarn.server.nodemanager.containermanager.localizer,org.apache.hadoop.yarn.server.nodemanager.recovery
org.apache.hadoop.yarn.server.nodemanager.containermanager.localizer,org.apache.hadoop.yarn.server.nodemanager.security.authorize
org.apache.hadoop.yarn.server.nodemanager.containermanager.localizer,org.apache.hadoop.yarn.server.nodemanager.util
org.apache.hadoop.yarn.server.nodemanager.containermanager.localizer,org.apache.hadoop.yarn.state
org.apache.hadoop.yarn.server.nodemanager.containermanager.localizer,org.apache.hadoop.yarn.util
org.apache.hadoop.yarn.server.nodemanager.containermanager.localizer.event,org.apache.hadoop.fs
org.apache.hadoop.yarn.server.nodemanager.containermanager.localizer.event,org.apache.hadoop.yarn.api.records
org.apache.hadoop.yarn.server.nodemanager.containermanager.localizer.event,org.apache.hadoop.yarn.event
org.apache.hadoop.yarn.server.nodemanager.containermanager.localizer.event,org.apache.hadoop.yarn.server.nodemanager.containermanager.application
org.apache.hadoop.yarn.server.nodemanager.containermanager.localizer.event,org.apache.hadoop.yarn.server.nodemanager.containermanager.container
org.apache.hadoop.yarn.server.nodemanager.containermanager.localizer.event,org.apache.hadoop.yarn.server.nodemanager.containermanager.localizer
org.apache.hadoop.yarn.server.nodemanager.containermanager.localizer.security,org.apache.hadoop.conf
org.apache.hadoop.yarn.server.nodemanager.containermanager.localizer.security,org.apache.hadoop.io
org.apache.hadoop.yarn.server.nodemanager.containermanager.localizer.security,org.apache.hadoop.security
org.apache.hadoop.yarn.server.nodemanager.containermanager.localizer.security,org.apache.hadoop.security.token
org.apache.hadoop.yarn.server.nodemanager.containermanager.localizer.security,org.apache.hadoop.yarn.server.nodemanager.api
org.apache.hadoop.yarn.server.nodemanager.containermanager.localizer.sharedcache,org.apache.hadoop.classification
org.apache.hadoop.yarn.server.nodemanager.containermanager.localizer.sharedcache,org.apache.hadoop.conf
org.apache.hadoop.yarn.server.nodemanager.containermanager.localizer.sharedcache,org.apache.hadoop.fs
org.apache.hadoop.yarn.server.nodemanager.containermanager.localizer.sharedcache,org.apache.hadoop.fs.permission
org.apache.hadoop.yarn.server.nodemanager.containermanager.localizer.sharedcache,org.apache.hadoop.ipc
org.apache.hadoop.yarn.server.nodemanager.containermanager.localizer.sharedcache,org.apache.hadoop.service
org.apache.hadoop.yarn.server.nodemanager.containermanager.localizer.sharedcache,org.apache.hadoop.util.concurrent
org.apache.hadoop.yarn.server.nodemanager.containermanager.localizer.sharedcache,org.apache.hadoop.yarn.api.records
org.apache.hadoop.yarn.server.nodemanager.containermanager.localizer.sharedcache,org.apache.hadoop.yarn.conf
org.apache.hadoop.yarn.server.nodemanager.containermanager.localizer.sharedcache,org.apache.hadoop.yarn.event
org.apache.hadoop.yarn.server.nodemanager.containermanager.localizer.sharedcache,org.apache.hadoop.yarn.exceptions
org.apache.hadoop.yarn.server.nodemanager.containermanager.localizer.sharedcache,org.apache.hadoop.yarn.factories
org.apache.hadoop.yarn.server.nodemanager.containermanager.localizer.sharedcache,org.apache.hadoop.yarn.factory.providers
org.apache.hadoop.yarn.server.nodemanager.containermanager.localizer.sharedcache,org.apache.hadoop.yarn.ipc
org.apache.hadoop.yarn.server.nodemanager.containermanager.localizer.sharedcache,org.apache.hadoop.yarn.server.api
org.apache.hadoop.yarn.server.nodemanager.containermanager.localizer.sharedcache,org.apache.hadoop.yarn.server.api.protocolrecords
org.apache.hadoop.yarn.server.nodemanager.containermanager.localizer.sharedcache,org.apache.hadoop.yarn.server.nodemanager.containermanager.localizer
org.apache.hadoop.yarn.server.nodemanager.containermanager.localizer.sharedcache,org.apache.hadoop.yarn.server.sharedcache
org.apache.hadoop.yarn.server.nodemanager.containermanager.localizer.sharedcache,org.apache.hadoop.yarn.sharedcache
org.apache.hadoop.yarn.server.nodemanager.containermanager.localizer.sharedcache,org.apache.hadoop.yarn.util
org.apache.hadoop.yarn.server.nodemanager.containermanager.logaggregation,org.apache.hadoop.classification
org.apache.hadoop.yarn.server.nodemanager.containermanager.logaggregation,org.apache.hadoop.conf
org.apache.hadoop.yarn.server.nodemanager.containermanager.logaggregation,org.apache.hadoop.fs
org.apache.hadoop.yarn.server.nodemanager.containermanager.logaggregation,org.apache.hadoop.io
org.apache.hadoop.yarn.server.nodemanager.containermanager.logaggregation,org.apache.hadoop.security
org.apache.hadoop.yarn.server.nodemanager.containermanager.logaggregation,org.apache.hadoop.security.token
org.apache.hadoop.yarn.server.nodemanager.containermanager.logaggregation,org.apache.hadoop.service
org.apache.hadoop.yarn.server.nodemanager.containermanager.logaggregation,org.apache.hadoop.util
org.apache.hadoop.yarn.server.nodemanager.containermanager.logaggregation,org.apache.hadoop.util.concurrent
org.apache.hadoop.yarn.server.nodemanager.containermanager.logaggregation,org.apache.hadoop.yarn.api.records
org.apache.hadoop.yarn.server.nodemanager.containermanager.logaggregation,org.apache.hadoop.yarn.conf
org.apache.hadoop.yarn.server.nodemanager.containermanager.logaggregation,org.apache.hadoop.yarn.event
org.apache.hadoop.yarn.server.nodemanager.containermanager.logaggregation,org.apache.hadoop.yarn.exceptions
org.apache.hadoop.yarn.server.nodemanager.containermanager.logaggregation,org.apache.hadoop.yarn.logaggregation
org.apache.hadoop.yarn.server.nodemanager.containermanager.logaggregation,org.apache.hadoop.yarn.logaggregation.filecontroller
org.apache.hadoop.yarn.server.nodemanager.containermanager.logaggregation,org.apache.hadoop.yarn.logaggregation.filecontroller.tfile
org.apache.hadoop.yarn.server.nodemanager.containermanager.logaggregation,org.apache.hadoop.yarn.server.api
org.apache.hadoop.yarn.server.nodemanager.containermanager.logaggregation,org.apache.hadoop.yarn.server.api.protocolrecords
org.apache.hadoop.yarn.server.nodemanager.containermanager.logaggregation,org.apache.hadoop.yarn.server.nodemanager
org.apache.hadoop.yarn.server.nodemanager.containermanager.logaggregation,org.apache.hadoop.yarn.server.nodemanager.containermanager.application
org.apache.hadoop.yarn.server.nodemanager.containermanager.logaggregation,org.apache.hadoop.yarn.server.nodemanager.containermanager.container
org.apache.hadoop.yarn.server.nodemanager.containermanager.logaggregation,org.apache.hadoop.yarn.server.nodemanager.containermanager.deletion.task
org.apache.hadoop.yarn.server.nodemanager.containermanager.logaggregation,org.apache.hadoop.yarn.server.nodemanager.containermanager.loghandler
org.apache.hadoop.yarn.server.nodemanager.containermanager.logaggregation,org.apache.hadoop.yarn.server.nodemanager.containermanager.loghandler.event
org.apache.hadoop.yarn.server.nodemanager.containermanager.logaggregation,org.apache.hadoop.yarn.server.nodemanager.security
org.apache.hadoop.yarn.server.nodemanager.containermanager.logaggregation,org.apache.hadoop.yarn.util
org.apache.hadoop.yarn.server.nodemanager.containermanager.loghandler,org.apache.hadoop.conf
org.apache.hadoop.yarn.server.nodemanager.containermanager.loghandler,org.apache.hadoop.fs
org.apache.hadoop.yarn.server.nodemanager.containermanager.loghandler,org.apache.hadoop.service
org.apache.hadoop.yarn.server.nodemanager.containermanager.loghandler,org.apache.hadoop.util.concurrent
org.apache.hadoop.yarn.server.nodemanager.containermanager.loghandler,org.apache.hadoop.yarn.api.records
org.apache.hadoop.yarn.server.nodemanager.containermanager.loghandler,org.apache.hadoop.yarn.conf
org.apache.hadoop.yarn.server.nodemanager.containermanager.loghandler,org.apache.hadoop.yarn.event
org.apache.hadoop.yarn.server.nodemanager.containermanager.loghandler,org.apache.hadoop.yarn.exceptions
org.apache.hadoop.yarn.server.nodemanager.containermanager.loghandler,org.apache.hadoop.yarn.server.nodemanager
org.apache.hadoop.yarn.server.nodemanager.containermanager.loghandler,org.apache.hadoop.yarn.server.nodemanager.containermanager.application
org.apache.hadoop.yarn.server.nodemanager.containermanager.loghandler,org.apache.hadoop.yarn.server.nodemanager.containermanager.deletion.task
org.apache.hadoop.yarn.server.nodemanager.containermanager.loghandler,org.apache.hadoop.yarn.server.nodemanager.containermanager.loghandler.event
org.apache.hadoop.yarn.server.nodemanager.containermanager.loghandler,org.apache.hadoop.yarn.server.nodemanager.recovery
org.apache.hadoop.yarn.server.nodemanager.containermanager.loghandler.event,org.apache.hadoop.security
org.apache.hadoop.yarn.server.nodemanager.containermanager.loghandler.event,org.apache.hadoop.yarn.api.records
org.apache.hadoop.yarn.server.nodemanager.containermanager.loghandler.event,org.apache.hadoop.yarn.event
org.apache.hadoop.yarn.server.nodemanager.containermanager.loghandler.event,org.apache.hadoop.yarn.server.api
org.apache.hadoop.yarn.server.nodemanager.containermanager.monitor,org.apache.hadoop.classification
org.apache.hadoop.yarn.server.nodemanager.containermanager.monitor,org.apache.hadoop.conf
org.apache.hadoop.yarn.server.nodemanager.containermanager.monitor,org.apache.hadoop.fs
org.apache.hadoop.yarn.server.nodemanager.containermanager.monitor,org.apache.hadoop.metrics2
org.apache.hadoop.yarn.server.nodemanager.containermanager.monitor,org.apache.hadoop.metrics2.annotation
org.apache.hadoop.yarn.server.nodemanager.containermanager.monitor,org.apache.hadoop.metrics2.lib
org.apache.hadoop.yarn.server.nodemanager.containermanager.monitor,org.apache.hadoop.metrics2.util
org.apache.hadoop.yarn.server.nodemanager.containermanager.monitor,org.apache.hadoop.service
org.apache.hadoop.yarn.server.nodemanager.containermanager.monitor,org.apache.hadoop.util
org.apache.hadoop.yarn.server.nodemanager.containermanager.monitor,org.apache.hadoop.yarn.api.records
org.apache.hadoop.yarn.server.nodemanager.containermanager.monitor,org.apache.hadoop.yarn.conf
org.apache.hadoop.yarn.server.nodemanager.containermanager.monitor,org.apache.hadoop.yarn.event
org.apache.hadoop.yarn.server.nodemanager.containermanager.monitor,org.apache.hadoop.yarn.exceptions
org.apache.hadoop.yarn.server.nodemanager.containermanager.monitor,org.apache.hadoop.yarn.server.nodemanager
org.apache.hadoop.yarn.server.nodemanager.containermanager.monitor,org.apache.hadoop.yarn.server.nodemanager.containermanager.container
org.apache.hadoop.yarn.server.nodemanager.containermanager.monitor,org.apache.hadoop.yarn.server.nodemanager.containermanager.linux.resources
org.apache.hadoop.yarn.server.nodemanager.containermanager.monitor,org.apache.hadoop.yarn.server.nodemanager.containermanager.runtime
org.apache.hadoop.yarn.server.nodemanager.containermanager.monitor,org.apache.hadoop.yarn.server.nodemanager.metrics
org.apache.hadoop.yarn.server.nodemanager.containermanager.monitor,org.apache.hadoop.yarn.server.nodemanager.timelineservice
org.apache.hadoop.yarn.server.nodemanager.containermanager.monitor,org.apache.hadoop.yarn.server.nodemanager.util
org.apache.hadoop.yarn.server.nodemanager.containermanager.monitor,org.apache.hadoop.yarn.server.nodemanager.webapp
org.apache.hadoop.yarn.server.nodemanager.containermanager.monitor,org.apache.hadoop.yarn.util
org.apache.hadoop.yarn.server.nodemanager.containermanager.records,org.apache.hadoop.classification
org.apache.hadoop.yarn.server.nodemanager.containermanager.resourceplugin,org.apache.hadoop.classification
org.apache.hadoop.yarn.server.nodemanager.containermanager.resourceplugin,org.apache.hadoop.conf
org.apache.hadoop.yarn.server.nodemanager.containermanager.resourceplugin,org.apache.hadoop.util
org.apache.hadoop.yarn.server.nodemanager.containermanager.resourceplugin,org.apache.hadoop.yarn.api.records
org.apache.hadoop.yarn.server.nodemanager.containermanager.resourceplugin,org.apache.hadoop.yarn.conf
org.apache.hadoop.yarn.server.nodemanager.containermanager.resourceplugin,org.apache.hadoop.yarn.exceptions
org.apache.hadoop.yarn.server.nodemanager.containermanager.resourceplugin,org.apache.hadoop.yarn.server.nodemanager
org.apache.hadoop.yarn.server.nodemanager.containermanager.resourceplugin,org.apache.hadoop.yarn.server.nodemanager.api.deviceplugin
org.apache.hadoop.yarn.server.nodemanager.containermanager.resourceplugin,org.apache.hadoop.yarn.server.nodemanager.containermanager.container
org.apache.hadoop.yarn.server.nodemanager.containermanager.resourceplugin,org.apache.hadoop.yarn.server.nodemanager.containermanager.linux.privileged
org.apache.hadoop.yarn.server.nodemanager.containermanager.resourceplugin,org.apache.hadoop.yarn.server.nodemanager.containermanager.linux.resources
org.apache.hadoop.yarn.server.nodemanager.containermanager.resourceplugin,org.apache.hadoop.yarn.server.nodemanager.containermanager.linux.runtime
org.apache.hadoop.yarn.server.nodemanager.containermanager.resourceplugin,org.apache.hadoop.yarn.server.nodemanager.containermanager.linux.runtime.docker
org.apache.hadoop.yarn.server.nodemanager.containermanager.resourceplugin,org.apache.hadoop.yarn.server.nodemanager.containermanager.resourceplugin.deviceframework
org.apache.hadoop.yarn.server.nodemanager.containermanager.resourceplugin,org.apache.hadoop.yarn.server.nodemanager.containermanager.resourceplugin.fpga
org.apache.hadoop.yarn.server.nodemanager.containermanager.resourceplugin,org.apache.hadoop.yarn.server.nodemanager.containermanager.resourceplugin.gpu
org.apache.hadoop.yarn.server.nodemanager.containermanager.resourceplugin,org.apache.hadoop.yarn.server.nodemanager.containermanager.runtime
org.apache.hadoop.yarn.server.nodemanager.containermanager.resourceplugin,org.apache.hadoop.yarn.server.nodemanager.webapp.dao
org.apache.hadoop.yarn.server.nodemanager.containermanager.resourceplugin,org.apache.hadoop.yarn.util.resource
org.apache.hadoop.yarn.server.nodemanager.containermanager.resourceplugin.com.nec,org.apache.hadoop.classification
org.apache.hadoop.yarn.server.nodemanager.containermanager.resourceplugin.com.nec,org.apache.hadoop.fs
org.apache.hadoop.yarn.server.nodemanager.containermanager.resourceplugin.com.nec,org.apache.hadoop.util
org.apache.hadoop.yarn.server.nodemanager.containermanager.resourceplugin.com.nec,org.apache.hadoop.yarn.server.nodemanager.api.deviceplugin
org.apache.hadoop.yarn.server.nodemanager.containermanager.resourceplugin.com.nec,org.apache.hadoop.yarn.server.nodemanager.containermanager.linux.resources
org.apache.hadoop.yarn.server.nodemanager.containermanager.resourceplugin.com.nvidia,org.apache.hadoop.classification
org.apache.hadoop.yarn.server.nodemanager.containermanager.resourceplugin.com.nvidia,org.apache.hadoop.util
org.apache.hadoop.yarn.server.nodemanager.containermanager.resourceplugin.com.nvidia,org.apache.hadoop.yarn.exceptions
org.apache.hadoop.yarn.server.nodemanager.containermanager.resourceplugin.com.nvidia,org.apache.hadoop.yarn.server.nodemanager.api.deviceplugin
org.apache.hadoop.yarn.server.nodemanager.containermanager.resourceplugin.deviceframework,org.apache.hadoop.classification
org.apache.hadoop.yarn.server.nodemanager.containermanager.resourceplugin.deviceframework,org.apache.hadoop.conf
org.apache.hadoop.yarn.server.nodemanager.containermanager.resourceplugin.deviceframework,org.apache.hadoop.util
org.apache.hadoop.yarn.server.nodemanager.containermanager.resourceplugin.deviceframework,org.apache.hadoop.yarn.api.records
org.apache.hadoop.yarn.server.nodemanager.containermanager.resourceplugin.deviceframework,org.apache.hadoop.yarn.exceptions
org.apache.hadoop.yarn.server.nodemanager.containermanager.resourceplugin.deviceframework,org.apache.hadoop.yarn.server.nodemanager
org.apache.hadoop.yarn.server.nodemanager.containermanager.resourceplugin.deviceframework,org.apache.hadoop.yarn.server.nodemanager.api.deviceplugin
org.apache.hadoop.yarn.server.nodemanager.containermanager.resourceplugin.deviceframework,org.apache.hadoop.yarn.server.nodemanager.containermanager.container
org.apache.hadoop.yarn.server.nodemanager.containermanager.resourceplugin.deviceframework,org.apache.hadoop.yarn.server.nodemanager.containermanager.linux.privileged
org.apache.hadoop.yarn.server.nodemanager.containermanager.resourceplugin.deviceframework,org.apache.hadoop.yarn.server.nodemanager.containermanager.linux.resources
org.apache.hadoop.yarn.server.nodemanager.containermanager.resourceplugin.deviceframework,org.apache.hadoop.yarn.server.nodemanager.containermanager.linux.runtime
org.apache.hadoop.yarn.server.nodemanager.containermanager.resourceplugin.deviceframework,org.apache.hadoop.yarn.server.nodemanager.containermanager.linux.runtime.docker
org.apache.hadoop.yarn.server.nodemanager.containermanager.resourceplugin.deviceframework,org.apache.hadoop.yarn.server.nodemanager.containermanager.resourceplugin
org.apache.hadoop.yarn.server.nodemanager.containermanager.resourceplugin.deviceframework,org.apache.hadoop.yarn.server.nodemanager.containermanager.runtime
org.apache.hadoop.yarn.server.nodemanager.containermanager.resourceplugin.deviceframework,org.apache.hadoop.yarn.server.nodemanager.webapp.dao
org.apache.hadoop.yarn.server.nodemanager.containermanager.resourceplugin.deviceframework,org.apache.hadoop.yarn.util
org.apache.hadoop.yarn.server.nodemanager.containermanager.resourceplugin.fpga,org.apache.hadoop.classification
org.apache.hadoop.yarn.server.nodemanager.containermanager.resourceplugin.fpga,org.apache.hadoop.conf
org.apache.hadoop.yarn.server.nodemanager.containermanager.resourceplugin.fpga,org.apache.hadoop.fs
org.apache.hadoop.yarn.server.nodemanager.containermanager.resourceplugin.fpga,org.apache.hadoop.util
org.apache.hadoop.yarn.server.nodemanager.containermanager.resourceplugin.fpga,org.apache.hadoop.yarn.api.records
org.apache.hadoop.yarn.server.nodemanager.containermanager.resourceplugin.fpga,org.apache.hadoop.yarn.conf
org.apache.hadoop.yarn.server.nodemanager.containermanager.resourceplugin.fpga,org.apache.hadoop.yarn.exceptions
org.apache.hadoop.yarn.server.nodemanager.containermanager.resourceplugin.fpga,org.apache.hadoop.yarn.server.nodemanager
org.apache.hadoop.yarn.server.nodemanager.containermanager.resourceplugin.fpga,org.apache.hadoop.yarn.server.nodemanager.containermanager.linux.privileged
org.apache.hadoop.yarn.server.nodemanager.containermanager.resourceplugin.fpga,org.apache.hadoop.yarn.server.nodemanager.containermanager.linux.resources
org.apache.hadoop.yarn.server.nodemanager.containermanager.resourceplugin.fpga,org.apache.hadoop.yarn.server.nodemanager.containermanager.linux.resources.fpga
org.apache.hadoop.yarn.server.nodemanager.containermanager.resourceplugin.fpga,org.apache.hadoop.yarn.server.nodemanager.containermanager.resourceplugin
org.apache.hadoop.yarn.server.nodemanager.containermanager.resourceplugin.fpga,org.apache.hadoop.yarn.server.nodemanager.containermanager.resourceplugin.fpga.discovery
org.apache.hadoop.yarn.server.nodemanager.containermanager.resourceplugin.fpga,org.apache.hadoop.yarn.server.nodemanager.webapp.dao
org.apache.hadoop.yarn.server.nodemanager.containermanager.resourceplugin.fpga,org.apache.hadoop.yarn.util.resource
org.apache.hadoop.yarn.server.nodemanager.containermanager.resourceplugin.fpga.discovery,org.apache.hadoop.yarn.server.nodemanager.containermanager.linux.resources
org.apache.hadoop.yarn.server.nodemanager.containermanager.resourceplugin.fpga.discovery,org.apache.hadoop.yarn.server.nodemanager.containermanager.resourceplugin.fpga
org.apache.hadoop.yarn.server.nodemanager.containermanager.resourceplugin.gpu,org.apache.hadoop.classification
org.apache.hadoop.yarn.server.nodemanager.containermanager.resourceplugin.gpu,org.apache.hadoop.conf
org.apache.hadoop.yarn.server.nodemanager.containermanager.resourceplugin.gpu,org.apache.hadoop.util
org.apache.hadoop.yarn.server.nodemanager.containermanager.resourceplugin.gpu,org.apache.hadoop.yarn.api.records
org.apache.hadoop.yarn.server.nodemanager.containermanager.resourceplugin.gpu,org.apache.hadoop.yarn.conf
org.apache.hadoop.yarn.server.nodemanager.containermanager.resourceplugin.gpu,org.apache.hadoop.yarn.exceptions
org.apache.hadoop.yarn.server.nodemanager.containermanager.resourceplugin.gpu,org.apache.hadoop.yarn.server.nodemanager
org.apache.hadoop.yarn.server.nodemanager.containermanager.resourceplugin.gpu,org.apache.hadoop.yarn.server.nodemanager.containermanager.container
org.apache.hadoop.yarn.server.nodemanager.containermanager.resourceplugin.gpu,org.apache.hadoop.yarn.server.nodemanager.containermanager.linux.privileged
org.apache.hadoop.yarn.server.nodemanager.containermanager.resourceplugin.gpu,org.apache.hadoop.yarn.server.nodemanager.containermanager.linux.resources
org.apache.hadoop.yarn.server.nodemanager.containermanager.resourceplugin.gpu,org.apache.hadoop.yarn.server.nodemanager.containermanager.linux.resources.gpu
org.apache.hadoop.yarn.server.nodemanager.containermanager.resourceplugin.gpu,org.apache.hadoop.yarn.server.nodemanager.containermanager.linux.runtime.docker
org.apache.hadoop.yarn.server.nodemanager.containermanager.resourceplugin.gpu,org.apache.hadoop.yarn.server.nodemanager.containermanager.resourceplugin
org.apache.hadoop.yarn.server.nodemanager.containermanager.resourceplugin.gpu,org.apache.hadoop.yarn.server.nodemanager.containermanager.runtime
org.apache.hadoop.yarn.server.nodemanager.containermanager.resourceplugin.gpu,org.apache.hadoop.yarn.server.nodemanager.webapp.dao
org.apache.hadoop.yarn.server.nodemanager.containermanager.resourceplugin.gpu,org.apache.hadoop.yarn.server.nodemanager.webapp.dao.gpu
org.apache.hadoop.yarn.server.nodemanager.containermanager.resourceplugin.gpu,org.apache.hadoop.yarn.util.resource
org.apache.hadoop.yarn.server.nodemanager.containermanager.runtime,org.apache.hadoop.classification
org.apache.hadoop.yarn.server.nodemanager.containermanager.runtime,org.apache.hadoop.hdfs.protocol.datatransfer
org.apache.hadoop.yarn.server.nodemanager.containermanager.runtime,org.apache.hadoop.yarn.exceptions
org.apache.hadoop.yarn.server.nodemanager.containermanager.runtime,org.apache.hadoop.yarn.server.nodemanager.containermanager.container
org.apache.hadoop.yarn.server.nodemanager.containermanager.runtime,org.apache.hadoop.yarn.server.nodemanager.executor
org.apache.hadoop.yarn.server.nodemanager.containermanager.scheduler,org.apache.hadoop.classification
org.apache.hadoop.yarn.server.nodemanager.containermanager.scheduler,org.apache.hadoop.conf
org.apache.hadoop.yarn.server.nodemanager.containermanager.scheduler,org.apache.hadoop.service
org.apache.hadoop.yarn.server.nodemanager.containermanager.scheduler,org.apache.hadoop.yarn.api.records
org.apache.hadoop.yarn.server.nodemanager.containermanager.scheduler,org.apache.hadoop.yarn.conf
org.apache.hadoop.yarn.server.nodemanager.containermanager.scheduler,org.apache.hadoop.yarn.event
org.apache.hadoop.yarn.server.nodemanager.containermanager.scheduler,org.apache.hadoop.yarn.security
org.apache.hadoop.yarn.server.nodemanager.containermanager.scheduler,org.apache.hadoop.yarn.server.api.records
org.apache.hadoop.yarn.server.nodemanager.containermanager.scheduler,org.apache.hadoop.yarn.server.nodemanager
org.apache.hadoop.yarn.server.nodemanager.containermanager.scheduler,org.apache.hadoop.yarn.server.nodemanager.containermanager.container
org.apache.hadoop.yarn.server.nodemanager.containermanager.scheduler,org.apache.hadoop.yarn.server.nodemanager.containermanager.linux.resources
org.apache.hadoop.yarn.server.nodemanager.containermanager.scheduler,org.apache.hadoop.yarn.server.nodemanager.containermanager.monitor
org.apache.hadoop.yarn.server.nodemanager.containermanager.scheduler,org.apache.hadoop.yarn.server.nodemanager.metrics
org.apache.hadoop.yarn.server.nodemanager.containermanager.scheduler,org.apache.hadoop.yarn.util.resource
org.apache.hadoop.yarn.server.nodemanager.containermanager.volume.csi,org.apache.hadoop.yarn.api
org.apache.hadoop.yarn.server.nodemanager.containermanager.volume.csi,org.apache.hadoop.yarn.api.protocolrecords
org.apache.hadoop.yarn.server.nodemanager.containermanager.volume.csi,org.apache.hadoop.yarn.api.records
org.apache.hadoop.yarn.server.nodemanager.containermanager.volume.csi,org.apache.hadoop.yarn.exceptions
org.apache.hadoop.yarn.server.nodemanager.containermanager.volume.csi,org.apache.hadoop.yarn.server.nodemanager.containermanager.container
org.apache.hadoop.yarn.server.nodemanager.containermanager.volume.csi,org.apache.hadoop.yarn.server.nodemanager.containermanager.linux.runtime
org.apache.hadoop.yarn.server.nodemanager.containermanager.volume.csi,org.apache.hadoop.yarn.server.volume.csi
org.apache.hadoop.yarn.server.nodemanager.containermanager.volume.csi,org.apache.hadoop.yarn.server.volume.csi.exception
org.apache.hadoop.yarn.server.nodemanager.executor,org.apache.hadoop.classification
org.apache.hadoop.yarn.server.nodemanager.executor,org.apache.hadoop.fs
org.apache.hadoop.yarn.server.nodemanager.executor,org.apache.hadoop.yarn.api.records
org.apache.hadoop.yarn.server.nodemanager.executor,org.apache.hadoop.yarn.server.nodemanager
org.apache.hadoop.yarn.server.nodemanager.executor,org.apache.hadoop.yarn.server.nodemanager.containermanager.container
org.apache.hadoop.yarn.server.nodemanager.health,org.apache.hadoop.classification
org.apache.hadoop.yarn.server.nodemanager.health,org.apache.hadoop.conf
org.apache.hadoop.yarn.server.nodemanager.health,org.apache.hadoop.fs
org.apache.hadoop.yarn.server.nodemanager.health,org.apache.hadoop.service
org.apache.hadoop.yarn.server.nodemanager.health,org.apache.hadoop.util
org.apache.hadoop.yarn.server.nodemanager.health,org.apache.hadoop.yarn.conf
org.apache.hadoop.yarn.server.nodemanager.health,org.apache.hadoop.yarn.server.nodemanager
org.apache.hadoop.yarn.server.nodemanager.logaggregation.tracker,org.apache.hadoop.conf
org.apache.hadoop.yarn.server.nodemanager.logaggregation.tracker,org.apache.hadoop.service
org.apache.hadoop.yarn.server.nodemanager.logaggregation.tracker,org.apache.hadoop.yarn.api.records
org.apache.hadoop.yarn.server.nodemanager.logaggregation.tracker,org.apache.hadoop.yarn.conf
org.apache.hadoop.yarn.server.nodemanager.logaggregation.tracker,org.apache.hadoop.yarn.server.api.protocolrecords
org.apache.hadoop.yarn.server.nodemanager.logaggregation.tracker,org.apache.hadoop.yarn.server.nodemanager
org.apache.hadoop.yarn.server.nodemanager.logaggregation.tracker,org.apache.hadoop.yarn.server.nodemanager.containermanager.application
org.apache.hadoop.yarn.server.nodemanager.metrics,org.apache.hadoop.classification
org.apache.hadoop.yarn.server.nodemanager.metrics,org.apache.hadoop.metrics2
org.apache.hadoop.yarn.server.nodemanager.metrics,org.apache.hadoop.metrics2.annotation
org.apache.hadoop.yarn.server.nodemanager.metrics,org.apache.hadoop.metrics2.lib
org.apache.hadoop.yarn.server.nodemanager.metrics,org.apache.hadoop.metrics2.source
org.apache.hadoop.yarn.server.nodemanager.metrics,org.apache.hadoop.yarn.api.records
org.apache.hadoop.yarn.server.nodemanager.nodelabels,org.apache.hadoop.classification
org.apache.hadoop.yarn.server.nodemanager.nodelabels,org.apache.hadoop.conf
org.apache.hadoop.yarn.server.nodemanager.nodelabels,org.apache.hadoop.fs
org.apache.hadoop.yarn.server.nodemanager.nodelabels,org.apache.hadoop.service
org.apache.hadoop.yarn.server.nodemanager.nodelabels,org.apache.hadoop.util
org.apache.hadoop.yarn.server.nodemanager.nodelabels,org.apache.hadoop.yarn.api.records
org.apache.hadoop.yarn.server.nodemanager.nodelabels,org.apache.hadoop.yarn.conf
org.apache.hadoop.yarn.server.nodemanager.nodelabels,org.apache.hadoop.yarn.nodelabels
org.apache.hadoop.yarn.server.nodemanager.recovery,org.apache.hadoop.classification
org.apache.hadoop.yarn.server.nodemanager.recovery,org.apache.hadoop.conf
org.apache.hadoop.yarn.server.nodemanager.recovery,org.apache.hadoop.fs
org.apache.hadoop.yarn.server.nodemanager.recovery,org.apache.hadoop.fs.permission
org.apache.hadoop.yarn.server.nodemanager.recovery,org.apache.hadoop.service
org.apache.hadoop.yarn.server.nodemanager.recovery,org.apache.hadoop.util
org.apache.hadoop.yarn.server.nodemanager.recovery,org.apache.hadoop.yarn.api.protocolrecords
org.apache.hadoop.yarn.server.nodemanager.recovery,org.apache.hadoop.yarn.api.protocolrecords.impl.pb
org.apache.hadoop.yarn.server.nodemanager.recovery,org.apache.hadoop.yarn.api.records
org.apache.hadoop.yarn.server.nodemanager.recovery,org.apache.hadoop.yarn.api.records.impl.pb
org.apache.hadoop.yarn.server.nodemanager.recovery,org.apache.hadoop.yarn.conf
org.apache.hadoop.yarn.server.nodemanager.recovery,org.apache.hadoop.yarn.security
org.apache.hadoop.yarn.server.nodemanager.recovery,org.apache.hadoop.yarn.server.api.records
org.apache.hadoop.yarn.server.nodemanager.recovery,org.apache.hadoop.yarn.server.api.records.impl.pb
org.apache.hadoop.yarn.server.nodemanager.recovery,org.apache.hadoop.yarn.server.nodemanager
org.apache.hadoop.yarn.server.nodemanager.recovery,org.apache.hadoop.yarn.server.nodemanager.containermanager.container
org.apache.hadoop.yarn.server.nodemanager.recovery,org.apache.hadoop.yarn.server.records
org.apache.hadoop.yarn.server.nodemanager.recovery,org.apache.hadoop.yarn.server.records.impl.pb
org.apache.hadoop.yarn.server.nodemanager.recovery,org.apache.hadoop.yarn.server.utils
org.apache.hadoop.yarn.server.nodemanager.recovery,org.apache.hadoop.yarn.util
org.apache.hadoop.yarn.server.nodemanager.scheduler,org.apache.hadoop.classification
org.apache.hadoop.yarn.server.nodemanager.scheduler,org.apache.hadoop.yarn.api.protocolrecords
org.apache.hadoop.yarn.server.nodemanager.scheduler,org.apache.hadoop.yarn.api.records
org.apache.hadoop.yarn.server.nodemanager.scheduler,org.apache.hadoop.yarn.exceptions
org.apache.hadoop.yarn.server.nodemanager.scheduler,org.apache.hadoop.yarn.factories
org.apache.hadoop.yarn.server.nodemanager.scheduler,org.apache.hadoop.yarn.factory.providers
org.apache.hadoop.yarn.server.nodemanager.scheduler,org.apache.hadoop.yarn.server.api.protocolrecords
org.apache.hadoop.yarn.server.nodemanager.scheduler,org.apache.hadoop.yarn.server.nodemanager.amrmproxy
org.apache.hadoop.yarn.server.nodemanager.scheduler,org.apache.hadoop.yarn.server.nodemanager.security
org.apache.hadoop.yarn.server.nodemanager.scheduler,org.apache.hadoop.yarn.server.scheduler
org.apache.hadoop.yarn.server.nodemanager.security,org.apache.hadoop.classification
org.apache.hadoop.yarn.server.nodemanager.security,org.apache.hadoop.conf
org.apache.hadoop.yarn.server.nodemanager.security,org.apache.hadoop.security
org.apache.hadoop.yarn.server.nodemanager.security,org.apache.hadoop.security.token
org.apache.hadoop.yarn.server.nodemanager.security,org.apache.hadoop.yarn.api.records
org.apache.hadoop.yarn.server.nodemanager.security,org.apache.hadoop.yarn.security
org.apache.hadoop.yarn.server.nodemanager.security,org.apache.hadoop.yarn.server.api.records
org.apache.hadoop.yarn.server.nodemanager.security,org.apache.hadoop.yarn.server.nodemanager.recovery
org.apache.hadoop.yarn.server.nodemanager.security,org.apache.hadoop.yarn.server.security
org.apache.hadoop.yarn.server.nodemanager.security.authorize,org.apache.hadoop.classification
org.apache.hadoop.yarn.server.nodemanager.security.authorize,org.apache.hadoop.security.authorize
org.apache.hadoop.yarn.server.nodemanager.security.authorize,org.apache.hadoop.yarn.api
org.apache.hadoop.yarn.server.nodemanager.security.authorize,org.apache.hadoop.yarn.conf
org.apache.hadoop.yarn.server.nodemanager.security.authorize,org.apache.hadoop.yarn.server.api
org.apache.hadoop.yarn.server.nodemanager.security.authorize,org.apache.hadoop.yarn.server.nodemanager.api
org.apache.hadoop.yarn.server.nodemanager.timelineservice,org.apache.hadoop.classification
org.apache.hadoop.yarn.server.nodemanager.timelineservice,org.apache.hadoop.conf
org.apache.hadoop.yarn.server.nodemanager.timelineservice,org.apache.hadoop.security
org.apache.hadoop.yarn.server.nodemanager.timelineservice,org.apache.hadoop.service
org.apache.hadoop.yarn.server.nodemanager.timelineservice,org.apache.hadoop.yarn.api.records
org.apache.hadoop.yarn.server.nodemanager.timelineservice,org.apache.hadoop.yarn.api.records.timelineservice
org.apache.hadoop.yarn.server.nodemanager.timelineservice,org.apache.hadoop.yarn.client.api
org.apache.hadoop.yarn.server.nodemanager.timelineservice,org.apache.hadoop.yarn.conf
org.apache.hadoop.yarn.server.nodemanager.timelineservice,org.apache.hadoop.yarn.event
org.apache.hadoop.yarn.server.nodemanager.timelineservice,org.apache.hadoop.yarn.exceptions
org.apache.hadoop.yarn.server.nodemanager.timelineservice,org.apache.hadoop.yarn.server.metrics
org.apache.hadoop.yarn.server.nodemanager.timelineservice,org.apache.hadoop.yarn.server.nodemanager
org.apache.hadoop.yarn.server.nodemanager.timelineservice,org.apache.hadoop.yarn.server.nodemanager.containermanager.application
org.apache.hadoop.yarn.server.nodemanager.timelineservice,org.apache.hadoop.yarn.server.nodemanager.containermanager.container
org.apache.hadoop.yarn.server.nodemanager.timelineservice,org.apache.hadoop.yarn.server.nodemanager.containermanager.localizer.event
org.apache.hadoop.yarn.server.nodemanager.timelineservice,org.apache.hadoop.yarn.util
org.apache.hadoop.yarn.server.nodemanager.timelineservice,org.apache.hadoop.yarn.util.timeline
org.apache.hadoop.yarn.server.nodemanager.timelineservice,org.apache.hadoop.yarn.webapp.util
org.apache.hadoop.yarn.server.nodemanager.util,org.apache.hadoop.classification
org.apache.hadoop.yarn.server.nodemanager.util,org.apache.hadoop.conf
org.apache.hadoop.yarn.server.nodemanager.util,org.apache.hadoop.fs
org.apache.hadoop.yarn.server.nodemanager.util,org.apache.hadoop.io
org.apache.hadoop.yarn.server.nodemanager.util,org.apache.hadoop.util
org.apache.hadoop.yarn.server.nodemanager.util,org.apache.hadoop.yarn.api.records
org.apache.hadoop.yarn.server.nodemanager.util,org.apache.hadoop.yarn.conf
org.apache.hadoop.yarn.server.nodemanager.util,org.apache.hadoop.yarn.exceptions
org.apache.hadoop.yarn.server.nodemanager.util,org.apache.hadoop.yarn.server.nodemanager
org.apache.hadoop.yarn.server.nodemanager.util,org.apache.hadoop.yarn.server.nodemanager.api
org.apache.hadoop.yarn.server.nodemanager.util,org.apache.hadoop.yarn.server.nodemanager.containermanager.linux.privileged
org.apache.hadoop.yarn.server.nodemanager.util,org.apache.hadoop.yarn.server.nodemanager.containermanager.linux.resources
org.apache.hadoop.yarn.server.nodemanager.util,org.apache.hadoop.yarn.util
org.apache.hadoop.yarn.server.nodemanager.util,org.apache.hadoop.yarn.util.resource
org.apache.hadoop.yarn.server.nodemanager.webapp,org.apache.hadoop.classification
org.apache.hadoop.yarn.server.nodemanager.webapp,org.apache.hadoop.conf
org.apache.hadoop.yarn.server.nodemanager.webapp,org.apache.hadoop.fs
org.apache.hadoop.yarn.server.nodemanager.webapp,org.apache.hadoop.hdfs.protocol.datatransfer
org.apache.hadoop.yarn.server.nodemanager.webapp,org.apache.hadoop.http
org.apache.hadoop.yarn.server.nodemanager.webapp,org.apache.hadoop.io
org.apache.hadoop.yarn.server.nodemanager.webapp,org.apache.hadoop.security
org.apache.hadoop.yarn.server.nodemanager.webapp,org.apache.hadoop.service
org.apache.hadoop.yarn.server.nodemanager.webapp,org.apache.hadoop.util
org.apache.hadoop.yarn.server.nodemanager.webapp,org.apache.hadoop.yarn.api.records
org.apache.hadoop.yarn.server.nodemanager.webapp,org.apache.hadoop.yarn.conf
org.apache.hadoop.yarn.server.nodemanager.webapp,org.apache.hadoop.yarn.exceptions
org.apache.hadoop.yarn.server.nodemanager.webapp,org.apache.hadoop.yarn.factories
org.apache.hadoop.yarn.server.nodemanager.webapp,org.apache.hadoop.yarn.factory.providers
org.apache.hadoop.yarn.server.nodemanager.webapp,org.apache.hadoop.yarn.logaggregation
org.apache.hadoop.yarn.server.nodemanager.webapp,org.apache.hadoop.yarn.logaggregation.filecontroller
org.apache.hadoop.yarn.server.nodemanager.webapp,org.apache.hadoop.yarn.server.nodemanager
org.apache.hadoop.yarn.server.nodemanager.webapp,org.apache.hadoop.yarn.server.nodemanager.containermanager.application
org.apache.hadoop.yarn.server.nodemanager.webapp,org.apache.hadoop.yarn.server.nodemanager.containermanager.container
org.apache.hadoop.yarn.server.nodemanager.webapp,org.apache.hadoop.yarn.server.nodemanager.containermanager.launcher
org.apache.hadoop.yarn.server.nodemanager.webapp,org.apache.hadoop.yarn.server.nodemanager.containermanager.records
org.apache.hadoop.yarn.server.nodemanager.webapp,org.apache.hadoop.yarn.server.nodemanager.containermanager.resourceplugin
org.apache.hadoop.yarn.server.nodemanager.webapp,org.apache.hadoop.yarn.server.nodemanager.executor
org.apache.hadoop.yarn.server.nodemanager.webapp,org.apache.hadoop.yarn.server.nodemanager.webapp.dao
org.apache.hadoop.yarn.server.nodemanager.webapp,org.apache.hadoop.yarn.server.nodemanager.webapp.dao.gpu
org.apache.hadoop.yarn.server.nodemanager.webapp,org.apache.hadoop.yarn.server.nodemanager.webapp.jsonprovider
org.apache.hadoop.yarn.server.nodemanager.webapp,org.apache.hadoop.yarn.server.security
org.apache.hadoop.yarn.server.nodemanager.webapp,org.apache.hadoop.yarn.server.webapp
org.apache.hadoop.yarn.server.nodemanager.webapp,org.apache.hadoop.yarn.server.webapp.dao
org.apache.hadoop.yarn.server.nodemanager.webapp,org.apache.hadoop.yarn.util
org.apache.hadoop.yarn.server.nodemanager.webapp,org.apache.hadoop.yarn.webapp
org.apache.hadoop.yarn.server.nodemanager.webapp,org.apache.hadoop.yarn.webapp.hamlet2
org.apache.hadoop.yarn.server.nodemanager.webapp,org.apache.hadoop.yarn.webapp.util
org.apache.hadoop.yarn.server.nodemanager.webapp,org.apache.hadoop.yarn.webapp.view
org.apache.hadoop.yarn.server.nodemanager.webapp.dao,org.apache.hadoop.util
org.apache.hadoop.yarn.server.nodemanager.webapp.dao,org.apache.hadoop.yarn.api.records
org.apache.hadoop.yarn.server.nodemanager.webapp.dao,org.apache.hadoop.yarn.exceptions
org.apache.hadoop.yarn.server.nodemanager.webapp.dao,org.apache.hadoop.yarn.logaggregation
org.apache.hadoop.yarn.server.nodemanager.webapp.dao,org.apache.hadoop.yarn.server.nodemanager
org.apache.hadoop.yarn.server.nodemanager.webapp.dao,org.apache.hadoop.yarn.server.nodemanager.api.deviceplugin
org.apache.hadoop.yarn.server.nodemanager.webapp.dao,org.apache.hadoop.yarn.server.nodemanager.containermanager.application
org.apache.hadoop.yarn.server.nodemanager.webapp.dao,org.apache.hadoop.yarn.server.nodemanager.containermanager.container
org.apache.hadoop.yarn.server.nodemanager.webapp.dao,org.apache.hadoop.yarn.server.nodemanager.containermanager.records
org.apache.hadoop.yarn.server.nodemanager.webapp.dao,org.apache.hadoop.yarn.server.nodemanager.containermanager.resourceplugin.deviceframework
org.apache.hadoop.yarn.server.nodemanager.webapp.dao,org.apache.hadoop.yarn.server.nodemanager.webapp
org.apache.hadoop.yarn.server.nodemanager.webapp.dao,org.apache.hadoop.yarn.server.webapp.dao
org.apache.hadoop.yarn.server.nodemanager.webapp.dao,org.apache.hadoop.yarn.util
org.apache.hadoop.yarn.server.nodemanager.webapp.dao,org.apache.hadoop.yarn.util.resource
org.apache.hadoop.yarn.server.nodemanager.webapp.dao.gpu,org.apache.hadoop.classification
org.apache.hadoop.yarn.server.nodemanager.webapp.dao.gpu,org.apache.hadoop.yarn.exceptions
org.apache.hadoop.yarn.server.nodemanager.webapp.dao.gpu,org.apache.hadoop.yarn.server.nodemanager.containermanager.resourceplugin.gpu
org.apache.hadoop.yarn.server.nodemanager.webapp.dao.gpu,org.apache.hadoop.yarn.server.nodemanager.webapp.dao
org.apache.hadoop.yarn.server.nodemanager.webapp.jsonprovider,org.apache.hadoop.yarn.server.nodemanager.webapp.dao
org.apache.hadoop.yarn.server.nodemanager.webapp.jsonprovider,org.apache.hadoop.yarn.server.nodemanager.webapp.dao.gpu
org.apache.hadoop.yarn.server.nodemanager.webapp.jsonprovider,org.apache.hadoop.yarn.server.webapp.dao
org.apache.hadoop.yarn.server.records,org.apache.hadoop.yarn.util
org.apache.hadoop.yarn.server.records.impl.pb,org.apache.hadoop.yarn.server.records
org.apache.hadoop.yarn.server.resourcemanager,org.apache.hadoop.classification
org.apache.hadoop.yarn.server.resourcemanager,org.apache.hadoop.conf
org.apache.hadoop.yarn.server.resourcemanager,org.apache.hadoop.fs
org.apache.hadoop.yarn.server.resourcemanager,org.apache.hadoop.ha
org.apache.hadoop.yarn.server.resourcemanager,org.apache.hadoop.ha.protocolPB
org.apache.hadoop.yarn.server.resourcemanager,org.apache.hadoop.http
org.apache.hadoop.yarn.server.resourcemanager,org.apache.hadoop.io
org.apache.hadoop.yarn.server.resourcemanager,org.apache.hadoop.ipc
org.apache.hadoop.yarn.server.resourcemanager,org.apache.hadoop.metrics2
org.apache.hadoop.yarn.server.resourcemanager,org.apache.hadoop.metrics2.annotation
org.apache.hadoop.yarn.server.resourcemanager,org.apache.hadoop.metrics2.lib
org.apache.hadoop.yarn.server.resourcemanager,org.apache.hadoop.metrics2.source
org.apache.hadoop.yarn.server.resourcemanager,org.apache.hadoop.metrics2.util
org.apache.hadoop.yarn.server.resourcemanager,org.apache.hadoop.net
org.apache.hadoop.yarn.server.resourcemanager,org.apache.hadoop.security
org.apache.hadoop.yarn.server.resourcemanager,org.apache.hadoop.security.authorize
org.apache.hadoop.yarn.server.resourcemanager,org.apache.hadoop.security.token
org.apache.hadoop.yarn.server.resourcemanager,org.apache.hadoop.service
org.apache.hadoop.yarn.server.resourcemanager,org.apache.hadoop.util
org.apache.hadoop.yarn.server.resourcemanager,org.apache.hadoop.util.curator
org.apache.hadoop.yarn.server.resourcemanager,org.apache.hadoop.yarn
org.apache.hadoop.yarn.server.resourcemanager,org.apache.hadoop.yarn.ams
org.apache.hadoop.yarn.server.resourcemanager,org.apache.hadoop.yarn.api
org.apache.hadoop.yarn.server.resourcemanager,org.apache.hadoop.yarn.api.impl.pb.service
org.apache.hadoop.yarn.server.resourcemanager,org.apache.hadoop.yarn.api.protocolrecords
org.apache.hadoop.yarn.server.resourcemanager,org.apache.hadoop.yarn.api.records
org.apache.hadoop.yarn.server.resourcemanager,org.apache.hadoop.yarn.client
org.apache.hadoop.yarn.server.resourcemanager,org.apache.hadoop.yarn.conf
org.apache.hadoop.yarn.server.resourcemanager,org.apache.hadoop.yarn.event
org.apache.hadoop.yarn.server.resourcemanager,org.apache.hadoop.yarn.exceptions
org.apache.hadoop.yarn.server.resourcemanager,org.apache.hadoop.yarn.factories
org.apache.hadoop.yarn.server.resourcemanager,org.apache.hadoop.yarn.factory.providers
org.apache.hadoop.yarn.server.resourcemanager,org.apache.hadoop.yarn.ipc
org.apache.hadoop.yarn.server.resourcemanager,org.apache.hadoop.yarn.metrics
org.apache.hadoop.yarn.server.resourcemanager,org.apache.hadoop.yarn.nodelabels
org.apache.hadoop.yarn.server.resourcemanager,org.apache.hadoop.yarn.security
org.apache.hadoop.yarn.server.resourcemanager,org.apache.hadoop.yarn.security.client
org.apache.hadoop.yarn.server.resourcemanager,org.apache.hadoop.yarn.server.api
org.apache.hadoop.yarn.server.resourcemanager,org.apache.hadoop.yarn.server.api.protocolrecords
org.apache.hadoop.yarn.server.resourcemanager,org.apache.hadoop.yarn.server.api.records
org.apache.hadoop.yarn.server.resourcemanager,org.apache.hadoop.yarn.server.metrics
org.apache.hadoop.yarn.server.resourcemanager,org.apache.hadoop.yarn.server.records
org.apache.hadoop.yarn.server.resourcemanager,org.apache.hadoop.yarn.server.records.impl.pb
org.apache.hadoop.yarn.server.resourcemanager,org.apache.hadoop.yarn.server.resourcemanager.ahs
org.apache.hadoop.yarn.server.resourcemanager,org.apache.hadoop.yarn.server.resourcemanager.amlauncher
org.apache.hadoop.yarn.server.resourcemanager,org.apache.hadoop.yarn.server.resourcemanager.federation
org.apache.hadoop.yarn.server.resourcemanager,org.apache.hadoop.yarn.server.resourcemanager.metrics
org.apache.hadoop.yarn.server.resourcemanager,org.apache.hadoop.yarn.server.resourcemanager.nodelabels
org.apache.hadoop.yarn.server.resourcemanager,org.apache.hadoop.yarn.server.resourcemanager.placement
org.apache.hadoop.yarn.server.resourcemanager,org.apache.hadoop.yarn.server.resourcemanager.preprocessor
org.apache.hadoop.yarn.server.resourcemanager,org.apache.hadoop.yarn.server.resourcemanager.recovery
org.apache.hadoop.yarn.server.resourcemanager,org.apache.hadoop.yarn.server.resourcemanager.recovery.records
org.apache.hadoop.yarn.server.resourcemanager,org.apache.hadoop.yarn.server.resourcemanager.reservation
org.apache.hadoop.yarn.server.resourcemanager,org.apache.hadoop.yarn.server.resourcemanager.reservation.exceptions
org.apache.hadoop.yarn.server.resourcemanager,org.apache.hadoop.yarn.server.resourcemanager.resource
org.apache.hadoop.yarn.server.resourcemanager,org.apache.hadoop.yarn.server.resourcemanager.rmapp
org.apache.hadoop.yarn.server.resourcemanager,org.apache.hadoop.yarn.server.resourcemanager.rmapp.attempt
org.apache.hadoop.yarn.server.resourcemanager,org.apache.hadoop.yarn.server.resourcemanager.rmapp.attempt.event
org.apache.hadoop.yarn.server.resourcemanager,org.apache.hadoop.yarn.server.resourcemanager.rmapp.monitor
org.apache.hadoop.yarn.server.resourcemanager,org.apache.hadoop.yarn.server.resourcemanager.rmcontainer
org.apache.hadoop.yarn.server.resourcemanager,org.apache.hadoop.yarn.server.resourcemanager.rmnode
org.apache.hadoop.yarn.server.resourcemanager,org.apache.hadoop.yarn.server.resourcemanager.scheduler
org.apache.hadoop.yarn.server.resourcemanager,org.apache.hadoop.yarn.server.resourcemanager.scheduler.capacity
org.apache.hadoop.yarn.server.resourcemanager,org.apache.hadoop.yarn.server.resourcemanager.scheduler.capacity.conf
org.apache.hadoop.yarn.server.resourcemanager,org.apache.hadoop.yarn.server.resourcemanager.scheduler.constraint
org.apache.hadoop.yarn.server.resourcemanager,org.apache.hadoop.yarn.server.resourcemanager.scheduler.constraint.processor
org.apache.hadoop.yarn.server.resourcemanager,org.apache.hadoop.yarn.server.resourcemanager.scheduler.distributed
org.apache.hadoop.yarn.server.resourcemanager,org.apache.hadoop.yarn.server.resourcemanager.scheduler.event
org.apache.hadoop.yarn.server.resourcemanager,org.apache.hadoop.yarn.server.resourcemanager.scheduler.fair
org.apache.hadoop.yarn.server.resourcemanager,org.apache.hadoop.yarn.server.resourcemanager.scheduler.placement
org.apache.hadoop.yarn.server.resourcemanager,org.apache.hadoop.yarn.server.resourcemanager.security
org.apache.hadoop.yarn.server.resourcemanager,org.apache.hadoop.yarn.server.resourcemanager.security.authorize
org.apache.hadoop.yarn.server.resourcemanager,org.apache.hadoop.yarn.server.resourcemanager.timelineservice
org.apache.hadoop.yarn.server.resourcemanager,org.apache.hadoop.yarn.server.resourcemanager.volume.csi
org.apache.hadoop.yarn.server.resourcemanager,org.apache.hadoop.yarn.server.resourcemanager.volume.csi.processor
org.apache.hadoop.yarn.server.resourcemanager,org.apache.hadoop.yarn.server.resourcemanager.webapp
org.apache.hadoop.yarn.server.resourcemanager,org.apache.hadoop.yarn.server.scheduler
org.apache.hadoop.yarn.server.resourcemanager,org.apache.hadoop.yarn.server.security
org.apache.hadoop.yarn.server.resourcemanager,org.apache.hadoop.yarn.server.service
org.apache.hadoop.yarn.server.resourcemanager,org.apache.hadoop.yarn.server.utils
org.apache.hadoop.yarn.server.resourcemanager,org.apache.hadoop.yarn.server.webproxy
org.apache.hadoop.yarn.server.resourcemanager,org.apache.hadoop.yarn.util
org.apache.hadoop.yarn.server.resourcemanager,org.apache.hadoop.yarn.util.resource
org.apache.hadoop.yarn.server.resourcemanager,org.apache.hadoop.yarn.util.timeline
org.apache.hadoop.yarn.server.resourcemanager,org.apache.hadoop.yarn.webapp
org.apache.hadoop.yarn.server.resourcemanager,org.apache.hadoop.yarn.webapp.util
org.apache.hadoop.yarn.server.resourcemanager.ahs,org.apache.hadoop.classification
org.apache.hadoop.yarn.server.resourcemanager.ahs,org.apache.hadoop.conf
org.apache.hadoop.yarn.server.resourcemanager.ahs,org.apache.hadoop.service
org.apache.hadoop.yarn.server.resourcemanager.ahs,org.apache.hadoop.yarn.api.records
org.apache.hadoop.yarn.server.resourcemanager.ahs,org.apache.hadoop.yarn.conf
org.apache.hadoop.yarn.server.resourcemanager.ahs,org.apache.hadoop.yarn.event
org.apache.hadoop.yarn.server.resourcemanager.ahs,org.apache.hadoop.yarn.exceptions
org.apache.hadoop.yarn.server.resourcemanager.ahs,org.apache.hadoop.yarn.server.applicationhistoryservice
org.apache.hadoop.yarn.server.resourcemanager.ahs,org.apache.hadoop.yarn.server.applicationhistoryservice.records
org.apache.hadoop.yarn.server.resourcemanager.ahs,org.apache.hadoop.yarn.server.resourcemanager
org.apache.hadoop.yarn.server.resourcemanager.ahs,org.apache.hadoop.yarn.server.resourcemanager.rmapp
org.apache.hadoop.yarn.server.resourcemanager.ahs,org.apache.hadoop.yarn.server.resourcemanager.rmapp.attempt
org.apache.hadoop.yarn.server.resourcemanager.ahs,org.apache.hadoop.yarn.server.resourcemanager.rmcontainer
org.apache.hadoop.yarn.server.resourcemanager.amlauncher,org.apache.hadoop.classification
org.apache.hadoop.yarn.server.resourcemanager.amlauncher,org.apache.hadoop.conf
org.apache.hadoop.yarn.server.resourcemanager.amlauncher,org.apache.hadoop.fs
org.apache.hadoop.yarn.server.resourcemanager.amlauncher,org.apache.hadoop.io
org.apache.hadoop.yarn.server.resourcemanager.amlauncher,org.apache.hadoop.net
org.apache.hadoop.yarn.server.resourcemanager.amlauncher,org.apache.hadoop.security
org.apache.hadoop.yarn.server.resourcemanager.amlauncher,org.apache.hadoop.security.token
org.apache.hadoop.yarn.server.resourcemanager.amlauncher,org.apache.hadoop.service
org.apache.hadoop.yarn.server.resourcemanager.amlauncher,org.apache.hadoop.util
org.apache.hadoop.yarn.server.resourcemanager.amlauncher,org.apache.hadoop.yarn.api
org.apache.hadoop.yarn.server.resourcemanager.amlauncher,org.apache.hadoop.yarn.api.protocolrecords
org.apache.hadoop.yarn.server.resourcemanager.amlauncher,org.apache.hadoop.yarn.api.records
org.apache.hadoop.yarn.server.resourcemanager.amlauncher,org.apache.hadoop.yarn.client
org.apache.hadoop.yarn.server.resourcemanager.amlauncher,org.apache.hadoop.yarn.conf
org.apache.hadoop.yarn.server.resourcemanager.amlauncher,org.apache.hadoop.yarn.event
org.apache.hadoop.yarn.server.resourcemanager.amlauncher,org.apache.hadoop.yarn.exceptions
org.apache.hadoop.yarn.server.resourcemanager.amlauncher,org.apache.hadoop.yarn.ipc
org.apache.hadoop.yarn.server.resourcemanager.amlauncher,org.apache.hadoop.yarn.security
org.apache.hadoop.yarn.server.resourcemanager.amlauncher,org.apache.hadoop.yarn.server.resourcemanager
org.apache.hadoop.yarn.server.resourcemanager.amlauncher,org.apache.hadoop.yarn.server.resourcemanager.rmapp
org.apache.hadoop.yarn.server.resourcemanager.amlauncher,org.apache.hadoop.yarn.server.resourcemanager.rmapp.attempt
org.apache.hadoop.yarn.server.resourcemanager.amlauncher,org.apache.hadoop.yarn.server.security
org.apache.hadoop.yarn.server.resourcemanager.amlauncher,org.apache.hadoop.yarn.server.webproxy
org.apache.hadoop.yarn.server.resourcemanager.amlauncher,org.apache.hadoop.yarn.util
org.apache.hadoop.yarn.server.resourcemanager.amlauncher,org.apache.hadoop.yarn.util.timeline
org.apache.hadoop.yarn.server.resourcemanager.blacklist,org.apache.hadoop.yarn.api.records
org.apache.hadoop.yarn.server.resourcemanager.federation,org.apache.hadoop.classification
org.apache.hadoop.yarn.server.resourcemanager.federation,org.apache.hadoop.conf
org.apache.hadoop.yarn.server.resourcemanager.federation,org.apache.hadoop.io.retry
org.apache.hadoop.yarn.server.resourcemanager.federation,org.apache.hadoop.metrics2
org.apache.hadoop.yarn.server.resourcemanager.federation,org.apache.hadoop.metrics2.annotation
org.apache.hadoop.yarn.server.resourcemanager.federation,org.apache.hadoop.metrics2.lib
org.apache.hadoop.yarn.server.resourcemanager.federation,org.apache.hadoop.net
org.apache.hadoop.yarn.server.resourcemanager.federation,org.apache.hadoop.service
org.apache.hadoop.yarn.server.resourcemanager.federation,org.apache.hadoop.util.concurrent
org.apache.hadoop.yarn.server.resourcemanager.federation,org.apache.hadoop.yarn.api.records
org.apache.hadoop.yarn.server.resourcemanager.federation,org.apache.hadoop.yarn.conf
org.apache.hadoop.yarn.server.resourcemanager.federation,org.apache.hadoop.yarn.exceptions
org.apache.hadoop.yarn.server.resourcemanager.federation,org.apache.hadoop.yarn.server.federation.retry
org.apache.hadoop.yarn.server.resourcemanager.federation,org.apache.hadoop.yarn.server.federation.store
org.apache.hadoop.yarn.server.resourcemanager.federation,org.apache.hadoop.yarn.server.federation.store.records
org.apache.hadoop.yarn.server.resourcemanager.federation,org.apache.hadoop.yarn.server.federation.utils
org.apache.hadoop.yarn.server.resourcemanager.federation,org.apache.hadoop.yarn.server.records
org.apache.hadoop.yarn.server.resourcemanager.federation,org.apache.hadoop.yarn.server.resourcemanager
org.apache.hadoop.yarn.server.resourcemanager.federation,org.apache.hadoop.yarn.server.resourcemanager.rmapp
org.apache.hadoop.yarn.server.resourcemanager.federation,org.apache.hadoop.yarn.server.resourcemanager.scheduler
org.apache.hadoop.yarn.server.resourcemanager.federation,org.apache.hadoop.yarn.server.resourcemanager.webapp
org.apache.hadoop.yarn.server.resourcemanager.federation,org.apache.hadoop.yarn.server.resourcemanager.webapp.dao
org.apache.hadoop.yarn.server.resourcemanager.federation,org.apache.hadoop.yarn.util
org.apache.hadoop.yarn.server.resourcemanager.federation,org.apache.hadoop.yarn.webapp.util
org.apache.hadoop.yarn.server.resourcemanager.metrics,org.apache.hadoop.classification
org.apache.hadoop.yarn.server.resourcemanager.metrics,org.apache.hadoop.conf
org.apache.hadoop.yarn.server.resourcemanager.metrics,org.apache.hadoop.security
org.apache.hadoop.yarn.server.resourcemanager.metrics,org.apache.hadoop.service
org.apache.hadoop.yarn.server.resourcemanager.metrics,org.apache.hadoop.yarn.api.records
org.apache.hadoop.yarn.server.resourcemanager.metrics,org.apache.hadoop.yarn.api.records.timeline
org.apache.hadoop.yarn.server.resourcemanager.metrics,org.apache.hadoop.yarn.api.records.timelineservice
org.apache.hadoop.yarn.server.resourcemanager.metrics,org.apache.hadoop.yarn.client.api
org.apache.hadoop.yarn.server.resourcemanager.metrics,org.apache.hadoop.yarn.conf
org.apache.hadoop.yarn.server.resourcemanager.metrics,org.apache.hadoop.yarn.event
org.apache.hadoop.yarn.server.resourcemanager.metrics,org.apache.hadoop.yarn.server.metrics
org.apache.hadoop.yarn.server.resourcemanager.metrics,org.apache.hadoop.yarn.server.resourcemanager
org.apache.hadoop.yarn.server.resourcemanager.metrics,org.apache.hadoop.yarn.server.resourcemanager.rmapp
org.apache.hadoop.yarn.server.resourcemanager.metrics,org.apache.hadoop.yarn.server.resourcemanager.rmapp.attempt
org.apache.hadoop.yarn.server.resourcemanager.metrics,org.apache.hadoop.yarn.server.resourcemanager.rmcontainer
org.apache.hadoop.yarn.server.resourcemanager.metrics,org.apache.hadoop.yarn.server.resourcemanager.timelineservice
org.apache.hadoop.yarn.server.resourcemanager.metrics,org.apache.hadoop.yarn.server.timelineservice.collector
org.apache.hadoop.yarn.server.resourcemanager.metrics,org.apache.hadoop.yarn.util
org.apache.hadoop.yarn.server.resourcemanager.metrics,org.apache.hadoop.yarn.util.timeline
org.apache.hadoop.yarn.server.resourcemanager.monitor,org.apache.hadoop.classification
org.apache.hadoop.yarn.server.resourcemanager.monitor,org.apache.hadoop.conf
org.apache.hadoop.yarn.server.resourcemanager.monitor,org.apache.hadoop.service
org.apache.hadoop.yarn.server.resourcemanager.monitor,org.apache.hadoop.util
org.apache.hadoop.yarn.server.resourcemanager.monitor,org.apache.hadoop.yarn.conf
org.apache.hadoop.yarn.server.resourcemanager.monitor,org.apache.hadoop.yarn.exceptions
org.apache.hadoop.yarn.server.resourcemanager.monitor,org.apache.hadoop.yarn.server.resourcemanager
org.apache.hadoop.yarn.server.resourcemanager.monitor,org.apache.hadoop.yarn.server.resourcemanager.monitor.capacity
org.apache.hadoop.yarn.server.resourcemanager.monitor,org.apache.hadoop.yarn.server.resourcemanager.scheduler
org.apache.hadoop.yarn.server.resourcemanager.monitor.capacity,org.apache.hadoop.classification
org.apache.hadoop.yarn.server.resourcemanager.monitor.capacity,org.apache.hadoop.conf
org.apache.hadoop.yarn.server.resourcemanager.monitor.capacity,org.apache.hadoop.yarn.api.records
org.apache.hadoop.yarn.server.resourcemanager.monitor.capacity,org.apache.hadoop.yarn.exceptions
org.apache.hadoop.yarn.server.resourcemanager.monitor.capacity,org.apache.hadoop.yarn.server.resourcemanager
org.apache.hadoop.yarn.server.resourcemanager.monitor.capacity,org.apache.hadoop.yarn.server.resourcemanager.monitor
org.apache.hadoop.yarn.server.resourcemanager.monitor.capacity,org.apache.hadoop.yarn.server.resourcemanager.nodelabels
org.apache.hadoop.yarn.server.resourcemanager.monitor.capacity,org.apache.hadoop.yarn.server.resourcemanager.rmcontainer
org.apache.hadoop.yarn.server.resourcemanager.monitor.capacity,org.apache.hadoop.yarn.server.resourcemanager.scheduler
org.apache.hadoop.yarn.server.resourcemanager.monitor.capacity,org.apache.hadoop.yarn.server.resourcemanager.scheduler.capacity
org.apache.hadoop.yarn.server.resourcemanager.monitor.capacity,org.apache.hadoop.yarn.server.resourcemanager.scheduler.capacity.policy
org.apache.hadoop.yarn.server.resourcemanager.monitor.capacity,org.apache.hadoop.yarn.server.resourcemanager.scheduler.capacity.preemption
org.apache.hadoop.yarn.server.resourcemanager.monitor.capacity,org.apache.hadoop.yarn.server.resourcemanager.scheduler.common.fica
org.apache.hadoop.yarn.server.resourcemanager.monitor.capacity,org.apache.hadoop.yarn.server.resourcemanager.scheduler.event
org.apache.hadoop.yarn.server.resourcemanager.monitor.capacity,org.apache.hadoop.yarn.server.resourcemanager.scheduler.policy
org.apache.hadoop.yarn.server.resourcemanager.monitor.capacity,org.apache.hadoop.yarn.util
org.apache.hadoop.yarn.server.resourcemanager.monitor.capacity,org.apache.hadoop.yarn.util.resource
org.apache.hadoop.yarn.server.resourcemanager.monitor.invariants,org.apache.hadoop.conf
org.apache.hadoop.yarn.server.resourcemanager.monitor.invariants,org.apache.hadoop.metrics2
org.apache.hadoop.yarn.server.resourcemanager.monitor.invariants,org.apache.hadoop.metrics2.impl
org.apache.hadoop.yarn.server.resourcemanager.monitor.invariants,org.apache.hadoop.metrics2.lib
org.apache.hadoop.yarn.server.resourcemanager.monitor.invariants,org.apache.hadoop.metrics2.source
org.apache.hadoop.yarn.server.resourcemanager.monitor.invariants,org.apache.hadoop.yarn.exceptions
org.apache.hadoop.yarn.server.resourcemanager.monitor.invariants,org.apache.hadoop.yarn.server.resourcemanager
org.apache.hadoop.yarn.server.resourcemanager.monitor.invariants,org.apache.hadoop.yarn.server.resourcemanager.monitor
org.apache.hadoop.yarn.server.resourcemanager.monitor.invariants,org.apache.hadoop.yarn.server.resourcemanager.reservation
org.apache.hadoop.yarn.server.resourcemanager.monitor.invariants,org.apache.hadoop.yarn.server.resourcemanager.scheduler
org.apache.hadoop.yarn.server.resourcemanager.monitor.invariants,org.apache.hadoop.yarn.util
org.apache.hadoop.yarn.server.resourcemanager.nodelabels,org.apache.hadoop.classification
org.apache.hadoop.yarn.server.resourcemanager.nodelabels,org.apache.hadoop.conf
org.apache.hadoop.yarn.server.resourcemanager.nodelabels,org.apache.hadoop.fs
org.apache.hadoop.yarn.server.resourcemanager.nodelabels,org.apache.hadoop.security
org.apache.hadoop.yarn.server.resourcemanager.nodelabels,org.apache.hadoop.service
org.apache.hadoop.yarn.server.resourcemanager.nodelabels,org.apache.hadoop.util
org.apache.hadoop.yarn.server.resourcemanager.nodelabels,org.apache.hadoop.yarn.api.records
org.apache.hadoop.yarn.server.resourcemanager.nodelabels,org.apache.hadoop.yarn.conf
org.apache.hadoop.yarn.server.resourcemanager.nodelabels,org.apache.hadoop.yarn.event
org.apache.hadoop.yarn.server.resourcemanager.nodelabels,org.apache.hadoop.yarn.exceptions
org.apache.hadoop.yarn.server.resourcemanager.nodelabels,org.apache.hadoop.yarn.nodelabels
org.apache.hadoop.yarn.server.resourcemanager.nodelabels,org.apache.hadoop.yarn.nodelabels.store
org.apache.hadoop.yarn.server.resourcemanager.nodelabels,org.apache.hadoop.yarn.nodelabels.store.op
org.apache.hadoop.yarn.server.resourcemanager.nodelabels,org.apache.hadoop.yarn.security
org.apache.hadoop.yarn.server.resourcemanager.nodelabels,org.apache.hadoop.yarn.server.api.protocolrecords
org.apache.hadoop.yarn.server.resourcemanager.nodelabels,org.apache.hadoop.yarn.server.resourcemanager
org.apache.hadoop.yarn.server.resourcemanager.nodelabels,org.apache.hadoop.yarn.server.resourcemanager.scheduler.event
org.apache.hadoop.yarn.server.resourcemanager.nodelabels,org.apache.hadoop.yarn.util.resource
org.apache.hadoop.yarn.server.resourcemanager.placement,org.apache.hadoop.classification
org.apache.hadoop.yarn.server.resourcemanager.placement,org.apache.hadoop.conf
org.apache.hadoop.yarn.server.resourcemanager.placement,org.apache.hadoop.security
org.apache.hadoop.yarn.server.resourcemanager.placement,org.apache.hadoop.util
org.apache.hadoop.yarn.server.resourcemanager.placement,org.apache.hadoop.yarn.api.records
org.apache.hadoop.yarn.server.resourcemanager.placement,org.apache.hadoop.yarn.conf
org.apache.hadoop.yarn.server.resourcemanager.placement,org.apache.hadoop.yarn.exceptions
org.apache.hadoop.yarn.server.resourcemanager.placement,org.apache.hadoop.yarn.server.resourcemanager.placement.csmappingrule
org.apache.hadoop.yarn.server.resourcemanager.placement,org.apache.hadoop.yarn.server.resourcemanager.scheduler
org.apache.hadoop.yarn.server.resourcemanager.placement,org.apache.hadoop.yarn.server.resourcemanager.scheduler.capacity
org.apache.hadoop.yarn.server.resourcemanager.placement,org.apache.hadoop.yarn.server.resourcemanager.scheduler.fair
org.apache.hadoop.yarn.server.resourcemanager.placement.csmappingrule,org.apache.hadoop.util
org.apache.hadoop.yarn.server.resourcemanager.placement.csmappingrule,org.apache.hadoop.yarn.exceptions
org.apache.hadoop.yarn.server.resourcemanager.placement.csmappingrule,org.apache.hadoop.yarn.server.resourcemanager.placement
org.apache.hadoop.yarn.server.resourcemanager.placement.csmappingrule,org.apache.hadoop.yarn.server.resourcemanager.scheduler.capacity
org.apache.hadoop.yarn.server.resourcemanager.preprocessor,org.apache.hadoop.classification
org.apache.hadoop.yarn.server.resourcemanager.preprocessor,org.apache.hadoop.conf
org.apache.hadoop.yarn.server.resourcemanager.preprocessor,org.apache.hadoop.io
org.apache.hadoop.yarn.server.resourcemanager.preprocessor,org.apache.hadoop.yarn.api.records
org.apache.hadoop.yarn.server.resourcemanager.preprocessor,org.apache.hadoop.yarn.conf
org.apache.hadoop.yarn.server.resourcemanager.recovery,org.apache.hadoop.classification
org.apache.hadoop.yarn.server.resourcemanager.recovery,org.apache.hadoop.conf
org.apache.hadoop.yarn.server.resourcemanager.recovery,org.apache.hadoop.fs
org.apache.hadoop.yarn.server.resourcemanager.recovery,org.apache.hadoop.fs.permission
org.apache.hadoop.yarn.server.resourcemanager.recovery,org.apache.hadoop.io
org.apache.hadoop.yarn.server.resourcemanager.recovery,org.apache.hadoop.metrics2
org.apache.hadoop.yarn.server.resourcemanager.recovery,org.apache.hadoop.metrics2.annotation
org.apache.hadoop.yarn.server.resourcemanager.recovery,org.apache.hadoop.metrics2.lib
org.apache.hadoop.yarn.server.resourcemanager.recovery,org.apache.hadoop.security
org.apache.hadoop.yarn.server.resourcemanager.recovery,org.apache.hadoop.security.token.delegation
org.apache.hadoop.yarn.server.resourcemanager.recovery,org.apache.hadoop.service
org.apache.hadoop.yarn.server.resourcemanager.recovery,org.apache.hadoop.util
org.apache.hadoop.yarn.server.resourcemanager.recovery,org.apache.hadoop.util.curator
org.apache.hadoop.yarn.server.resourcemanager.recovery,org.apache.hadoop.yarn.api.records
org.apache.hadoop.yarn.server.resourcemanager.recovery,org.apache.hadoop.yarn.api.records.impl.pb
org.apache.hadoop.yarn.server.resourcemanager.recovery,org.apache.hadoop.yarn.conf
org.apache.hadoop.yarn.server.resourcemanager.recovery,org.apache.hadoop.yarn.event
org.apache.hadoop.yarn.server.resourcemanager.recovery,org.apache.hadoop.yarn.exceptions
org.apache.hadoop.yarn.server.resourcemanager.recovery,org.apache.hadoop.yarn.security.client
org.apache.hadoop.yarn.server.resourcemanager.recovery,org.apache.hadoop.yarn.server.records
org.apache.hadoop.yarn.server.resourcemanager.recovery,org.apache.hadoop.yarn.server.records.impl.pb
org.apache.hadoop.yarn.server.resourcemanager.recovery,org.apache.hadoop.yarn.server.resourcemanager
org.apache.hadoop.yarn.server.resourcemanager.recovery,org.apache.hadoop.yarn.server.resourcemanager.recovery.records
org.apache.hadoop.yarn.server.resourcemanager.recovery,org.apache.hadoop.yarn.server.resourcemanager.recovery.records.impl.pb
org.apache.hadoop.yarn.server.resourcemanager.recovery,org.apache.hadoop.yarn.server.resourcemanager.rmapp
org.apache.hadoop.yarn.server.resourcemanager.recovery,org.apache.hadoop.yarn.server.resourcemanager.rmapp.attempt
org.apache.hadoop.yarn.server.resourcemanager.recovery,org.apache.hadoop.yarn.server.utils
org.apache.hadoop.yarn.server.resourcemanager.recovery,org.apache.hadoop.yarn.state
org.apache.hadoop.yarn.server.resourcemanager.recovery,org.apache.hadoop.yarn.util
org.apache.hadoop.yarn.server.resourcemanager.recovery.records,org.apache.hadoop.ipc
org.apache.hadoop.yarn.server.resourcemanager.recovery.records,org.apache.hadoop.security
org.apache.hadoop.yarn.server.resourcemanager.recovery.records,org.apache.hadoop.yarn.api.records
org.apache.hadoop.yarn.server.resourcemanager.recovery.records,org.apache.hadoop.yarn.security.client
org.apache.hadoop.yarn.server.resourcemanager.recovery.records,org.apache.hadoop.yarn.server.api.records
org.apache.hadoop.yarn.server.resourcemanager.recovery.records,org.apache.hadoop.yarn.server.resourcemanager
org.apache.hadoop.yarn.server.resourcemanager.recovery.records,org.apache.hadoop.yarn.server.resourcemanager.rmapp
org.apache.hadoop.yarn.server.resourcemanager.recovery.records,org.apache.hadoop.yarn.server.resourcemanager.rmapp.attempt
org.apache.hadoop.yarn.server.resourcemanager.recovery.records,org.apache.hadoop.yarn.server.resourcemanager.security
org.apache.hadoop.yarn.server.resourcemanager.recovery.records,org.apache.hadoop.yarn.util
org.apache.hadoop.yarn.server.resourcemanager.recovery.records.impl.pb,org.apache.hadoop.io
org.apache.hadoop.yarn.server.resourcemanager.recovery.records.impl.pb,org.apache.hadoop.ipc
org.apache.hadoop.yarn.server.resourcemanager.recovery.records.impl.pb,org.apache.hadoop.security
org.apache.hadoop.yarn.server.resourcemanager.recovery.records.impl.pb,org.apache.hadoop.yarn.api.records
org.apache.hadoop.yarn.server.resourcemanager.recovery.records.impl.pb,org.apache.hadoop.yarn.api.records.impl.pb
org.apache.hadoop.yarn.server.resourcemanager.recovery.records.impl.pb,org.apache.hadoop.yarn.server.api.records
org.apache.hadoop.yarn.server.resourcemanager.recovery.records.impl.pb,org.apache.hadoop.yarn.server.api.records.impl.pb
org.apache.hadoop.yarn.server.resourcemanager.recovery.records.impl.pb,org.apache.hadoop.yarn.server.resourcemanager.recovery.records
org.apache.hadoop.yarn.server.resourcemanager.recovery.records.impl.pb,org.apache.hadoop.yarn.server.resourcemanager.rmapp
org.apache.hadoop.yarn.server.resourcemanager.recovery.records.impl.pb,org.apache.hadoop.yarn.server.resourcemanager.rmapp.attempt
org.apache.hadoop.yarn.server.resourcemanager.reservation,org.apache.hadoop.classification
org.apache.hadoop.yarn.server.resourcemanager.reservation,org.apache.hadoop.conf
org.apache.hadoop.yarn.server.resourcemanager.reservation,org.apache.hadoop.security.authorize
org.apache.hadoop.yarn.server.resourcemanager.reservation,org.apache.hadoop.service
org.apache.hadoop.yarn.server.resourcemanager.reservation,org.apache.hadoop.util
org.apache.hadoop.yarn.server.resourcemanager.reservation,org.apache.hadoop.yarn.api.protocolrecords
org.apache.hadoop.yarn.server.resourcemanager.reservation,org.apache.hadoop.yarn.api.records
org.apache.hadoop.yarn.server.resourcemanager.reservation,org.apache.hadoop.yarn.api.records.impl.pb
org.apache.hadoop.yarn.server.resourcemanager.reservation,org.apache.hadoop.yarn.conf
org.apache.hadoop.yarn.server.resourcemanager.reservation,org.apache.hadoop.yarn.exceptions
org.apache.hadoop.yarn.server.resourcemanager.reservation,org.apache.hadoop.yarn.ipc
org.apache.hadoop.yarn.server.resourcemanager.reservation,org.apache.hadoop.yarn.server.resourcemanager
org.apache.hadoop.yarn.server.resourcemanager.reservation,org.apache.hadoop.yarn.server.resourcemanager.recovery
org.apache.hadoop.yarn.server.resourcemanager.reservation,org.apache.hadoop.yarn.server.resourcemanager.reservation.exceptions
org.apache.hadoop.yarn.server.resourcemanager.reservation,org.apache.hadoop.yarn.server.resourcemanager.reservation.planning
org.apache.hadoop.yarn.server.resourcemanager.reservation,org.apache.hadoop.yarn.server.resourcemanager.scheduler
org.apache.hadoop.yarn.server.resourcemanager.reservation,org.apache.hadoop.yarn.server.resourcemanager.scheduler.capacity
org.apache.hadoop.yarn.server.resourcemanager.reservation,org.apache.hadoop.yarn.server.resourcemanager.scheduler.common
org.apache.hadoop.yarn.server.resourcemanager.reservation,org.apache.hadoop.yarn.server.resourcemanager.scheduler.fair
org.apache.hadoop.yarn.server.resourcemanager.reservation,org.apache.hadoop.yarn.server.resourcemanager.security
org.apache.hadoop.yarn.server.resourcemanager.reservation,org.apache.hadoop.yarn.util
org.apache.hadoop.yarn.server.resourcemanager.reservation,org.apache.hadoop.yarn.util.resource
org.apache.hadoop.yarn.server.resourcemanager.reservation.exceptions,org.apache.hadoop.yarn.api.protocolrecords
org.apache.hadoop.yarn.server.resourcemanager.reservation.exceptions,org.apache.hadoop.yarn.server.resourcemanager.reservation
org.apache.hadoop.yarn.server.resourcemanager.reservation.planning,org.apache.hadoop.classification
org.apache.hadoop.yarn.server.resourcemanager.reservation.planning,org.apache.hadoop.conf
org.apache.hadoop.yarn.server.resourcemanager.reservation.planning,org.apache.hadoop.yarn.api.records
org.apache.hadoop.yarn.server.resourcemanager.reservation.planning,org.apache.hadoop.yarn.server.resourcemanager.reservation
org.apache.hadoop.yarn.server.resourcemanager.reservation.planning,org.apache.hadoop.yarn.server.resourcemanager.reservation.exceptions
org.apache.hadoop.yarn.server.resourcemanager.reservation.planning,org.apache.hadoop.yarn.server.resourcemanager.scheduler.capacity
org.apache.hadoop.yarn.server.resourcemanager.reservation.planning,org.apache.hadoop.yarn.util
org.apache.hadoop.yarn.server.resourcemanager.reservation.planning,org.apache.hadoop.yarn.util.resource
org.apache.hadoop.yarn.server.resourcemanager.resource,org.apache.hadoop.classification
org.apache.hadoop.yarn.server.resourcemanager.resource,org.apache.hadoop.conf
org.apache.hadoop.yarn.server.resourcemanager.resource,org.apache.hadoop.util
org.apache.hadoop.yarn.server.resourcemanager.resource,org.apache.hadoop.yarn.api.records
org.apache.hadoop.yarn.server.resourcemanager.resource,org.apache.hadoop.yarn.conf
org.apache.hadoop.yarn.server.resourcemanager.resource,org.apache.hadoop.yarn.exceptions
org.apache.hadoop.yarn.server.resourcemanager.resource,org.apache.hadoop.yarn.util.resource
org.apache.hadoop.yarn.server.resourcemanager.rmapp,org.apache.hadoop.classification
org.apache.hadoop.yarn.server.resourcemanager.rmapp,org.apache.hadoop.conf
org.apache.hadoop.yarn.server.resourcemanager.rmapp,org.apache.hadoop.ipc
org.apache.hadoop.yarn.server.resourcemanager.rmapp,org.apache.hadoop.security
org.apache.hadoop.yarn.server.resourcemanager.rmapp,org.apache.hadoop.security.token
org.apache.hadoop.yarn.server.resourcemanager.rmapp,org.apache.hadoop.util
org.apache.hadoop.yarn.server.resourcemanager.rmapp,org.apache.hadoop.yarn.api.protocolrecords
org.apache.hadoop.yarn.server.resourcemanager.rmapp,org.apache.hadoop.yarn.api.records
org.apache.hadoop.yarn.server.resourcemanager.rmapp,org.apache.hadoop.yarn.client.api
org.apache.hadoop.yarn.server.resourcemanager.rmapp,org.apache.hadoop.yarn.conf
org.apache.hadoop.yarn.server.resourcemanager.rmapp,org.apache.hadoop.yarn.event
org.apache.hadoop.yarn.server.resourcemanager.rmapp,org.apache.hadoop.yarn.exceptions
org.apache.hadoop.yarn.server.resourcemanager.rmapp,org.apache.hadoop.yarn.security
org.apache.hadoop.yarn.server.resourcemanager.rmapp,org.apache.hadoop.yarn.security.client
org.apache.hadoop.yarn.server.resourcemanager.rmapp,org.apache.hadoop.yarn.server.api.protocolrecords
org.apache.hadoop.yarn.server.resourcemanager.rmapp,org.apache.hadoop.yarn.server.api.records
org.apache.hadoop.yarn.server.resourcemanager.rmapp,org.apache.hadoop.yarn.server.resourcemanager
org.apache.hadoop.yarn.server.resourcemanager.rmapp,org.apache.hadoop.yarn.server.resourcemanager.blacklist
org.apache.hadoop.yarn.server.resourcemanager.rmapp,org.apache.hadoop.yarn.server.resourcemanager.recovery
org.apache.hadoop.yarn.server.resourcemanager.rmapp,org.apache.hadoop.yarn.server.resourcemanager.recovery.records
org.apache.hadoop.yarn.server.resourcemanager.rmapp,org.apache.hadoop.yarn.server.resourcemanager.rmapp.attempt
org.apache.hadoop.yarn.server.resourcemanager.rmapp,org.apache.hadoop.yarn.server.resourcemanager.rmnode
org.apache.hadoop.yarn.server.resourcemanager.rmapp,org.apache.hadoop.yarn.server.resourcemanager.scheduler
org.apache.hadoop.yarn.server.resourcemanager.rmapp,org.apache.hadoop.yarn.server.resourcemanager.scheduler.event
org.apache.hadoop.yarn.server.resourcemanager.rmapp,org.apache.hadoop.yarn.server.timelineservice.collector
org.apache.hadoop.yarn.server.resourcemanager.rmapp,org.apache.hadoop.yarn.server.utils
org.apache.hadoop.yarn.server.resourcemanager.rmapp,org.apache.hadoop.yarn.state
org.apache.hadoop.yarn.server.resourcemanager.rmapp,org.apache.hadoop.yarn.util
org.apache.hadoop.yarn.server.resourcemanager.rmapp,org.apache.hadoop.yarn.util.resource
org.apache.hadoop.yarn.server.resourcemanager.rmapp.attempt,org.apache.hadoop.classification
org.apache.hadoop.yarn.server.resourcemanager.rmapp.attempt,org.apache.hadoop.conf
org.apache.hadoop.yarn.server.resourcemanager.rmapp.attempt,org.apache.hadoop.security
org.apache.hadoop.yarn.server.resourcemanager.rmapp.attempt,org.apache.hadoop.security.token
org.apache.hadoop.yarn.server.resourcemanager.rmapp.attempt,org.apache.hadoop.util
org.apache.hadoop.yarn.server.resourcemanager.rmapp.attempt,org.apache.hadoop.yarn.api.records
org.apache.hadoop.yarn.server.resourcemanager.rmapp.attempt,org.apache.hadoop.yarn.conf
org.apache.hadoop.yarn.server.resourcemanager.rmapp.attempt,org.apache.hadoop.yarn.event
org.apache.hadoop.yarn.server.resourcemanager.rmapp.attempt,org.apache.hadoop.yarn.exceptions
org.apache.hadoop.yarn.server.resourcemanager.rmapp.attempt,org.apache.hadoop.yarn.factories
org.apache.hadoop.yarn.server.resourcemanager.rmapp.attempt,org.apache.hadoop.yarn.factory.providers
org.apache.hadoop.yarn.server.resourcemanager.rmapp.attempt,org.apache.hadoop.yarn.security
org.apache.hadoop.yarn.server.resourcemanager.rmapp.attempt,org.apache.hadoop.yarn.security.client
org.apache.hadoop.yarn.server.resourcemanager.rmapp.attempt,org.apache.hadoop.yarn.server.resourcemanager
org.apache.hadoop.yarn.server.resourcemanager.rmapp.attempt,org.apache.hadoop.yarn.server.resourcemanager.amlauncher
org.apache.hadoop.yarn.server.resourcemanager.rmapp.attempt,org.apache.hadoop.yarn.server.resourcemanager.blacklist
org.apache.hadoop.yarn.server.resourcemanager.rmapp.attempt,org.apache.hadoop.yarn.server.resourcemanager.recovery
org.apache.hadoop.yarn.server.resourcemanager.rmapp.attempt,org.apache.hadoop.yarn.server.resourcemanager.recovery.records
org.apache.hadoop.yarn.server.resourcemanager.rmapp.attempt,org.apache.hadoop.yarn.server.resourcemanager.rmapp
org.apache.hadoop.yarn.server.resourcemanager.rmapp.attempt,org.apache.hadoop.yarn.server.resourcemanager.rmapp.attempt.event
org.apache.hadoop.yarn.server.resourcemanager.rmapp.attempt,org.apache.hadoop.yarn.server.resourcemanager.rmcontainer
org.apache.hadoop.yarn.server.resourcemanager.rmapp.attempt,org.apache.hadoop.yarn.server.resourcemanager.rmnode
org.apache.hadoop.yarn.server.resourcemanager.rmapp.attempt,org.apache.hadoop.yarn.server.resourcemanager.scheduler
org.apache.hadoop.yarn.server.resourcemanager.rmapp.attempt,org.apache.hadoop.yarn.server.resourcemanager.scheduler.event
org.apache.hadoop.yarn.server.resourcemanager.rmapp.attempt,org.apache.hadoop.yarn.server.resourcemanager.security
org.apache.hadoop.yarn.server.resourcemanager.rmapp.attempt,org.apache.hadoop.yarn.server.webproxy
org.apache.hadoop.yarn.server.resourcemanager.rmapp.attempt,org.apache.hadoop.yarn.state
org.apache.hadoop.yarn.server.resourcemanager.rmapp.attempt,org.apache.hadoop.yarn.util
org.apache.hadoop.yarn.server.resourcemanager.rmapp.attempt,org.apache.hadoop.yarn.util.resource
org.apache.hadoop.yarn.server.resourcemanager.rmapp.attempt,org.apache.hadoop.yarn.webapp.util
org.apache.hadoop.yarn.server.resourcemanager.rmapp.attempt.event,org.apache.hadoop.yarn.api.records
org.apache.hadoop.yarn.server.resourcemanager.rmapp.attempt.event,org.apache.hadoop.yarn.server.resourcemanager.rmapp.attempt
org.apache.hadoop.yarn.server.resourcemanager.rmapp.monitor,org.apache.hadoop.classification
org.apache.hadoop.yarn.server.resourcemanager.rmapp.monitor,org.apache.hadoop.conf
org.apache.hadoop.yarn.server.resourcemanager.rmapp.monitor,org.apache.hadoop.yarn.api.records
org.apache.hadoop.yarn.server.resourcemanager.rmapp.monitor,org.apache.hadoop.yarn.conf
org.apache.hadoop.yarn.server.resourcemanager.rmapp.monitor,org.apache.hadoop.yarn.server.resourcemanager
org.apache.hadoop.yarn.server.resourcemanager.rmapp.monitor,org.apache.hadoop.yarn.server.resourcemanager.rmapp
org.apache.hadoop.yarn.server.resourcemanager.rmapp.monitor,org.apache.hadoop.yarn.util
org.apache.hadoop.yarn.server.resourcemanager.rmcontainer,org.apache.hadoop.classification
org.apache.hadoop.yarn.server.resourcemanager.rmcontainer,org.apache.hadoop.conf
org.apache.hadoop.yarn.server.resourcemanager.rmcontainer,org.apache.hadoop.yarn.api.records
org.apache.hadoop.yarn.server.resourcemanager.rmcontainer,org.apache.hadoop.yarn.conf
org.apache.hadoop.yarn.server.resourcemanager.rmcontainer,org.apache.hadoop.yarn.event
org.apache.hadoop.yarn.server.resourcemanager.rmcontainer,org.apache.hadoop.yarn.server.api.protocolrecords
org.apache.hadoop.yarn.server.resourcemanager.rmcontainer,org.apache.hadoop.yarn.server.resourcemanager
org.apache.hadoop.yarn.server.resourcemanager.rmcontainer,org.apache.hadoop.yarn.server.resourcemanager.nodelabels
org.apache.hadoop.yarn.server.resourcemanager.rmcontainer,org.apache.hadoop.yarn.server.resourcemanager.rmapp
org.apache.hadoop.yarn.server.resourcemanager.rmcontainer,org.apache.hadoop.yarn.server.resourcemanager.rmapp.attempt
org.apache.hadoop.yarn.server.resourcemanager.rmcontainer,org.apache.hadoop.yarn.server.resourcemanager.rmapp.attempt.event
org.apache.hadoop.yarn.server.resourcemanager.rmcontainer,org.apache.hadoop.yarn.server.resourcemanager.rmnode
org.apache.hadoop.yarn.server.resourcemanager.rmcontainer,org.apache.hadoop.yarn.server.resourcemanager.scheduler.common
org.apache.hadoop.yarn.server.resourcemanager.rmcontainer,org.apache.hadoop.yarn.server.resourcemanager.scheduler.event
org.apache.hadoop.yarn.server.resourcemanager.rmcontainer,org.apache.hadoop.yarn.server.scheduler
org.apache.hadoop.yarn.server.resourcemanager.rmcontainer,org.apache.hadoop.yarn.state
org.apache.hadoop.yarn.server.resourcemanager.rmcontainer,org.apache.hadoop.yarn.util
org.apache.hadoop.yarn.server.resourcemanager.rmcontainer,org.apache.hadoop.yarn.util.resource
org.apache.hadoop.yarn.server.resourcemanager.rmcontainer,org.apache.hadoop.yarn.webapp.util
org.apache.hadoop.yarn.server.resourcemanager.rmnode,org.apache.hadoop.classification
org.apache.hadoop.yarn.server.resourcemanager.rmnode,org.apache.hadoop.net
org.apache.hadoop.yarn.server.resourcemanager.rmnode,org.apache.hadoop.security
org.apache.hadoop.yarn.server.resourcemanager.rmnode,org.apache.hadoop.util
org.apache.hadoop.yarn.server.resourcemanager.rmnode,org.apache.hadoop.yarn.api.protocolrecords
org.apache.hadoop.yarn.server.resourcemanager.rmnode,org.apache.hadoop.yarn.api.records
org.apache.hadoop.yarn.server.resourcemanager.rmnode,org.apache.hadoop.yarn.event
org.apache.hadoop.yarn.server.resourcemanager.rmnode,org.apache.hadoop.yarn.factories
org.apache.hadoop.yarn.server.resourcemanager.rmnode,org.apache.hadoop.yarn.factory.providers
org.apache.hadoop.yarn.server.resourcemanager.rmnode,org.apache.hadoop.yarn.nodelabels
org.apache.hadoop.yarn.server.resourcemanager.rmnode,org.apache.hadoop.yarn.server.api.protocolrecords
org.apache.hadoop.yarn.server.resourcemanager.rmnode,org.apache.hadoop.yarn.server.api.records
org.apache.hadoop.yarn.server.resourcemanager.rmnode,org.apache.hadoop.yarn.server.resourcemanager
org.apache.hadoop.yarn.server.resourcemanager.rmnode,org.apache.hadoop.yarn.server.resourcemanager.nodelabels
org.apache.hadoop.yarn.server.resourcemanager.rmnode,org.apache.hadoop.yarn.server.resourcemanager.rmapp
org.apache.hadoop.yarn.server.resourcemanager.rmnode,org.apache.hadoop.yarn.server.resourcemanager.rmcontainer
org.apache.hadoop.yarn.server.resourcemanager.rmnode,org.apache.hadoop.yarn.server.resourcemanager.scheduler
org.apache.hadoop.yarn.server.resourcemanager.rmnode,org.apache.hadoop.yarn.server.resourcemanager.scheduler.event
org.apache.hadoop.yarn.server.resourcemanager.rmnode,org.apache.hadoop.yarn.state
org.apache.hadoop.yarn.server.resourcemanager.rmnode,org.apache.hadoop.yarn.util.resource
org.apache.hadoop.yarn.server.resourcemanager.scheduler,org.apache.hadoop.classification
org.apache.hadoop.yarn.server.resourcemanager.scheduler,org.apache.hadoop.conf
org.apache.hadoop.yarn.server.resourcemanager.scheduler,org.apache.hadoop.metrics2
org.apache.hadoop.yarn.server.resourcemanager.scheduler,org.apache.hadoop.metrics2.annotation
org.apache.hadoop.yarn.server.resourcemanager.scheduler,org.apache.hadoop.metrics2.lib
org.apache.hadoop.yarn.server.resourcemanager.scheduler,org.apache.hadoop.security
org.apache.hadoop.yarn.server.resourcemanager.scheduler,org.apache.hadoop.service
org.apache.hadoop.yarn.server.resourcemanager.scheduler,org.apache.hadoop.util
org.apache.hadoop.yarn.server.resourcemanager.scheduler,org.apache.hadoop.yarn.api.records
org.apache.hadoop.yarn.server.resourcemanager.scheduler,org.apache.hadoop.yarn.conf
org.apache.hadoop.yarn.server.resourcemanager.scheduler,org.apache.hadoop.yarn.event
org.apache.hadoop.yarn.server.resourcemanager.scheduler,org.apache.hadoop.yarn.exceptions
org.apache.hadoop.yarn.server.resourcemanager.scheduler,org.apache.hadoop.yarn.factories
org.apache.hadoop.yarn.server.resourcemanager.scheduler,org.apache.hadoop.yarn.factory.providers
org.apache.hadoop.yarn.server.resourcemanager.scheduler,org.apache.hadoop.yarn.metrics
org.apache.hadoop.yarn.server.resourcemanager.scheduler,org.apache.hadoop.yarn.nodelabels
org.apache.hadoop.yarn.server.resourcemanager.scheduler,org.apache.hadoop.yarn.security
org.apache.hadoop.yarn.server.resourcemanager.scheduler,org.apache.hadoop.yarn.server.api
org.apache.hadoop.yarn.server.resourcemanager.scheduler,org.apache.hadoop.yarn.server.api.protocolrecords
org.apache.hadoop.yarn.server.resourcemanager.scheduler,org.apache.hadoop.yarn.server.metrics
org.apache.hadoop.yarn.server.resourcemanager.scheduler,org.apache.hadoop.yarn.server.resourcemanager
org.apache.hadoop.yarn.server.resourcemanager.scheduler,org.apache.hadoop.yarn.server.resourcemanager.monitor
org.apache.hadoop.yarn.server.resourcemanager.scheduler,org.apache.hadoop.yarn.server.resourcemanager.nodelabels
org.apache.hadoop.yarn.server.resourcemanager.scheduler,org.apache.hadoop.yarn.server.resourcemanager.recovery
org.apache.hadoop.yarn.server.resourcemanager.scheduler,org.apache.hadoop.yarn.server.resourcemanager.reservation
org.apache.hadoop.yarn.server.resourcemanager.scheduler,org.apache.hadoop.yarn.server.resourcemanager.rmapp
org.apache.hadoop.yarn.server.resourcemanager.scheduler,org.apache.hadoop.yarn.server.resourcemanager.rmapp.attempt
org.apache.hadoop.yarn.server.resourcemanager.scheduler,org.apache.hadoop.yarn.server.resourcemanager.rmcontainer
org.apache.hadoop.yarn.server.resourcemanager.scheduler,org.apache.hadoop.yarn.server.resourcemanager.rmnode
org.apache.hadoop.yarn.server.resourcemanager.scheduler,org.apache.hadoop.yarn.server.resourcemanager.scheduler.activities
org.apache.hadoop.yarn.server.resourcemanager.scheduler,org.apache.hadoop.yarn.server.resourcemanager.scheduler.capacity
org.apache.hadoop.yarn.server.resourcemanager.scheduler,org.apache.hadoop.yarn.server.resourcemanager.scheduler.common
org.apache.hadoop.yarn.server.resourcemanager.scheduler,org.apache.hadoop.yarn.server.resourcemanager.scheduler.event
org.apache.hadoop.yarn.server.resourcemanager.scheduler,org.apache.hadoop.yarn.server.resourcemanager.scheduler.fair
org.apache.hadoop.yarn.server.resourcemanager.scheduler,org.apache.hadoop.yarn.server.resourcemanager.scheduler.placement
org.apache.hadoop.yarn.server.resourcemanager.scheduler,org.apache.hadoop.yarn.server.resourcemanager.scheduler.policy
org.apache.hadoop.yarn.server.resourcemanager.scheduler,org.apache.hadoop.yarn.server.scheduler
org.apache.hadoop.yarn.server.resourcemanager.scheduler,org.apache.hadoop.yarn.server.utils
org.apache.hadoop.yarn.server.resourcemanager.scheduler,org.apache.hadoop.yarn.state
org.apache.hadoop.yarn.server.resourcemanager.scheduler,org.apache.hadoop.yarn.util
org.apache.hadoop.yarn.server.resourcemanager.scheduler,org.apache.hadoop.yarn.util.resource
org.apache.hadoop.yarn.server.resourcemanager.scheduler,org.apache.hadoop.yarn.webapp.dao
org.apache.hadoop.yarn.server.resourcemanager.scheduler.activities,org.apache.hadoop.classification
org.apache.hadoop.yarn.server.resourcemanager.scheduler.activities,org.apache.hadoop.conf
org.apache.hadoop.yarn.server.resourcemanager.scheduler.activities,org.apache.hadoop.service
org.apache.hadoop.yarn.server.resourcemanager.scheduler.activities,org.apache.hadoop.util
org.apache.hadoop.yarn.server.resourcemanager.scheduler.activities,org.apache.hadoop.yarn.api.records
org.apache.hadoop.yarn.server.resourcemanager.scheduler.activities,org.apache.hadoop.yarn.api.resource
org.apache.hadoop.yarn.server.resourcemanager.scheduler.activities,org.apache.hadoop.yarn.conf
org.apache.hadoop.yarn.server.resourcemanager.scheduler.activities,org.apache.hadoop.yarn.server.resourcemanager
org.apache.hadoop.yarn.server.resourcemanager.scheduler.activities,org.apache.hadoop.yarn.server.resourcemanager.rmapp
org.apache.hadoop.yarn.server.resourcemanager.scheduler.activities,org.apache.hadoop.yarn.server.resourcemanager.rmcontainer
org.apache.hadoop.yarn.server.resourcemanager.scheduler.activities,org.apache.hadoop.yarn.server.resourcemanager.scheduler
org.apache.hadoop.yarn.server.resourcemanager.scheduler.activities,org.apache.hadoop.yarn.server.resourcemanager.scheduler.capacity
org.apache.hadoop.yarn.server.resourcemanager.scheduler.activities,org.apache.hadoop.yarn.server.resourcemanager.scheduler.common.fica
org.apache.hadoop.yarn.server.resourcemanager.scheduler.activities,org.apache.hadoop.yarn.server.resourcemanager.webapp
org.apache.hadoop.yarn.server.resourcemanager.scheduler.activities,org.apache.hadoop.yarn.server.resourcemanager.webapp.dao
org.apache.hadoop.yarn.server.resourcemanager.scheduler.activities,org.apache.hadoop.yarn.server.scheduler
org.apache.hadoop.yarn.server.resourcemanager.scheduler.activities,org.apache.hadoop.yarn.util
org.apache.hadoop.yarn.server.resourcemanager.scheduler.activities,org.apache.hadoop.yarn.util.resource
org.apache.hadoop.yarn.server.resourcemanager.scheduler.capacity,org.apache.hadoop.classification
org.apache.hadoop.yarn.server.resourcemanager.scheduler.capacity,org.apache.hadoop.conf
org.apache.hadoop.yarn.server.resourcemanager.scheduler.capacity,org.apache.hadoop.fs
org.apache.hadoop.yarn.server.resourcemanager.scheduler.capacity,org.apache.hadoop.ha
org.apache.hadoop.yarn.server.resourcemanager.scheduler.capacity,org.apache.hadoop.ipc
org.apache.hadoop.yarn.server.resourcemanager.scheduler.capacity,org.apache.hadoop.metrics2
org.apache.hadoop.yarn.server.resourcemanager.scheduler.capacity,org.apache.hadoop.metrics2.annotation
org.apache.hadoop.yarn.server.resourcemanager.scheduler.capacity,org.apache.hadoop.metrics2.lib
org.apache.hadoop.yarn.server.resourcemanager.scheduler.capacity,org.apache.hadoop.security
org.apache.hadoop.yarn.server.resourcemanager.scheduler.capacity,org.apache.hadoop.security.authorize
org.apache.hadoop.yarn.server.resourcemanager.scheduler.capacity,org.apache.hadoop.util
org.apache.hadoop.yarn.server.resourcemanager.scheduler.capacity,org.apache.hadoop.yarn
org.apache.hadoop.yarn.server.resourcemanager.scheduler.capacity,org.apache.hadoop.yarn.api.records
org.apache.hadoop.yarn.server.resourcemanager.scheduler.capacity,org.apache.hadoop.yarn.conf
org.apache.hadoop.yarn.server.resourcemanager.scheduler.capacity,org.apache.hadoop.yarn.exceptions
org.apache.hadoop.yarn.server.resourcemanager.scheduler.capacity,org.apache.hadoop.yarn.factories
org.apache.hadoop.yarn.server.resourcemanager.scheduler.capacity,org.apache.hadoop.yarn.factory.providers
org.apache.hadoop.yarn.server.resourcemanager.scheduler.capacity,org.apache.hadoop.yarn.nodelabels
org.apache.hadoop.yarn.server.resourcemanager.scheduler.capacity,org.apache.hadoop.yarn.security
org.apache.hadoop.yarn.server.resourcemanager.scheduler.capacity,org.apache.hadoop.yarn.server.resourcemanager
org.apache.hadoop.yarn.server.resourcemanager.scheduler.capacity,org.apache.hadoop.yarn.server.resourcemanager.monitor
org.apache.hadoop.yarn.server.resourcemanager.scheduler.capacity,org.apache.hadoop.yarn.server.resourcemanager.nodelabels
org.apache.hadoop.yarn.server.resourcemanager.scheduler.capacity,org.apache.hadoop.yarn.server.resourcemanager.placement
org.apache.hadoop.yarn.server.resourcemanager.scheduler.capacity,org.apache.hadoop.yarn.server.resourcemanager.placement.csmappingrule
org.apache.hadoop.yarn.server.resourcemanager.scheduler.capacity,org.apache.hadoop.yarn.server.resourcemanager.recovery.records
org.apache.hadoop.yarn.server.resourcemanager.scheduler.capacity,org.apache.hadoop.yarn.server.resourcemanager.reservation
org.apache.hadoop.yarn.server.resourcemanager.scheduler.capacity,org.apache.hadoop.yarn.server.resourcemanager.rmapp
org.apache.hadoop.yarn.server.resourcemanager.scheduler.capacity,org.apache.hadoop.yarn.server.resourcemanager.rmapp.attempt
org.apache.hadoop.yarn.server.resourcemanager.scheduler.capacity,org.apache.hadoop.yarn.server.resourcemanager.rmcontainer
org.apache.hadoop.yarn.server.resourcemanager.scheduler.capacity,org.apache.hadoop.yarn.server.resourcemanager.rmnode
org.apache.hadoop.yarn.server.resourcemanager.scheduler.capacity,org.apache.hadoop.yarn.server.resourcemanager.scheduler
org.apache.hadoop.yarn.server.resourcemanager.scheduler.capacity,org.apache.hadoop.yarn.server.resourcemanager.scheduler.activities
org.apache.hadoop.yarn.server.resourcemanager.scheduler.capacity,org.apache.hadoop.yarn.server.resourcemanager.scheduler.capacity.conf
org.apache.hadoop.yarn.server.resourcemanager.scheduler.capacity,org.apache.hadoop.yarn.server.resourcemanager.scheduler.capacity.placement
org.apache.hadoop.yarn.server.resourcemanager.scheduler.capacity,org.apache.hadoop.yarn.server.resourcemanager.scheduler.capacity.policy
org.apache.hadoop.yarn.server.resourcemanager.scheduler.capacity,org.apache.hadoop.yarn.server.resourcemanager.scheduler.capacity.preemption
org.apache.hadoop.yarn.server.resourcemanager.scheduler.capacity,org.apache.hadoop.yarn.server.resourcemanager.scheduler.common
org.apache.hadoop.yarn.server.resourcemanager.scheduler.capacity,org.apache.hadoop.yarn.server.resourcemanager.scheduler.common.fica
org.apache.hadoop.yarn.server.resourcemanager.scheduler.capacity,org.apache.hadoop.yarn.server.resourcemanager.scheduler.constraint
org.apache.hadoop.yarn.server.resourcemanager.scheduler.capacity,org.apache.hadoop.yarn.server.resourcemanager.scheduler.event
org.apache.hadoop.yarn.server.resourcemanager.scheduler.capacity,org.apache.hadoop.yarn.server.resourcemanager.scheduler.placement
org.apache.hadoop.yarn.server.resourcemanager.scheduler.capacity,org.apache.hadoop.yarn.server.resourcemanager.scheduler.policy
org.apache.hadoop.yarn.server.resourcemanager.scheduler.capacity,org.apache.hadoop.yarn.server.resourcemanager.security
org.apache.hadoop.yarn.server.resourcemanager.scheduler.capacity,org.apache.hadoop.yarn.server.resourcemanager.webapp.dao
org.apache.hadoop.yarn.server.resourcemanager.scheduler.capacity,org.apache.hadoop.yarn.server.scheduler
org.apache.hadoop.yarn.server.resourcemanager.scheduler.capacity,org.apache.hadoop.yarn.server.utils
org.apache.hadoop.yarn.server.resourcemanager.scheduler.capacity,org.apache.hadoop.yarn.util
org.apache.hadoop.yarn.server.resourcemanager.scheduler.capacity,org.apache.hadoop.yarn.util.resource
org.apache.hadoop.yarn.server.resourcemanager.scheduler.capacity.allocator,org.apache.hadoop.yarn.api.records
org.apache.hadoop.yarn.server.resourcemanager.scheduler.capacity.allocator,org.apache.hadoop.yarn.server.resourcemanager
org.apache.hadoop.yarn.server.resourcemanager.scheduler.capacity.allocator,org.apache.hadoop.yarn.server.resourcemanager.nodelabels
org.apache.hadoop.yarn.server.resourcemanager.scheduler.capacity.allocator,org.apache.hadoop.yarn.server.resourcemanager.rmcontainer
org.apache.hadoop.yarn.server.resourcemanager.scheduler.capacity.allocator,org.apache.hadoop.yarn.server.resourcemanager.scheduler
org.apache.hadoop.yarn.server.resourcemanager.scheduler.capacity.allocator,org.apache.hadoop.yarn.server.resourcemanager.scheduler.activities
org.apache.hadoop.yarn.server.resourcemanager.scheduler.capacity.allocator,org.apache.hadoop.yarn.server.resourcemanager.scheduler.capacity
org.apache.hadoop.yarn.server.resourcemanager.scheduler.capacity.allocator,org.apache.hadoop.yarn.server.resourcemanager.scheduler.common
org.apache.hadoop.yarn.server.resourcemanager.scheduler.capacity.allocator,org.apache.hadoop.yarn.server.resourcemanager.scheduler.common.fica
org.apache.hadoop.yarn.server.resourcemanager.scheduler.capacity.allocator,org.apache.hadoop.yarn.server.resourcemanager.scheduler.placement
org.apache.hadoop.yarn.server.resourcemanager.scheduler.capacity.allocator,org.apache.hadoop.yarn.server.scheduler
org.apache.hadoop.yarn.server.resourcemanager.scheduler.capacity.allocator,org.apache.hadoop.yarn.server.utils
org.apache.hadoop.yarn.server.resourcemanager.scheduler.capacity.allocator,org.apache.hadoop.yarn.util.resource
org.apache.hadoop.yarn.server.resourcemanager.scheduler.capacity.conf,org.apache.hadoop.classification
org.apache.hadoop.yarn.server.resourcemanager.scheduler.capacity.conf,org.apache.hadoop.conf
org.apache.hadoop.yarn.server.resourcemanager.scheduler.capacity.conf,org.apache.hadoop.fs
org.apache.hadoop.yarn.server.resourcemanager.scheduler.capacity.conf,org.apache.hadoop.fs.permission
org.apache.hadoop.yarn.server.resourcemanager.scheduler.capacity.conf,org.apache.hadoop.security
org.apache.hadoop.yarn.server.resourcemanager.scheduler.capacity.conf,org.apache.hadoop.util
org.apache.hadoop.yarn.server.resourcemanager.scheduler.capacity.conf,org.apache.hadoop.util.curator
org.apache.hadoop.yarn.server.resourcemanager.scheduler.capacity.conf,org.apache.hadoop.yarn.api.records
org.apache.hadoop.yarn.server.resourcemanager.scheduler.capacity.conf,org.apache.hadoop.yarn.conf
org.apache.hadoop.yarn.server.resourcemanager.scheduler.capacity.conf,org.apache.hadoop.yarn.exceptions
org.apache.hadoop.yarn.server.resourcemanager.scheduler.capacity.conf,org.apache.hadoop.yarn.security
org.apache.hadoop.yarn.server.resourcemanager.scheduler.capacity.conf,org.apache.hadoop.yarn.server.records
org.apache.hadoop.yarn.server.resourcemanager.scheduler.capacity.conf,org.apache.hadoop.yarn.server.records.impl.pb
org.apache.hadoop.yarn.server.resourcemanager.scheduler.capacity.conf,org.apache.hadoop.yarn.server.resourcemanager
org.apache.hadoop.yarn.server.resourcemanager.scheduler.capacity.conf,org.apache.hadoop.yarn.server.resourcemanager.scheduler
org.apache.hadoop.yarn.server.resourcemanager.scheduler.capacity.conf,org.apache.hadoop.yarn.server.resourcemanager.scheduler.capacity
org.apache.hadoop.yarn.server.resourcemanager.scheduler.capacity.conf,org.apache.hadoop.yarn.util
org.apache.hadoop.yarn.server.resourcemanager.scheduler.capacity.conf,org.apache.hadoop.yarn.webapp.dao
org.apache.hadoop.yarn.server.resourcemanager.scheduler.capacity.placement,org.apache.hadoop.classification
org.apache.hadoop.yarn.server.resourcemanager.scheduler.capacity.placement,org.apache.hadoop.yarn.server.resourcemanager.placement.csmappingrule
org.apache.hadoop.yarn.server.resourcemanager.scheduler.capacity.placement.converter,org.apache.hadoop.util
org.apache.hadoop.yarn.server.resourcemanager.scheduler.capacity.placement.converter,org.apache.hadoop.yarn.server.resourcemanager.scheduler.capacity
org.apache.hadoop.yarn.server.resourcemanager.scheduler.capacity.policy,org.apache.hadoop.classification
org.apache.hadoop.yarn.server.resourcemanager.scheduler.capacity.policy,org.apache.hadoop.yarn.api.records
org.apache.hadoop.yarn.server.resourcemanager.scheduler.capacity.policy,org.apache.hadoop.yarn.server.resourcemanager.scheduler.capacity
org.apache.hadoop.yarn.server.resourcemanager.scheduler.capacity.policy,org.apache.hadoop.yarn.util.resource
org.apache.hadoop.yarn.server.resourcemanager.scheduler.capacity.preemption,org.apache.hadoop.classification
org.apache.hadoop.yarn.server.resourcemanager.scheduler.capacity.preemption,org.apache.hadoop.yarn.api.records
org.apache.hadoop.yarn.server.resourcemanager.scheduler.capacity.preemption,org.apache.hadoop.yarn.server.resourcemanager.rmcontainer
org.apache.hadoop.yarn.server.resourcemanager.scheduler.capacity.preemption,org.apache.hadoop.yarn.server.resourcemanager.scheduler.capacity
org.apache.hadoop.yarn.server.resourcemanager.scheduler.capacity.preemption,org.apache.hadoop.yarn.util.resource
org.apache.hadoop.yarn.server.resourcemanager.scheduler.capacity.queuemanagement,org.apache.hadoop.classification
org.apache.hadoop.yarn.server.resourcemanager.scheduler.capacity.queuemanagement,org.apache.hadoop.yarn.server.resourcemanager.scheduler.capacity
org.apache.hadoop.yarn.server.resourcemanager.scheduler.common,org.apache.hadoop.classification
org.apache.hadoop.yarn.server.resourcemanager.scheduler.common,org.apache.hadoop.yarn.api.records
org.apache.hadoop.yarn.server.resourcemanager.scheduler.common,org.apache.hadoop.yarn.server.resourcemanager.rmcontainer
org.apache.hadoop.yarn.server.resourcemanager.scheduler.common,org.apache.hadoop.yarn.server.resourcemanager.scheduler
org.apache.hadoop.yarn.server.resourcemanager.scheduler.common,org.apache.hadoop.yarn.server.resourcemanager.scheduler.capacity
org.apache.hadoop.yarn.server.resourcemanager.scheduler.common,org.apache.hadoop.yarn.server.resourcemanager.scheduler.placement
org.apache.hadoop.yarn.server.resourcemanager.scheduler.common,org.apache.hadoop.yarn.server.scheduler
org.apache.hadoop.yarn.server.resourcemanager.scheduler.common,org.apache.hadoop.yarn.util.resource
org.apache.hadoop.yarn.server.resourcemanager.scheduler.common.fica,org.apache.hadoop.classification
org.apache.hadoop.yarn.server.resourcemanager.scheduler.common.fica,org.apache.hadoop.yarn.api.records
org.apache.hadoop.yarn.server.resourcemanager.scheduler.common.fica,org.apache.hadoop.yarn.nodelabels
org.apache.hadoop.yarn.server.resourcemanager.scheduler.common.fica,org.apache.hadoop.yarn.server.resourcemanager
org.apache.hadoop.yarn.server.resourcemanager.scheduler.common.fica,org.apache.hadoop.yarn.server.resourcemanager.rmapp
org.apache.hadoop.yarn.server.resourcemanager.scheduler.common.fica,org.apache.hadoop.yarn.server.resourcemanager.rmcontainer
org.apache.hadoop.yarn.server.resourcemanager.scheduler.common.fica,org.apache.hadoop.yarn.server.resourcemanager.rmnode
org.apache.hadoop.yarn.server.resourcemanager.scheduler.common.fica,org.apache.hadoop.yarn.server.resourcemanager.scheduler
org.apache.hadoop.yarn.server.resourcemanager.scheduler.common.fica,org.apache.hadoop.yarn.server.resourcemanager.scheduler.activities
org.apache.hadoop.yarn.server.resourcemanager.scheduler.common.fica,org.apache.hadoop.yarn.server.resourcemanager.scheduler.capacity
org.apache.hadoop.yarn.server.resourcemanager.scheduler.common.fica,org.apache.hadoop.yarn.server.resourcemanager.scheduler.capacity.allocator
org.apache.hadoop.yarn.server.resourcemanager.scheduler.common.fica,org.apache.hadoop.yarn.server.resourcemanager.scheduler.common
org.apache.hadoop.yarn.server.resourcemanager.scheduler.common.fica,org.apache.hadoop.yarn.server.resourcemanager.scheduler.placement
org.apache.hadoop.yarn.server.resourcemanager.scheduler.common.fica,org.apache.hadoop.yarn.server.scheduler
org.apache.hadoop.yarn.server.resourcemanager.scheduler.common.fica,org.apache.hadoop.yarn.server.utils
org.apache.hadoop.yarn.server.resourcemanager.scheduler.common.fica,org.apache.hadoop.yarn.util.resource
org.apache.hadoop.yarn.server.resourcemanager.scheduler.constraint,org.apache.hadoop.classification
org.apache.hadoop.yarn.server.resourcemanager.scheduler.constraint,org.apache.hadoop.conf
org.apache.hadoop.yarn.server.resourcemanager.scheduler.constraint,org.apache.hadoop.service
org.apache.hadoop.yarn.server.resourcemanager.scheduler.constraint,org.apache.hadoop.yarn.api.records
org.apache.hadoop.yarn.server.resourcemanager.scheduler.constraint,org.apache.hadoop.yarn.api.resource
org.apache.hadoop.yarn.server.resourcemanager.scheduler.constraint,org.apache.hadoop.yarn.exceptions
org.apache.hadoop.yarn.server.resourcemanager.scheduler.constraint,org.apache.hadoop.yarn.server.resourcemanager
org.apache.hadoop.yarn.server.resourcemanager.scheduler.constraint,org.apache.hadoop.yarn.server.resourcemanager.nodelabels
org.apache.hadoop.yarn.server.resourcemanager.scheduler.constraint,org.apache.hadoop.yarn.server.resourcemanager.rmapp
org.apache.hadoop.yarn.server.resourcemanager.scheduler.constraint,org.apache.hadoop.yarn.server.resourcemanager.scheduler
org.apache.hadoop.yarn.server.resourcemanager.scheduler.constraint,org.apache.hadoop.yarn.server.resourcemanager.scheduler.activities
org.apache.hadoop.yarn.server.resourcemanager.scheduler.constraint,org.apache.hadoop.yarn.server.resourcemanager.scheduler.constraint.algorithm
org.apache.hadoop.yarn.server.resourcemanager.scheduler.constraint.algorithm,org.apache.hadoop.classification
org.apache.hadoop.yarn.server.resourcemanager.scheduler.constraint.algorithm,org.apache.hadoop.yarn.api.records
org.apache.hadoop.yarn.server.resourcemanager.scheduler.constraint.algorithm,org.apache.hadoop.yarn.server.resourcemanager
org.apache.hadoop.yarn.server.resourcemanager.scheduler.constraint.algorithm,org.apache.hadoop.yarn.server.resourcemanager.scheduler
org.apache.hadoop.yarn.server.resourcemanager.scheduler.constraint.algorithm,org.apache.hadoop.yarn.server.resourcemanager.scheduler.constraint
org.apache.hadoop.yarn.server.resourcemanager.scheduler.constraint.algorithm,org.apache.hadoop.yarn.server.resourcemanager.scheduler.constraint.api
org.apache.hadoop.yarn.server.resourcemanager.scheduler.constraint.algorithm,org.apache.hadoop.yarn.server.resourcemanager.scheduler.constraint.processor
org.apache.hadoop.yarn.server.resourcemanager.scheduler.constraint.algorithm,org.apache.hadoop.yarn.util.resource
org.apache.hadoop.yarn.server.resourcemanager.scheduler.constraint.api,org.apache.hadoop.classification
org.apache.hadoop.yarn.server.resourcemanager.scheduler.constraint.api,org.apache.hadoop.yarn.api.records
org.apache.hadoop.yarn.server.resourcemanager.scheduler.constraint.api,org.apache.hadoop.yarn.server.resourcemanager
org.apache.hadoop.yarn.server.resourcemanager.scheduler.constraint.api,org.apache.hadoop.yarn.server.resourcemanager.scheduler
org.apache.hadoop.yarn.server.resourcemanager.scheduler.constraint.processor,org.apache.hadoop.classification
org.apache.hadoop.yarn.server.resourcemanager.scheduler.constraint.processor,org.apache.hadoop.util
org.apache.hadoop.yarn.server.resourcemanager.scheduler.constraint.processor,org.apache.hadoop.yarn.ams
org.apache.hadoop.yarn.server.resourcemanager.scheduler.constraint.processor,org.apache.hadoop.yarn.api.protocolrecords
org.apache.hadoop.yarn.server.resourcemanager.scheduler.constraint.processor,org.apache.hadoop.yarn.api.records
org.apache.hadoop.yarn.server.resourcemanager.scheduler.constraint.processor,org.apache.hadoop.yarn.api.resource
org.apache.hadoop.yarn.server.resourcemanager.scheduler.constraint.processor,org.apache.hadoop.yarn.conf
org.apache.hadoop.yarn.server.resourcemanager.scheduler.constraint.processor,org.apache.hadoop.yarn.exceptions
org.apache.hadoop.yarn.server.resourcemanager.scheduler.constraint.processor,org.apache.hadoop.yarn.server.resourcemanager
org.apache.hadoop.yarn.server.resourcemanager.scheduler.constraint.processor,org.apache.hadoop.yarn.server.resourcemanager.scheduler
org.apache.hadoop.yarn.server.resourcemanager.scheduler.constraint.processor,org.apache.hadoop.yarn.server.resourcemanager.scheduler.constraint
org.apache.hadoop.yarn.server.resourcemanager.scheduler.constraint.processor,org.apache.hadoop.yarn.server.resourcemanager.scheduler.constraint.algorithm
org.apache.hadoop.yarn.server.resourcemanager.scheduler.constraint.processor,org.apache.hadoop.yarn.server.resourcemanager.scheduler.constraint.api
org.apache.hadoop.yarn.server.resourcemanager.scheduler.distributed,org.apache.hadoop.classification
org.apache.hadoop.yarn.server.resourcemanager.scheduler.distributed,org.apache.hadoop.yarn.api.records
org.apache.hadoop.yarn.server.resourcemanager.scheduler.distributed,org.apache.hadoop.yarn.exceptions
org.apache.hadoop.yarn.server.resourcemanager.scheduler.distributed,org.apache.hadoop.yarn.server.api.protocolrecords
org.apache.hadoop.yarn.server.resourcemanager.scheduler.distributed,org.apache.hadoop.yarn.server.api.records
org.apache.hadoop.yarn.server.resourcemanager.scheduler.distributed,org.apache.hadoop.yarn.server.metrics
org.apache.hadoop.yarn.server.resourcemanager.scheduler.distributed,org.apache.hadoop.yarn.server.resourcemanager
org.apache.hadoop.yarn.server.resourcemanager.scheduler.distributed,org.apache.hadoop.yarn.server.resourcemanager.rmnode
org.apache.hadoop.yarn.server.resourcemanager.scheduler.distributed,org.apache.hadoop.yarn.server.scheduler
org.apache.hadoop.yarn.server.resourcemanager.scheduler.distributed,org.apache.hadoop.yarn.server.security
org.apache.hadoop.yarn.server.resourcemanager.scheduler.distributed,org.apache.hadoop.yarn.util.resource
org.apache.hadoop.yarn.server.resourcemanager.scheduler.event,org.apache.hadoop.yarn.api.records
org.apache.hadoop.yarn.server.resourcemanager.scheduler.event,org.apache.hadoop.yarn.event
org.apache.hadoop.yarn.server.resourcemanager.scheduler.event,org.apache.hadoop.yarn.server.api.protocolrecords
org.apache.hadoop.yarn.server.resourcemanager.scheduler.event,org.apache.hadoop.yarn.server.resourcemanager.rmapp
org.apache.hadoop.yarn.server.resourcemanager.scheduler.event,org.apache.hadoop.yarn.server.resourcemanager.rmapp.attempt
org.apache.hadoop.yarn.server.resourcemanager.scheduler.event,org.apache.hadoop.yarn.server.resourcemanager.rmcontainer
org.apache.hadoop.yarn.server.resourcemanager.scheduler.event,org.apache.hadoop.yarn.server.resourcemanager.rmnode
org.apache.hadoop.yarn.server.resourcemanager.scheduler.event,org.apache.hadoop.yarn.server.resourcemanager.scheduler.capacity
org.apache.hadoop.yarn.server.resourcemanager.scheduler.fair,org.apache.hadoop.classification
org.apache.hadoop.yarn.server.resourcemanager.scheduler.fair,org.apache.hadoop.conf
org.apache.hadoop.yarn.server.resourcemanager.scheduler.fair,org.apache.hadoop.fs
org.apache.hadoop.yarn.server.resourcemanager.scheduler.fair,org.apache.hadoop.ipc
org.apache.hadoop.yarn.server.resourcemanager.scheduler.fair,org.apache.hadoop.metrics2
org.apache.hadoop.yarn.server.resourcemanager.scheduler.fair,org.apache.hadoop.metrics2.annotation
org.apache.hadoop.yarn.server.resourcemanager.scheduler.fair,org.apache.hadoop.metrics2.lib
org.apache.hadoop.yarn.server.resourcemanager.scheduler.fair,org.apache.hadoop.security
org.apache.hadoop.yarn.server.resourcemanager.scheduler.fair,org.apache.hadoop.security.authorize
org.apache.hadoop.yarn.server.resourcemanager.scheduler.fair,org.apache.hadoop.service
org.apache.hadoop.yarn.server.resourcemanager.scheduler.fair,org.apache.hadoop.util
org.apache.hadoop.yarn.server.resourcemanager.scheduler.fair,org.apache.hadoop.yarn.api.records
org.apache.hadoop.yarn.server.resourcemanager.scheduler.fair,org.apache.hadoop.yarn.conf
org.apache.hadoop.yarn.server.resourcemanager.scheduler.fair,org.apache.hadoop.yarn.exceptions
org.apache.hadoop.yarn.server.resourcemanager.scheduler.fair,org.apache.hadoop.yarn.factories
org.apache.hadoop.yarn.server.resourcemanager.scheduler.fair,org.apache.hadoop.yarn.factory.providers
org.apache.hadoop.yarn.server.resourcemanager.scheduler.fair,org.apache.hadoop.yarn.security
org.apache.hadoop.yarn.server.resourcemanager.scheduler.fair,org.apache.hadoop.yarn.server.api.protocolrecords
org.apache.hadoop.yarn.server.resourcemanager.scheduler.fair,org.apache.hadoop.yarn.server.resourcemanager
org.apache.hadoop.yarn.server.resourcemanager.scheduler.fair,org.apache.hadoop.yarn.server.resourcemanager.placement
org.apache.hadoop.yarn.server.resourcemanager.scheduler.fair,org.apache.hadoop.yarn.server.resourcemanager.reservation
org.apache.hadoop.yarn.server.resourcemanager.scheduler.fair,org.apache.hadoop.yarn.server.resourcemanager.rmapp
org.apache.hadoop.yarn.server.resourcemanager.scheduler.fair,org.apache.hadoop.yarn.server.resourcemanager.rmapp.attempt
org.apache.hadoop.yarn.server.resourcemanager.scheduler.fair,org.apache.hadoop.yarn.server.resourcemanager.rmcontainer
org.apache.hadoop.yarn.server.resourcemanager.scheduler.fair,org.apache.hadoop.yarn.server.resourcemanager.rmnode
org.apache.hadoop.yarn.server.resourcemanager.scheduler.fair,org.apache.hadoop.yarn.server.resourcemanager.scheduler
org.apache.hadoop.yarn.server.resourcemanager.scheduler.fair,org.apache.hadoop.yarn.server.resourcemanager.scheduler.capacity
org.apache.hadoop.yarn.server.resourcemanager.scheduler.fair,org.apache.hadoop.yarn.server.resourcemanager.scheduler.common
org.apache.hadoop.yarn.server.resourcemanager.scheduler.fair,org.apache.hadoop.yarn.server.resourcemanager.scheduler.event
org.apache.hadoop.yarn.server.resourcemanager.scheduler.fair,org.apache.hadoop.yarn.server.resourcemanager.scheduler.fair.allocation
org.apache.hadoop.yarn.server.resourcemanager.scheduler.fair,org.apache.hadoop.yarn.server.resourcemanager.scheduler.fair.policies
org.apache.hadoop.yarn.server.resourcemanager.scheduler.fair,org.apache.hadoop.yarn.server.resourcemanager.security
org.apache.hadoop.yarn.server.resourcemanager.scheduler.fair,org.apache.hadoop.yarn.server.scheduler
org.apache.hadoop.yarn.server.resourcemanager.scheduler.fair,org.apache.hadoop.yarn.server.utils
org.apache.hadoop.yarn.server.resourcemanager.scheduler.fair,org.apache.hadoop.yarn.util
org.apache.hadoop.yarn.server.resourcemanager.scheduler.fair,org.apache.hadoop.yarn.util.resource
org.apache.hadoop.yarn.server.resourcemanager.scheduler.fair.allocation,org.apache.hadoop.security.authorize
org.apache.hadoop.yarn.server.resourcemanager.scheduler.fair.allocation,org.apache.hadoop.util
org.apache.hadoop.yarn.server.resourcemanager.scheduler.fair.allocation,org.apache.hadoop.yarn.api.records
org.apache.hadoop.yarn.server.resourcemanager.scheduler.fair.allocation,org.apache.hadoop.yarn.security
org.apache.hadoop.yarn.server.resourcemanager.scheduler.fair.allocation,org.apache.hadoop.yarn.server.resourcemanager.scheduler
org.apache.hadoop.yarn.server.resourcemanager.scheduler.fair.allocation,org.apache.hadoop.yarn.server.resourcemanager.scheduler.fair
org.apache.hadoop.yarn.server.resourcemanager.scheduler.fair.allocation,org.apache.hadoop.yarn.server.resourcemanager.scheduler.fair.policies
org.apache.hadoop.yarn.server.resourcemanager.scheduler.fair.allocation,org.apache.hadoop.yarn.util.resource
org.apache.hadoop.yarn.server.resourcemanager.scheduler.fair.converter,org.apache.hadoop.classification
org.apache.hadoop.yarn.server.resourcemanager.scheduler.fair.converter,org.apache.hadoop.conf
org.apache.hadoop.yarn.server.resourcemanager.scheduler.fair.converter,org.apache.hadoop.fs
org.apache.hadoop.yarn.server.resourcemanager.scheduler.fair.converter,org.apache.hadoop.security.authorize
org.apache.hadoop.yarn.server.resourcemanager.scheduler.fair.converter,org.apache.hadoop.util
org.apache.hadoop.yarn.server.resourcemanager.scheduler.fair.converter,org.apache.hadoop.yarn
org.apache.hadoop.yarn.server.resourcemanager.scheduler.fair.converter,org.apache.hadoop.yarn.api.records
org.apache.hadoop.yarn.server.resourcemanager.scheduler.fair.converter,org.apache.hadoop.yarn.conf
org.apache.hadoop.yarn.server.resourcemanager.scheduler.fair.converter,org.apache.hadoop.yarn.security
org.apache.hadoop.yarn.server.resourcemanager.scheduler.fair.converter,org.apache.hadoop.yarn.server.resourcemanager
org.apache.hadoop.yarn.server.resourcemanager.scheduler.fair.converter,org.apache.hadoop.yarn.server.resourcemanager.monitor.capacity
org.apache.hadoop.yarn.server.resourcemanager.scheduler.fair.converter,org.apache.hadoop.yarn.server.resourcemanager.nodelabels
org.apache.hadoop.yarn.server.resourcemanager.scheduler.fair.converter,org.apache.hadoop.yarn.server.resourcemanager.placement
org.apache.hadoop.yarn.server.resourcemanager.scheduler.fair.converter,org.apache.hadoop.yarn.server.resourcemanager.scheduler
org.apache.hadoop.yarn.server.resourcemanager.scheduler.fair.converter,org.apache.hadoop.yarn.server.resourcemanager.scheduler.capacity
org.apache.hadoop.yarn.server.resourcemanager.scheduler.fair.converter,org.apache.hadoop.yarn.server.resourcemanager.scheduler.fair
org.apache.hadoop.yarn.server.resourcemanager.scheduler.fair.converter,org.apache.hadoop.yarn.server.resourcemanager.scheduler.fair.policies
org.apache.hadoop.yarn.server.resourcemanager.scheduler.fair.converter,org.apache.hadoop.yarn.util.resource
org.apache.hadoop.yarn.server.resourcemanager.scheduler.fair.policies,org.apache.hadoop.classification
org.apache.hadoop.yarn.server.resourcemanager.scheduler.fair.policies,org.apache.hadoop.yarn.api.records
org.apache.hadoop.yarn.server.resourcemanager.scheduler.fair.policies,org.apache.hadoop.yarn.server.resourcemanager.scheduler.fair
org.apache.hadoop.yarn.server.resourcemanager.scheduler.fair.policies,org.apache.hadoop.yarn.util.resource
org.apache.hadoop.yarn.server.resourcemanager.scheduler.fifo,org.apache.hadoop.classification
org.apache.hadoop.yarn.server.resourcemanager.scheduler.fifo,org.apache.hadoop.conf
org.apache.hadoop.yarn.server.resourcemanager.scheduler.fifo,org.apache.hadoop.security
org.apache.hadoop.yarn.server.resourcemanager.scheduler.fifo,org.apache.hadoop.security.authorize
org.apache.hadoop.yarn.server.resourcemanager.scheduler.fifo,org.apache.hadoop.yarn.api.records
org.apache.hadoop.yarn.server.resourcemanager.scheduler.fifo,org.apache.hadoop.yarn.conf
org.apache.hadoop.yarn.server.resourcemanager.scheduler.fifo,org.apache.hadoop.yarn.exceptions
org.apache.hadoop.yarn.server.resourcemanager.scheduler.fifo,org.apache.hadoop.yarn.factories
org.apache.hadoop.yarn.server.resourcemanager.scheduler.fifo,org.apache.hadoop.yarn.factory.providers
org.apache.hadoop.yarn.server.resourcemanager.scheduler.fifo,org.apache.hadoop.yarn.server.api.protocolrecords
org.apache.hadoop.yarn.server.resourcemanager.scheduler.fifo,org.apache.hadoop.yarn.server.resourcemanager
org.apache.hadoop.yarn.server.resourcemanager.scheduler.fifo,org.apache.hadoop.yarn.server.resourcemanager.nodelabels
org.apache.hadoop.yarn.server.resourcemanager.scheduler.fifo,org.apache.hadoop.yarn.server.resourcemanager.rmapp
org.apache.hadoop.yarn.server.resourcemanager.scheduler.fifo,org.apache.hadoop.yarn.server.resourcemanager.rmapp.attempt
org.apache.hadoop.yarn.server.resourcemanager.scheduler.fifo,org.apache.hadoop.yarn.server.resourcemanager.rmcontainer
org.apache.hadoop.yarn.server.resourcemanager.scheduler.fifo,org.apache.hadoop.yarn.server.resourcemanager.rmnode
org.apache.hadoop.yarn.server.resourcemanager.scheduler.fifo,org.apache.hadoop.yarn.server.resourcemanager.scheduler
org.apache.hadoop.yarn.server.resourcemanager.scheduler.fifo,org.apache.hadoop.yarn.server.resourcemanager.scheduler.common
org.apache.hadoop.yarn.server.resourcemanager.scheduler.fifo,org.apache.hadoop.yarn.server.resourcemanager.scheduler.common.fica
org.apache.hadoop.yarn.server.resourcemanager.scheduler.fifo,org.apache.hadoop.yarn.server.resourcemanager.scheduler.event
org.apache.hadoop.yarn.server.resourcemanager.scheduler.fifo,org.apache.hadoop.yarn.server.scheduler
org.apache.hadoop.yarn.server.resourcemanager.scheduler.fifo,org.apache.hadoop.yarn.server.utils
org.apache.hadoop.yarn.server.resourcemanager.scheduler.fifo,org.apache.hadoop.yarn.util.resource
org.apache.hadoop.yarn.server.resourcemanager.scheduler.placement,org.apache.hadoop.classification
org.apache.hadoop.yarn.server.resourcemanager.scheduler.placement,org.apache.hadoop.conf
org.apache.hadoop.yarn.server.resourcemanager.scheduler.placement,org.apache.hadoop.service
org.apache.hadoop.yarn.server.resourcemanager.scheduler.placement,org.apache.hadoop.util
org.apache.hadoop.yarn.server.resourcemanager.scheduler.placement,org.apache.hadoop.yarn.api.records
org.apache.hadoop.yarn.server.resourcemanager.scheduler.placement,org.apache.hadoop.yarn.api.records.impl.pb
org.apache.hadoop.yarn.server.resourcemanager.scheduler.placement,org.apache.hadoop.yarn.api.resource
org.apache.hadoop.yarn.server.resourcemanager.scheduler.placement,org.apache.hadoop.yarn.conf
org.apache.hadoop.yarn.server.resourcemanager.scheduler.placement,org.apache.hadoop.yarn.exceptions
org.apache.hadoop.yarn.server.resourcemanager.scheduler.placement,org.apache.hadoop.yarn.server.resourcemanager
org.apache.hadoop.yarn.server.resourcemanager.scheduler.placement,org.apache.hadoop.yarn.server.resourcemanager.nodelabels
org.apache.hadoop.yarn.server.resourcemanager.scheduler.placement,org.apache.hadoop.yarn.server.resourcemanager.scheduler
org.apache.hadoop.yarn.server.resourcemanager.scheduler.placement,org.apache.hadoop.yarn.server.resourcemanager.scheduler.activities
org.apache.hadoop.yarn.server.resourcemanager.scheduler.placement,org.apache.hadoop.yarn.server.resourcemanager.scheduler.capacity
org.apache.hadoop.yarn.server.resourcemanager.scheduler.placement,org.apache.hadoop.yarn.server.resourcemanager.scheduler.common
org.apache.hadoop.yarn.server.resourcemanager.scheduler.placement,org.apache.hadoop.yarn.server.resourcemanager.scheduler.constraint
org.apache.hadoop.yarn.server.resourcemanager.scheduler.placement,org.apache.hadoop.yarn.server.scheduler
org.apache.hadoop.yarn.server.resourcemanager.scheduler.policy,org.apache.hadoop.classification
org.apache.hadoop.yarn.server.resourcemanager.scheduler.policy,org.apache.hadoop.yarn.api.records
org.apache.hadoop.yarn.server.resourcemanager.scheduler.policy,org.apache.hadoop.yarn.conf
org.apache.hadoop.yarn.server.resourcemanager.scheduler.policy,org.apache.hadoop.yarn.nodelabels
org.apache.hadoop.yarn.server.resourcemanager.scheduler.policy,org.apache.hadoop.yarn.server.resourcemanager.rmcontainer
org.apache.hadoop.yarn.server.resourcemanager.scheduler.policy,org.apache.hadoop.yarn.server.resourcemanager.scheduler
org.apache.hadoop.yarn.server.resourcemanager.scheduler.policy,org.apache.hadoop.yarn.server.resourcemanager.scheduler.capacity
org.apache.hadoop.yarn.server.resourcemanager.security,org.apache.hadoop.classification
org.apache.hadoop.yarn.server.resourcemanager.security,org.apache.hadoop.conf
org.apache.hadoop.yarn.server.resourcemanager.security,org.apache.hadoop.fs
org.apache.hadoop.yarn.server.resourcemanager.security,org.apache.hadoop.io
org.apache.hadoop.yarn.server.resourcemanager.security,org.apache.hadoop.security
org.apache.hadoop.yarn.server.resourcemanager.security,org.apache.hadoop.security.authorize
org.apache.hadoop.yarn.server.resourcemanager.security,org.apache.hadoop.security.token
org.apache.hadoop.yarn.server.resourcemanager.security,org.apache.hadoop.security.token.delegation
org.apache.hadoop.yarn.server.resourcemanager.security,org.apache.hadoop.service
org.apache.hadoop.yarn.server.resourcemanager.security,org.apache.hadoop.util
org.apache.hadoop.yarn.server.resourcemanager.security,org.apache.hadoop.yarn.api.records
org.apache.hadoop.yarn.server.resourcemanager.security,org.apache.hadoop.yarn.conf
org.apache.hadoop.yarn.server.resourcemanager.security,org.apache.hadoop.yarn.event
org.apache.hadoop.yarn.server.resourcemanager.security,org.apache.hadoop.yarn.exceptions
org.apache.hadoop.yarn.server.resourcemanager.security,org.apache.hadoop.yarn.security
org.apache.hadoop.yarn.server.resourcemanager.security,org.apache.hadoop.yarn.security.client
org.apache.hadoop.yarn.server.resourcemanager.security,org.apache.hadoop.yarn.server.api
org.apache.hadoop.yarn.server.resourcemanager.security,org.apache.hadoop.yarn.server.api.records
org.apache.hadoop.yarn.server.resourcemanager.security,org.apache.hadoop.yarn.server.resourcemanager
org.apache.hadoop.yarn.server.resourcemanager.security,org.apache.hadoop.yarn.server.resourcemanager.recovery
org.apache.hadoop.yarn.server.resourcemanager.security,org.apache.hadoop.yarn.server.resourcemanager.recovery.records
org.apache.hadoop.yarn.server.resourcemanager.security,org.apache.hadoop.yarn.server.resourcemanager.rmapp
org.apache.hadoop.yarn.server.resourcemanager.security,org.apache.hadoop.yarn.server.resourcemanager.scheduler
org.apache.hadoop.yarn.server.resourcemanager.security,org.apache.hadoop.yarn.server.resourcemanager.scheduler.capacity
org.apache.hadoop.yarn.server.resourcemanager.security,org.apache.hadoop.yarn.server.resourcemanager.scheduler.fair
org.apache.hadoop.yarn.server.resourcemanager.security,org.apache.hadoop.yarn.server.security
org.apache.hadoop.yarn.server.resourcemanager.security,org.apache.hadoop.yarn.server.utils
org.apache.hadoop.yarn.server.resourcemanager.security,org.apache.hadoop.yarn.server.webproxy
org.apache.hadoop.yarn.server.resourcemanager.security.authorize,org.apache.hadoop.classification
org.apache.hadoop.yarn.server.resourcemanager.security.authorize,org.apache.hadoop.fs
org.apache.hadoop.yarn.server.resourcemanager.security.authorize,org.apache.hadoop.ha
org.apache.hadoop.yarn.server.resourcemanager.security.authorize,org.apache.hadoop.security.authorize
org.apache.hadoop.yarn.server.resourcemanager.security.authorize,org.apache.hadoop.yarn.api
org.apache.hadoop.yarn.server.resourcemanager.security.authorize,org.apache.hadoop.yarn.conf
org.apache.hadoop.yarn.server.resourcemanager.security.authorize,org.apache.hadoop.yarn.server.api
org.apache.hadoop.yarn.server.resourcemanager.timelineservice,org.apache.hadoop.classification
org.apache.hadoop.yarn.server.resourcemanager.timelineservice,org.apache.hadoop.yarn.api.records
org.apache.hadoop.yarn.server.resourcemanager.timelineservice,org.apache.hadoop.yarn.exceptions
org.apache.hadoop.yarn.server.resourcemanager.timelineservice,org.apache.hadoop.yarn.server.resourcemanager
org.apache.hadoop.yarn.server.resourcemanager.timelineservice,org.apache.hadoop.yarn.server.resourcemanager.rmapp
org.apache.hadoop.yarn.server.resourcemanager.timelineservice,org.apache.hadoop.yarn.server.timelineservice.collector
org.apache.hadoop.yarn.server.resourcemanager.timelineservice,org.apache.hadoop.yarn.util.timeline
org.apache.hadoop.yarn.server.resourcemanager.volume,org.apache.hadoop.classification
org.apache.hadoop.yarn.server.resourcemanager.volume.csi,org.apache.hadoop.classification
org.apache.hadoop.yarn.server.resourcemanager.volume.csi,org.apache.hadoop.conf
org.apache.hadoop.yarn.server.resourcemanager.volume.csi,org.apache.hadoop.net
org.apache.hadoop.yarn.server.resourcemanager.volume.csi,org.apache.hadoop.security
org.apache.hadoop.yarn.server.resourcemanager.volume.csi,org.apache.hadoop.service
org.apache.hadoop.yarn.server.resourcemanager.volume.csi,org.apache.hadoop.yarn.api
org.apache.hadoop.yarn.server.resourcemanager.volume.csi,org.apache.hadoop.yarn.api.protocolrecords
org.apache.hadoop.yarn.server.resourcemanager.volume.csi,org.apache.hadoop.yarn.client
org.apache.hadoop.yarn.server.resourcemanager.volume.csi,org.apache.hadoop.yarn.conf
org.apache.hadoop.yarn.server.resourcemanager.volume.csi,org.apache.hadoop.yarn.exceptions
org.apache.hadoop.yarn.server.resourcemanager.volume.csi,org.apache.hadoop.yarn.ipc
org.apache.hadoop.yarn.server.resourcemanager.volume.csi,org.apache.hadoop.yarn.server.resourcemanager.volume.csi.lifecycle
org.apache.hadoop.yarn.server.resourcemanager.volume.csi,org.apache.hadoop.yarn.server.resourcemanager.volume.csi.provisioner
org.apache.hadoop.yarn.server.resourcemanager.volume.csi,org.apache.hadoop.yarn.server.volume.csi
org.apache.hadoop.yarn.server.resourcemanager.volume.csi,org.apache.hadoop.yarn.server.volume.csi.exception
org.apache.hadoop.yarn.server.resourcemanager.volume.csi.event,org.apache.hadoop.classification
org.apache.hadoop.yarn.server.resourcemanager.volume.csi.event,org.apache.hadoop.yarn.event
org.apache.hadoop.yarn.server.resourcemanager.volume.csi.event,org.apache.hadoop.yarn.server.resourcemanager.volume.csi.lifecycle
org.apache.hadoop.yarn.server.resourcemanager.volume.csi.event,org.apache.hadoop.yarn.server.volume.csi
org.apache.hadoop.yarn.server.resourcemanager.volume.csi.lifecycle,org.apache.hadoop.classification
org.apache.hadoop.yarn.server.resourcemanager.volume.csi.lifecycle,org.apache.hadoop.yarn.api
org.apache.hadoop.yarn.server.resourcemanager.volume.csi.lifecycle,org.apache.hadoop.yarn.api.protocolrecords
org.apache.hadoop.yarn.server.resourcemanager.volume.csi.lifecycle,org.apache.hadoop.yarn.event
org.apache.hadoop.yarn.server.resourcemanager.volume.csi.lifecycle,org.apache.hadoop.yarn.exceptions
org.apache.hadoop.yarn.server.resourcemanager.volume.csi.lifecycle,org.apache.hadoop.yarn.server.resourcemanager.volume.csi.event
org.apache.hadoop.yarn.server.resourcemanager.volume.csi.lifecycle,org.apache.hadoop.yarn.server.volume.csi
org.apache.hadoop.yarn.server.resourcemanager.volume.csi.lifecycle,org.apache.hadoop.yarn.state
org.apache.hadoop.yarn.server.resourcemanager.volume.csi.processor,org.apache.hadoop.classification
org.apache.hadoop.yarn.server.resourcemanager.volume.csi.processor,org.apache.hadoop.yarn.ams
org.apache.hadoop.yarn.server.resourcemanager.volume.csi.processor,org.apache.hadoop.yarn.api
org.apache.hadoop.yarn.server.resourcemanager.volume.csi.processor,org.apache.hadoop.yarn.api.protocolrecords
org.apache.hadoop.yarn.server.resourcemanager.volume.csi.processor,org.apache.hadoop.yarn.api.records
org.apache.hadoop.yarn.server.resourcemanager.volume.csi.processor,org.apache.hadoop.yarn.conf
org.apache.hadoop.yarn.server.resourcemanager.volume.csi.processor,org.apache.hadoop.yarn.exceptions
org.apache.hadoop.yarn.server.resourcemanager.volume.csi.processor,org.apache.hadoop.yarn.server.resourcemanager
org.apache.hadoop.yarn.server.resourcemanager.volume.csi.processor,org.apache.hadoop.yarn.server.resourcemanager.volume.csi
org.apache.hadoop.yarn.server.resourcemanager.volume.csi.processor,org.apache.hadoop.yarn.server.resourcemanager.volume.csi.lifecycle
org.apache.hadoop.yarn.server.resourcemanager.volume.csi.processor,org.apache.hadoop.yarn.server.resourcemanager.volume.csi.provisioner
org.apache.hadoop.yarn.server.resourcemanager.volume.csi.processor,org.apache.hadoop.yarn.server.volume.csi
org.apache.hadoop.yarn.server.resourcemanager.volume.csi.processor,org.apache.hadoop.yarn.server.volume.csi.exception
org.apache.hadoop.yarn.server.resourcemanager.volume.csi.provisioner,org.apache.hadoop.classification
org.apache.hadoop.yarn.server.resourcemanager.volume.csi.provisioner,org.apache.hadoop.yarn.server.resourcemanager.volume.csi.event
org.apache.hadoop.yarn.server.resourcemanager.volume.csi.provisioner,org.apache.hadoop.yarn.server.resourcemanager.volume.csi.lifecycle
org.apache.hadoop.yarn.server.resourcemanager.volume.csi.provisioner,org.apache.hadoop.yarn.server.volume.csi
org.apache.hadoop.yarn.server.resourcemanager.webapp,org.apache.hadoop.classification
org.apache.hadoop.yarn.server.resourcemanager.webapp,org.apache.hadoop.conf
org.apache.hadoop.yarn.server.resourcemanager.webapp,org.apache.hadoop.fs
org.apache.hadoop.yarn.server.resourcemanager.webapp,org.apache.hadoop.http
org.apache.hadoop.yarn.server.resourcemanager.webapp,org.apache.hadoop.http.lib
org.apache.hadoop.yarn.server.resourcemanager.webapp,org.apache.hadoop.io
org.apache.hadoop.yarn.server.resourcemanager.webapp,org.apache.hadoop.security
org.apache.hadoop.yarn.server.resourcemanager.webapp,org.apache.hadoop.security.authentication.server
org.apache.hadoop.yarn.server.resourcemanager.webapp,org.apache.hadoop.security.authorize
org.apache.hadoop.yarn.server.resourcemanager.webapp,org.apache.hadoop.security.token
org.apache.hadoop.yarn.server.resourcemanager.webapp,org.apache.hadoop.security.token.delegation.web
org.apache.hadoop.yarn.server.resourcemanager.webapp,org.apache.hadoop.util
org.apache.hadoop.yarn.server.resourcemanager.webapp,org.apache.hadoop.yarn.api
org.apache.hadoop.yarn.server.resourcemanager.webapp,org.apache.hadoop.yarn.api.protocolrecords
org.apache.hadoop.yarn.server.resourcemanager.webapp,org.apache.hadoop.yarn.api.records
org.apache.hadoop.yarn.server.resourcemanager.webapp,org.apache.hadoop.yarn.conf
org.apache.hadoop.yarn.server.resourcemanager.webapp,org.apache.hadoop.yarn.exceptions
org.apache.hadoop.yarn.server.resourcemanager.webapp,org.apache.hadoop.yarn.factories
org.apache.hadoop.yarn.server.resourcemanager.webapp,org.apache.hadoop.yarn.factory.providers
org.apache.hadoop.yarn.server.resourcemanager.webapp,org.apache.hadoop.yarn.nodelabels
org.apache.hadoop.yarn.server.resourcemanager.webapp,org.apache.hadoop.yarn.security.client
org.apache.hadoop.yarn.server.resourcemanager.webapp,org.apache.hadoop.yarn.server.api
org.apache.hadoop.yarn.server.resourcemanager.webapp,org.apache.hadoop.yarn.server.api.protocolrecords
org.apache.hadoop.yarn.server.resourcemanager.webapp,org.apache.hadoop.yarn.server.resourcemanager
org.apache.hadoop.yarn.server.resourcemanager.webapp,org.apache.hadoop.yarn.server.resourcemanager.nodelabels
org.apache.hadoop.yarn.server.resourcemanager.webapp,org.apache.hadoop.yarn.server.resourcemanager.rmapp
org.apache.hadoop.yarn.server.resourcemanager.webapp,org.apache.hadoop.yarn.server.resourcemanager.rmapp.attempt
org.apache.hadoop.yarn.server.resourcemanager.webapp,org.apache.hadoop.yarn.server.resourcemanager.rmnode
org.apache.hadoop.yarn.server.resourcemanager.webapp,org.apache.hadoop.yarn.server.resourcemanager.scheduler
org.apache.hadoop.yarn.server.resourcemanager.webapp,org.apache.hadoop.yarn.server.resourcemanager.scheduler.activities
org.apache.hadoop.yarn.server.resourcemanager.webapp,org.apache.hadoop.yarn.server.resourcemanager.scheduler.capacity
org.apache.hadoop.yarn.server.resourcemanager.webapp,org.apache.hadoop.yarn.server.resourcemanager.scheduler.common.fica
org.apache.hadoop.yarn.server.resourcemanager.webapp,org.apache.hadoop.yarn.server.resourcemanager.scheduler.fair
org.apache.hadoop.yarn.server.resourcemanager.webapp,org.apache.hadoop.yarn.server.resourcemanager.scheduler.fifo
org.apache.hadoop.yarn.server.resourcemanager.webapp,org.apache.hadoop.yarn.server.resourcemanager.security
org.apache.hadoop.yarn.server.resourcemanager.webapp,org.apache.hadoop.yarn.server.resourcemanager.webapp.dao
org.apache.hadoop.yarn.server.resourcemanager.webapp,org.apache.hadoop.yarn.server.resourcemanager.webapp.jsonprovider
org.apache.hadoop.yarn.server.resourcemanager.webapp,org.apache.hadoop.yarn.server.security
org.apache.hadoop.yarn.server.resourcemanager.webapp,org.apache.hadoop.yarn.server.security.http
org.apache.hadoop.yarn.server.resourcemanager.webapp,org.apache.hadoop.yarn.server.utils
org.apache.hadoop.yarn.server.resourcemanager.webapp,org.apache.hadoop.yarn.server.webapp
org.apache.hadoop.yarn.server.resourcemanager.webapp,org.apache.hadoop.yarn.server.webapp.dao
org.apache.hadoop.yarn.server.resourcemanager.webapp,org.apache.hadoop.yarn.server.webproxy
org.apache.hadoop.yarn.server.resourcemanager.webapp,org.apache.hadoop.yarn.util
org.apache.hadoop.yarn.server.resourcemanager.webapp,org.apache.hadoop.yarn.util.resource
org.apache.hadoop.yarn.server.resourcemanager.webapp,org.apache.hadoop.yarn.webapp
org.apache.hadoop.yarn.server.resourcemanager.webapp,org.apache.hadoop.yarn.webapp.dao
org.apache.hadoop.yarn.server.resourcemanager.webapp,org.apache.hadoop.yarn.webapp.hamlet2
org.apache.hadoop.yarn.server.resourcemanager.webapp,org.apache.hadoop.yarn.webapp.util
org.apache.hadoop.yarn.server.resourcemanager.webapp,org.apache.hadoop.yarn.webapp.view
org.apache.hadoop.yarn.server.resourcemanager.webapp.dao,org.apache.hadoop
org.apache.hadoop.yarn.server.resourcemanager.webapp.dao,org.apache.hadoop.classification
org.apache.hadoop.yarn.server.resourcemanager.webapp.dao,org.apache.hadoop.conf
org.apache.hadoop.yarn.server.resourcemanager.webapp.dao,org.apache.hadoop.ha
org.apache.hadoop.yarn.server.resourcemanager.webapp.dao,org.apache.hadoop.security
org.apache.hadoop.yarn.server.resourcemanager.webapp.dao,org.apache.hadoop.security.authorize
org.apache.hadoop.yarn.server.resourcemanager.webapp.dao,org.apache.hadoop.util
org.apache.hadoop.yarn.server.resourcemanager.webapp.dao,org.apache.hadoop.yarn.api.protocolrecords
org.apache.hadoop.yarn.server.resourcemanager.webapp.dao,org.apache.hadoop.yarn.api.records
org.apache.hadoop.yarn.server.resourcemanager.webapp.dao,org.apache.hadoop.yarn.conf
org.apache.hadoop.yarn.server.resourcemanager.webapp.dao,org.apache.hadoop.yarn.security
org.apache.hadoop.yarn.server.resourcemanager.webapp.dao,org.apache.hadoop.yarn.server.api.records
org.apache.hadoop.yarn.server.resourcemanager.webapp.dao,org.apache.hadoop.yarn.server.federation.store.records
org.apache.hadoop.yarn.server.resourcemanager.webapp.dao,org.apache.hadoop.yarn.server.resourcemanager
org.apache.hadoop.yarn.server.resourcemanager.webapp.dao,org.apache.hadoop.yarn.server.resourcemanager.nodelabels
org.apache.hadoop.yarn.server.resourcemanager.webapp.dao,org.apache.hadoop.yarn.server.resourcemanager.reservation
org.apache.hadoop.yarn.server.resourcemanager.webapp.dao,org.apache.hadoop.yarn.server.resourcemanager.rmapp
org.apache.hadoop.yarn.server.resourcemanager.webapp.dao,org.apache.hadoop.yarn.server.resourcemanager.rmapp.attempt
org.apache.hadoop.yarn.server.resourcemanager.webapp.dao,org.apache.hadoop.yarn.server.resourcemanager.rmnode
org.apache.hadoop.yarn.server.resourcemanager.webapp.dao,org.apache.hadoop.yarn.server.resourcemanager.scheduler
org.apache.hadoop.yarn.server.resourcemanager.webapp.dao,org.apache.hadoop.yarn.server.resourcemanager.scheduler.activities
org.apache.hadoop.yarn.server.resourcemanager.webapp.dao,org.apache.hadoop.yarn.server.resourcemanager.scheduler.capacity
org.apache.hadoop.yarn.server.resourcemanager.webapp.dao,org.apache.hadoop.yarn.server.resourcemanager.scheduler.common.fica
org.apache.hadoop.yarn.server.resourcemanager.webapp.dao,org.apache.hadoop.yarn.server.resourcemanager.scheduler.fair
org.apache.hadoop.yarn.server.resourcemanager.webapp.dao,org.apache.hadoop.yarn.server.resourcemanager.scheduler.fifo
org.apache.hadoop.yarn.server.resourcemanager.webapp.dao,org.apache.hadoop.yarn.server.resourcemanager.webapp
org.apache.hadoop.yarn.server.resourcemanager.webapp.dao,org.apache.hadoop.yarn.server.resourcemanager.webapp.dao.helper
org.apache.hadoop.yarn.server.resourcemanager.webapp.dao,org.apache.hadoop.yarn.util
org.apache.hadoop.yarn.server.resourcemanager.webapp.dao,org.apache.hadoop.yarn.util.resource
org.apache.hadoop.yarn.server.resourcemanager.webapp.dao,org.apache.hadoop.yarn.webapp.util
org.apache.hadoop.yarn.server.resourcemanager.webapp.dao.helper,org.apache.hadoop.classification
org.apache.hadoop.yarn.server.resourcemanager.webapp.dao.helper,org.apache.hadoop.yarn.server.resourcemanager.scheduler.capacity
org.apache.hadoop.yarn.server.resourcemanager.webapp.dao.helper,org.apache.hadoop.yarn.server.resourcemanager.webapp.dao
org.apache.hadoop.yarn.server.resourcemanager.webapp.jsonprovider,org.apache.hadoop.conf
org.apache.hadoop.yarn.server.resourcemanager.webapp.jsonprovider,org.apache.hadoop.util
org.apache.hadoop.yarn.server.resourcemanager.webapp.jsonprovider,org.apache.hadoop.yarn.conf
org.apache.hadoop.yarn.server.resourcemanager.webapp.jsonprovider,org.apache.hadoop.yarn.server.resourcemanager.scheduler.capacity
org.apache.hadoop.yarn.server.resourcemanager.webapp.jsonprovider,org.apache.hadoop.yarn.server.resourcemanager.webapp.dao
org.apache.hadoop.yarn.server.resourcemanager.webapp.jsonprovider,org.apache.hadoop.yarn.server.webapp.dao
org.apache.hadoop.yarn.server.resourcemanager.webapp.jsonprovider,org.apache.hadoop.yarn.webapp
org.apache.hadoop.yarn.server.resourcemanager.webapp.jsonprovider,org.apache.hadoop.yarn.webapp.dao
org.apache.hadoop.yarn.server.router,org.apache.hadoop.classification
org.apache.hadoop.yarn.server.router,org.apache.hadoop.conf
org.apache.hadoop.yarn.server.router,org.apache.hadoop.ipc
org.apache.hadoop.yarn.server.router,org.apache.hadoop.metrics2
org.apache.hadoop.yarn.server.router,org.apache.hadoop.metrics2.annotation
org.apache.hadoop.yarn.server.router,org.apache.hadoop.metrics2.lib
org.apache.hadoop.yarn.server.router,org.apache.hadoop.metrics2.source
org.apache.hadoop.yarn.server.router,org.apache.hadoop.security
org.apache.hadoop.yarn.server.router,org.apache.hadoop.security.token
org.apache.hadoop.yarn.server.router,org.apache.hadoop.service
org.apache.hadoop.yarn.server.router,org.apache.hadoop.util
org.apache.hadoop.yarn.server.router,org.apache.hadoop.yarn
org.apache.hadoop.yarn.server.router,org.apache.hadoop.yarn.api.records
org.apache.hadoop.yarn.server.router,org.apache.hadoop.yarn.api.records.impl.pb
org.apache.hadoop.yarn.server.router,org.apache.hadoop.yarn.conf
org.apache.hadoop.yarn.server.router,org.apache.hadoop.yarn.exceptions
org.apache.hadoop.yarn.server.router,org.apache.hadoop.yarn.security.client
org.apache.hadoop.yarn.server.router,org.apache.hadoop.yarn.server.federation.store.records
org.apache.hadoop.yarn.server.router,org.apache.hadoop.yarn.server.federation.utils
org.apache.hadoop.yarn.server.router,org.apache.hadoop.yarn.server.resourcemanager.webapp
org.apache.hadoop.yarn.server.router,org.apache.hadoop.yarn.server.resourcemanager.webapp.dao
org.apache.hadoop.yarn.server.router,org.apache.hadoop.yarn.server.router.cleaner
org.apache.hadoop.yarn.server.router,org.apache.hadoop.yarn.server.router.clientrm
org.apache.hadoop.yarn.server.router,org.apache.hadoop.yarn.server.router.rmadmin
org.apache.hadoop.yarn.server.router,org.apache.hadoop.yarn.server.router.webapp
org.apache.hadoop.yarn.server.router,org.apache.hadoop.yarn.server.webproxy
org.apache.hadoop.yarn.server.router,org.apache.hadoop.yarn.util
org.apache.hadoop.yarn.server.router,org.apache.hadoop.yarn.webapp
org.apache.hadoop.yarn.server.router,org.apache.hadoop.yarn.webapp.util
org.apache.hadoop.yarn.server.router.cleaner,org.apache.hadoop.conf
org.apache.hadoop.yarn.server.router.cleaner,org.apache.hadoop.yarn.conf
org.apache.hadoop.yarn.server.router.cleaner,org.apache.hadoop.yarn.exceptions
org.apache.hadoop.yarn.server.router.cleaner,org.apache.hadoop.yarn.server.federation.store.records
org.apache.hadoop.yarn.server.router.cleaner,org.apache.hadoop.yarn.server.federation.utils
org.apache.hadoop.yarn.server.router.clientrm,org.apache.hadoop.classification
org.apache.hadoop.yarn.server.router.clientrm,org.apache.hadoop.conf
org.apache.hadoop.yarn.server.router.clientrm,org.apache.hadoop.fs
org.apache.hadoop.yarn.server.router.clientrm,org.apache.hadoop.io
org.apache.hadoop.yarn.server.router.clientrm,org.apache.hadoop.ipc
org.apache.hadoop.yarn.server.router.clientrm,org.apache.hadoop.security
org.apache.hadoop.yarn.server.router.clientrm,org.apache.hadoop.security.authorize
org.apache.hadoop.yarn.server.router.clientrm,org.apache.hadoop.security.token
org.apache.hadoop.yarn.server.router.clientrm,org.apache.hadoop.service
org.apache.hadoop.yarn.server.router.clientrm,org.apache.hadoop.yarn.api
org.apache.hadoop.yarn.server.router.clientrm,org.apache.hadoop.yarn.api.protocolrecords
org.apache.hadoop.yarn.server.router.clientrm,org.apache.hadoop.yarn.api.records
org.apache.hadoop.yarn.server.router.clientrm,org.apache.hadoop.yarn.api.records.impl.pb
org.apache.hadoop.yarn.server.router.clientrm,org.apache.hadoop.yarn.client
org.apache.hadoop.yarn.server.router.clientrm,org.apache.hadoop.yarn.conf
org.apache.hadoop.yarn.server.router.clientrm,org.apache.hadoop.yarn.exceptions
org.apache.hadoop.yarn.server.router.clientrm,org.apache.hadoop.yarn.ipc
org.apache.hadoop.yarn.server.router.clientrm,org.apache.hadoop.yarn.security.client
org.apache.hadoop.yarn.server.router.clientrm,org.apache.hadoop.yarn.server.federation.failover
org.apache.hadoop.yarn.server.router.clientrm,org.apache.hadoop.yarn.server.federation.policies
org.apache.hadoop.yarn.server.router.clientrm,org.apache.hadoop.yarn.server.federation.policies.exceptions
org.apache.hadoop.yarn.server.router.clientrm,org.apache.hadoop.yarn.server.federation.retry
org.apache.hadoop.yarn.server.router.clientrm,org.apache.hadoop.yarn.server.federation.store.records
org.apache.hadoop.yarn.server.router.clientrm,org.apache.hadoop.yarn.server.federation.utils
org.apache.hadoop.yarn.server.router.clientrm,org.apache.hadoop.yarn.server.router
org.apache.hadoop.yarn.server.router.clientrm,org.apache.hadoop.yarn.server.router.security
org.apache.hadoop.yarn.server.router.clientrm,org.apache.hadoop.yarn.server.router.security.authorize
org.apache.hadoop.yarn.server.router.clientrm,org.apache.hadoop.yarn.server.uam
org.apache.hadoop.yarn.server.router.clientrm,org.apache.hadoop.yarn.server.utils
org.apache.hadoop.yarn.server.router.clientrm,org.apache.hadoop.yarn.util
org.apache.hadoop.yarn.server.router.clientrm,org.apache.hadoop.yarn.util.resource
org.apache.hadoop.yarn.server.router.clientrm,org.apache.hadoop.yarn.webapp.util
org.apache.hadoop.yarn.server.router.rmadmin,org.apache.hadoop.classification
org.apache.hadoop.yarn.server.router.rmadmin,org.apache.hadoop.conf
org.apache.hadoop.yarn.server.router.rmadmin,org.apache.hadoop.fs
org.apache.hadoop.yarn.server.router.rmadmin,org.apache.hadoop.ipc
org.apache.hadoop.yarn.server.router.rmadmin,org.apache.hadoop.security
org.apache.hadoop.yarn.server.router.rmadmin,org.apache.hadoop.security.authorize
org.apache.hadoop.yarn.server.router.rmadmin,org.apache.hadoop.service
org.apache.hadoop.yarn.server.router.rmadmin,org.apache.hadoop.util
org.apache.hadoop.yarn.server.router.rmadmin,org.apache.hadoop.yarn.api.records
org.apache.hadoop.yarn.server.router.rmadmin,org.apache.hadoop.yarn.client
org.apache.hadoop.yarn.server.router.rmadmin,org.apache.hadoop.yarn.conf
org.apache.hadoop.yarn.server.router.rmadmin,org.apache.hadoop.yarn.exceptions
org.apache.hadoop.yarn.server.router.rmadmin,org.apache.hadoop.yarn.ipc
org.apache.hadoop.yarn.server.router.rmadmin,org.apache.hadoop.yarn.server.api
org.apache.hadoop.yarn.server.router.rmadmin,org.apache.hadoop.yarn.server.api.protocolrecords
org.apache.hadoop.yarn.server.router.rmadmin,org.apache.hadoop.yarn.server.federation.failover
org.apache.hadoop.yarn.server.router.rmadmin,org.apache.hadoop.yarn.server.federation.policies.dao
org.apache.hadoop.yarn.server.router.rmadmin,org.apache.hadoop.yarn.server.federation.policies.manager
org.apache.hadoop.yarn.server.router.rmadmin,org.apache.hadoop.yarn.server.federation.store.records
org.apache.hadoop.yarn.server.router.rmadmin,org.apache.hadoop.yarn.server.federation.utils
org.apache.hadoop.yarn.server.router.rmadmin,org.apache.hadoop.yarn.server.router
org.apache.hadoop.yarn.server.router.rmadmin,org.apache.hadoop.yarn.server.router.security.authorize
org.apache.hadoop.yarn.server.router.rmadmin,org.apache.hadoop.yarn.util
org.apache.hadoop.yarn.server.router.security,org.apache.hadoop.classification
org.apache.hadoop.yarn.server.router.security,org.apache.hadoop.conf
org.apache.hadoop.yarn.server.router.security,org.apache.hadoop.security.token.delegation
org.apache.hadoop.yarn.server.router.security,org.apache.hadoop.util
org.apache.hadoop.yarn.server.router.security,org.apache.hadoop.yarn.exceptions
org.apache.hadoop.yarn.server.router.security,org.apache.hadoop.yarn.security.client
org.apache.hadoop.yarn.server.router.security,org.apache.hadoop.yarn.server.federation.store.records
org.apache.hadoop.yarn.server.router.security,org.apache.hadoop.yarn.server.federation.utils
org.apache.hadoop.yarn.server.router.security.authorize,org.apache.hadoop.classification
org.apache.hadoop.yarn.server.router.security.authorize,org.apache.hadoop.security.authorize
org.apache.hadoop.yarn.server.router.security.authorize,org.apache.hadoop.yarn.api
org.apache.hadoop.yarn.server.router.security.authorize,org.apache.hadoop.yarn.conf
org.apache.hadoop.yarn.server.router.security.authorize,org.apache.hadoop.yarn.server.api
org.apache.hadoop.yarn.server.router.webapp,org.apache.hadoop.classification
org.apache.hadoop.yarn.server.router.webapp,org.apache.hadoop.conf
org.apache.hadoop.yarn.server.router.webapp,org.apache.hadoop.fs
org.apache.hadoop.yarn.server.router.webapp,org.apache.hadoop.fs.impl.prefetch
org.apache.hadoop.yarn.server.router.webapp,org.apache.hadoop.http
org.apache.hadoop.yarn.server.router.webapp,org.apache.hadoop.io
org.apache.hadoop.yarn.server.router.webapp,org.apache.hadoop.net
org.apache.hadoop.yarn.server.router.webapp,org.apache.hadoop.security
org.apache.hadoop.yarn.server.router.webapp,org.apache.hadoop.security.authentication.server
org.apache.hadoop.yarn.server.router.webapp,org.apache.hadoop.security.authorize
org.apache.hadoop.yarn.server.router.webapp,org.apache.hadoop.security.token
org.apache.hadoop.yarn.server.router.webapp,org.apache.hadoop.security.token.delegation.web
org.apache.hadoop.yarn.server.router.webapp,org.apache.hadoop.util
org.apache.hadoop.yarn.server.router.webapp,org.apache.hadoop.util.concurrent
org.apache.hadoop.yarn.server.router.webapp,org.apache.hadoop.yarn.api.protocolrecords
org.apache.hadoop.yarn.server.router.webapp,org.apache.hadoop.yarn.api.records
org.apache.hadoop.yarn.server.router.webapp,org.apache.hadoop.yarn.conf
org.apache.hadoop.yarn.server.router.webapp,org.apache.hadoop.yarn.exceptions
org.apache.hadoop.yarn.server.router.webapp,org.apache.hadoop.yarn.security.client
org.apache.hadoop.yarn.server.router.webapp,org.apache.hadoop.yarn.server.api
org.apache.hadoop.yarn.server.router.webapp,org.apache.hadoop.yarn.server.federation.policies
org.apache.hadoop.yarn.server.router.webapp,org.apache.hadoop.yarn.server.federation.policies.exceptions
org.apache.hadoop.yarn.server.router.webapp,org.apache.hadoop.yarn.server.federation.resolver
org.apache.hadoop.yarn.server.router.webapp,org.apache.hadoop.yarn.server.federation.retry
org.apache.hadoop.yarn.server.router.webapp,org.apache.hadoop.yarn.server.federation.store.records
org.apache.hadoop.yarn.server.router.webapp,org.apache.hadoop.yarn.server.federation.utils
org.apache.hadoop.yarn.server.router.webapp,org.apache.hadoop.yarn.server.resourcemanager.nodelabels
org.apache.hadoop.yarn.server.router.webapp,org.apache.hadoop.yarn.server.resourcemanager.webapp
org.apache.hadoop.yarn.server.router.webapp,org.apache.hadoop.yarn.server.resourcemanager.webapp.dao
org.apache.hadoop.yarn.server.router.webapp,org.apache.hadoop.yarn.server.router
org.apache.hadoop.yarn.server.router.webapp,org.apache.hadoop.yarn.server.router.clientrm
org.apache.hadoop.yarn.server.router.webapp,org.apache.hadoop.yarn.server.router.security
org.apache.hadoop.yarn.server.router.webapp,org.apache.hadoop.yarn.server.router.webapp.cache
org.apache.hadoop.yarn.server.router.webapp,org.apache.hadoop.yarn.server.router.webapp.dao
org.apache.hadoop.yarn.server.router.webapp,org.apache.hadoop.yarn.server.uam
org.apache.hadoop.yarn.server.router.webapp,org.apache.hadoop.yarn.server.utils
org.apache.hadoop.yarn.server.router.webapp,org.apache.hadoop.yarn.server.webapp
org.apache.hadoop.yarn.server.router.webapp,org.apache.hadoop.yarn.server.webapp.dao
org.apache.hadoop.yarn.server.router.webapp,org.apache.hadoop.yarn.util
org.apache.hadoop.yarn.server.router.webapp,org.apache.hadoop.yarn.webapp
org.apache.hadoop.yarn.server.router.webapp,org.apache.hadoop.yarn.webapp.dao
org.apache.hadoop.yarn.server.router.webapp,org.apache.hadoop.yarn.webapp.hamlet2
org.apache.hadoop.yarn.server.router.webapp,org.apache.hadoop.yarn.webapp.util
org.apache.hadoop.yarn.server.router.webapp,org.apache.hadoop.yarn.webapp.view
org.apache.hadoop.yarn.server.router.webapp.cache,org.apache.hadoop.security
org.apache.hadoop.yarn.server.router.webapp.cache,org.apache.hadoop.yarn.server.resourcemanager.webapp
org.apache.hadoop.yarn.server.router.webapp.dao,org.apache.hadoop.conf
org.apache.hadoop.yarn.server.router.webapp.dao,org.apache.hadoop.service
org.apache.hadoop.yarn.server.router.webapp.dao,org.apache.hadoop.util
org.apache.hadoop.yarn.server.router.webapp.dao,org.apache.hadoop.yarn.api.records
org.apache.hadoop.yarn.server.router.webapp.dao,org.apache.hadoop.yarn.conf
org.apache.hadoop.yarn.server.router.webapp.dao,org.apache.hadoop.yarn.server.federation.store.records
org.apache.hadoop.yarn.server.router.webapp.dao,org.apache.hadoop.yarn.server.resourcemanager.webapp.dao
org.apache.hadoop.yarn.server.router.webapp.dao,org.apache.hadoop.yarn.server.router
org.apache.hadoop.yarn.server.router.webapp.dao,org.apache.hadoop.yarn.util
org.apache.hadoop.yarn.server.router.webapp.dao,org.apache.hadoop.yarn.util.resource
org.apache.hadoop.yarn.server.router.webapp.dao,org.apache.hadoop.yarn.webapp.dao
org.apache.hadoop.yarn.server.scheduler,org.apache.hadoop.classification
org.apache.hadoop.yarn.server.scheduler,org.apache.hadoop.net
org.apache.hadoop.yarn.server.scheduler,org.apache.hadoop.security
org.apache.hadoop.yarn.server.scheduler,org.apache.hadoop.util
org.apache.hadoop.yarn.server.scheduler,org.apache.hadoop.yarn.api.records
org.apache.hadoop.yarn.server.scheduler,org.apache.hadoop.yarn.exceptions
org.apache.hadoop.yarn.server.scheduler,org.apache.hadoop.yarn.nodelabels
org.apache.hadoop.yarn.server.scheduler,org.apache.hadoop.yarn.security
org.apache.hadoop.yarn.server.scheduler,org.apache.hadoop.yarn.server.api
org.apache.hadoop.yarn.server.scheduler,org.apache.hadoop.yarn.server.api.protocolrecords
org.apache.hadoop.yarn.server.scheduler,org.apache.hadoop.yarn.server.metrics
org.apache.hadoop.yarn.server.scheduler,org.apache.hadoop.yarn.server.security
org.apache.hadoop.yarn.server.scheduler,org.apache.hadoop.yarn.server.utils
org.apache.hadoop.yarn.server.scheduler,org.apache.hadoop.yarn.util.resource
org.apache.hadoop.yarn.server.security,org.apache.hadoop.classification
org.apache.hadoop.yarn.server.security,org.apache.hadoop.conf
org.apache.hadoop.yarn.server.security,org.apache.hadoop.io
org.apache.hadoop.yarn.server.security,org.apache.hadoop.net
org.apache.hadoop.yarn.server.security,org.apache.hadoop.security
org.apache.hadoop.yarn.server.security,org.apache.hadoop.security.authorize
org.apache.hadoop.yarn.server.security,org.apache.hadoop.security.token
org.apache.hadoop.yarn.server.security,org.apache.hadoop.yarn.api.records
org.apache.hadoop.yarn.server.security,org.apache.hadoop.yarn.conf
org.apache.hadoop.yarn.server.security,org.apache.hadoop.yarn.security
org.apache.hadoop.yarn.server.security,org.apache.hadoop.yarn.server.api.records
org.apache.hadoop.yarn.server.security,org.apache.hadoop.yarn.util
org.apache.hadoop.yarn.server.security.http,org.apache.hadoop.conf
org.apache.hadoop.yarn.server.security.http,org.apache.hadoop.http
org.apache.hadoop.yarn.server.security.http,org.apache.hadoop.security
org.apache.hadoop.yarn.server.security.http,org.apache.hadoop.security.authorize
org.apache.hadoop.yarn.server.security.http,org.apache.hadoop.security.token.delegation
org.apache.hadoop.yarn.server.security.http,org.apache.hadoop.security.token.delegation.web
org.apache.hadoop.yarn.server.security.http,org.apache.hadoop.yarn.security.client
org.apache.hadoop.yarn.server.sharedcache,org.apache.hadoop.conf
org.apache.hadoop.yarn.server.sharedcache,org.apache.hadoop.fs
org.apache.hadoop.yarn.server.sharedcache,org.apache.hadoop.yarn.conf
org.apache.hadoop.yarn.server.sharedcachemanager,org.apache.hadoop
org.apache.hadoop.yarn.server.sharedcachemanager,org.apache.hadoop.classification
org.apache.hadoop.yarn.server.sharedcachemanager,org.apache.hadoop.conf
org.apache.hadoop.yarn.server.sharedcachemanager,org.apache.hadoop.fs
org.apache.hadoop.yarn.server.sharedcachemanager,org.apache.hadoop.ipc
org.apache.hadoop.yarn.server.sharedcachemanager,org.apache.hadoop.metrics2.lib
org.apache.hadoop.yarn.server.sharedcachemanager,org.apache.hadoop.metrics2.source
org.apache.hadoop.yarn.server.sharedcachemanager,org.apache.hadoop.security
org.apache.hadoop.yarn.server.sharedcachemanager,org.apache.hadoop.service
org.apache.hadoop.yarn.server.sharedcachemanager,org.apache.hadoop.util
org.apache.hadoop.yarn.server.sharedcachemanager,org.apache.hadoop.util.concurrent
org.apache.hadoop.yarn.server.sharedcachemanager,org.apache.hadoop.yarn
org.apache.hadoop.yarn.server.sharedcachemanager,org.apache.hadoop.yarn.api
org.apache.hadoop.yarn.server.sharedcachemanager,org.apache.hadoop.yarn.api.protocolrecords
org.apache.hadoop.yarn.server.sharedcachemanager,org.apache.hadoop.yarn.api.records
org.apache.hadoop.yarn.server.sharedcachemanager,org.apache.hadoop.yarn.client.api
org.apache.hadoop.yarn.server.sharedcachemanager,org.apache.hadoop.yarn.conf
org.apache.hadoop.yarn.server.sharedcachemanager,org.apache.hadoop.yarn.exceptions
org.apache.hadoop.yarn.server.sharedcachemanager,org.apache.hadoop.yarn.factories
org.apache.hadoop.yarn.server.sharedcachemanager,org.apache.hadoop.yarn.factory.providers
org.apache.hadoop.yarn.server.sharedcachemanager,org.apache.hadoop.yarn.ipc
org.apache.hadoop.yarn.server.sharedcachemanager,org.apache.hadoop.yarn.security
org.apache.hadoop.yarn.server.sharedcachemanager,org.apache.hadoop.yarn.server.api
org.apache.hadoop.yarn.server.sharedcachemanager,org.apache.hadoop.yarn.server.api.protocolrecords
org.apache.hadoop.yarn.server.sharedcachemanager,org.apache.hadoop.yarn.server.sharedcache
org.apache.hadoop.yarn.server.sharedcachemanager,org.apache.hadoop.yarn.server.sharedcachemanager.metrics
org.apache.hadoop.yarn.server.sharedcachemanager,org.apache.hadoop.yarn.server.sharedcachemanager.store
org.apache.hadoop.yarn.server.sharedcachemanager,org.apache.hadoop.yarn.server.sharedcachemanager.webapp
org.apache.hadoop.yarn.server.sharedcachemanager.metrics,org.apache.hadoop.metrics2
org.apache.hadoop.yarn.server.sharedcachemanager.metrics,org.apache.hadoop.metrics2.annotation
org.apache.hadoop.yarn.server.sharedcachemanager.metrics,org.apache.hadoop.metrics2.lib
org.apache.hadoop.yarn.server.sharedcachemanager.store,org.apache.hadoop
org.apache.hadoop.yarn.server.sharedcachemanager.store,org.apache.hadoop.classification
org.apache.hadoop.yarn.server.sharedcachemanager.store,org.apache.hadoop.conf
org.apache.hadoop.yarn.server.sharedcachemanager.store,org.apache.hadoop.fs
org.apache.hadoop.yarn.server.sharedcachemanager.store,org.apache.hadoop.service
org.apache.hadoop.yarn.server.sharedcachemanager.store,org.apache.hadoop.util
org.apache.hadoop.yarn.server.sharedcachemanager.store,org.apache.hadoop.util.concurrent
org.apache.hadoop.yarn.server.sharedcachemanager.store,org.apache.hadoop.yarn.api.records
org.apache.hadoop.yarn.server.sharedcachemanager.store,org.apache.hadoop.yarn.conf
org.apache.hadoop.yarn.server.sharedcachemanager.store,org.apache.hadoop.yarn.exceptions
org.apache.hadoop.yarn.server.sharedcachemanager.store,org.apache.hadoop.yarn.server.sharedcache
org.apache.hadoop.yarn.server.sharedcachemanager.store,org.apache.hadoop.yarn.server.sharedcachemanager
org.apache.hadoop.yarn.server.sharedcachemanager.webapp,org.apache.hadoop.conf
org.apache.hadoop.yarn.server.sharedcachemanager.webapp,org.apache.hadoop.service
org.apache.hadoop.yarn.server.sharedcachemanager.webapp,org.apache.hadoop.yarn.conf
org.apache.hadoop.yarn.server.sharedcachemanager.webapp,org.apache.hadoop.yarn.server.sharedcachemanager
org.apache.hadoop.yarn.server.sharedcachemanager.webapp,org.apache.hadoop.yarn.server.sharedcachemanager.metrics
org.apache.hadoop.yarn.server.sharedcachemanager.webapp,org.apache.hadoop.yarn.util
org.apache.hadoop.yarn.server.sharedcachemanager.webapp,org.apache.hadoop.yarn.webapp
org.apache.hadoop.yarn.server.sharedcachemanager.webapp,org.apache.hadoop.yarn.webapp.view
org.apache.hadoop.yarn.server.timeline,org.apache.hadoop.classification
org.apache.hadoop.yarn.server.timeline,org.apache.hadoop.conf
org.apache.hadoop.yarn.server.timeline,org.apache.hadoop.fs
org.apache.hadoop.yarn.server.timeline,org.apache.hadoop.fs.permission
org.apache.hadoop.yarn.server.timeline,org.apache.hadoop.io
org.apache.hadoop.yarn.server.timeline,org.apache.hadoop.ipc
org.apache.hadoop.yarn.server.timeline,org.apache.hadoop.metrics2
org.apache.hadoop.yarn.server.timeline,org.apache.hadoop.metrics2.annotation
org.apache.hadoop.yarn.server.timeline,org.apache.hadoop.metrics2.lib
org.apache.hadoop.yarn.server.timeline,org.apache.hadoop.security
org.apache.hadoop.yarn.server.timeline,org.apache.hadoop.service
org.apache.hadoop.yarn.server.timeline,org.apache.hadoop.util
org.apache.hadoop.yarn.server.timeline,org.apache.hadoop.yarn.api.records
org.apache.hadoop.yarn.server.timeline,org.apache.hadoop.yarn.api.records.timeline
org.apache.hadoop.yarn.server.timeline,org.apache.hadoop.yarn.client.api
org.apache.hadoop.yarn.server.timeline,org.apache.hadoop.yarn.conf
org.apache.hadoop.yarn.server.timeline,org.apache.hadoop.yarn.exceptions
org.apache.hadoop.yarn.server.timeline,org.apache.hadoop.yarn.server.records
org.apache.hadoop.yarn.server.timeline,org.apache.hadoop.yarn.server.records.impl.pb
org.apache.hadoop.yarn.server.timeline,org.apache.hadoop.yarn.server.timeline.security
org.apache.hadoop.yarn.server.timeline,org.apache.hadoop.yarn.server.timeline.util
org.apache.hadoop.yarn.server.timeline,org.apache.hadoop.yarn.server.utils
org.apache.hadoop.yarn.server.timeline,org.apache.hadoop.yarn.util
org.apache.hadoop.yarn.server.timeline,org.apache.hadoop.yarn.webapp
org.apache.hadoop.yarn.server.timeline.recovery,org.apache.hadoop.classification
org.apache.hadoop.yarn.server.timeline.recovery,org.apache.hadoop.conf
org.apache.hadoop.yarn.server.timeline.recovery,org.apache.hadoop.fs
org.apache.hadoop.yarn.server.timeline.recovery,org.apache.hadoop.fs.permission
org.apache.hadoop.yarn.server.timeline.recovery,org.apache.hadoop.io
org.apache.hadoop.yarn.server.timeline.recovery,org.apache.hadoop.security.token.delegation
org.apache.hadoop.yarn.server.timeline.recovery,org.apache.hadoop.service
org.apache.hadoop.yarn.server.timeline.recovery,org.apache.hadoop.yarn.conf
org.apache.hadoop.yarn.server.timeline.recovery,org.apache.hadoop.yarn.security.client
org.apache.hadoop.yarn.server.timeline.recovery,org.apache.hadoop.yarn.server.records
org.apache.hadoop.yarn.server.timeline.recovery,org.apache.hadoop.yarn.server.records.impl.pb
org.apache.hadoop.yarn.server.timeline.recovery,org.apache.hadoop.yarn.server.timeline.recovery.records
org.apache.hadoop.yarn.server.timeline.recovery,org.apache.hadoop.yarn.server.utils
org.apache.hadoop.yarn.server.timeline.recovery.records,org.apache.hadoop.yarn.security.client
org.apache.hadoop.yarn.server.timeline.security,org.apache.hadoop.classification
org.apache.hadoop.yarn.server.timeline.security,org.apache.hadoop.conf
org.apache.hadoop.yarn.server.timeline.security,org.apache.hadoop.http
org.apache.hadoop.yarn.server.timeline.security,org.apache.hadoop.security
org.apache.hadoop.yarn.server.timeline.security,org.apache.hadoop.security.authentication.server
org.apache.hadoop.yarn.server.timeline.security,org.apache.hadoop.security.authorize
org.apache.hadoop.yarn.server.timeline.security,org.apache.hadoop.security.token.delegation
org.apache.hadoop.yarn.server.timeline.security,org.apache.hadoop.security.token.delegation.web
org.apache.hadoop.yarn.server.timeline.security,org.apache.hadoop.service
org.apache.hadoop.yarn.server.timeline.security,org.apache.hadoop.util
org.apache.hadoop.yarn.server.timeline.security,org.apache.hadoop.yarn.api.records
org.apache.hadoop.yarn.server.timeline.security,org.apache.hadoop.yarn.api.records.timeline
org.apache.hadoop.yarn.server.timeline.security,org.apache.hadoop.yarn.conf
org.apache.hadoop.yarn.server.timeline.security,org.apache.hadoop.yarn.exceptions
org.apache.hadoop.yarn.server.timeline.security,org.apache.hadoop.yarn.security
org.apache.hadoop.yarn.server.timeline.security,org.apache.hadoop.yarn.security.client
org.apache.hadoop.yarn.server.timeline.security,org.apache.hadoop.yarn.server.timeline
org.apache.hadoop.yarn.server.timeline.security,org.apache.hadoop.yarn.server.timeline.recovery
org.apache.hadoop.yarn.server.timeline.security,org.apache.hadoop.yarn.util
org.apache.hadoop.yarn.server.timeline.security.authorize,org.apache.hadoop.classification
org.apache.hadoop.yarn.server.timeline.security.authorize,org.apache.hadoop.security.authorize
org.apache.hadoop.yarn.server.timeline.security.authorize,org.apache.hadoop.yarn.api
org.apache.hadoop.yarn.server.timeline.security.authorize,org.apache.hadoop.yarn.conf
org.apache.hadoop.yarn.server.timeline.util,org.apache.hadoop.fs
org.apache.hadoop.yarn.server.timeline.util,org.apache.hadoop.fs.permission
org.apache.hadoop.yarn.server.timeline.util,org.apache.hadoop.io
org.apache.hadoop.yarn.server.timeline.util,org.apache.hadoop.util
org.apache.hadoop.yarn.server.timeline.webapp,org.apache.hadoop.conf
org.apache.hadoop.yarn.server.timeline.webapp,org.apache.hadoop.http
org.apache.hadoop.yarn.server.timeline.webapp,org.apache.hadoop.security
org.apache.hadoop.yarn.server.timeline.webapp,org.apache.hadoop.security.http
org.apache.hadoop.yarn.server.timeline.webapp,org.apache.hadoop.util
org.apache.hadoop.yarn.server.timeline.webapp,org.apache.hadoop.yarn.api.records.timeline
org.apache.hadoop.yarn.server.timeline.webapp,org.apache.hadoop.yarn.exceptions
org.apache.hadoop.yarn.server.timeline.webapp,org.apache.hadoop.yarn.server.timeline
org.apache.hadoop.yarn.server.timeline.webapp,org.apache.hadoop.yarn.util.timeline
org.apache.hadoop.yarn.server.timeline.webapp,org.apache.hadoop.yarn.webapp
org.apache.hadoop.yarn.server.timelineservice,org.apache.hadoop.classification
org.apache.hadoop.yarn.server.timelineservice,org.apache.hadoop.conf
org.apache.hadoop.yarn.server.timelineservice,org.apache.hadoop.yarn.conf
org.apache.hadoop.yarn.server.timelineservice,org.apache.hadoop.yarn.util.timeline
org.apache.hadoop.yarn.server.timelineservice.collector,org.apache.hadoop.classification
org.apache.hadoop.yarn.server.timelineservice.collector,org.apache.hadoop.conf
org.apache.hadoop.yarn.server.timelineservice.collector,org.apache.hadoop.http
org.apache.hadoop.yarn.server.timelineservice.collector,org.apache.hadoop.io
org.apache.hadoop.yarn.server.timelineservice.collector,org.apache.hadoop.net
org.apache.hadoop.yarn.server.timelineservice.collector,org.apache.hadoop.security
org.apache.hadoop.yarn.server.timelineservice.collector,org.apache.hadoop.security.token
org.apache.hadoop.yarn.server.timelineservice.collector,org.apache.hadoop.service
org.apache.hadoop.yarn.server.timelineservice.collector,org.apache.hadoop.util
org.apache.hadoop.yarn.server.timelineservice.collector,org.apache.hadoop.yarn
org.apache.hadoop.yarn.server.timelineservice.collector,org.apache.hadoop.yarn.api.records
org.apache.hadoop.yarn.server.timelineservice.collector,org.apache.hadoop.yarn.api.records.timeline
org.apache.hadoop.yarn.server.timelineservice.collector,org.apache.hadoop.yarn.api.records.timelineservice
org.apache.hadoop.yarn.server.timelineservice.collector,org.apache.hadoop.yarn.api.records.timelineservice.reader
org.apache.hadoop.yarn.server.timelineservice.collector,org.apache.hadoop.yarn.api.records.timelineservice.writer
org.apache.hadoop.yarn.server.timelineservice.collector,org.apache.hadoop.yarn.conf
org.apache.hadoop.yarn.server.timelineservice.collector,org.apache.hadoop.yarn.exceptions
org.apache.hadoop.yarn.server.timelineservice.collector,org.apache.hadoop.yarn.ipc
org.apache.hadoop.yarn.server.timelineservice.collector,org.apache.hadoop.yarn.security.client
org.apache.hadoop.yarn.server.timelineservice.collector,org.apache.hadoop.yarn.server.api
org.apache.hadoop.yarn.server.timelineservice.collector,org.apache.hadoop.yarn.server.api.protocolrecords
org.apache.hadoop.yarn.server.timelineservice.collector,org.apache.hadoop.yarn.server.timelineservice
org.apache.hadoop.yarn.server.timelineservice.collector,org.apache.hadoop.yarn.server.timelineservice.metrics
org.apache.hadoop.yarn.server.timelineservice.collector,org.apache.hadoop.yarn.server.timelineservice.security
org.apache.hadoop.yarn.server.timelineservice.collector,org.apache.hadoop.yarn.server.timelineservice.storage
org.apache.hadoop.yarn.server.timelineservice.collector,org.apache.hadoop.yarn.server.util.timeline
org.apache.hadoop.yarn.server.timelineservice.collector,org.apache.hadoop.yarn.util.timeline
org.apache.hadoop.yarn.server.timelineservice.collector,org.apache.hadoop.yarn.webapp
org.apache.hadoop.yarn.server.timelineservice.collector,org.apache.hadoop.yarn.webapp.util
org.apache.hadoop.yarn.server.timelineservice.documentstore,org.apache.hadoop.classification
org.apache.hadoop.yarn.server.timelineservice.documentstore,org.apache.hadoop.conf
org.apache.hadoop.yarn.server.timelineservice.documentstore,org.apache.hadoop.security
org.apache.hadoop.yarn.server.timelineservice.documentstore,org.apache.hadoop.service
org.apache.hadoop.yarn.server.timelineservice.documentstore,org.apache.hadoop.yarn.api.records.timeline
org.apache.hadoop.yarn.server.timelineservice.documentstore,org.apache.hadoop.yarn.api.records.timelineservice
org.apache.hadoop.yarn.server.timelineservice.documentstore,org.apache.hadoop.yarn.conf
org.apache.hadoop.yarn.server.timelineservice.documentstore,org.apache.hadoop.yarn.exceptions
org.apache.hadoop.yarn.server.timelineservice.documentstore,org.apache.hadoop.yarn.server.metrics
org.apache.hadoop.yarn.server.timelineservice.documentstore,org.apache.hadoop.yarn.server.timelineservice.collector
org.apache.hadoop.yarn.server.timelineservice.documentstore,org.apache.hadoop.yarn.server.timelineservice.documentstore.collection
org.apache.hadoop.yarn.server.timelineservice.documentstore,org.apache.hadoop.yarn.server.timelineservice.documentstore.lib
org.apache.hadoop.yarn.server.timelineservice.documentstore,org.apache.hadoop.yarn.server.timelineservice.documentstore.reader
org.apache.hadoop.yarn.server.timelineservice.documentstore,org.apache.hadoop.yarn.server.timelineservice.documentstore.writer
org.apache.hadoop.yarn.server.timelineservice.documentstore,org.apache.hadoop.yarn.server.timelineservice.reader
org.apache.hadoop.yarn.server.timelineservice.documentstore,org.apache.hadoop.yarn.server.timelineservice.reader.filter
org.apache.hadoop.yarn.server.timelineservice.documentstore,org.apache.hadoop.yarn.server.timelineservice.storage
org.apache.hadoop.yarn.server.timelineservice.documentstore,org.apache.hadoop.yarn.server.timelineservice.storage.common
org.apache.hadoop.yarn.server.timelineservice.documentstore.collection,org.apache.hadoop.classification
org.apache.hadoop.yarn.server.timelineservice.documentstore.lib,org.apache.hadoop.classification
org.apache.hadoop.yarn.server.timelineservice.documentstore.lib,org.apache.hadoop.conf
org.apache.hadoop.yarn.server.timelineservice.documentstore.lib,org.apache.hadoop.yarn.exceptions
org.apache.hadoop.yarn.server.timelineservice.documentstore.lib,org.apache.hadoop.yarn.server.timelineservice.documentstore
org.apache.hadoop.yarn.server.timelineservice.documentstore.lib,org.apache.hadoop.yarn.server.timelineservice.documentstore.reader
org.apache.hadoop.yarn.server.timelineservice.documentstore.lib,org.apache.hadoop.yarn.server.timelineservice.documentstore.writer
org.apache.hadoop.yarn.server.timelineservice.documentstore.reader,org.apache.hadoop.classification
org.apache.hadoop.yarn.server.timelineservice.documentstore.reader,org.apache.hadoop.conf
org.apache.hadoop.yarn.server.timelineservice.documentstore.reader,org.apache.hadoop.yarn.api.records.timelineservice
org.apache.hadoop.yarn.server.timelineservice.documentstore.reader,org.apache.hadoop.yarn.exceptions
org.apache.hadoop.yarn.server.timelineservice.documentstore.reader,org.apache.hadoop.yarn.server.timelineservice.documentstore
org.apache.hadoop.yarn.server.timelineservice.documentstore.reader,org.apache.hadoop.yarn.server.timelineservice.documentstore.collection
org.apache.hadoop.yarn.server.timelineservice.documentstore.reader,org.apache.hadoop.yarn.server.timelineservice.documentstore.lib
org.apache.hadoop.yarn.server.timelineservice.documentstore.reader,org.apache.hadoop.yarn.server.timelineservice.reader
org.apache.hadoop.yarn.server.timelineservice.documentstore.writer,org.apache.hadoop.classification
org.apache.hadoop.yarn.server.timelineservice.documentstore.writer,org.apache.hadoop.conf
org.apache.hadoop.yarn.server.timelineservice.documentstore.writer,org.apache.hadoop.util
org.apache.hadoop.yarn.server.timelineservice.documentstore.writer,org.apache.hadoop.yarn.conf
org.apache.hadoop.yarn.server.timelineservice.documentstore.writer,org.apache.hadoop.yarn.exceptions
org.apache.hadoop.yarn.server.timelineservice.documentstore.writer,org.apache.hadoop.yarn.server.timelineservice.documentstore.collection
org.apache.hadoop.yarn.server.timelineservice.documentstore.writer,org.apache.hadoop.yarn.server.timelineservice.documentstore.lib
org.apache.hadoop.yarn.server.timelineservice.documentstore.writer,org.apache.hadoop.yarn.server.timelineservice.metrics
org.apache.hadoop.yarn.server.timelineservice.metrics,org.apache.hadoop.classification
org.apache.hadoop.yarn.server.timelineservice.metrics,org.apache.hadoop.metrics2
org.apache.hadoop.yarn.server.timelineservice.metrics,org.apache.hadoop.metrics2.annotation
org.apache.hadoop.yarn.server.timelineservice.metrics,org.apache.hadoop.metrics2.lib
org.apache.hadoop.yarn.server.timelineservice.reader,org.apache.hadoop.classification
org.apache.hadoop.yarn.server.timelineservice.reader,org.apache.hadoop.conf
org.apache.hadoop.yarn.server.timelineservice.reader,org.apache.hadoop.http
org.apache.hadoop.yarn.server.timelineservice.reader,org.apache.hadoop.io
org.apache.hadoop.yarn.server.timelineservice.reader,org.apache.hadoop.net
org.apache.hadoop.yarn.server.timelineservice.reader,org.apache.hadoop.security
org.apache.hadoop.yarn.server.timelineservice.reader,org.apache.hadoop.security.authentication.server
org.apache.hadoop.yarn.server.timelineservice.reader,org.apache.hadoop.service
org.apache.hadoop.yarn.server.timelineservice.reader,org.apache.hadoop.util
org.apache.hadoop.yarn.server.timelineservice.reader,org.apache.hadoop.yarn
org.apache.hadoop.yarn.server.timelineservice.reader,org.apache.hadoop.yarn.api.records.timeline
org.apache.hadoop.yarn.server.timelineservice.reader,org.apache.hadoop.yarn.api.records.timelineservice
org.apache.hadoop.yarn.server.timelineservice.reader,org.apache.hadoop.yarn.api.records.timelineservice.writer
org.apache.hadoop.yarn.server.timelineservice.reader,org.apache.hadoop.yarn.conf
org.apache.hadoop.yarn.server.timelineservice.reader,org.apache.hadoop.yarn.exceptions
org.apache.hadoop.yarn.server.timelineservice.reader,org.apache.hadoop.yarn.security
org.apache.hadoop.yarn.server.timelineservice.reader,org.apache.hadoop.yarn.server.timeline
org.apache.hadoop.yarn.server.timelineservice.reader,org.apache.hadoop.yarn.server.timelineservice
org.apache.hadoop.yarn.server.timelineservice.reader,org.apache.hadoop.yarn.server.timelineservice.metrics
org.apache.hadoop.yarn.server.timelineservice.reader,org.apache.hadoop.yarn.server.timelineservice.reader.filter
org.apache.hadoop.yarn.server.timelineservice.reader,org.apache.hadoop.yarn.server.timelineservice.reader.security
org.apache.hadoop.yarn.server.timelineservice.reader,org.apache.hadoop.yarn.server.timelineservice.storage
org.apache.hadoop.yarn.server.timelineservice.reader,org.apache.hadoop.yarn.server.timelineservice.storage.common
org.apache.hadoop.yarn.server.timelineservice.reader,org.apache.hadoop.yarn.server.util.timeline
org.apache.hadoop.yarn.server.timelineservice.reader,org.apache.hadoop.yarn.server.webapp
org.apache.hadoop.yarn.server.timelineservice.reader,org.apache.hadoop.yarn.util.timeline
org.apache.hadoop.yarn.server.timelineservice.reader,org.apache.hadoop.yarn.webapp
org.apache.hadoop.yarn.server.timelineservice.reader,org.apache.hadoop.yarn.webapp.util
org.apache.hadoop.yarn.server.timelineservice.reader.filter,org.apache.hadoop.classification
org.apache.hadoop.yarn.server.timelineservice.reader.security,org.apache.hadoop.classification
org.apache.hadoop.yarn.server.timelineservice.reader.security,org.apache.hadoop.conf
org.apache.hadoop.yarn.server.timelineservice.reader.security,org.apache.hadoop.http
org.apache.hadoop.yarn.server.timelineservice.reader.security,org.apache.hadoop.security
org.apache.hadoop.yarn.server.timelineservice.reader.security,org.apache.hadoop.security.authentication.server
org.apache.hadoop.yarn.server.timelineservice.reader.security,org.apache.hadoop.security.authorize
org.apache.hadoop.yarn.server.timelineservice.reader.security,org.apache.hadoop.yarn.conf
org.apache.hadoop.yarn.server.timelineservice.reader.security,org.apache.hadoop.yarn.server.timeline.security
org.apache.hadoop.yarn.server.timelineservice.reader.security,org.apache.hadoop.yarn.server.timelineservice.reader
org.apache.hadoop.yarn.server.timelineservice.security,org.apache.hadoop.classification
org.apache.hadoop.yarn.server.timelineservice.security,org.apache.hadoop.conf
org.apache.hadoop.yarn.server.timelineservice.security,org.apache.hadoop.io
org.apache.hadoop.yarn.server.timelineservice.security,org.apache.hadoop.security
org.apache.hadoop.yarn.server.timelineservice.security,org.apache.hadoop.security.token
org.apache.hadoop.yarn.server.timelineservice.security,org.apache.hadoop.security.token.delegation
org.apache.hadoop.yarn.server.timelineservice.security,org.apache.hadoop.yarn.conf
org.apache.hadoop.yarn.server.timelineservice.security,org.apache.hadoop.yarn.security.client
org.apache.hadoop.yarn.server.timelineservice.security,org.apache.hadoop.yarn.server.api
org.apache.hadoop.yarn.server.timelineservice.security,org.apache.hadoop.yarn.server.timeline.security
org.apache.hadoop.yarn.server.timelineservice.storage,org.apache.hadoop.classification
org.apache.hadoop.yarn.server.timelineservice.storage,org.apache.hadoop.conf
org.apache.hadoop.yarn.server.timelineservice.storage,org.apache.hadoop.security
org.apache.hadoop.yarn.server.timelineservice.storage,org.apache.hadoop.service
org.apache.hadoop.yarn.server.timelineservice.storage,org.apache.hadoop.util
org.apache.hadoop.yarn.server.timelineservice.storage,org.apache.hadoop.yarn.api.records.timeline
org.apache.hadoop.yarn.server.timelineservice.storage,org.apache.hadoop.yarn.api.records.timelineservice
org.apache.hadoop.yarn.server.timelineservice.storage,org.apache.hadoop.yarn.conf
org.apache.hadoop.yarn.server.timelineservice.storage,org.apache.hadoop.yarn.exceptions
org.apache.hadoop.yarn.server.timelineservice.storage,org.apache.hadoop.yarn.server.timelineservice.collector
org.apache.hadoop.yarn.server.timelineservice.storage,org.apache.hadoop.yarn.server.timelineservice.reader
org.apache.hadoop.yarn.server.timelineservice.storage,org.apache.hadoop.yarn.server.timelineservice.storage.common
org.apache.hadoop.yarn.server.timelineservice.storage.common,org.apache.hadoop.classification
org.apache.hadoop.yarn.server.timelineservice.storage.common,org.apache.hadoop.yarn.api.records.timelineservice
org.apache.hadoop.yarn.server.timelineservice.storage.common,org.apache.hadoop.yarn.server.timelineservice.collector
org.apache.hadoop.yarn.server.timelineservice.storage.common,org.apache.hadoop.yarn.server.timelineservice.reader.filter
org.apache.hadoop.yarn.server.uam,org.apache.hadoop.classification
org.apache.hadoop.yarn.server.uam,org.apache.hadoop.conf
org.apache.hadoop.yarn.server.uam,org.apache.hadoop.io
org.apache.hadoop.yarn.server.uam,org.apache.hadoop.security
org.apache.hadoop.yarn.server.uam,org.apache.hadoop.security.token
org.apache.hadoop.yarn.server.uam,org.apache.hadoop.service
org.apache.hadoop.yarn.server.uam,org.apache.hadoop.util
org.apache.hadoop.yarn.server.uam,org.apache.hadoop.yarn.api
org.apache.hadoop.yarn.server.uam,org.apache.hadoop.yarn.api.protocolrecords
org.apache.hadoop.yarn.server.uam,org.apache.hadoop.yarn.api.records
org.apache.hadoop.yarn.server.uam,org.apache.hadoop.yarn.client
org.apache.hadoop.yarn.server.uam,org.apache.hadoop.yarn.conf
org.apache.hadoop.yarn.server.uam,org.apache.hadoop.yarn.exceptions
org.apache.hadoop.yarn.server.uam,org.apache.hadoop.yarn.factories
org.apache.hadoop.yarn.server.uam,org.apache.hadoop.yarn.factory.providers
org.apache.hadoop.yarn.server.uam,org.apache.hadoop.yarn.security
org.apache.hadoop.yarn.server.uam,org.apache.hadoop.yarn.server
org.apache.hadoop.yarn.server.uam,org.apache.hadoop.yarn.util
org.apache.hadoop.yarn.server.uam,org.apache.hadoop.yarn.util.resource
org.apache.hadoop.yarn.server.util.timeline,org.apache.hadoop.conf
org.apache.hadoop.yarn.server.util.timeline,org.apache.hadoop.security
org.apache.hadoop.yarn.server.util.timeline,org.apache.hadoop.security.authentication.server
org.apache.hadoop.yarn.server.util.timeline,org.apache.hadoop.yarn.server.timeline.security
org.apache.hadoop.yarn.server.utils,org.apache.hadoop.classification
org.apache.hadoop.yarn.server.utils,org.apache.hadoop.conf
org.apache.hadoop.yarn.server.utils,org.apache.hadoop.io
org.apache.hadoop.yarn.server.utils,org.apache.hadoop.net
org.apache.hadoop.yarn.server.utils,org.apache.hadoop.security
org.apache.hadoop.yarn.server.utils,org.apache.hadoop.security.token
org.apache.hadoop.yarn.server.utils,org.apache.hadoop.util
org.apache.hadoop.yarn.server.utils,org.apache.hadoop.yarn.api.protocolrecords
org.apache.hadoop.yarn.server.utils,org.apache.hadoop.yarn.api.records
org.apache.hadoop.yarn.server.utils,org.apache.hadoop.yarn.api.records.impl.pb
org.apache.hadoop.yarn.server.utils,org.apache.hadoop.yarn.client
org.apache.hadoop.yarn.server.utils,org.apache.hadoop.yarn.exceptions
org.apache.hadoop.yarn.server.utils,org.apache.hadoop.yarn.factories
org.apache.hadoop.yarn.server.utils,org.apache.hadoop.yarn.factory.providers
org.apache.hadoop.yarn.server.utils,org.apache.hadoop.yarn.ipc
org.apache.hadoop.yarn.server.utils,org.apache.hadoop.yarn.nodelabels
org.apache.hadoop.yarn.server.utils,org.apache.hadoop.yarn.security
org.apache.hadoop.yarn.server.utils,org.apache.hadoop.yarn.server.api
org.apache.hadoop.yarn.server.utils,org.apache.hadoop.yarn.server.api.protocolrecords
org.apache.hadoop.yarn.server.utils,org.apache.hadoop.yarn.server.api.records
org.apache.hadoop.yarn.server.volume.csi,org.apache.hadoop.util
org.apache.hadoop.yarn.server.volume.csi,org.apache.hadoop.yarn.api.records
org.apache.hadoop.yarn.server.volume.csi,org.apache.hadoop.yarn.server.volume.csi.exception
org.apache.hadoop.yarn.server.volume.csi.exception,org.apache.hadoop.classification
org.apache.hadoop.yarn.server.volume.csi.exception,org.apache.hadoop.yarn.exceptions
org.apache.hadoop.yarn.server.webapp,org.apache.hadoop.classification
org.apache.hadoop.yarn.server.webapp,org.apache.hadoop.conf
org.apache.hadoop.yarn.server.webapp,org.apache.hadoop.fs
org.apache.hadoop.yarn.server.webapp,org.apache.hadoop.http
org.apache.hadoop.yarn.server.webapp,org.apache.hadoop.security
org.apache.hadoop.yarn.server.webapp,org.apache.hadoop.security.authentication.client
org.apache.hadoop.yarn.server.webapp,org.apache.hadoop.security.authentication.server
org.apache.hadoop.yarn.server.webapp,org.apache.hadoop.security.authorize
org.apache.hadoop.yarn.server.webapp,org.apache.hadoop.security.http
org.apache.hadoop.yarn.server.webapp,org.apache.hadoop.util
org.apache.hadoop.yarn.server.webapp,org.apache.hadoop.yarn.api
org.apache.hadoop.yarn.server.webapp,org.apache.hadoop.yarn.api.protocolrecords
org.apache.hadoop.yarn.server.webapp,org.apache.hadoop.yarn.api.records
org.apache.hadoop.yarn.server.webapp,org.apache.hadoop.yarn.api.records.impl.pb
org.apache.hadoop.yarn.server.webapp,org.apache.hadoop.yarn.api.records.timelineservice
org.apache.hadoop.yarn.server.webapp,org.apache.hadoop.yarn.conf
org.apache.hadoop.yarn.server.webapp,org.apache.hadoop.yarn.exceptions
org.apache.hadoop.yarn.server.webapp,org.apache.hadoop.yarn.logaggregation
org.apache.hadoop.yarn.server.webapp,org.apache.hadoop.yarn.logaggregation.filecontroller
org.apache.hadoop.yarn.server.webapp,org.apache.hadoop.yarn.security
org.apache.hadoop.yarn.server.webapp,org.apache.hadoop.yarn.server.metrics
org.apache.hadoop.yarn.server.webapp,org.apache.hadoop.yarn.server.webapp.dao
org.apache.hadoop.yarn.server.webapp,org.apache.hadoop.yarn.util
org.apache.hadoop.yarn.server.webapp,org.apache.hadoop.yarn.webapp
org.apache.hadoop.yarn.server.webapp,org.apache.hadoop.yarn.webapp.hamlet2
org.apache.hadoop.yarn.server.webapp,org.apache.hadoop.yarn.webapp.util
org.apache.hadoop.yarn.server.webapp,org.apache.hadoop.yarn.webapp.view
org.apache.hadoop.yarn.server.webapp.dao,org.apache.hadoop.classification
org.apache.hadoop.yarn.server.webapp.dao,org.apache.hadoop.yarn.api.records
org.apache.hadoop.yarn.server.webapp.dao,org.apache.hadoop.yarn.logaggregation
org.apache.hadoop.yarn.server.webapp.dao,org.apache.hadoop.yarn.util
org.apache.hadoop.yarn.server.webapp.dao,org.apache.hadoop.yarn.util.resource
org.apache.hadoop.yarn.server.webproxy,org.apache.hadoop.classification
org.apache.hadoop.yarn.server.webproxy,org.apache.hadoop.conf
org.apache.hadoop.yarn.server.webproxy,org.apache.hadoop.fs
org.apache.hadoop.yarn.server.webproxy,org.apache.hadoop.http
org.apache.hadoop.yarn.server.webproxy,org.apache.hadoop.io
org.apache.hadoop.yarn.server.webproxy,org.apache.hadoop.ipc
org.apache.hadoop.yarn.server.webproxy,org.apache.hadoop.metrics2.lib
org.apache.hadoop.yarn.server.webproxy,org.apache.hadoop.metrics2.source
org.apache.hadoop.yarn.server.webproxy,org.apache.hadoop.net
org.apache.hadoop.yarn.server.webproxy,org.apache.hadoop.security
org.apache.hadoop.yarn.server.webproxy,org.apache.hadoop.security.authorize
org.apache.hadoop.yarn.server.webproxy,org.apache.hadoop.service
org.apache.hadoop.yarn.server.webproxy,org.apache.hadoop.util
org.apache.hadoop.yarn.server.webproxy,org.apache.hadoop.yarn
org.apache.hadoop.yarn.server.webproxy,org.apache.hadoop.yarn.api
org.apache.hadoop.yarn.server.webproxy,org.apache.hadoop.yarn.api.protocolrecords
org.apache.hadoop.yarn.server.webproxy,org.apache.hadoop.yarn.api.records
org.apache.hadoop.yarn.server.webproxy,org.apache.hadoop.yarn.client
org.apache.hadoop.yarn.server.webproxy,org.apache.hadoop.yarn.conf
org.apache.hadoop.yarn.server.webproxy,org.apache.hadoop.yarn.exceptions
org.apache.hadoop.yarn.server.webproxy,org.apache.hadoop.yarn.factories
org.apache.hadoop.yarn.server.webproxy,org.apache.hadoop.yarn.factory.providers
org.apache.hadoop.yarn.server.webproxy,org.apache.hadoop.yarn.server.federation.failover
org.apache.hadoop.yarn.server.webproxy,org.apache.hadoop.yarn.server.federation.store.records
org.apache.hadoop.yarn.server.webproxy,org.apache.hadoop.yarn.server.federation.utils
org.apache.hadoop.yarn.server.webproxy,org.apache.hadoop.yarn.util
org.apache.hadoop.yarn.server.webproxy,org.apache.hadoop.yarn.webapp
org.apache.hadoop.yarn.server.webproxy,org.apache.hadoop.yarn.webapp.hamlet2
org.apache.hadoop.yarn.server.webproxy,org.apache.hadoop.yarn.webapp.util
org.apache.hadoop.yarn.server.webproxy.amfilter,org.apache.hadoop.classification
org.apache.hadoop.yarn.server.webproxy.amfilter,org.apache.hadoop.conf
org.apache.hadoop.yarn.server.webproxy.amfilter,org.apache.hadoop.http
org.apache.hadoop.yarn.server.webproxy.amfilter,org.apache.hadoop.security
org.apache.hadoop.yarn.server.webproxy.amfilter,org.apache.hadoop.util
org.apache.hadoop.yarn.server.webproxy.amfilter,org.apache.hadoop.yarn.api
org.apache.hadoop.yarn.server.webproxy.amfilter,org.apache.hadoop.yarn.conf
org.apache.hadoop.yarn.server.webproxy.amfilter,org.apache.hadoop.yarn.server.webproxy
org.apache.hadoop.yarn.server.webproxy.amfilter,org.apache.hadoop.yarn.webapp.util
org.apache.hadoop.yarn.service,org.apache.hadoop.classification
org.apache.hadoop.yarn.service,org.apache.hadoop.conf
org.apache.hadoop.yarn.service,org.apache.hadoop.fs
org.apache.hadoop.yarn.service,org.apache.hadoop.hdfs.security.token.delegation
org.apache.hadoop.yarn.service,org.apache.hadoop.io
org.apache.hadoop.yarn.service,org.apache.hadoop.ipc
org.apache.hadoop.yarn.service,org.apache.hadoop.metrics2
org.apache.hadoop.yarn.service,org.apache.hadoop.metrics2.annotation
org.apache.hadoop.yarn.service,org.apache.hadoop.metrics2.lib
org.apache.hadoop.yarn.service,org.apache.hadoop.net
org.apache.hadoop.yarn.service,org.apache.hadoop.registry.client.api
org.apache.hadoop.yarn.service,org.apache.hadoop.registry.client.binding
org.apache.hadoop.yarn.service,org.apache.hadoop.registry.client.types
org.apache.hadoop.yarn.service,org.apache.hadoop.registry.client.types.yarn
org.apache.hadoop.yarn.service,org.apache.hadoop.security
org.apache.hadoop.yarn.service,org.apache.hadoop.security.authorize
org.apache.hadoop.yarn.service,org.apache.hadoop.security.token
org.apache.hadoop.yarn.service,org.apache.hadoop.service
org.apache.hadoop.yarn.service,org.apache.hadoop.util
org.apache.hadoop.yarn.service,org.apache.hadoop.yarn
org.apache.hadoop.yarn.service,org.apache.hadoop.yarn.api
org.apache.hadoop.yarn.service,org.apache.hadoop.yarn.api.protocolrecords
org.apache.hadoop.yarn.service,org.apache.hadoop.yarn.api.records
org.apache.hadoop.yarn.service,org.apache.hadoop.yarn.client.api
org.apache.hadoop.yarn.service,org.apache.hadoop.yarn.client.api.async
org.apache.hadoop.yarn.service,org.apache.hadoop.yarn.conf
org.apache.hadoop.yarn.service,org.apache.hadoop.yarn.event
org.apache.hadoop.yarn.service,org.apache.hadoop.yarn.exceptions
org.apache.hadoop.yarn.service,org.apache.hadoop.yarn.ipc
org.apache.hadoop.yarn.service,org.apache.hadoop.yarn.security
org.apache.hadoop.yarn.service,org.apache.hadoop.yarn.security.client
org.apache.hadoop.yarn.service,org.apache.hadoop.yarn.service.api
org.apache.hadoop.yarn.service,org.apache.hadoop.yarn.service.api.records
org.apache.hadoop.yarn.service,org.apache.hadoop.yarn.service.component
org.apache.hadoop.yarn.service,org.apache.hadoop.yarn.service.component.instance
org.apache.hadoop.yarn.service,org.apache.hadoop.yarn.service.conf
org.apache.hadoop.yarn.service,org.apache.hadoop.yarn.service.containerlaunch
org.apache.hadoop.yarn.service,org.apache.hadoop.yarn.service.exceptions
org.apache.hadoop.yarn.service,org.apache.hadoop.yarn.service.impl.pb.service
org.apache.hadoop.yarn.service,org.apache.hadoop.yarn.service.monitor
org.apache.hadoop.yarn.service,org.apache.hadoop.yarn.service.provider
org.apache.hadoop.yarn.service,org.apache.hadoop.yarn.service.registry
org.apache.hadoop.yarn.service,org.apache.hadoop.yarn.service.timelineservice
org.apache.hadoop.yarn.service,org.apache.hadoop.yarn.service.utils
org.apache.hadoop.yarn.service,org.apache.hadoop.yarn.util
org.apache.hadoop.yarn.service,org.apache.hadoop.yarn.util.resource
org.apache.hadoop.yarn.service.api,org.apache.hadoop.classification
org.apache.hadoop.yarn.service.api.records,org.apache.hadoop.classification
org.apache.hadoop.yarn.service.api.records,org.apache.hadoop.yarn.api.records
org.apache.hadoop.yarn.service.api.records,org.apache.hadoop.yarn.api.resource
org.apache.hadoop.yarn.service.api.records,org.apache.hadoop.yarn.service.utils
org.apache.hadoop.yarn.service.client,org.apache.hadoop.classification
org.apache.hadoop.yarn.service.client,org.apache.hadoop.conf
org.apache.hadoop.yarn.service.client,org.apache.hadoop.fs
org.apache.hadoop.yarn.service.client,org.apache.hadoop.fs.permission
org.apache.hadoop.yarn.service.client,org.apache.hadoop.hdfs
org.apache.hadoop.yarn.service.client,org.apache.hadoop.io
org.apache.hadoop.yarn.service.client,org.apache.hadoop.io.retry
org.apache.hadoop.yarn.service.client,org.apache.hadoop.net
org.apache.hadoop.yarn.service.client,org.apache.hadoop.registry.client.api
org.apache.hadoop.yarn.service.client,org.apache.hadoop.registry.client.binding
org.apache.hadoop.yarn.service.client,org.apache.hadoop.security
org.apache.hadoop.yarn.service.client,org.apache.hadoop.security.authorize
org.apache.hadoop.yarn.service.client,org.apache.hadoop.security.token
org.apache.hadoop.yarn.service.client,org.apache.hadoop.service
org.apache.hadoop.yarn.service.client,org.apache.hadoop.util
org.apache.hadoop.yarn.service.client,org.apache.hadoop.yarn.api
org.apache.hadoop.yarn.service.client,org.apache.hadoop.yarn.api.protocolrecords
org.apache.hadoop.yarn.service.client,org.apache.hadoop.yarn.api.records
org.apache.hadoop.yarn.service.client,org.apache.hadoop.yarn.client
org.apache.hadoop.yarn.service.client,org.apache.hadoop.yarn.client.api
org.apache.hadoop.yarn.service.client,org.apache.hadoop.yarn.client.cli
org.apache.hadoop.yarn.service.client,org.apache.hadoop.yarn.client.util
org.apache.hadoop.yarn.service.client,org.apache.hadoop.yarn.conf
org.apache.hadoop.yarn.service.client,org.apache.hadoop.yarn.exceptions
org.apache.hadoop.yarn.service.client,org.apache.hadoop.yarn.ipc
org.apache.hadoop.yarn.service.client,org.apache.hadoop.yarn.server.service
org.apache.hadoop.yarn.service.client,org.apache.hadoop.yarn.service
org.apache.hadoop.yarn.service.client,org.apache.hadoop.yarn.service.api.records
org.apache.hadoop.yarn.service.client,org.apache.hadoop.yarn.service.conf
org.apache.hadoop.yarn.service.client,org.apache.hadoop.yarn.service.containerlaunch
org.apache.hadoop.yarn.service.client,org.apache.hadoop.yarn.service.exceptions
org.apache.hadoop.yarn.service.client,org.apache.hadoop.yarn.service.provider
org.apache.hadoop.yarn.service.client,org.apache.hadoop.yarn.service.utils
org.apache.hadoop.yarn.service.client,org.apache.hadoop.yarn.util
org.apache.hadoop.yarn.service.component,org.apache.hadoop.classification
org.apache.hadoop.yarn.service.component,org.apache.hadoop.util
org.apache.hadoop.yarn.service.component,org.apache.hadoop.yarn.api.records
org.apache.hadoop.yarn.service.component,org.apache.hadoop.yarn.api.resource
org.apache.hadoop.yarn.service.component,org.apache.hadoop.yarn.client.api.async
org.apache.hadoop.yarn.service.component,org.apache.hadoop.yarn.event
org.apache.hadoop.yarn.service.component,org.apache.hadoop.yarn.service
org.apache.hadoop.yarn.service.component,org.apache.hadoop.yarn.service.api.records
org.apache.hadoop.yarn.service.component,org.apache.hadoop.yarn.service.component.instance
org.apache.hadoop.yarn.service.component,org.apache.hadoop.yarn.service.conf
org.apache.hadoop.yarn.service.component,org.apache.hadoop.yarn.service.containerlaunch
org.apache.hadoop.yarn.service.component,org.apache.hadoop.yarn.service.monitor
org.apache.hadoop.yarn.service.component,org.apache.hadoop.yarn.service.monitor.probe
org.apache.hadoop.yarn.service.component,org.apache.hadoop.yarn.service.provider
org.apache.hadoop.yarn.service.component,org.apache.hadoop.yarn.service.utils
org.apache.hadoop.yarn.service.component,org.apache.hadoop.yarn.state
org.apache.hadoop.yarn.service.component,org.apache.hadoop.yarn.util
org.apache.hadoop.yarn.service.component.instance,org.apache.hadoop.classification
org.apache.hadoop.yarn.service.component.instance,org.apache.hadoop.fs
org.apache.hadoop.yarn.service.component.instance,org.apache.hadoop.registry.client.binding
org.apache.hadoop.yarn.service.component.instance,org.apache.hadoop.registry.client.types
org.apache.hadoop.yarn.service.component.instance,org.apache.hadoop.registry.client.types.yarn
org.apache.hadoop.yarn.service.component.instance,org.apache.hadoop.util
org.apache.hadoop.yarn.service.component.instance,org.apache.hadoop.yarn.api.records
org.apache.hadoop.yarn.service.component.instance,org.apache.hadoop.yarn.client.api
org.apache.hadoop.yarn.service.component.instance,org.apache.hadoop.yarn.conf
org.apache.hadoop.yarn.service.component.instance,org.apache.hadoop.yarn.event
org.apache.hadoop.yarn.service.component.instance,org.apache.hadoop.yarn.exceptions
org.apache.hadoop.yarn.service.component.instance,org.apache.hadoop.yarn.security
org.apache.hadoop.yarn.service.component.instance,org.apache.hadoop.yarn.server.utils
org.apache.hadoop.yarn.service.component.instance,org.apache.hadoop.yarn.service
org.apache.hadoop.yarn.service.component.instance,org.apache.hadoop.yarn.service.api.records
org.apache.hadoop.yarn.service.component.instance,org.apache.hadoop.yarn.service.component
org.apache.hadoop.yarn.service.component.instance,org.apache.hadoop.yarn.service.monitor.probe
org.apache.hadoop.yarn.service.component.instance,org.apache.hadoop.yarn.service.provider
org.apache.hadoop.yarn.service.component.instance,org.apache.hadoop.yarn.service.registry
org.apache.hadoop.yarn.service.component.instance,org.apache.hadoop.yarn.service.timelineservice
org.apache.hadoop.yarn.service.component.instance,org.apache.hadoop.yarn.service.utils
org.apache.hadoop.yarn.service.component.instance,org.apache.hadoop.yarn.state
org.apache.hadoop.yarn.service.component.instance,org.apache.hadoop.yarn.util
org.apache.hadoop.yarn.service.conf,org.apache.hadoop.yarn.service.api.records
org.apache.hadoop.yarn.service.conf,org.apache.hadoop.yarn.service.exceptions
org.apache.hadoop.yarn.service.containerlaunch,org.apache.hadoop.classification
org.apache.hadoop.yarn.service.containerlaunch,org.apache.hadoop.conf
org.apache.hadoop.yarn.service.containerlaunch,org.apache.hadoop.security
org.apache.hadoop.yarn.service.containerlaunch,org.apache.hadoop.service
org.apache.hadoop.yarn.service.containerlaunch,org.apache.hadoop.util
org.apache.hadoop.yarn.service.containerlaunch,org.apache.hadoop.yarn.api
org.apache.hadoop.yarn.service.containerlaunch,org.apache.hadoop.yarn.api.records
org.apache.hadoop.yarn.service.containerlaunch,org.apache.hadoop.yarn.conf
org.apache.hadoop.yarn.service.containerlaunch,org.apache.hadoop.yarn.service
org.apache.hadoop.yarn.service.containerlaunch,org.apache.hadoop.yarn.service.api.records
org.apache.hadoop.yarn.service.containerlaunch,org.apache.hadoop.yarn.service.component
org.apache.hadoop.yarn.service.containerlaunch,org.apache.hadoop.yarn.service.component.instance
org.apache.hadoop.yarn.service.containerlaunch,org.apache.hadoop.yarn.service.conf
org.apache.hadoop.yarn.service.containerlaunch,org.apache.hadoop.yarn.service.exceptions
org.apache.hadoop.yarn.service.containerlaunch,org.apache.hadoop.yarn.service.provider
org.apache.hadoop.yarn.service.containerlaunch,org.apache.hadoop.yarn.service.utils
org.apache.hadoop.yarn.service.containerlaunch,org.apache.hadoop.yarn.util
org.apache.hadoop.yarn.service.exceptions,org.apache.hadoop.yarn.exceptions
org.apache.hadoop.yarn.service.exceptions,org.apache.hadoop.yarn.service.conf
org.apache.hadoop.yarn.service.impl.pb.client,org.apache.hadoop.conf
org.apache.hadoop.yarn.service.impl.pb.client,org.apache.hadoop.ipc
org.apache.hadoop.yarn.service.impl.pb.client,org.apache.hadoop.yarn.exceptions
org.apache.hadoop.yarn.service.impl.pb.client,org.apache.hadoop.yarn.ipc
org.apache.hadoop.yarn.service.impl.pb.client,org.apache.hadoop.yarn.service
org.apache.hadoop.yarn.service.impl.pb.client,org.apache.hadoop.yarn.service.impl.pb.service
org.apache.hadoop.yarn.service.impl.pb.service,org.apache.hadoop.ipc
org.apache.hadoop.yarn.service.impl.pb.service,org.apache.hadoop.yarn.exceptions
org.apache.hadoop.yarn.service.impl.pb.service,org.apache.hadoop.yarn.service
org.apache.hadoop.yarn.service.monitor,org.apache.hadoop.conf
org.apache.hadoop.yarn.service.monitor,org.apache.hadoop.service
org.apache.hadoop.yarn.service.monitor,org.apache.hadoop.util
org.apache.hadoop.yarn.service.monitor,org.apache.hadoop.yarn.api.records
org.apache.hadoop.yarn.service.monitor,org.apache.hadoop.yarn.service
org.apache.hadoop.yarn.service.monitor,org.apache.hadoop.yarn.service.component
org.apache.hadoop.yarn.service.monitor,org.apache.hadoop.yarn.service.component.instance
org.apache.hadoop.yarn.service.monitor,org.apache.hadoop.yarn.service.conf
org.apache.hadoop.yarn.service.monitor,org.apache.hadoop.yarn.service.monitor.probe
org.apache.hadoop.yarn.service.monitor.probe,org.apache.hadoop.io
org.apache.hadoop.yarn.service.monitor.probe,org.apache.hadoop.yarn.api.records
org.apache.hadoop.yarn.service.monitor.probe,org.apache.hadoop.yarn.service.api.records
org.apache.hadoop.yarn.service.monitor.probe,org.apache.hadoop.yarn.service.component.instance
org.apache.hadoop.yarn.service.monitor.probe,org.apache.hadoop.yarn.service.utils
org.apache.hadoop.yarn.service.provider,org.apache.hadoop.conf
org.apache.hadoop.yarn.service.provider,org.apache.hadoop.fs
org.apache.hadoop.yarn.service.provider,org.apache.hadoop.fs.permission
org.apache.hadoop.yarn.service.provider,org.apache.hadoop.util
org.apache.hadoop.yarn.service.provider,org.apache.hadoop.yarn.api
org.apache.hadoop.yarn.service.provider,org.apache.hadoop.yarn.api.records
org.apache.hadoop.yarn.service.provider,org.apache.hadoop.yarn.service
org.apache.hadoop.yarn.service.provider,org.apache.hadoop.yarn.service.api.records
org.apache.hadoop.yarn.service.provider,org.apache.hadoop.yarn.service.component
org.apache.hadoop.yarn.service.provider,org.apache.hadoop.yarn.service.component.instance
org.apache.hadoop.yarn.service.provider,org.apache.hadoop.yarn.service.conf
org.apache.hadoop.yarn.service.provider,org.apache.hadoop.yarn.service.containerlaunch
org.apache.hadoop.yarn.service.provider,org.apache.hadoop.yarn.service.exceptions
org.apache.hadoop.yarn.service.provider,org.apache.hadoop.yarn.service.provider.defaultImpl
org.apache.hadoop.yarn.service.provider,org.apache.hadoop.yarn.service.provider.docker
org.apache.hadoop.yarn.service.provider,org.apache.hadoop.yarn.service.provider.tarball
org.apache.hadoop.yarn.service.provider,org.apache.hadoop.yarn.service.utils
org.apache.hadoop.yarn.service.provider.defaultImpl,org.apache.hadoop.classification
org.apache.hadoop.yarn.service.provider.defaultImpl,org.apache.hadoop.fs
org.apache.hadoop.yarn.service.provider.defaultImpl,org.apache.hadoop.yarn.service.api.records
org.apache.hadoop.yarn.service.provider.defaultImpl,org.apache.hadoop.yarn.service.component.instance
org.apache.hadoop.yarn.service.provider.defaultImpl,org.apache.hadoop.yarn.service.containerlaunch
org.apache.hadoop.yarn.service.provider.defaultImpl,org.apache.hadoop.yarn.service.exceptions
org.apache.hadoop.yarn.service.provider.defaultImpl,org.apache.hadoop.yarn.service.provider
org.apache.hadoop.yarn.service.provider.defaultImpl,org.apache.hadoop.yarn.service.utils
org.apache.hadoop.yarn.service.provider.docker,org.apache.hadoop.conf
org.apache.hadoop.yarn.service.provider.docker,org.apache.hadoop.fs
org.apache.hadoop.yarn.service.provider.docker,org.apache.hadoop.yarn.api.records
org.apache.hadoop.yarn.service.provider.docker,org.apache.hadoop.yarn.service.api.records
org.apache.hadoop.yarn.service.provider.docker,org.apache.hadoop.yarn.service.component.instance
org.apache.hadoop.yarn.service.provider.docker,org.apache.hadoop.yarn.service.conf
org.apache.hadoop.yarn.service.provider.docker,org.apache.hadoop.yarn.service.containerlaunch
org.apache.hadoop.yarn.service.provider.docker,org.apache.hadoop.yarn.service.exceptions
org.apache.hadoop.yarn.service.provider.docker,org.apache.hadoop.yarn.service.provider
org.apache.hadoop.yarn.service.provider.docker,org.apache.hadoop.yarn.service.utils
org.apache.hadoop.yarn.service.provider.tarball,org.apache.hadoop.fs
org.apache.hadoop.yarn.service.provider.tarball,org.apache.hadoop.yarn.api.records
org.apache.hadoop.yarn.service.provider.tarball,org.apache.hadoop.yarn.service.api.records
org.apache.hadoop.yarn.service.provider.tarball,org.apache.hadoop.yarn.service.component.instance
org.apache.hadoop.yarn.service.provider.tarball,org.apache.hadoop.yarn.service.conf
org.apache.hadoop.yarn.service.provider.tarball,org.apache.hadoop.yarn.service.containerlaunch
org.apache.hadoop.yarn.service.provider.tarball,org.apache.hadoop.yarn.service.exceptions
org.apache.hadoop.yarn.service.provider.tarball,org.apache.hadoop.yarn.service.provider
org.apache.hadoop.yarn.service.provider.tarball,org.apache.hadoop.yarn.service.utils
org.apache.hadoop.yarn.service.registry,org.apache.hadoop.fs
org.apache.hadoop.yarn.service.registry,org.apache.hadoop.registry.client.api
org.apache.hadoop.yarn.service.registry,org.apache.hadoop.registry.client.binding
org.apache.hadoop.yarn.service.registry,org.apache.hadoop.registry.client.types
org.apache.hadoop.yarn.service.registry,org.apache.hadoop.util
org.apache.hadoop.yarn.service.registry,org.apache.hadoop.yarn.api.records
org.apache.hadoop.yarn.service.registry,org.apache.hadoop.yarn.service.component.instance
org.apache.hadoop.yarn.service.registry,org.apache.hadoop.yarn.service.utils
org.apache.hadoop.yarn.service.timelineservice,org.apache.hadoop.classification
org.apache.hadoop.yarn.service.timelineservice,org.apache.hadoop.metrics2
org.apache.hadoop.yarn.service.timelineservice,org.apache.hadoop.service
org.apache.hadoop.yarn.service.timelineservice,org.apache.hadoop.yarn.api.records
org.apache.hadoop.yarn.service.timelineservice,org.apache.hadoop.yarn.api.records.timelineservice
org.apache.hadoop.yarn.service.timelineservice,org.apache.hadoop.yarn.client.api
org.apache.hadoop.yarn.service.timelineservice,org.apache.hadoop.yarn.service
org.apache.hadoop.yarn.service.timelineservice,org.apache.hadoop.yarn.service.api.records
org.apache.hadoop.yarn.service.timelineservice,org.apache.hadoop.yarn.service.component.instance
org.apache.hadoop.yarn.service.timelineservice,org.apache.hadoop.yarn.util.timeline
org.apache.hadoop.yarn.service.utils,org.apache.hadoop.classification
org.apache.hadoop.yarn.service.utils,org.apache.hadoop.conf
org.apache.hadoop.yarn.service.utils,org.apache.hadoop.fs
org.apache.hadoop.yarn.service.utils,org.apache.hadoop.fs.permission
org.apache.hadoop.yarn.service.utils,org.apache.hadoop.io
org.apache.hadoop.yarn.service.utils,org.apache.hadoop.net
org.apache.hadoop.yarn.service.utils,org.apache.hadoop.registry.client.api
org.apache.hadoop.yarn.service.utils,org.apache.hadoop.registry.client.binding
org.apache.hadoop.yarn.service.utils,org.apache.hadoop.registry.client.exceptions
org.apache.hadoop.yarn.service.utils,org.apache.hadoop.registry.client.impl.zk
org.apache.hadoop.yarn.service.utils,org.apache.hadoop.registry.client.types
org.apache.hadoop.yarn.service.utils,org.apache.hadoop.security
org.apache.hadoop.yarn.service.utils,org.apache.hadoop.security.authentication.client
org.apache.hadoop.yarn.service.utils,org.apache.hadoop.util
org.apache.hadoop.yarn.service.utils,org.apache.hadoop.yarn.api
org.apache.hadoop.yarn.service.utils,org.apache.hadoop.yarn.api.records
org.apache.hadoop.yarn.service.utils,org.apache.hadoop.yarn.exceptions
org.apache.hadoop.yarn.service.utils,org.apache.hadoop.yarn.service
org.apache.hadoop.yarn.service.utils,org.apache.hadoop.yarn.service.api.records
org.apache.hadoop.yarn.service.utils,org.apache.hadoop.yarn.service.client
org.apache.hadoop.yarn.service.utils,org.apache.hadoop.yarn.service.component.instance
org.apache.hadoop.yarn.service.utils,org.apache.hadoop.yarn.service.conf
org.apache.hadoop.yarn.service.utils,org.apache.hadoop.yarn.service.containerlaunch
org.apache.hadoop.yarn.service.utils,org.apache.hadoop.yarn.service.exceptions
org.apache.hadoop.yarn.service.utils,org.apache.hadoop.yarn.service.monitor.probe
org.apache.hadoop.yarn.service.utils,org.apache.hadoop.yarn.service.provider
org.apache.hadoop.yarn.service.utils,org.apache.hadoop.yarn.util
org.apache.hadoop.yarn.service.webapp,org.apache.hadoop.classification
org.apache.hadoop.yarn.service.webapp,org.apache.hadoop.conf
org.apache.hadoop.yarn.service.webapp,org.apache.hadoop.http
org.apache.hadoop.yarn.service.webapp,org.apache.hadoop.net
org.apache.hadoop.yarn.service.webapp,org.apache.hadoop.security
org.apache.hadoop.yarn.service.webapp,org.apache.hadoop.service
org.apache.hadoop.yarn.service.webapp,org.apache.hadoop.util
org.apache.hadoop.yarn.service.webapp,org.apache.hadoop.yarn.api.records
org.apache.hadoop.yarn.service.webapp,org.apache.hadoop.yarn.conf
org.apache.hadoop.yarn.service.webapp,org.apache.hadoop.yarn.exceptions
org.apache.hadoop.yarn.service.webapp,org.apache.hadoop.yarn.service.api.records
org.apache.hadoop.yarn.service.webapp,org.apache.hadoop.yarn.service.client
org.apache.hadoop.yarn.service.webapp,org.apache.hadoop.yarn.service.conf
org.apache.hadoop.yarn.service.webapp,org.apache.hadoop.yarn.service.utils
org.apache.hadoop.yarn.service.webapp,org.apache.hadoop.yarn.webapp
org.apache.hadoop.yarn.sharedcache,org.apache.hadoop.conf
org.apache.hadoop.yarn.sharedcache,org.apache.hadoop.util
org.apache.hadoop.yarn.sharedcache,org.apache.hadoop.yarn.conf
org.apache.hadoop.yarn.sharedcache,org.apache.hadoop.yarn.exceptions
org.apache.hadoop.yarn.sls,org.apache.hadoop.conf
org.apache.hadoop.yarn.sls,org.apache.hadoop.fs
org.apache.hadoop.yarn.sls,org.apache.hadoop.metrics2.source
org.apache.hadoop.yarn.sls,org.apache.hadoop.net
org.apache.hadoop.yarn.sls,org.apache.hadoop.tools.rumen
org.apache.hadoop.yarn.sls,org.apache.hadoop.tools.rumen.datatypes
org.apache.hadoop.yarn.sls,org.apache.hadoop.util
org.apache.hadoop.yarn.sls,org.apache.hadoop.yarn.api.protocolrecords
org.apache.hadoop.yarn.sls,org.apache.hadoop.yarn.api.records
org.apache.hadoop.yarn.sls,org.apache.hadoop.yarn.conf
org.apache.hadoop.yarn.sls,org.apache.hadoop.yarn.exceptions
org.apache.hadoop.yarn.sls,org.apache.hadoop.yarn.server.resourcemanager
org.apache.hadoop.yarn.sls,org.apache.hadoop.yarn.server.resourcemanager.amlauncher
org.apache.hadoop.yarn.sls,org.apache.hadoop.yarn.server.resourcemanager.monitor.capacity
org.apache.hadoop.yarn.sls,org.apache.hadoop.yarn.server.resourcemanager.rmnode
org.apache.hadoop.yarn.sls,org.apache.hadoop.yarn.server.resourcemanager.scheduler.capacity
org.apache.hadoop.yarn.sls,org.apache.hadoop.yarn.server.resourcemanager.scheduler.fair
org.apache.hadoop.yarn.sls,org.apache.hadoop.yarn.server.resourcemanager.scheduler.fifo
org.apache.hadoop.yarn.sls,org.apache.hadoop.yarn.sls.appmaster
org.apache.hadoop.yarn.sls,org.apache.hadoop.yarn.sls.conf
org.apache.hadoop.yarn.sls,org.apache.hadoop.yarn.sls.nodemanager
org.apache.hadoop.yarn.sls,org.apache.hadoop.yarn.sls.resourcemanager
org.apache.hadoop.yarn.sls,org.apache.hadoop.yarn.sls.scheduler
org.apache.hadoop.yarn.sls,org.apache.hadoop.yarn.sls.synthetic
org.apache.hadoop.yarn.sls,org.apache.hadoop.yarn.sls.utils
org.apache.hadoop.yarn.sls,org.apache.hadoop.yarn.util
org.apache.hadoop.yarn.sls,org.apache.hadoop.yarn.util.resource
org.apache.hadoop.yarn.sls.appmaster,org.apache.hadoop.classification
org.apache.hadoop.yarn.sls.appmaster,org.apache.hadoop.security
org.apache.hadoop.yarn.sls.appmaster,org.apache.hadoop.security.token
org.apache.hadoop.yarn.sls.appmaster,org.apache.hadoop.yarn.api.protocolrecords
org.apache.hadoop.yarn.sls.appmaster,org.apache.hadoop.yarn.api.records
org.apache.hadoop.yarn.sls.appmaster,org.apache.hadoop.yarn.exceptions
org.apache.hadoop.yarn.sls.appmaster,org.apache.hadoop.yarn.factories
org.apache.hadoop.yarn.sls.appmaster,org.apache.hadoop.yarn.factory.providers
org.apache.hadoop.yarn.sls.appmaster,org.apache.hadoop.yarn.security
org.apache.hadoop.yarn.sls.appmaster,org.apache.hadoop.yarn.server.resourcemanager
org.apache.hadoop.yarn.sls.appmaster,org.apache.hadoop.yarn.sls
org.apache.hadoop.yarn.sls.appmaster,org.apache.hadoop.yarn.sls.scheduler
org.apache.hadoop.yarn.sls.appmaster,org.apache.hadoop.yarn.sls.utils
org.apache.hadoop.yarn.sls.appmaster,org.apache.hadoop.yarn.util
org.apache.hadoop.yarn.sls.appmaster,org.apache.hadoop.yarn.util.resource
org.apache.hadoop.yarn.sls.conf,org.apache.hadoop.conf
org.apache.hadoop.yarn.sls.conf,org.apache.hadoop.yarn.api.records
org.apache.hadoop.yarn.sls.nodemanager,org.apache.hadoop.classification
org.apache.hadoop.yarn.sls.nodemanager,org.apache.hadoop.net
org.apache.hadoop.yarn.sls.nodemanager,org.apache.hadoop.yarn.api.records
org.apache.hadoop.yarn.sls.nodemanager,org.apache.hadoop.yarn.exceptions
org.apache.hadoop.yarn.sls.nodemanager,org.apache.hadoop.yarn.server.api.protocolrecords
org.apache.hadoop.yarn.sls.nodemanager,org.apache.hadoop.yarn.server.api.records
org.apache.hadoop.yarn.sls.nodemanager,org.apache.hadoop.yarn.server.resourcemanager
org.apache.hadoop.yarn.sls.nodemanager,org.apache.hadoop.yarn.server.resourcemanager.nodelabels
org.apache.hadoop.yarn.sls.nodemanager,org.apache.hadoop.yarn.server.resourcemanager.rmnode
org.apache.hadoop.yarn.sls.nodemanager,org.apache.hadoop.yarn.sls.scheduler
org.apache.hadoop.yarn.sls.nodemanager,org.apache.hadoop.yarn.sls.utils
org.apache.hadoop.yarn.sls.nodemanager,org.apache.hadoop.yarn.util
org.apache.hadoop.yarn.sls.nodemanager,org.apache.hadoop.yarn.util.resource
org.apache.hadoop.yarn.sls.resourcemanager,org.apache.hadoop.conf
org.apache.hadoop.yarn.sls.resourcemanager,org.apache.hadoop.security.token
org.apache.hadoop.yarn.sls.resourcemanager,org.apache.hadoop.yarn.api.records
org.apache.hadoop.yarn.sls.resourcemanager,org.apache.hadoop.yarn.event
org.apache.hadoop.yarn.sls.resourcemanager,org.apache.hadoop.yarn.exceptions
org.apache.hadoop.yarn.sls.resourcemanager,org.apache.hadoop.yarn.security
org.apache.hadoop.yarn.sls.resourcemanager,org.apache.hadoop.yarn.server.resourcemanager
org.apache.hadoop.yarn.sls.resourcemanager,org.apache.hadoop.yarn.server.resourcemanager.amlauncher
org.apache.hadoop.yarn.sls.resourcemanager,org.apache.hadoop.yarn.server.resourcemanager.rmapp.attempt
org.apache.hadoop.yarn.sls.resourcemanager,org.apache.hadoop.yarn.sls
org.apache.hadoop.yarn.sls.resourcemanager,org.apache.hadoop.yarn.sls.appmaster
org.apache.hadoop.yarn.sls.scheduler,org.apache.hadoop.classification
org.apache.hadoop.yarn.sls.scheduler,org.apache.hadoop.conf
org.apache.hadoop.yarn.sls.scheduler,org.apache.hadoop.net
org.apache.hadoop.yarn.sls.scheduler,org.apache.hadoop.util
org.apache.hadoop.yarn.sls.scheduler,org.apache.hadoop.util.concurrent
org.apache.hadoop.yarn.sls.scheduler,org.apache.hadoop.yarn.api.records
org.apache.hadoop.yarn.sls.scheduler,org.apache.hadoop.yarn.exceptions
org.apache.hadoop.yarn.sls.scheduler,org.apache.hadoop.yarn.server.api.protocolrecords
org.apache.hadoop.yarn.sls.scheduler,org.apache.hadoop.yarn.server.api.records
org.apache.hadoop.yarn.sls.scheduler,org.apache.hadoop.yarn.server.resourcemanager
org.apache.hadoop.yarn.sls.scheduler,org.apache.hadoop.yarn.server.resourcemanager.nodelabels
org.apache.hadoop.yarn.sls.scheduler,org.apache.hadoop.yarn.server.resourcemanager.rmcontainer
org.apache.hadoop.yarn.sls.scheduler,org.apache.hadoop.yarn.server.resourcemanager.rmnode
org.apache.hadoop.yarn.sls.scheduler,org.apache.hadoop.yarn.server.resourcemanager.scheduler
org.apache.hadoop.yarn.sls.scheduler,org.apache.hadoop.yarn.server.resourcemanager.scheduler.capacity
org.apache.hadoop.yarn.sls.scheduler,org.apache.hadoop.yarn.server.resourcemanager.scheduler.common
org.apache.hadoop.yarn.sls.scheduler,org.apache.hadoop.yarn.server.resourcemanager.scheduler.event
org.apache.hadoop.yarn.sls.scheduler,org.apache.hadoop.yarn.server.resourcemanager.scheduler.fair
org.apache.hadoop.yarn.sls.scheduler,org.apache.hadoop.yarn.server.resourcemanager.scheduler.fifo
org.apache.hadoop.yarn.sls.scheduler,org.apache.hadoop.yarn.sls
org.apache.hadoop.yarn.sls.scheduler,org.apache.hadoop.yarn.sls.conf
org.apache.hadoop.yarn.sls.scheduler,org.apache.hadoop.yarn.sls.utils
org.apache.hadoop.yarn.sls.scheduler,org.apache.hadoop.yarn.sls.web
org.apache.hadoop.yarn.sls.scheduler,org.apache.hadoop.yarn.util.resource
org.apache.hadoop.yarn.sls.synthetic,org.apache.hadoop.conf
org.apache.hadoop.yarn.sls.synthetic,org.apache.hadoop.fs
org.apache.hadoop.yarn.sls.synthetic,org.apache.hadoop.mapred
org.apache.hadoop.yarn.sls.synthetic,org.apache.hadoop.mapreduce
org.apache.hadoop.yarn.sls.synthetic,org.apache.hadoop.tools.rumen
org.apache.hadoop.yarn.sls.synthetic,org.apache.hadoop.yarn.api.records
org.apache.hadoop.yarn.sls.synthetic,org.apache.hadoop.yarn.exceptions
org.apache.hadoop.yarn.sls.synthetic,org.apache.hadoop.yarn.sls.appmaster
org.apache.hadoop.yarn.sls.utils,org.apache.hadoop.conf
org.apache.hadoop.yarn.sls.utils,org.apache.hadoop.fs
org.apache.hadoop.yarn.sls.utils,org.apache.hadoop.net
org.apache.hadoop.yarn.sls.utils,org.apache.hadoop.tools.rumen
org.apache.hadoop.yarn.sls.utils,org.apache.hadoop.yarn.api.records
org.apache.hadoop.yarn.sls.utils,org.apache.hadoop.yarn.client.util
org.apache.hadoop.yarn.sls.utils,org.apache.hadoop.yarn.sls.conf
org.apache.hadoop.yarn.sls.utils,org.apache.hadoop.yarn.util.resource
org.apache.hadoop.yarn.sls.web,org.apache.hadoop.yarn.server.resourcemanager.scheduler.event
org.apache.hadoop.yarn.sls.web,org.apache.hadoop.yarn.sls
org.apache.hadoop.yarn.sls.web,org.apache.hadoop.yarn.sls.scheduler
org.apache.hadoop.yarn.sls.web,org.apache.hadoop.yarn.sls.utils
org.apache.hadoop.yarn.state,org.apache.hadoop.classification
org.apache.hadoop.yarn.state,org.apache.hadoop.yarn.exceptions
org.apache.hadoop.yarn.util,org.apache.hadoop.classification
org.apache.hadoop.yarn.util,org.apache.hadoop.conf
org.apache.hadoop.yarn.util,org.apache.hadoop.fs
org.apache.hadoop.yarn.util,org.apache.hadoop.fs.permission
org.apache.hadoop.yarn.util,org.apache.hadoop.ha
org.apache.hadoop.yarn.util,org.apache.hadoop.io
org.apache.hadoop.yarn.util,org.apache.hadoop.net
org.apache.hadoop.yarn.util,org.apache.hadoop.security
org.apache.hadoop.yarn.util,org.apache.hadoop.security.token
org.apache.hadoop.yarn.util,org.apache.hadoop.service
org.apache.hadoop.yarn.util,org.apache.hadoop.util
org.apache.hadoop.yarn.util,org.apache.hadoop.yarn.api
org.apache.hadoop.yarn.util,org.apache.hadoop.yarn.api.records
org.apache.hadoop.yarn.util,org.apache.hadoop.yarn.client
org.apache.hadoop.yarn.util,org.apache.hadoop.yarn.conf
org.apache.hadoop.yarn.util,org.apache.hadoop.yarn.exceptions
org.apache.hadoop.yarn.util,org.apache.hadoop.yarn.factories
org.apache.hadoop.yarn.util,org.apache.hadoop.yarn.factory.providers
org.apache.hadoop.yarn.util,org.apache.hadoop.yarn.security
org.apache.hadoop.yarn.util,org.apache.hadoop.yarn.util.resource
org.apache.hadoop.yarn.util.constraint,org.apache.hadoop.classification
org.apache.hadoop.yarn.util.constraint,org.apache.hadoop.yarn.api.records
org.apache.hadoop.yarn.util.constraint,org.apache.hadoop.yarn.api.resource
org.apache.hadoop.yarn.util.csi,org.apache.hadoop.conf
org.apache.hadoop.yarn.util.csi,org.apache.hadoop.yarn.conf
org.apache.hadoop.yarn.util.csi,org.apache.hadoop.yarn.exceptions
org.apache.hadoop.yarn.util.resource,org.apache.hadoop.classification
org.apache.hadoop.yarn.util.resource,org.apache.hadoop.conf
org.apache.hadoop.yarn.util.resource,org.apache.hadoop.yarn.api.protocolrecords
org.apache.hadoop.yarn.util.resource,org.apache.hadoop.yarn.api.records
org.apache.hadoop.yarn.util.resource,org.apache.hadoop.yarn.api.records.impl
org.apache.hadoop.yarn.util.resource,org.apache.hadoop.yarn.conf
org.apache.hadoop.yarn.util.resource,org.apache.hadoop.yarn.exceptions
org.apache.hadoop.yarn.util.resource,org.apache.hadoop.yarn.util
org.apache.hadoop.yarn.util.timeline,org.apache.hadoop.classification
org.apache.hadoop.yarn.util.timeline,org.apache.hadoop.conf
org.apache.hadoop.yarn.util.timeline,org.apache.hadoop.io
org.apache.hadoop.yarn.util.timeline,org.apache.hadoop.security
org.apache.hadoop.yarn.util.timeline,org.apache.hadoop.util
org.apache.hadoop.yarn.util.timeline,org.apache.hadoop.yarn.api.records
org.apache.hadoop.yarn.util.timeline,org.apache.hadoop.yarn.api.records.timeline
org.apache.hadoop.yarn.util.timeline,org.apache.hadoop.yarn.api.records.timelineservice
org.apache.hadoop.yarn.util.timeline,org.apache.hadoop.yarn.conf
org.apache.hadoop.yarn.util.timeline,org.apache.hadoop.yarn.server.metrics
org.apache.hadoop.yarn.util.timeline,org.apache.hadoop.yarn.util
org.apache.hadoop.yarn.util.timeline,org.apache.hadoop.yarn.webapp
org.apache.hadoop.yarn.webapp,org.apache.hadoop.classification
org.apache.hadoop.yarn.webapp,org.apache.hadoop.conf
org.apache.hadoop.yarn.webapp,org.apache.hadoop.http
org.apache.hadoop.yarn.webapp,org.apache.hadoop.ipc
org.apache.hadoop.yarn.webapp,org.apache.hadoop.security
org.apache.hadoop.yarn.webapp,org.apache.hadoop.security.authorize
org.apache.hadoop.yarn.webapp,org.apache.hadoop.security.http
org.apache.hadoop.yarn.webapp,org.apache.hadoop.util
org.apache.hadoop.yarn.webapp,org.apache.hadoop.yarn.api
org.apache.hadoop.yarn.webapp,org.apache.hadoop.yarn.api.records.timeline
org.apache.hadoop.yarn.webapp,org.apache.hadoop.yarn.conf
org.apache.hadoop.yarn.webapp,org.apache.hadoop.yarn.exceptions
org.apache.hadoop.yarn.webapp,org.apache.hadoop.yarn.webapp.util
org.apache.hadoop.yarn.webapp,org.apache.hadoop.yarn.webapp.view
org.apache.hadoop.yarn.webapp.dao,org.apache.hadoop.conf
org.apache.hadoop.yarn.webapp.example,org.apache.hadoop.classification
org.apache.hadoop.yarn.webapp.example,org.apache.hadoop.yarn.webapp
org.apache.hadoop.yarn.webapp.example,org.apache.hadoop.yarn.webapp.view
org.apache.hadoop.yarn.webapp.hamlet2,org.apache.hadoop.classification
org.apache.hadoop.yarn.webapp.hamlet2,org.apache.hadoop.util
org.apache.hadoop.yarn.webapp.hamlet2,org.apache.hadoop.yarn.webapp
org.apache.hadoop.yarn.webapp.log,org.apache.hadoop.classification
org.apache.hadoop.yarn.webapp.log,org.apache.hadoop.conf
org.apache.hadoop.yarn.webapp.log,org.apache.hadoop.yarn.api.records
org.apache.hadoop.yarn.webapp.log,org.apache.hadoop.yarn.conf
org.apache.hadoop.yarn.webapp.log,org.apache.hadoop.yarn.logaggregation
org.apache.hadoop.yarn.webapp.log,org.apache.hadoop.yarn.logaggregation.filecontroller
org.apache.hadoop.yarn.webapp.log,org.apache.hadoop.yarn.webapp
org.apache.hadoop.yarn.webapp.log,org.apache.hadoop.yarn.webapp.util
org.apache.hadoop.yarn.webapp.log,org.apache.hadoop.yarn.webapp.view
org.apache.hadoop.yarn.webapp.util,org.apache.hadoop.classification
org.apache.hadoop.yarn.webapp.util,org.apache.hadoop.conf
org.apache.hadoop.yarn.webapp.util,org.apache.hadoop.http
org.apache.hadoop.yarn.webapp.util,org.apache.hadoop.net
org.apache.hadoop.yarn.webapp.util,org.apache.hadoop.security.authentication.client
org.apache.hadoop.yarn.webapp.util,org.apache.hadoop.security.ssl
org.apache.hadoop.yarn.webapp.util,org.apache.hadoop.yarn.api.records
org.apache.hadoop.yarn.webapp.util,org.apache.hadoop.yarn.conf
org.apache.hadoop.yarn.webapp.util,org.apache.hadoop.yarn.exceptions
org.apache.hadoop.yarn.webapp.util,org.apache.hadoop.yarn.factories
org.apache.hadoop.yarn.webapp.util,org.apache.hadoop.yarn.util
org.apache.hadoop.yarn.webapp.util,org.apache.hadoop.yarn.webapp
org.apache.hadoop.yarn.webapp.view,org.apache.hadoop.classification
org.apache.hadoop.yarn.webapp.view,org.apache.hadoop.security
org.apache.hadoop.yarn.webapp.view,org.apache.hadoop.util
org.apache.hadoop.yarn.webapp.view,org.apache.hadoop.yarn.webapp
org.apache.hadoop.yarn.webapp.view,org.apache.hadoop.yarn.webapp.hamlet2
