source_package,target_package
kafka.examples,org.apache.kafka.clients.admin
kafka.examples,org.apache.kafka.clients.consumer
kafka.examples,org.apache.kafka.clients.producer
kafka.examples,org.apache.kafka.common
kafka.examples,org.apache.kafka.common.errors
kafka.examples,org.apache.kafka.common.serialization
kafka.server,org.apache.kafka.clients
kafka.server,org.apache.kafka.clients.admin
kafka.server,org.apache.kafka.common
kafka.server,org.apache.kafka.common.config
kafka.server,org.apache.kafka.common.config.types
kafka.server,org.apache.kafka.common.metrics
kafka.server,org.apache.kafka.common.network
kafka.server,org.apache.kafka.common.protocol
kafka.server,org.apache.kafka.common.security
kafka.server,org.apache.kafka.common.security.auth
kafka.server,org.apache.kafka.common.test
kafka.server,org.apache.kafka.common.test.api
kafka.server,org.apache.kafka.common.utils
kafka.server,org.apache.kafka.common.utils.internals
kafka.server,org.apache.kafka.coordinator.group.api.streams
kafka.server,org.apache.kafka.server
kafka.server,org.apache.kafka.server.common
kafka.server,org.apache.kafka.server.log.remote.storage
kafka.server,org.apache.kafka.server.streams
kafka.server,org.apache.kafka.storage.internals.checkpoint
kafka.server,org.apache.kafka.storage.internals.log
kafka.server,org.apache.kafka.test
kafka.server.builders,kafka.server.share
kafka.server.builders,org.apache.kafka.common.internals
kafka.server.builders,org.apache.kafka.common.metrics
kafka.server.builders,org.apache.kafka.common.utils
kafka.server.builders,org.apache.kafka.coordinator.group
kafka.server.builders,org.apache.kafka.coordinator.share
kafka.server.builders,org.apache.kafka.metadata
kafka.server.builders,org.apache.kafka.security
kafka.server.builders,org.apache.kafka.server
kafka.server.builders,org.apache.kafka.server.authorizer
kafka.server.builders,org.apache.kafka.server.common
kafka.server.builders,org.apache.kafka.server.partition
kafka.server.builders,org.apache.kafka.server.util
kafka.server.builders,org.apache.kafka.storage.internals.log
kafka.server.builders,org.apache.kafka.storage.log.metrics
kafka.server.handlers,org.apache.kafka.common
kafka.server.handlers,org.apache.kafka.common.acl
kafka.server.handlers,org.apache.kafka.common.errors
kafka.server.handlers,org.apache.kafka.common.internals
kafka.server.handlers,org.apache.kafka.common.memory
kafka.server.handlers,org.apache.kafka.common.network
kafka.server.handlers,org.apache.kafka.common.protocol
kafka.server.handlers,org.apache.kafka.common.requests
kafka.server.handlers,org.apache.kafka.common.resource
kafka.server.handlers,org.apache.kafka.common.security.auth
kafka.server.handlers,org.apache.kafka.common.utils
kafka.server.handlers,org.apache.kafka.common.utils.internals
kafka.server.handlers,org.apache.kafka.image
kafka.server.handlers,org.apache.kafka.metadata
kafka.server.handlers,org.apache.kafka.network
kafka.server.handlers,org.apache.kafka.network.metrics
kafka.server.handlers,org.apache.kafka.raft
kafka.server.handlers,org.apache.kafka.server
kafka.server.handlers,org.apache.kafka.server.authorizer
kafka.server.handlers,org.apache.kafka.server.common
kafka.server.share,org.apache.kafka.clients.consumer
kafka.server.share,org.apache.kafka.clients.consumer.internals
kafka.server.share,org.apache.kafka.common
kafka.server.share,org.apache.kafka.common.compress
kafka.server.share,org.apache.kafka.common.config
kafka.server.share,org.apache.kafka.common.errors
kafka.server.share,org.apache.kafka.common.internals
kafka.server.share,org.apache.kafka.common.network
kafka.server.share,org.apache.kafka.common.protocol
kafka.server.share,org.apache.kafka.common.record
kafka.server.share,org.apache.kafka.common.record.internal
kafka.server.share,org.apache.kafka.common.requests
kafka.server.share,org.apache.kafka.common.utils
kafka.server.share,org.apache.kafka.common.utils.internals
kafka.server.share,org.apache.kafka.coordinator.group
kafka.server.share,org.apache.kafka.coordinator.group.modern.share
kafka.server.share,org.apache.kafka.metadata
kafka.server.share,org.apache.kafka.raft.errors
kafka.server.share,org.apache.kafka.server.common
kafka.server.share,org.apache.kafka.server.config
kafka.server.share,org.apache.kafka.server.log.remote.storage
kafka.server.share,org.apache.kafka.server.metrics
kafka.server.share,org.apache.kafka.server.partition
kafka.server.share,org.apache.kafka.server.purgatory
kafka.server.share,org.apache.kafka.server.quota
kafka.server.share,org.apache.kafka.server.share
kafka.server.share,org.apache.kafka.server.share.acknowledge
kafka.server.share,org.apache.kafka.server.share.context
kafka.server.share,org.apache.kafka.server.share.dlq
kafka.server.share,org.apache.kafka.server.share.fetch
kafka.server.share,org.apache.kafka.server.share.metrics
kafka.server.share,org.apache.kafka.server.share.persister
kafka.server.share,org.apache.kafka.server.share.session
kafka.server.share,org.apache.kafka.server.storage.log
kafka.server.share,org.apache.kafka.server.util
kafka.server.share,org.apache.kafka.server.util.timer
kafka.server.share,org.apache.kafka.storage.internals.log
kafka.server.share,org.apache.kafka.storage.log.metrics
kafka.server.share,org.apache.kafka.test
org.apache.kafka.admin,org.apache.kafka.clients.admin
org.apache.kafka.admin,org.apache.kafka.common
org.apache.kafka.admin,org.apache.kafka.common.config
org.apache.kafka.admin,org.apache.kafka.common.errors
org.apache.kafka.admin,org.apache.kafka.common.test
org.apache.kafka.admin,org.apache.kafka.common.test.api
org.apache.kafka.admin,org.apache.kafka.common.utils
org.apache.kafka.admin,org.apache.kafka.server.log.remote.storage
org.apache.kafka.admin,org.apache.kafka.test
org.apache.kafka.api,org.apache.kafka.clients.consumer
org.apache.kafka.api,org.apache.kafka.clients.producer
org.apache.kafka.api,org.apache.kafka.common
org.apache.kafka.api,org.apache.kafka.common.test
org.apache.kafka.api,org.apache.kafka.common.test.api
org.apache.kafka.api,org.apache.kafka.raft
org.apache.kafka.api,org.apache.kafka.server.metrics
org.apache.kafka.api,org.apache.kafka.test
org.apache.kafka.clients,org.apache.kafka.clients.admin
org.apache.kafka.clients,org.apache.kafka.clients.consumer
org.apache.kafka.clients,org.apache.kafka.clients.producer
org.apache.kafka.clients,org.apache.kafka.common
org.apache.kafka.clients,org.apache.kafka.common.config
org.apache.kafka.clients,org.apache.kafka.common.errors
org.apache.kafka.clients,org.apache.kafka.common.feature
org.apache.kafka.clients,org.apache.kafka.common.internals
org.apache.kafka.clients,org.apache.kafka.common.metrics
org.apache.kafka.clients,org.apache.kafka.common.network
org.apache.kafka.clients,org.apache.kafka.common.protocol
org.apache.kafka.clients,org.apache.kafka.common.protocol.types
org.apache.kafka.clients,org.apache.kafka.common.record
org.apache.kafka.clients,org.apache.kafka.common.requests
org.apache.kafka.clients,org.apache.kafka.common.security
org.apache.kafka.clients,org.apache.kafka.common.security.auth
org.apache.kafka.clients,org.apache.kafka.common.security.authenticator
org.apache.kafka.clients,org.apache.kafka.common.serialization
org.apache.kafka.clients,org.apache.kafka.common.telemetry.internals
org.apache.kafka.clients,org.apache.kafka.common.test
org.apache.kafka.clients,org.apache.kafka.common.test.api
org.apache.kafka.clients,org.apache.kafka.common.utils
org.apache.kafka.clients,org.apache.kafka.common.utils.internals
org.apache.kafka.clients,org.apache.kafka.coordinator.group
org.apache.kafka.clients,org.apache.kafka.server
org.apache.kafka.clients,org.apache.kafka.server.common
org.apache.kafka.clients,org.apache.kafka.server.config
org.apache.kafka.clients,org.apache.kafka.server.metrics
org.apache.kafka.clients,org.apache.kafka.server.policy
org.apache.kafka.clients,org.apache.kafka.test
org.apache.kafka.clients.admin,org.apache.kafka.clients
org.apache.kafka.clients.admin,org.apache.kafka.clients.admin.internals
org.apache.kafka.clients.admin,org.apache.kafka.clients.consumer
org.apache.kafka.clients.admin,org.apache.kafka.clients.consumer.internals
org.apache.kafka.clients.admin,org.apache.kafka.clients.producer
org.apache.kafka.clients.admin,org.apache.kafka.common
org.apache.kafka.clients.admin,org.apache.kafka.common.acl
org.apache.kafka.clients.admin,org.apache.kafka.common.annotation
org.apache.kafka.clients.admin,org.apache.kafka.common.compress
org.apache.kafka.clients.admin,org.apache.kafka.common.config
org.apache.kafka.clients.admin,org.apache.kafka.common.config.provider
org.apache.kafka.clients.admin,org.apache.kafka.common.errors
org.apache.kafka.clients.admin,org.apache.kafka.common.feature
org.apache.kafka.clients.admin,org.apache.kafka.common.internals
org.apache.kafka.clients.admin,org.apache.kafka.common.metrics
org.apache.kafka.clients.admin,org.apache.kafka.common.protocol
org.apache.kafka.clients.admin,org.apache.kafka.common.quota
org.apache.kafka.clients.admin,org.apache.kafka.common.record.internal
org.apache.kafka.clients.admin,org.apache.kafka.common.requests
org.apache.kafka.clients.admin,org.apache.kafka.common.resource
org.apache.kafka.clients.admin,org.apache.kafka.common.security.auth
org.apache.kafka.clients.admin,org.apache.kafka.common.security.plain
org.apache.kafka.clients.admin,org.apache.kafka.common.security.scram.internals
org.apache.kafka.clients.admin,org.apache.kafka.common.security.token.delegation
org.apache.kafka.clients.admin,org.apache.kafka.common.serialization
org.apache.kafka.clients.admin,org.apache.kafka.common.telemetry.internals
org.apache.kafka.clients.admin,org.apache.kafka.common.test
org.apache.kafka.clients.admin,org.apache.kafka.common.test.api
org.apache.kafka.clients.admin,org.apache.kafka.common.utils
org.apache.kafka.clients.admin,org.apache.kafka.common.utils.internals
org.apache.kafka.clients.admin,org.apache.kafka.coordinator.group
org.apache.kafka.clients.admin,org.apache.kafka.coordinator.transaction
org.apache.kafka.clients.admin,org.apache.kafka.metadata
org.apache.kafka.clients.admin,org.apache.kafka.network
org.apache.kafka.clients.admin,org.apache.kafka.raft
org.apache.kafka.clients.admin,org.apache.kafka.security.authorizer
org.apache.kafka.clients.admin,org.apache.kafka.server.common
org.apache.kafka.clients.admin,org.apache.kafka.server.config
org.apache.kafka.clients.admin,org.apache.kafka.server.metrics
org.apache.kafka.clients.admin,org.apache.kafka.server.policy
org.apache.kafka.clients.admin,org.apache.kafka.server.telemetry
org.apache.kafka.clients.admin,org.apache.kafka.storage.internals.log
org.apache.kafka.clients.admin,org.apache.kafka.test
org.apache.kafka.clients.admin.internals,org.apache.kafka.clients
org.apache.kafka.clients.admin.internals,org.apache.kafka.clients.admin
org.apache.kafka.clients.admin.internals,org.apache.kafka.clients.consumer
org.apache.kafka.clients.admin.internals,org.apache.kafka.clients.consumer.internals
org.apache.kafka.clients.admin.internals,org.apache.kafka.common
org.apache.kafka.clients.admin.internals,org.apache.kafka.common.acl
org.apache.kafka.clients.admin.internals,org.apache.kafka.common.errors
org.apache.kafka.clients.admin.internals,org.apache.kafka.common.internals
org.apache.kafka.clients.admin.internals,org.apache.kafka.common.metrics
org.apache.kafka.clients.admin.internals,org.apache.kafka.common.metrics.stats
org.apache.kafka.clients.admin.internals,org.apache.kafka.common.protocol
org.apache.kafka.clients.admin.internals,org.apache.kafka.common.record.internal
org.apache.kafka.clients.admin.internals,org.apache.kafka.common.requests
org.apache.kafka.clients.admin.internals,org.apache.kafka.common.utils
org.apache.kafka.clients.admin.internals,org.apache.kafka.common.utils.internals
org.apache.kafka.clients.admin.internals,org.apache.kafka.test
org.apache.kafka.clients.consumer,org.apache.kafka.clients
org.apache.kafka.clients.consumer,org.apache.kafka.clients.admin
org.apache.kafka.clients.consumer,org.apache.kafka.clients.consumer.internals
org.apache.kafka.clients.consumer,org.apache.kafka.clients.consumer.internals.metrics
org.apache.kafka.clients.consumer,org.apache.kafka.clients.producer
org.apache.kafka.clients.consumer,org.apache.kafka.common
org.apache.kafka.clients.consumer,org.apache.kafka.common.annotation
org.apache.kafka.clients.consumer,org.apache.kafka.common.compress
org.apache.kafka.clients.consumer,org.apache.kafka.common.config
org.apache.kafka.clients.consumer,org.apache.kafka.common.errors
org.apache.kafka.clients.consumer,org.apache.kafka.common.header
org.apache.kafka.clients.consumer,org.apache.kafka.common.header.internals
org.apache.kafka.clients.consumer,org.apache.kafka.common.internals
org.apache.kafka.clients.consumer,org.apache.kafka.common.metrics
org.apache.kafka.clients.consumer,org.apache.kafka.common.metrics.stats
org.apache.kafka.clients.consumer,org.apache.kafka.common.network
org.apache.kafka.clients.consumer,org.apache.kafka.common.protocol
org.apache.kafka.clients.consumer,org.apache.kafka.common.protocol.types
org.apache.kafka.clients.consumer,org.apache.kafka.common.record
org.apache.kafka.clients.consumer,org.apache.kafka.common.record.internal
org.apache.kafka.clients.consumer,org.apache.kafka.common.requests
org.apache.kafka.clients.consumer,org.apache.kafka.common.security
org.apache.kafka.clients.consumer,org.apache.kafka.common.security.auth
org.apache.kafka.clients.consumer,org.apache.kafka.common.security.authenticator
org.apache.kafka.clients.consumer,org.apache.kafka.common.serialization
org.apache.kafka.clients.consumer,org.apache.kafka.common.telemetry.internals
org.apache.kafka.clients.consumer,org.apache.kafka.common.test
org.apache.kafka.clients.consumer,org.apache.kafka.common.test.api
org.apache.kafka.clients.consumer,org.apache.kafka.common.utils
org.apache.kafka.clients.consumer,org.apache.kafka.common.utils.internals
org.apache.kafka.clients.consumer,org.apache.kafka.coordinator.group
org.apache.kafka.clients.consumer,org.apache.kafka.coordinator.group.api.assignor
org.apache.kafka.clients.consumer,org.apache.kafka.coordinator.group.metrics
org.apache.kafka.clients.consumer,org.apache.kafka.coordinator.group.modern
org.apache.kafka.clients.consumer,org.apache.kafka.coordinator.group.modern.share
org.apache.kafka.clients.consumer,org.apache.kafka.raft
org.apache.kafka.clients.consumer,org.apache.kafka.security
org.apache.kafka.clients.consumer,org.apache.kafka.security.minikdc
org.apache.kafka.clients.consumer,org.apache.kafka.server
org.apache.kafka.clients.consumer,org.apache.kafka.server.common
org.apache.kafka.clients.consumer,org.apache.kafka.server.config
org.apache.kafka.clients.consumer,org.apache.kafka.server.metrics
org.apache.kafka.clients.consumer,org.apache.kafka.server.quota
org.apache.kafka.clients.consumer,org.apache.kafka.server.share
org.apache.kafka.clients.consumer,org.apache.kafka.server.util
org.apache.kafka.clients.consumer,org.apache.kafka.storage.internals.log
org.apache.kafka.clients.consumer,org.apache.kafka.test
org.apache.kafka.clients.consumer.internals,org.apache.kafka.clients
org.apache.kafka.clients.consumer.internals,org.apache.kafka.clients.consumer
org.apache.kafka.clients.consumer.internals,org.apache.kafka.clients.consumer.internals.events
org.apache.kafka.clients.consumer.internals,org.apache.kafka.clients.consumer.internals.metrics
org.apache.kafka.clients.consumer.internals,org.apache.kafka.common
org.apache.kafka.clients.consumer.internals,org.apache.kafka.common.compress
org.apache.kafka.clients.consumer.internals,org.apache.kafka.common.config
org.apache.kafka.clients.consumer.internals,org.apache.kafka.common.errors
org.apache.kafka.clients.consumer.internals,org.apache.kafka.common.header
org.apache.kafka.clients.consumer.internals,org.apache.kafka.common.header.internals
org.apache.kafka.clients.consumer.internals,org.apache.kafka.common.internals
org.apache.kafka.clients.consumer.internals,org.apache.kafka.common.metrics
org.apache.kafka.clients.consumer.internals,org.apache.kafka.common.metrics.stats
org.apache.kafka.clients.consumer.internals,org.apache.kafka.common.network
org.apache.kafka.clients.consumer.internals,org.apache.kafka.common.protocol
org.apache.kafka.clients.consumer.internals,org.apache.kafka.common.protocol.types
org.apache.kafka.clients.consumer.internals,org.apache.kafka.common.record
org.apache.kafka.clients.consumer.internals,org.apache.kafka.common.record.internal
org.apache.kafka.clients.consumer.internals,org.apache.kafka.common.requests
org.apache.kafka.clients.consumer.internals,org.apache.kafka.common.security.auth
org.apache.kafka.clients.consumer.internals,org.apache.kafka.common.serialization
org.apache.kafka.clients.consumer.internals,org.apache.kafka.common.telemetry.internals
org.apache.kafka.clients.consumer.internals,org.apache.kafka.common.test.api
org.apache.kafka.clients.consumer.internals,org.apache.kafka.common.utils
org.apache.kafka.clients.consumer.internals,org.apache.kafka.common.utils.annotation
org.apache.kafka.clients.consumer.internals,org.apache.kafka.common.utils.internals
org.apache.kafka.clients.consumer.internals,org.apache.kafka.test
org.apache.kafka.clients.consumer.internals.events,org.apache.kafka.clients
org.apache.kafka.clients.consumer.internals.events,org.apache.kafka.clients.consumer
org.apache.kafka.clients.consumer.internals.events,org.apache.kafka.clients.consumer.internals
org.apache.kafka.clients.consumer.internals.events,org.apache.kafka.clients.consumer.internals.metrics
org.apache.kafka.clients.consumer.internals.events,org.apache.kafka.common
org.apache.kafka.clients.consumer.internals.events,org.apache.kafka.common.errors
org.apache.kafka.clients.consumer.internals.events,org.apache.kafka.common.internals
org.apache.kafka.clients.consumer.internals.events,org.apache.kafka.common.utils
org.apache.kafka.clients.consumer.internals.events,org.apache.kafka.common.utils.internals
org.apache.kafka.clients.consumer.internals.metrics,org.apache.kafka.clients.consumer
org.apache.kafka.clients.consumer.internals.metrics,org.apache.kafka.clients.consumer.internals
org.apache.kafka.clients.consumer.internals.metrics,org.apache.kafka.common
org.apache.kafka.clients.consumer.internals.metrics,org.apache.kafka.common.metrics
org.apache.kafka.clients.consumer.internals.metrics,org.apache.kafka.common.metrics.stats
org.apache.kafka.clients.consumer.internals.metrics,org.apache.kafka.common.utils
org.apache.kafka.clients.consumer.internals.metrics,org.apache.kafka.common.utils.internals
org.apache.kafka.clients.producer,org.apache.kafka.clients
org.apache.kafka.clients.producer,org.apache.kafka.clients.admin
org.apache.kafka.clients.producer,org.apache.kafka.clients.consumer
org.apache.kafka.clients.producer,org.apache.kafka.clients.producer.internals
org.apache.kafka.clients.producer,org.apache.kafka.common
org.apache.kafka.clients.producer,org.apache.kafka.common.annotation
org.apache.kafka.clients.producer,org.apache.kafka.common.compress
org.apache.kafka.clients.producer,org.apache.kafka.common.config
org.apache.kafka.clients.producer,org.apache.kafka.common.errors
org.apache.kafka.clients.producer,org.apache.kafka.common.header
org.apache.kafka.clients.producer,org.apache.kafka.common.header.internals
org.apache.kafka.clients.producer,org.apache.kafka.common.internals
org.apache.kafka.clients.producer,org.apache.kafka.common.metrics
org.apache.kafka.clients.producer,org.apache.kafka.common.metrics.stats
org.apache.kafka.clients.producer,org.apache.kafka.common.network
org.apache.kafka.clients.producer,org.apache.kafka.common.protocol
org.apache.kafka.clients.producer,org.apache.kafka.common.record.internal
org.apache.kafka.clients.producer,org.apache.kafka.common.requests
org.apache.kafka.clients.producer,org.apache.kafka.common.security.auth
org.apache.kafka.clients.producer,org.apache.kafka.common.serialization
org.apache.kafka.clients.producer,org.apache.kafka.common.telemetry.internals
org.apache.kafka.clients.producer,org.apache.kafka.common.test
org.apache.kafka.clients.producer,org.apache.kafka.common.test.api
org.apache.kafka.clients.producer,org.apache.kafka.common.utils
org.apache.kafka.clients.producer,org.apache.kafka.common.utils.internals
org.apache.kafka.clients.producer,org.apache.kafka.coordinator.group
org.apache.kafka.clients.producer,org.apache.kafka.coordinator.transaction
org.apache.kafka.clients.producer,org.apache.kafka.server
org.apache.kafka.clients.producer,org.apache.kafka.server.common
org.apache.kafka.clients.producer,org.apache.kafka.server.config
org.apache.kafka.clients.producer,org.apache.kafka.storage.internals.checkpoint
org.apache.kafka.clients.producer,org.apache.kafka.storage.internals.log
org.apache.kafka.clients.producer,org.apache.kafka.test
org.apache.kafka.clients.producer.internals,org.apache.kafka.clients
org.apache.kafka.clients.producer.internals,org.apache.kafka.clients.consumer
org.apache.kafka.clients.producer.internals,org.apache.kafka.clients.producer
org.apache.kafka.clients.producer.internals,org.apache.kafka.common
org.apache.kafka.clients.producer.internals,org.apache.kafka.common.compress
org.apache.kafka.clients.producer.internals,org.apache.kafka.common.config
org.apache.kafka.clients.producer.internals,org.apache.kafka.common.errors
org.apache.kafka.clients.producer.internals,org.apache.kafka.common.header
org.apache.kafka.clients.producer.internals,org.apache.kafka.common.header.internals
org.apache.kafka.clients.producer.internals,org.apache.kafka.common.internals
org.apache.kafka.clients.producer.internals,org.apache.kafka.common.metrics
org.apache.kafka.clients.producer.internals,org.apache.kafka.common.metrics.stats
org.apache.kafka.clients.producer.internals,org.apache.kafka.common.network
org.apache.kafka.clients.producer.internals,org.apache.kafka.common.protocol
org.apache.kafka.clients.producer.internals,org.apache.kafka.common.record
org.apache.kafka.clients.producer.internals,org.apache.kafka.common.record.internal
org.apache.kafka.clients.producer.internals,org.apache.kafka.common.requests
org.apache.kafka.clients.producer.internals,org.apache.kafka.common.utils
org.apache.kafka.clients.producer.internals,org.apache.kafka.common.utils.internals
org.apache.kafka.clients.producer.internals,org.apache.kafka.test
org.apache.kafka.clients.security,org.apache.kafka.clients.consumer
org.apache.kafka.clients.security,org.apache.kafka.clients.producer
org.apache.kafka.clients.security,org.apache.kafka.common
org.apache.kafka.clients.security,org.apache.kafka.common.acl
org.apache.kafka.clients.security,org.apache.kafka.common.config.internals
org.apache.kafka.clients.security,org.apache.kafka.common.errors
org.apache.kafka.clients.security,org.apache.kafka.common.internals
org.apache.kafka.clients.security,org.apache.kafka.common.resource
org.apache.kafka.clients.security,org.apache.kafka.common.security.auth
org.apache.kafka.clients.security,org.apache.kafka.common.security.authenticator
org.apache.kafka.clients.security,org.apache.kafka.common.test
org.apache.kafka.clients.security,org.apache.kafka.common.test.api
org.apache.kafka.clients.security,org.apache.kafka.coordinator.group
org.apache.kafka.clients.security,org.apache.kafka.metadata.authorizer
org.apache.kafka.clients.security,org.apache.kafka.server.authorizer
org.apache.kafka.clients.security,org.apache.kafka.server.config
org.apache.kafka.clients.security,org.apache.kafka.test
org.apache.kafka.common,org.apache.kafka.clients.consumer
org.apache.kafka.common,org.apache.kafka.common.annotation
org.apache.kafka.common,org.apache.kafka.common.config
org.apache.kafka.common,org.apache.kafka.common.errors
org.apache.kafka.common,org.apache.kafka.common.internals
org.apache.kafka.common,org.apache.kafka.common.protocol
org.apache.kafka.common,org.apache.kafka.common.requests
org.apache.kafka.common,org.apache.kafka.common.security.auth
org.apache.kafka.common,org.apache.kafka.common.test
org.apache.kafka.common,org.apache.kafka.common.test.api
org.apache.kafka.common,org.apache.kafka.common.utils
org.apache.kafka.common,org.apache.kafka.network
org.apache.kafka.common,org.apache.kafka.server
org.apache.kafka.common.acl,org.apache.kafka.common.annotation
org.apache.kafka.common.acl,org.apache.kafka.common.resource
org.apache.kafka.common.compress,org.apache.kafka.common
org.apache.kafka.common.compress,org.apache.kafka.common.config
org.apache.kafka.common.compress,org.apache.kafka.common.record.internal
org.apache.kafka.common.compress,org.apache.kafka.common.utils.internals
org.apache.kafka.common.config,org.apache.kafka.common
org.apache.kafka.common.config,org.apache.kafka.common.annotation
org.apache.kafka.common.config,org.apache.kafka.common.config.internals
org.apache.kafka.common.config,org.apache.kafka.common.config.provider
org.apache.kafka.common.config,org.apache.kafka.common.config.types
org.apache.kafka.common.config,org.apache.kafka.common.metrics
org.apache.kafka.common.config,org.apache.kafka.common.security
org.apache.kafka.common.config,org.apache.kafka.common.utils
org.apache.kafka.common.config,org.apache.kafka.test
org.apache.kafka.common.config.internals,org.apache.kafka.common.config
org.apache.kafka.common.config.internals,org.apache.kafka.common.security.auth
org.apache.kafka.common.config.internals,org.apache.kafka.common.security.authenticator
org.apache.kafka.common.config.internals,org.apache.kafka.common.utils
org.apache.kafka.common.config.provider,org.apache.kafka.common
org.apache.kafka.common.config.provider,org.apache.kafka.common.annotation
org.apache.kafka.common.config.provider,org.apache.kafka.common.config
org.apache.kafka.common.config.provider,org.apache.kafka.common.config.internals
org.apache.kafka.common.config.types,org.apache.kafka.common.annotation
org.apache.kafka.common.errors,org.apache.kafka.clients.consumer
org.apache.kafka.common.errors,org.apache.kafka.common
org.apache.kafka.common.errors,org.apache.kafka.common.annotation
org.apache.kafka.common.errors,org.apache.kafka.common.header
org.apache.kafka.common.errors,org.apache.kafka.common.record
org.apache.kafka.common.feature,org.apache.kafka.common.utils
org.apache.kafka.common.header,org.apache.kafka.common.annotation
org.apache.kafka.common.header.internals,org.apache.kafka.common.header
org.apache.kafka.common.header.internals,org.apache.kafka.common.record.internal
org.apache.kafka.common.header.internals,org.apache.kafka.common.utils
org.apache.kafka.common.header.internals,org.apache.kafka.common.utils.internals
org.apache.kafka.common.internals,org.apache.kafka.common
org.apache.kafka.common.internals,org.apache.kafka.common.errors
org.apache.kafka.common.internals,org.apache.kafka.common.metrics
org.apache.kafka.common.internals,org.apache.kafka.common.metrics.internals
org.apache.kafka.common.internals,org.apache.kafka.common.utils
org.apache.kafka.common.internals,org.apache.kafka.common.utils.internals
org.apache.kafka.common.internals,org.apache.kafka.test
org.apache.kafka.common.memory,org.apache.kafka.common.metrics
org.apache.kafka.common.memory,org.apache.kafka.common.utils
org.apache.kafka.common.message,org.apache.kafka.common
org.apache.kafka.common.message,org.apache.kafka.common.compress
org.apache.kafka.common.message,org.apache.kafka.common.errors
org.apache.kafka.common.message,org.apache.kafka.common.protocol
org.apache.kafka.common.message,org.apache.kafka.common.protocol.types
org.apache.kafka.common.message,org.apache.kafka.common.record.internal
org.apache.kafka.common.message,org.apache.kafka.common.utils.annotation
org.apache.kafka.common.message,org.apache.kafka.common.utils.internals
org.apache.kafka.common.metrics,org.apache.kafka.common
org.apache.kafka.common.metrics,org.apache.kafka.common.annotation
org.apache.kafka.common.metrics,org.apache.kafka.common.config
org.apache.kafka.common.metrics,org.apache.kafka.common.metrics.internals
org.apache.kafka.common.metrics,org.apache.kafka.common.metrics.stats
org.apache.kafka.common.metrics,org.apache.kafka.common.utils
org.apache.kafka.common.metrics,org.apache.kafka.common.utils.internals
org.apache.kafka.common.metrics.internals,org.apache.kafka.common
org.apache.kafka.common.metrics.internals,org.apache.kafka.common.metrics
org.apache.kafka.common.metrics.internals,org.apache.kafka.common.metrics.stats
org.apache.kafka.common.metrics.stats,org.apache.kafka.common
org.apache.kafka.common.metrics.stats,org.apache.kafka.common.annotation
org.apache.kafka.common.metrics.stats,org.apache.kafka.common.metrics
org.apache.kafka.common.metrics.stats,org.apache.kafka.common.metrics.internals
org.apache.kafka.common.metrics.stats,org.apache.kafka.common.utils
org.apache.kafka.common.network,org.apache.kafka.common
org.apache.kafka.common.network,org.apache.kafka.common.config
org.apache.kafka.common.network,org.apache.kafka.common.config.internals
org.apache.kafka.common.network,org.apache.kafka.common.config.types
org.apache.kafka.common.network,org.apache.kafka.common.errors
org.apache.kafka.common.network,org.apache.kafka.common.memory
org.apache.kafka.common.network,org.apache.kafka.common.metrics
org.apache.kafka.common.network,org.apache.kafka.common.metrics.internals
org.apache.kafka.common.network,org.apache.kafka.common.metrics.stats
org.apache.kafka.common.network,org.apache.kafka.common.protocol
org.apache.kafka.common.network,org.apache.kafka.common.requests
org.apache.kafka.common.network,org.apache.kafka.common.security
org.apache.kafka.common.network,org.apache.kafka.common.security.auth
org.apache.kafka.common.network,org.apache.kafka.common.security.authenticator
org.apache.kafka.common.network,org.apache.kafka.common.security.kerberos
org.apache.kafka.common.network,org.apache.kafka.common.security.oauthbearer
org.apache.kafka.common.network,org.apache.kafka.common.security.oauthbearer.internals
org.apache.kafka.common.network,org.apache.kafka.common.security.oauthbearer.internals.unsecured
org.apache.kafka.common.network,org.apache.kafka.common.security.plain
org.apache.kafka.common.network,org.apache.kafka.common.security.plain.internals
org.apache.kafka.common.network,org.apache.kafka.common.security.scram
org.apache.kafka.common.network,org.apache.kafka.common.security.scram.internals
org.apache.kafka.common.network,org.apache.kafka.common.security.ssl
org.apache.kafka.common.network,org.apache.kafka.common.security.ssl.mock
org.apache.kafka.common.network,org.apache.kafka.common.security.token.delegation.internals
org.apache.kafka.common.network,org.apache.kafka.common.test.api
org.apache.kafka.common.network,org.apache.kafka.common.utils
org.apache.kafka.common.network,org.apache.kafka.common.utils.internals
org.apache.kafka.common.network,org.apache.kafka.test
org.apache.kafka.common.protocol,org.apache.kafka.common
org.apache.kafka.common.protocol,org.apache.kafka.common.compress
org.apache.kafka.common.protocol,org.apache.kafka.common.errors
org.apache.kafka.common.protocol,org.apache.kafka.common.network
org.apache.kafka.common.protocol,org.apache.kafka.common.protocol.types
org.apache.kafka.common.protocol,org.apache.kafka.common.record
org.apache.kafka.common.protocol,org.apache.kafka.common.record.internal
org.apache.kafka.common.protocol,org.apache.kafka.common.requests
org.apache.kafka.common.protocol,org.apache.kafka.common.utils
org.apache.kafka.common.protocol,org.apache.kafka.common.utils.internals
org.apache.kafka.common.protocol.types,org.apache.kafka.common
org.apache.kafka.common.protocol.types,org.apache.kafka.common.compress
org.apache.kafka.common.protocol.types,org.apache.kafka.common.protocol
org.apache.kafka.common.protocol.types,org.apache.kafka.common.record.internal
org.apache.kafka.common.protocol.types,org.apache.kafka.common.utils
org.apache.kafka.common.protocol.types,org.apache.kafka.common.utils.internals
org.apache.kafka.common.quota,org.apache.kafka.common.annotation
org.apache.kafka.common.record,org.apache.kafka.common.annotation
org.apache.kafka.common.record.internal,org.apache.kafka.common
org.apache.kafka.common.record.internal,org.apache.kafka.common.compress
org.apache.kafka.common.record.internal,org.apache.kafka.common.config
org.apache.kafka.common.record.internal,org.apache.kafka.common.errors
org.apache.kafka.common.record.internal,org.apache.kafka.common.header
org.apache.kafka.common.record.internal,org.apache.kafka.common.header.internals
org.apache.kafka.common.record.internal,org.apache.kafka.common.network
org.apache.kafka.common.record.internal,org.apache.kafka.common.protocol
org.apache.kafka.common.record.internal,org.apache.kafka.common.protocol.types
org.apache.kafka.common.record.internal,org.apache.kafka.common.record
org.apache.kafka.common.record.internal,org.apache.kafka.common.utils
org.apache.kafka.common.record.internal,org.apache.kafka.common.utils.internals
org.apache.kafka.common.record.internal,org.apache.kafka.test
org.apache.kafka.common.replica,org.apache.kafka.common
org.apache.kafka.common.replica,org.apache.kafka.common.security.auth
org.apache.kafka.common.requests,org.apache.kafka.clients
org.apache.kafka.common.requests,org.apache.kafka.clients.admin
org.apache.kafka.common.requests,org.apache.kafka.clients.consumer.internals
org.apache.kafka.common.requests,org.apache.kafka.common
org.apache.kafka.common.requests,org.apache.kafka.common.acl
org.apache.kafka.common.requests,org.apache.kafka.common.compress
org.apache.kafka.common.requests,org.apache.kafka.common.config
org.apache.kafka.common.requests,org.apache.kafka.common.errors
org.apache.kafka.common.requests,org.apache.kafka.common.feature
org.apache.kafka.common.requests,org.apache.kafka.common.internals
org.apache.kafka.common.requests,org.apache.kafka.common.network
org.apache.kafka.common.requests,org.apache.kafka.common.protocol
org.apache.kafka.common.requests,org.apache.kafka.common.protocol.types
org.apache.kafka.common.requests,org.apache.kafka.common.quota
org.apache.kafka.common.requests,org.apache.kafka.common.record
org.apache.kafka.common.requests,org.apache.kafka.common.record.internal
org.apache.kafka.common.requests,org.apache.kafka.common.resource
org.apache.kafka.common.requests,org.apache.kafka.common.security.auth
org.apache.kafka.common.requests,org.apache.kafka.common.security.authenticator
org.apache.kafka.common.requests,org.apache.kafka.common.security.token.delegation
org.apache.kafka.common.requests,org.apache.kafka.common.telemetry.internals
org.apache.kafka.common.requests,org.apache.kafka.common.utils
org.apache.kafka.common.requests,org.apache.kafka.common.utils.annotation
org.apache.kafka.common.requests,org.apache.kafka.common.utils.internals
org.apache.kafka.common.requests,org.apache.kafka.server.authorizer
org.apache.kafka.common.requests,org.apache.kafka.test
org.apache.kafka.common.resource,org.apache.kafka.common.annotation
org.apache.kafka.common.security,org.apache.kafka.common
org.apache.kafka.common.security,org.apache.kafka.common.config
org.apache.kafka.common.security,org.apache.kafka.common.config.internals
org.apache.kafka.common.security,org.apache.kafka.common.config.types
org.apache.kafka.common.security,org.apache.kafka.common.network
org.apache.kafka.common.security,org.apache.kafka.common.security.auth
org.apache.kafka.common.security,org.apache.kafka.test
org.apache.kafka.common.security.auth,org.apache.kafka.common
org.apache.kafka.common.security.auth,org.apache.kafka.common.annotation
org.apache.kafka.common.security.auth,org.apache.kafka.common.config
org.apache.kafka.common.security.auth,org.apache.kafka.common.errors
org.apache.kafka.common.security.auth,org.apache.kafka.common.security.authenticator
org.apache.kafka.common.security.auth,org.apache.kafka.common.security.kerberos
org.apache.kafka.common.security.auth,org.apache.kafka.common.security.scram.internals
org.apache.kafka.common.security.auth,org.apache.kafka.common.security.ssl
org.apache.kafka.common.security.authenticator,org.apache.kafka.clients
org.apache.kafka.common.security.authenticator,org.apache.kafka.clients.admin
org.apache.kafka.common.security.authenticator,org.apache.kafka.clients.consumer
org.apache.kafka.common.security.authenticator,org.apache.kafka.clients.producer
org.apache.kafka.common.security.authenticator,org.apache.kafka.common
org.apache.kafka.common.security.authenticator,org.apache.kafka.common.config
org.apache.kafka.common.security.authenticator,org.apache.kafka.common.config.internals
org.apache.kafka.common.security.authenticator,org.apache.kafka.common.config.types
org.apache.kafka.common.security.authenticator,org.apache.kafka.common.errors
org.apache.kafka.common.security.authenticator,org.apache.kafka.common.internals
org.apache.kafka.common.security.authenticator,org.apache.kafka.common.network
org.apache.kafka.common.security.authenticator,org.apache.kafka.common.protocol
org.apache.kafka.common.security.authenticator,org.apache.kafka.common.protocol.types
org.apache.kafka.common.security.authenticator,org.apache.kafka.common.requests
org.apache.kafka.common.security.authenticator,org.apache.kafka.common.security
org.apache.kafka.common.security.authenticator,org.apache.kafka.common.security.auth
org.apache.kafka.common.security.authenticator,org.apache.kafka.common.security.kerberos
org.apache.kafka.common.security.authenticator,org.apache.kafka.common.security.oauthbearer
org.apache.kafka.common.security.authenticator,org.apache.kafka.common.security.oauthbearer.internals.unsecured
org.apache.kafka.common.security.authenticator,org.apache.kafka.common.security.plain
org.apache.kafka.common.security.authenticator,org.apache.kafka.common.security.plain.internals
org.apache.kafka.common.security.authenticator,org.apache.kafka.common.security.scram
org.apache.kafka.common.security.authenticator,org.apache.kafka.common.security.scram.internals
org.apache.kafka.common.security.authenticator,org.apache.kafka.common.security.ssl
org.apache.kafka.common.security.authenticator,org.apache.kafka.common.security.token.delegation
org.apache.kafka.common.security.authenticator,org.apache.kafka.common.security.token.delegation.internals
org.apache.kafka.common.security.authenticator,org.apache.kafka.common.serialization
org.apache.kafka.common.security.authenticator,org.apache.kafka.common.utils
org.apache.kafka.common.security.authenticator,org.apache.kafka.common.utils.internals
org.apache.kafka.common.security.authenticator,org.apache.kafka.test
org.apache.kafka.common.security.kerberos,org.apache.kafka.common
org.apache.kafka.common.security.kerberos,org.apache.kafka.common.config
org.apache.kafka.common.security.kerberos,org.apache.kafka.common.security
org.apache.kafka.common.security.kerberos,org.apache.kafka.common.security.auth
org.apache.kafka.common.security.kerberos,org.apache.kafka.common.security.authenticator
org.apache.kafka.common.security.kerberos,org.apache.kafka.common.utils
org.apache.kafka.common.security.kerberos,org.apache.kafka.common.utils.internals
org.apache.kafka.common.security.oauthbearer,org.apache.kafka.common
org.apache.kafka.common.security.oauthbearer,org.apache.kafka.common.annotation
org.apache.kafka.common.security.oauthbearer,org.apache.kafka.common.config
org.apache.kafka.common.security.oauthbearer,org.apache.kafka.common.config.internals
org.apache.kafka.common.security.oauthbearer,org.apache.kafka.common.config.types
org.apache.kafka.common.security.oauthbearer,org.apache.kafka.common.internals
org.apache.kafka.common.security.oauthbearer,org.apache.kafka.common.security.auth
org.apache.kafka.common.security.oauthbearer,org.apache.kafka.common.security.oauthbearer.internals
org.apache.kafka.common.security.oauthbearer,org.apache.kafka.common.security.oauthbearer.internals.secured
org.apache.kafka.common.security.oauthbearer,org.apache.kafka.common.security.oauthbearer.internals.secured.assertion
org.apache.kafka.common.security.oauthbearer,org.apache.kafka.common.security.oauthbearer.internals.unsecured
org.apache.kafka.common.security.oauthbearer,org.apache.kafka.common.utils
org.apache.kafka.common.security.oauthbearer.internals,org.apache.kafka.common.config
org.apache.kafka.common.security.oauthbearer.internals,org.apache.kafka.common.config.types
org.apache.kafka.common.security.oauthbearer.internals,org.apache.kafka.common.errors
org.apache.kafka.common.security.oauthbearer.internals,org.apache.kafka.common.internals
org.apache.kafka.common.security.oauthbearer.internals,org.apache.kafka.common.security
org.apache.kafka.common.security.oauthbearer.internals,org.apache.kafka.common.security.auth
org.apache.kafka.common.security.oauthbearer.internals,org.apache.kafka.common.security.authenticator
org.apache.kafka.common.security.oauthbearer.internals,org.apache.kafka.common.security.oauthbearer
org.apache.kafka.common.security.oauthbearer.internals,org.apache.kafka.common.security.oauthbearer.internals.expiring
org.apache.kafka.common.security.oauthbearer.internals,org.apache.kafka.common.security.oauthbearer.internals.unsecured
org.apache.kafka.common.security.oauthbearer.internals,org.apache.kafka.common.utils
org.apache.kafka.common.security.oauthbearer.internals.expiring,org.apache.kafka.common.config
org.apache.kafka.common.security.oauthbearer.internals.expiring,org.apache.kafka.common.internals
org.apache.kafka.common.security.oauthbearer.internals.expiring,org.apache.kafka.common.security.auth
org.apache.kafka.common.security.oauthbearer.internals.expiring,org.apache.kafka.common.utils
org.apache.kafka.common.security.oauthbearer.internals.expiring,org.apache.kafka.common.utils.internals
org.apache.kafka.common.security.oauthbearer.internals.secured,org.apache.kafka.common
org.apache.kafka.common.security.oauthbearer.internals.secured,org.apache.kafka.common.config
org.apache.kafka.common.security.oauthbearer.internals.secured,org.apache.kafka.common.config.types
org.apache.kafka.common.security.oauthbearer.internals.secured,org.apache.kafka.common.internals
org.apache.kafka.common.security.oauthbearer.internals.secured,org.apache.kafka.common.network
org.apache.kafka.common.security.oauthbearer.internals.secured,org.apache.kafka.common.security.auth
org.apache.kafka.common.security.oauthbearer.internals.secured,org.apache.kafka.common.security.oauthbearer
org.apache.kafka.common.security.oauthbearer.internals.secured,org.apache.kafka.common.security.oauthbearer.internals.secured.assertion
org.apache.kafka.common.security.oauthbearer.internals.secured,org.apache.kafka.common.security.oauthbearer.internals.unsecured
org.apache.kafka.common.security.oauthbearer.internals.secured,org.apache.kafka.common.security.ssl
org.apache.kafka.common.security.oauthbearer.internals.secured,org.apache.kafka.common.utils
org.apache.kafka.common.security.oauthbearer.internals.secured,org.apache.kafka.test
org.apache.kafka.common.security.oauthbearer.internals.secured.assertion,org.apache.kafka.common
org.apache.kafka.common.security.oauthbearer.internals.secured.assertion,org.apache.kafka.common.config
org.apache.kafka.common.security.oauthbearer.internals.secured.assertion,org.apache.kafka.common.security.oauthbearer
org.apache.kafka.common.security.oauthbearer.internals.secured.assertion,org.apache.kafka.common.security.oauthbearer.internals.secured
org.apache.kafka.common.security.oauthbearer.internals.secured.assertion,org.apache.kafka.common.utils
org.apache.kafka.common.security.oauthbearer.internals.unsecured,org.apache.kafka.common
org.apache.kafka.common.security.oauthbearer.internals.unsecured,org.apache.kafka.common.config
org.apache.kafka.common.security.oauthbearer.internals.unsecured,org.apache.kafka.common.security.auth
org.apache.kafka.common.security.oauthbearer.internals.unsecured,org.apache.kafka.common.security.authenticator
org.apache.kafka.common.security.oauthbearer.internals.unsecured,org.apache.kafka.common.security.oauthbearer
org.apache.kafka.common.security.oauthbearer.internals.unsecured,org.apache.kafka.common.security.oauthbearer.internals
org.apache.kafka.common.security.oauthbearer.internals.unsecured,org.apache.kafka.common.utils
org.apache.kafka.common.security.plain,org.apache.kafka.common.annotation
org.apache.kafka.common.security.plain,org.apache.kafka.common.security.plain.internals
org.apache.kafka.common.security.plain.internals,org.apache.kafka.common
org.apache.kafka.common.security.plain.internals,org.apache.kafka.common.errors
org.apache.kafka.common.security.plain.internals,org.apache.kafka.common.security
org.apache.kafka.common.security.plain.internals,org.apache.kafka.common.security.auth
org.apache.kafka.common.security.plain.internals,org.apache.kafka.common.security.authenticator
org.apache.kafka.common.security.plain.internals,org.apache.kafka.common.security.plain
org.apache.kafka.common.security.plain.internals,org.apache.kafka.common.utils
org.apache.kafka.common.security.scram,org.apache.kafka.common.annotation
org.apache.kafka.common.security.scram,org.apache.kafka.common.security.scram.internals
org.apache.kafka.common.security.scram.internals,org.apache.kafka.common
org.apache.kafka.common.security.scram.internals,org.apache.kafka.common.errors
org.apache.kafka.common.security.scram.internals,org.apache.kafka.common.security.auth
org.apache.kafka.common.security.scram.internals,org.apache.kafka.common.security.authenticator
org.apache.kafka.common.security.scram.internals,org.apache.kafka.common.security.scram
org.apache.kafka.common.security.scram.internals,org.apache.kafka.common.security.token.delegation
org.apache.kafka.common.security.scram.internals,org.apache.kafka.common.security.token.delegation.internals
org.apache.kafka.common.security.scram.internals,org.apache.kafka.common.utils
org.apache.kafka.common.security.ssl,org.apache.kafka.common
org.apache.kafka.common.security.ssl,org.apache.kafka.common.config
org.apache.kafka.common.security.ssl,org.apache.kafka.common.config.internals
org.apache.kafka.common.security.ssl,org.apache.kafka.common.config.types
org.apache.kafka.common.security.ssl,org.apache.kafka.common.errors
org.apache.kafka.common.security.ssl,org.apache.kafka.common.network
org.apache.kafka.common.security.ssl,org.apache.kafka.common.security
org.apache.kafka.common.security.ssl,org.apache.kafka.common.security.auth
org.apache.kafka.common.security.ssl,org.apache.kafka.common.security.ssl.mock
org.apache.kafka.common.security.ssl,org.apache.kafka.common.utils
org.apache.kafka.common.security.ssl,org.apache.kafka.common.utils.internals
org.apache.kafka.common.security.ssl,org.apache.kafka.test
org.apache.kafka.common.security.ssl.mock,org.apache.kafka.common.config.types
org.apache.kafka.common.security.ssl.mock,org.apache.kafka.common.security.auth
org.apache.kafka.common.security.ssl.mock,org.apache.kafka.test
org.apache.kafka.common.security.token.delegation,org.apache.kafka.common.annotation
org.apache.kafka.common.security.token.delegation,org.apache.kafka.common.security.auth
org.apache.kafka.common.security.token.delegation.internals,org.apache.kafka.common.security.authenticator
org.apache.kafka.common.security.token.delegation.internals,org.apache.kafka.common.security.scram
org.apache.kafka.common.security.token.delegation.internals,org.apache.kafka.common.security.scram.internals
org.apache.kafka.common.security.token.delegation.internals,org.apache.kafka.common.security.token.delegation
org.apache.kafka.common.serialization,org.apache.kafka.clients
org.apache.kafka.common.serialization,org.apache.kafka.common
org.apache.kafka.common.serialization,org.apache.kafka.common.annotation
org.apache.kafka.common.serialization,org.apache.kafka.common.config
org.apache.kafka.common.serialization,org.apache.kafka.common.errors
org.apache.kafka.common.serialization,org.apache.kafka.common.header
org.apache.kafka.common.serialization,org.apache.kafka.common.header.internals
org.apache.kafka.common.serialization,org.apache.kafka.common.utils
org.apache.kafka.common.telemetry.internals,org.apache.kafka.clients
org.apache.kafka.common.telemetry.internals,org.apache.kafka.clients.consumer
org.apache.kafka.common.telemetry.internals,org.apache.kafka.clients.producer
org.apache.kafka.common.telemetry.internals,org.apache.kafka.common
org.apache.kafka.common.telemetry.internals,org.apache.kafka.common.compress
org.apache.kafka.common.telemetry.internals,org.apache.kafka.common.errors
org.apache.kafka.common.telemetry.internals,org.apache.kafka.common.metrics
org.apache.kafka.common.telemetry.internals,org.apache.kafka.common.metrics.stats
org.apache.kafka.common.telemetry.internals,org.apache.kafka.common.protocol
org.apache.kafka.common.telemetry.internals,org.apache.kafka.common.record.internal
org.apache.kafka.common.telemetry.internals,org.apache.kafka.common.requests
org.apache.kafka.common.telemetry.internals,org.apache.kafka.common.telemetry
org.apache.kafka.common.telemetry.internals,org.apache.kafka.common.utils
org.apache.kafka.common.telemetry.internals,org.apache.kafka.common.utils.internals
org.apache.kafka.common.test,org.apache.kafka.clients
org.apache.kafka.common.test,org.apache.kafka.clients.admin
org.apache.kafka.common.test,org.apache.kafka.clients.consumer
org.apache.kafka.common.test,org.apache.kafka.clients.producer
org.apache.kafka.common.test,org.apache.kafka.common
org.apache.kafka.common.test,org.apache.kafka.common.acl
org.apache.kafka.common.test,org.apache.kafka.common.config
org.apache.kafka.common.test,org.apache.kafka.common.config.internals
org.apache.kafka.common.test,org.apache.kafka.common.errors
org.apache.kafka.common.test,org.apache.kafka.common.metrics
org.apache.kafka.common.test,org.apache.kafka.common.network
org.apache.kafka.common.test,org.apache.kafka.common.protocol
org.apache.kafka.common.test,org.apache.kafka.common.quota
org.apache.kafka.common.test,org.apache.kafka.common.requests
org.apache.kafka.common.test,org.apache.kafka.common.security.auth
org.apache.kafka.common.test,org.apache.kafka.common.serialization
org.apache.kafka.common.test,org.apache.kafka.common.test.api
org.apache.kafka.common.test,org.apache.kafka.common.utils
org.apache.kafka.common.test,org.apache.kafka.common.utils.internals
org.apache.kafka.common.test,org.apache.kafka.controller
org.apache.kafka.common.test,org.apache.kafka.metadata
org.apache.kafka.common.test,org.apache.kafka.metadata.authorizer
org.apache.kafka.common.test,org.apache.kafka.metadata.bootstrap
org.apache.kafka.common.test,org.apache.kafka.metadata.properties
org.apache.kafka.common.test,org.apache.kafka.metadata.storage
org.apache.kafka.common.test,org.apache.kafka.network
org.apache.kafka.common.test,org.apache.kafka.raft
org.apache.kafka.common.test,org.apache.kafka.server
org.apache.kafka.common.test,org.apache.kafka.server.authorizer
org.apache.kafka.common.test,org.apache.kafka.server.common
org.apache.kafka.common.test,org.apache.kafka.server.config
org.apache.kafka.common.test,org.apache.kafka.server.fault
org.apache.kafka.common.test,org.apache.kafka.storage.internals.checkpoint
org.apache.kafka.common.test,org.apache.kafka.storage.internals.log
org.apache.kafka.common.test,org.apache.kafka.test
org.apache.kafka.common.test.api,org.apache.kafka.common.network
org.apache.kafka.common.test.api,org.apache.kafka.common.security.auth
org.apache.kafka.common.test.api,org.apache.kafka.server.common
org.apache.kafka.common.test.junit,org.apache.kafka.clients
org.apache.kafka.common.test.junit,org.apache.kafka.clients.admin
org.apache.kafka.common.test.junit,org.apache.kafka.clients.consumer
org.apache.kafka.common.test.junit,org.apache.kafka.clients.producer
org.apache.kafka.common.test.junit,org.apache.kafka.common
org.apache.kafka.common.test.junit,org.apache.kafka.common.acl
org.apache.kafka.common.test.junit,org.apache.kafka.common.config
org.apache.kafka.common.test.junit,org.apache.kafka.common.errors
org.apache.kafka.common.test.junit,org.apache.kafka.common.network
org.apache.kafka.common.test.junit,org.apache.kafka.common.security.auth
org.apache.kafka.common.test.junit,org.apache.kafka.common.serialization
org.apache.kafka.common.test.junit,org.apache.kafka.common.test
org.apache.kafka.common.test.junit,org.apache.kafka.common.test.api
org.apache.kafka.common.test.junit,org.apache.kafka.common.utils
org.apache.kafka.common.test.junit,org.apache.kafka.coordinator.group
org.apache.kafka.common.test.junit,org.apache.kafka.metadata
org.apache.kafka.common.test.junit,org.apache.kafka.metadata.bootstrap
org.apache.kafka.common.test.junit,org.apache.kafka.metadata.properties
org.apache.kafka.common.test.junit,org.apache.kafka.metadata.storage
org.apache.kafka.common.test.junit,org.apache.kafka.server.common
org.apache.kafka.common.test.junit,org.apache.kafka.server.fault
org.apache.kafka.common.test.junit,org.apache.kafka.server.util.timer
org.apache.kafka.common.utils,org.apache.kafka.common
org.apache.kafka.common.utils,org.apache.kafka.common.annotation
org.apache.kafka.common.utils,org.apache.kafka.common.config
org.apache.kafka.common.utils,org.apache.kafka.common.errors
org.apache.kafka.common.utils,org.apache.kafka.common.network
org.apache.kafka.common.utils,org.apache.kafka.common.utils.internals
org.apache.kafka.common.utils,org.apache.kafka.test
org.apache.kafka.common.utils.annotation,org.apache.kafka.common.protocol
org.apache.kafka.common.utils.internals,org.apache.kafka.common
org.apache.kafka.common.utils.internals,org.apache.kafka.common.acl
org.apache.kafka.common.utils.internals,org.apache.kafka.common.config
org.apache.kafka.common.utils.internals,org.apache.kafka.common.metrics
org.apache.kafka.common.utils.internals,org.apache.kafka.common.record.internal
org.apache.kafka.common.utils.internals,org.apache.kafka.common.resource
org.apache.kafka.common.utils.internals,org.apache.kafka.common.security.auth
org.apache.kafka.common.utils.internals,org.apache.kafka.common.security.ssl.mock
org.apache.kafka.common.utils.internals,org.apache.kafka.common.utils
org.apache.kafka.common.utils.internals,org.apache.kafka.test
org.apache.kafka.connect.cli,org.apache.kafka.common.config
org.apache.kafka.connect.cli,org.apache.kafka.common.utils
org.apache.kafka.connect.cli,org.apache.kafka.common.utils.internals
org.apache.kafka.connect.cli,org.apache.kafka.connect.connector.policy
org.apache.kafka.connect.cli,org.apache.kafka.connect.errors
org.apache.kafka.connect.cli,org.apache.kafka.connect.json
org.apache.kafka.connect.cli,org.apache.kafka.connect.runtime
org.apache.kafka.connect.cli,org.apache.kafka.connect.runtime.distributed
org.apache.kafka.connect.cli,org.apache.kafka.connect.runtime.isolation
org.apache.kafka.connect.cli,org.apache.kafka.connect.runtime.rest
org.apache.kafka.connect.cli,org.apache.kafka.connect.runtime.rest.entities
org.apache.kafka.connect.cli,org.apache.kafka.connect.runtime.standalone
org.apache.kafka.connect.cli,org.apache.kafka.connect.storage
org.apache.kafka.connect.cli,org.apache.kafka.connect.util
org.apache.kafka.connect.cli,org.apache.kafka.test
org.apache.kafka.connect.components,org.apache.kafka.common.annotation
org.apache.kafka.connect.components,org.apache.kafka.common.config
org.apache.kafka.connect.connector,org.apache.kafka.common.annotation
org.apache.kafka.connect.connector,org.apache.kafka.common.config
org.apache.kafka.connect.connector,org.apache.kafka.common.metrics
org.apache.kafka.connect.connector,org.apache.kafka.connect.components
org.apache.kafka.connect.connector,org.apache.kafka.connect.data
org.apache.kafka.connect.connector,org.apache.kafka.connect.errors
org.apache.kafka.connect.connector,org.apache.kafka.connect.header
org.apache.kafka.connect.connector.policy,org.apache.kafka.clients
org.apache.kafka.connect.connector.policy,org.apache.kafka.clients.admin
org.apache.kafka.connect.connector.policy,org.apache.kafka.clients.consumer
org.apache.kafka.connect.connector.policy,org.apache.kafka.clients.producer
org.apache.kafka.connect.connector.policy,org.apache.kafka.common
org.apache.kafka.connect.connector.policy,org.apache.kafka.common.annotation
org.apache.kafka.connect.connector.policy,org.apache.kafka.common.config
org.apache.kafka.connect.connector.policy,org.apache.kafka.common.utils.internals
org.apache.kafka.connect.connector.policy,org.apache.kafka.connect.components
org.apache.kafka.connect.connector.policy,org.apache.kafka.connect.connector
org.apache.kafka.connect.connector.policy,org.apache.kafka.connect.health
org.apache.kafka.connect.connector.policy,org.apache.kafka.connect.runtime
org.apache.kafka.connect.converters,org.apache.kafka.common.config
org.apache.kafka.connect.converters,org.apache.kafka.common.errors
org.apache.kafka.connect.converters,org.apache.kafka.common.serialization
org.apache.kafka.connect.converters,org.apache.kafka.common.utils
org.apache.kafka.connect.converters,org.apache.kafka.common.utils.internals
org.apache.kafka.connect.converters,org.apache.kafka.connect.connector
org.apache.kafka.connect.converters,org.apache.kafka.connect.data
org.apache.kafka.connect.converters,org.apache.kafka.connect.errors
org.apache.kafka.connect.converters,org.apache.kafka.connect.sink
org.apache.kafka.connect.converters,org.apache.kafka.connect.storage
org.apache.kafka.connect.data,org.apache.kafka.common.annotation
org.apache.kafka.connect.data,org.apache.kafka.common.utils
org.apache.kafka.connect.data,org.apache.kafka.connect.errors
org.apache.kafka.connect.errors,org.apache.kafka.common
org.apache.kafka.connect.errors,org.apache.kafka.common.annotation
org.apache.kafka.connect.file,org.apache.kafka.clients.consumer
org.apache.kafka.connect.file,org.apache.kafka.common
org.apache.kafka.connect.file,org.apache.kafka.common.config
org.apache.kafka.connect.file,org.apache.kafka.common.utils.internals
org.apache.kafka.connect.file,org.apache.kafka.connect.connector
org.apache.kafka.connect.file,org.apache.kafka.connect.data
org.apache.kafka.connect.file,org.apache.kafka.connect.errors
org.apache.kafka.connect.file,org.apache.kafka.connect.sink
org.apache.kafka.connect.file,org.apache.kafka.connect.source
org.apache.kafka.connect.file,org.apache.kafka.connect.storage
org.apache.kafka.connect.file.integration,org.apache.kafka.clients.consumer
org.apache.kafka.connect.file.integration,org.apache.kafka.common
org.apache.kafka.connect.file.integration,org.apache.kafka.connect.file
org.apache.kafka.connect.file.integration,org.apache.kafka.connect.util.clusters
org.apache.kafka.connect.file.integration,org.apache.kafka.test
org.apache.kafka.connect.header,org.apache.kafka.common.annotation
org.apache.kafka.connect.header,org.apache.kafka.common.utils.internals
org.apache.kafka.connect.header,org.apache.kafka.connect.data
org.apache.kafka.connect.header,org.apache.kafka.connect.errors
org.apache.kafka.connect.health,org.apache.kafka.common.annotation
org.apache.kafka.connect.health,org.apache.kafka.common.utils
org.apache.kafka.connect.integration,org.apache.kafka.clients
org.apache.kafka.connect.integration,org.apache.kafka.clients.admin
org.apache.kafka.connect.integration,org.apache.kafka.clients.consumer
org.apache.kafka.connect.integration,org.apache.kafka.clients.producer
org.apache.kafka.connect.integration,org.apache.kafka.common
org.apache.kafka.connect.integration,org.apache.kafka.common.acl
org.apache.kafka.connect.integration,org.apache.kafka.common.config
org.apache.kafka.connect.integration,org.apache.kafka.common.config.internals
org.apache.kafka.connect.integration,org.apache.kafka.common.config.provider
org.apache.kafka.connect.integration,org.apache.kafka.common.config.types
org.apache.kafka.connect.integration,org.apache.kafka.common.errors
org.apache.kafka.connect.integration,org.apache.kafka.common.header
org.apache.kafka.connect.integration,org.apache.kafka.common.metrics
org.apache.kafka.connect.integration,org.apache.kafka.common.network
org.apache.kafka.connect.integration,org.apache.kafka.common.resource
org.apache.kafka.connect.integration,org.apache.kafka.common.test.api
org.apache.kafka.connect.integration,org.apache.kafka.common.utils
org.apache.kafka.connect.integration,org.apache.kafka.common.utils.internals
org.apache.kafka.connect.integration,org.apache.kafka.connect.connector
org.apache.kafka.connect.integration,org.apache.kafka.connect.connector.policy
org.apache.kafka.connect.integration,org.apache.kafka.connect.data
org.apache.kafka.connect.integration,org.apache.kafka.connect.errors
org.apache.kafka.connect.integration,org.apache.kafka.connect.header
org.apache.kafka.connect.integration,org.apache.kafka.connect.health
org.apache.kafka.connect.integration,org.apache.kafka.connect.json
org.apache.kafka.connect.integration,org.apache.kafka.connect.rest
org.apache.kafka.connect.integration,org.apache.kafka.connect.runtime
org.apache.kafka.connect.integration,org.apache.kafka.connect.runtime.distributed
org.apache.kafka.connect.integration,org.apache.kafka.connect.runtime.isolation
org.apache.kafka.connect.integration,org.apache.kafka.connect.runtime.rest
org.apache.kafka.connect.integration,org.apache.kafka.connect.runtime.rest.entities
org.apache.kafka.connect.integration,org.apache.kafka.connect.runtime.rest.errors
org.apache.kafka.connect.integration,org.apache.kafka.connect.runtime.rest.util
org.apache.kafka.connect.integration,org.apache.kafka.connect.sink
org.apache.kafka.connect.integration,org.apache.kafka.connect.source
org.apache.kafka.connect.integration,org.apache.kafka.connect.storage
org.apache.kafka.connect.integration,org.apache.kafka.connect.transforms
org.apache.kafka.connect.integration,org.apache.kafka.connect.transforms.predicates
org.apache.kafka.connect.integration,org.apache.kafka.connect.util
org.apache.kafka.connect.integration,org.apache.kafka.connect.util.clusters
org.apache.kafka.connect.integration,org.apache.kafka.network
org.apache.kafka.connect.integration,org.apache.kafka.raft
org.apache.kafka.connect.integration,org.apache.kafka.server.config
org.apache.kafka.connect.integration,org.apache.kafka.server.util
org.apache.kafka.connect.integration,org.apache.kafka.test
org.apache.kafka.connect.json,org.apache.kafka.common.cache
org.apache.kafka.connect.json,org.apache.kafka.common.config
org.apache.kafka.connect.json,org.apache.kafka.common.errors
org.apache.kafka.connect.json,org.apache.kafka.common.serialization
org.apache.kafka.connect.json,org.apache.kafka.common.utils
org.apache.kafka.connect.json,org.apache.kafka.common.utils.internals
org.apache.kafka.connect.json,org.apache.kafka.connect.data
org.apache.kafka.connect.json,org.apache.kafka.connect.errors
org.apache.kafka.connect.json,org.apache.kafka.connect.storage
org.apache.kafka.connect.mirror,org.apache.kafka.clients
org.apache.kafka.connect.mirror,org.apache.kafka.clients.admin
org.apache.kafka.connect.mirror,org.apache.kafka.clients.consumer
org.apache.kafka.connect.mirror,org.apache.kafka.clients.consumer.internals
org.apache.kafka.connect.mirror,org.apache.kafka.clients.producer
org.apache.kafka.connect.mirror,org.apache.kafka.common
org.apache.kafka.connect.mirror,org.apache.kafka.common.acl
org.apache.kafka.connect.mirror,org.apache.kafka.common.annotation
org.apache.kafka.connect.mirror,org.apache.kafka.common.config
org.apache.kafka.connect.mirror,org.apache.kafka.common.config.provider
org.apache.kafka.connect.mirror,org.apache.kafka.common.config.types
org.apache.kafka.connect.mirror,org.apache.kafka.common.errors
org.apache.kafka.connect.mirror,org.apache.kafka.common.header
org.apache.kafka.connect.mirror,org.apache.kafka.common.header.internals
org.apache.kafka.connect.mirror,org.apache.kafka.common.metrics
org.apache.kafka.connect.mirror,org.apache.kafka.common.metrics.internals
org.apache.kafka.connect.mirror,org.apache.kafka.common.metrics.stats
org.apache.kafka.connect.mirror,org.apache.kafka.common.protocol.types
org.apache.kafka.connect.mirror,org.apache.kafka.common.record
org.apache.kafka.connect.mirror,org.apache.kafka.common.resource
org.apache.kafka.connect.mirror,org.apache.kafka.common.security.auth
org.apache.kafka.connect.mirror,org.apache.kafka.common.serialization
org.apache.kafka.connect.mirror,org.apache.kafka.common.utils
org.apache.kafka.connect.mirror,org.apache.kafka.common.utils.internals
org.apache.kafka.connect.mirror,org.apache.kafka.connect.connector
org.apache.kafka.connect.mirror,org.apache.kafka.connect.connector.policy
org.apache.kafka.connect.mirror,org.apache.kafka.connect.data
org.apache.kafka.connect.mirror,org.apache.kafka.connect.errors
org.apache.kafka.connect.mirror,org.apache.kafka.connect.header
org.apache.kafka.connect.mirror,org.apache.kafka.connect.json
org.apache.kafka.connect.mirror,org.apache.kafka.connect.mirror.rest
org.apache.kafka.connect.mirror,org.apache.kafka.connect.runtime
org.apache.kafka.connect.mirror,org.apache.kafka.connect.runtime.distributed
org.apache.kafka.connect.mirror,org.apache.kafka.connect.runtime.isolation
org.apache.kafka.connect.mirror,org.apache.kafka.connect.runtime.rest
org.apache.kafka.connect.mirror,org.apache.kafka.connect.runtime.rest.entities
org.apache.kafka.connect.mirror,org.apache.kafka.connect.source
org.apache.kafka.connect.mirror,org.apache.kafka.connect.storage
org.apache.kafka.connect.mirror,org.apache.kafka.connect.util
org.apache.kafka.connect.mirror,org.apache.kafka.test
org.apache.kafka.connect.mirror.clients.admin,org.apache.kafka.clients.admin
org.apache.kafka.connect.mirror.clients.admin,org.apache.kafka.common.acl
org.apache.kafka.connect.mirror.clients.admin,org.apache.kafka.common.errors
org.apache.kafka.connect.mirror.formatters,org.apache.kafka.clients.consumer
org.apache.kafka.connect.mirror.formatters,org.apache.kafka.common
org.apache.kafka.connect.mirror.formatters,org.apache.kafka.connect.mirror
org.apache.kafka.connect.mirror.integration,org.apache.kafka.clients
org.apache.kafka.connect.mirror.integration,org.apache.kafka.clients.admin
org.apache.kafka.connect.mirror.integration,org.apache.kafka.clients.consumer
org.apache.kafka.connect.mirror.integration,org.apache.kafka.clients.producer
org.apache.kafka.connect.mirror.integration,org.apache.kafka.common
org.apache.kafka.connect.mirror.integration,org.apache.kafka.common.acl
org.apache.kafka.connect.mirror.integration,org.apache.kafka.common.config
org.apache.kafka.connect.mirror.integration,org.apache.kafka.common.config.internals
org.apache.kafka.connect.mirror.integration,org.apache.kafka.common.config.types
org.apache.kafka.connect.mirror.integration,org.apache.kafka.common.metrics
org.apache.kafka.connect.mirror.integration,org.apache.kafka.common.network
org.apache.kafka.connect.mirror.integration,org.apache.kafka.common.resource
org.apache.kafka.connect.mirror.integration,org.apache.kafka.common.utils
org.apache.kafka.connect.mirror.integration,org.apache.kafka.common.utils.internals
org.apache.kafka.connect.mirror.integration,org.apache.kafka.connect.connector
org.apache.kafka.connect.mirror.integration,org.apache.kafka.connect.errors
org.apache.kafka.connect.mirror.integration,org.apache.kafka.connect.mirror
org.apache.kafka.connect.mirror.integration,org.apache.kafka.connect.mirror.clients.admin
org.apache.kafka.connect.mirror.integration,org.apache.kafka.connect.runtime
org.apache.kafka.connect.mirror.integration,org.apache.kafka.connect.runtime.distributed
org.apache.kafka.connect.mirror.integration,org.apache.kafka.connect.runtime.rest.entities
org.apache.kafka.connect.mirror.integration,org.apache.kafka.connect.source
org.apache.kafka.connect.mirror.integration,org.apache.kafka.connect.util
org.apache.kafka.connect.mirror.integration,org.apache.kafka.connect.util.clusters
org.apache.kafka.connect.mirror.integration,org.apache.kafka.network
org.apache.kafka.connect.mirror.integration,org.apache.kafka.raft
org.apache.kafka.connect.mirror.integration,org.apache.kafka.server.config
org.apache.kafka.connect.mirror.integration,org.apache.kafka.test
org.apache.kafka.connect.mirror.rest,org.apache.kafka.connect.mirror
org.apache.kafka.connect.mirror.rest,org.apache.kafka.connect.mirror.rest.resources
org.apache.kafka.connect.mirror.rest,org.apache.kafka.connect.runtime
org.apache.kafka.connect.mirror.rest,org.apache.kafka.connect.runtime.rest
org.apache.kafka.connect.mirror.rest.resources,org.apache.kafka.connect.mirror
org.apache.kafka.connect.mirror.rest.resources,org.apache.kafka.connect.runtime
org.apache.kafka.connect.mirror.rest.resources,org.apache.kafka.connect.runtime.rest
org.apache.kafka.connect.mirror.rest.resources,org.apache.kafka.connect.runtime.rest.resources
org.apache.kafka.connect.rest,org.apache.kafka.common
org.apache.kafka.connect.rest,org.apache.kafka.common.annotation
org.apache.kafka.connect.rest,org.apache.kafka.common.config
org.apache.kafka.connect.rest,org.apache.kafka.connect.components
org.apache.kafka.connect.rest,org.apache.kafka.connect.health
org.apache.kafka.connect.rest.basic.auth.extension,org.apache.kafka.common.config
org.apache.kafka.connect.rest.basic.auth.extension,org.apache.kafka.common.security.authenticator
org.apache.kafka.connect.rest.basic.auth.extension,org.apache.kafka.common.utils
org.apache.kafka.connect.rest.basic.auth.extension,org.apache.kafka.common.utils.internals
org.apache.kafka.connect.rest.basic.auth.extension,org.apache.kafka.connect.errors
org.apache.kafka.connect.rest.basic.auth.extension,org.apache.kafka.connect.rest
org.apache.kafka.connect.rest.basic.auth.extension,org.apache.kafka.test
org.apache.kafka.connect.runtime,org.apache.kafka.clients
org.apache.kafka.connect.runtime,org.apache.kafka.clients.admin
org.apache.kafka.connect.runtime,org.apache.kafka.clients.consumer
org.apache.kafka.connect.runtime,org.apache.kafka.clients.consumer.internals
org.apache.kafka.connect.runtime,org.apache.kafka.clients.producer
org.apache.kafka.connect.runtime,org.apache.kafka.common
org.apache.kafka.connect.runtime,org.apache.kafka.common.config
org.apache.kafka.connect.runtime,org.apache.kafka.common.config.provider
org.apache.kafka.connect.runtime,org.apache.kafka.common.errors
org.apache.kafka.connect.runtime,org.apache.kafka.common.header
org.apache.kafka.connect.runtime,org.apache.kafka.common.header.internals
org.apache.kafka.connect.runtime,org.apache.kafka.common.internals
org.apache.kafka.connect.runtime,org.apache.kafka.common.metrics
org.apache.kafka.connect.runtime,org.apache.kafka.common.metrics.internals
org.apache.kafka.connect.runtime,org.apache.kafka.common.metrics.stats
org.apache.kafka.connect.runtime,org.apache.kafka.common.record
org.apache.kafka.connect.runtime,org.apache.kafka.common.record.internal
org.apache.kafka.connect.runtime,org.apache.kafka.common.security.oauthbearer.internals.unsecured
org.apache.kafka.connect.runtime,org.apache.kafka.common.utils
org.apache.kafka.connect.runtime,org.apache.kafka.common.utils.internals
org.apache.kafka.connect.runtime,org.apache.kafka.connect.connector
org.apache.kafka.connect.runtime,org.apache.kafka.connect.connector.policy
org.apache.kafka.connect.runtime,org.apache.kafka.connect.data
org.apache.kafka.connect.runtime,org.apache.kafka.connect.errors
org.apache.kafka.connect.runtime,org.apache.kafka.connect.header
org.apache.kafka.connect.runtime,org.apache.kafka.connect.health
org.apache.kafka.connect.runtime,org.apache.kafka.connect.integration
org.apache.kafka.connect.runtime,org.apache.kafka.connect.json
org.apache.kafka.connect.runtime,org.apache.kafka.connect.runtime.distributed
org.apache.kafka.connect.runtime,org.apache.kafka.connect.runtime.errors
org.apache.kafka.connect.runtime,org.apache.kafka.connect.runtime.isolation
org.apache.kafka.connect.runtime,org.apache.kafka.connect.runtime.rest
org.apache.kafka.connect.runtime,org.apache.kafka.connect.runtime.rest.entities
org.apache.kafka.connect.runtime,org.apache.kafka.connect.runtime.rest.errors
org.apache.kafka.connect.runtime,org.apache.kafka.connect.runtime.standalone
org.apache.kafka.connect.runtime,org.apache.kafka.connect.sink
org.apache.kafka.connect.runtime,org.apache.kafka.connect.source
org.apache.kafka.connect.runtime,org.apache.kafka.connect.storage
org.apache.kafka.connect.runtime,org.apache.kafka.connect.test.util
org.apache.kafka.connect.runtime,org.apache.kafka.connect.tools
org.apache.kafka.connect.runtime,org.apache.kafka.connect.transforms
org.apache.kafka.connect.runtime,org.apache.kafka.connect.transforms.predicates
org.apache.kafka.connect.runtime,org.apache.kafka.connect.transforms.util
org.apache.kafka.connect.runtime,org.apache.kafka.connect.util
org.apache.kafka.connect.runtime.distributed,org.apache.kafka.clients
org.apache.kafka.connect.runtime.distributed,org.apache.kafka.clients.consumer
org.apache.kafka.connect.runtime.distributed,org.apache.kafka.clients.consumer.internals
org.apache.kafka.connect.runtime.distributed,org.apache.kafka.clients.producer
org.apache.kafka.connect.runtime.distributed,org.apache.kafka.common
org.apache.kafka.connect.runtime.distributed,org.apache.kafka.common.config
org.apache.kafka.connect.runtime.distributed,org.apache.kafka.common.errors
org.apache.kafka.connect.runtime.distributed,org.apache.kafka.common.internals
org.apache.kafka.connect.runtime.distributed,org.apache.kafka.common.metrics
org.apache.kafka.connect.runtime.distributed,org.apache.kafka.common.metrics.stats
org.apache.kafka.connect.runtime.distributed,org.apache.kafka.common.network
org.apache.kafka.connect.runtime.distributed,org.apache.kafka.common.protocol
org.apache.kafka.connect.runtime.distributed,org.apache.kafka.common.protocol.types
org.apache.kafka.connect.runtime.distributed,org.apache.kafka.common.requests
org.apache.kafka.connect.runtime.distributed,org.apache.kafka.common.security.auth
org.apache.kafka.connect.runtime.distributed,org.apache.kafka.common.utils
org.apache.kafka.connect.runtime.distributed,org.apache.kafka.common.utils.internals
org.apache.kafka.connect.runtime.distributed,org.apache.kafka.connect.connector.policy
org.apache.kafka.connect.runtime.distributed,org.apache.kafka.connect.errors
org.apache.kafka.connect.runtime.distributed,org.apache.kafka.connect.runtime
org.apache.kafka.connect.runtime.distributed,org.apache.kafka.connect.runtime.isolation
org.apache.kafka.connect.runtime.distributed,org.apache.kafka.connect.runtime.rest
org.apache.kafka.connect.runtime.distributed,org.apache.kafka.connect.runtime.rest.entities
org.apache.kafka.connect.runtime.distributed,org.apache.kafka.connect.runtime.rest.errors
org.apache.kafka.connect.runtime.distributed,org.apache.kafka.connect.sink
org.apache.kafka.connect.runtime.distributed,org.apache.kafka.connect.source
org.apache.kafka.connect.runtime.distributed,org.apache.kafka.connect.storage
org.apache.kafka.connect.runtime.distributed,org.apache.kafka.connect.util
org.apache.kafka.connect.runtime.errors,org.apache.kafka.clients
org.apache.kafka.connect.runtime.errors,org.apache.kafka.clients.admin
org.apache.kafka.connect.runtime.errors,org.apache.kafka.clients.consumer
org.apache.kafka.connect.runtime.errors,org.apache.kafka.clients.producer
org.apache.kafka.connect.runtime.errors,org.apache.kafka.common
org.apache.kafka.connect.runtime.errors,org.apache.kafka.common.config
org.apache.kafka.connect.runtime.errors,org.apache.kafka.common.errors
org.apache.kafka.connect.runtime.errors,org.apache.kafka.common.header
org.apache.kafka.connect.runtime.errors,org.apache.kafka.common.header.internals
org.apache.kafka.connect.runtime.errors,org.apache.kafka.common.metrics
org.apache.kafka.connect.runtime.errors,org.apache.kafka.common.metrics.stats
org.apache.kafka.connect.runtime.errors,org.apache.kafka.common.record
org.apache.kafka.connect.runtime.errors,org.apache.kafka.common.record.internal
org.apache.kafka.connect.runtime.errors,org.apache.kafka.common.utils
org.apache.kafka.connect.runtime.errors,org.apache.kafka.connect.connector
org.apache.kafka.connect.runtime.errors,org.apache.kafka.connect.errors
org.apache.kafka.connect.runtime.errors,org.apache.kafka.connect.header
org.apache.kafka.connect.runtime.errors,org.apache.kafka.connect.json
org.apache.kafka.connect.runtime.errors,org.apache.kafka.connect.runtime
org.apache.kafka.connect.runtime.errors,org.apache.kafka.connect.runtime.isolation
org.apache.kafka.connect.runtime.errors,org.apache.kafka.connect.sink
org.apache.kafka.connect.runtime.errors,org.apache.kafka.connect.source
org.apache.kafka.connect.runtime.errors,org.apache.kafka.connect.storage
org.apache.kafka.connect.runtime.errors,org.apache.kafka.connect.transforms
org.apache.kafka.connect.runtime.errors,org.apache.kafka.connect.util
org.apache.kafka.connect.runtime.health,org.apache.kafka.connect.errors
org.apache.kafka.connect.runtime.health,org.apache.kafka.connect.health
org.apache.kafka.connect.runtime.health,org.apache.kafka.connect.runtime
org.apache.kafka.connect.runtime.health,org.apache.kafka.connect.runtime.rest.entities
org.apache.kafka.connect.runtime.health,org.apache.kafka.connect.util
org.apache.kafka.connect.runtime.isolation,org.apache.kafka.common
org.apache.kafka.connect.runtime.isolation,org.apache.kafka.common.config
org.apache.kafka.connect.runtime.isolation,org.apache.kafka.common.config.provider
org.apache.kafka.connect.runtime.isolation,org.apache.kafka.common.internals
org.apache.kafka.connect.runtime.isolation,org.apache.kafka.common.utils
org.apache.kafka.connect.runtime.isolation,org.apache.kafka.connect.components
org.apache.kafka.connect.runtime.isolation,org.apache.kafka.connect.connector
org.apache.kafka.connect.runtime.isolation,org.apache.kafka.connect.connector.policy
org.apache.kafka.connect.runtime.isolation,org.apache.kafka.connect.converters
org.apache.kafka.connect.runtime.isolation,org.apache.kafka.connect.data
org.apache.kafka.connect.runtime.isolation,org.apache.kafka.connect.errors
org.apache.kafka.connect.runtime.isolation,org.apache.kafka.connect.json
org.apache.kafka.connect.runtime.isolation,org.apache.kafka.connect.rest
org.apache.kafka.connect.runtime.isolation,org.apache.kafka.connect.runtime
org.apache.kafka.connect.runtime.isolation,org.apache.kafka.connect.runtime.rest
org.apache.kafka.connect.runtime.isolation,org.apache.kafka.connect.sink
org.apache.kafka.connect.runtime.isolation,org.apache.kafka.connect.source
org.apache.kafka.connect.runtime.isolation,org.apache.kafka.connect.storage
org.apache.kafka.connect.runtime.isolation,org.apache.kafka.connect.tools
org.apache.kafka.connect.runtime.isolation,org.apache.kafka.connect.transforms
org.apache.kafka.connect.runtime.isolation,org.apache.kafka.connect.transforms.predicates
org.apache.kafka.connect.runtime.isolation,org.apache.kafka.test
org.apache.kafka.connect.runtime.rest,org.apache.kafka.common
org.apache.kafka.connect.runtime.rest,org.apache.kafka.common.config
org.apache.kafka.connect.runtime.rest,org.apache.kafka.common.config.internals
org.apache.kafka.connect.runtime.rest,org.apache.kafka.common.internals
org.apache.kafka.connect.runtime.rest,org.apache.kafka.common.metrics
org.apache.kafka.connect.runtime.rest,org.apache.kafka.common.utils
org.apache.kafka.connect.runtime.rest,org.apache.kafka.connect.errors
org.apache.kafka.connect.runtime.rest,org.apache.kafka.connect.health
org.apache.kafka.connect.runtime.rest,org.apache.kafka.connect.rest
org.apache.kafka.connect.runtime.rest,org.apache.kafka.connect.runtime
org.apache.kafka.connect.runtime.rest,org.apache.kafka.connect.runtime.distributed
org.apache.kafka.connect.runtime.rest,org.apache.kafka.connect.runtime.health
org.apache.kafka.connect.runtime.rest,org.apache.kafka.connect.runtime.isolation
org.apache.kafka.connect.runtime.rest,org.apache.kafka.connect.runtime.rest.entities
org.apache.kafka.connect.runtime.rest,org.apache.kafka.connect.runtime.rest.errors
org.apache.kafka.connect.runtime.rest,org.apache.kafka.connect.runtime.rest.resources
org.apache.kafka.connect.runtime.rest,org.apache.kafka.connect.runtime.rest.util
org.apache.kafka.connect.runtime.rest,org.apache.kafka.connect.util
org.apache.kafka.connect.runtime.rest.entities,org.apache.kafka.common.utils.internals
org.apache.kafka.connect.runtime.rest.entities,org.apache.kafka.connect.connector
org.apache.kafka.connect.runtime.rest.entities,org.apache.kafka.connect.runtime
org.apache.kafka.connect.runtime.rest.entities,org.apache.kafka.connect.runtime.isolation
org.apache.kafka.connect.runtime.rest.entities,org.apache.kafka.connect.runtime.rest.resources
org.apache.kafka.connect.runtime.rest.entities,org.apache.kafka.connect.sink
org.apache.kafka.connect.runtime.rest.entities,org.apache.kafka.connect.source
org.apache.kafka.connect.runtime.rest.entities,org.apache.kafka.connect.tools
org.apache.kafka.connect.runtime.rest.entities,org.apache.kafka.connect.util
org.apache.kafka.connect.runtime.rest.errors,org.apache.kafka.connect.errors
org.apache.kafka.connect.runtime.rest.errors,org.apache.kafka.connect.runtime.rest.entities
org.apache.kafka.connect.runtime.rest.resources,org.apache.kafka.clients.admin
org.apache.kafka.connect.runtime.rest.resources,org.apache.kafka.common.config
org.apache.kafka.connect.runtime.rest.resources,org.apache.kafka.common.utils
org.apache.kafka.connect.runtime.rest.resources,org.apache.kafka.common.utils.internals
org.apache.kafka.connect.runtime.rest.resources,org.apache.kafka.connect.connector
org.apache.kafka.connect.runtime.rest.resources,org.apache.kafka.connect.converters
org.apache.kafka.connect.runtime.rest.resources,org.apache.kafka.connect.errors
org.apache.kafka.connect.runtime.rest.resources,org.apache.kafka.connect.runtime
org.apache.kafka.connect.runtime.rest.resources,org.apache.kafka.connect.runtime.distributed
org.apache.kafka.connect.runtime.rest.resources,org.apache.kafka.connect.runtime.isolation
org.apache.kafka.connect.runtime.rest.resources,org.apache.kafka.connect.runtime.rest
org.apache.kafka.connect.runtime.rest.resources,org.apache.kafka.connect.runtime.rest.entities
org.apache.kafka.connect.runtime.rest.resources,org.apache.kafka.connect.runtime.rest.errors
org.apache.kafka.connect.runtime.rest.resources,org.apache.kafka.connect.source
org.apache.kafka.connect.runtime.rest.resources,org.apache.kafka.connect.storage
org.apache.kafka.connect.runtime.rest.resources,org.apache.kafka.connect.tools
org.apache.kafka.connect.runtime.rest.resources,org.apache.kafka.connect.transforms
org.apache.kafka.connect.runtime.rest.resources,org.apache.kafka.connect.transforms.predicates
org.apache.kafka.connect.runtime.rest.resources,org.apache.kafka.connect.util
org.apache.kafka.connect.runtime.rest.util,org.apache.kafka.common.config
org.apache.kafka.connect.runtime.rest.util,org.apache.kafka.common.config.internals
org.apache.kafka.connect.runtime.rest.util,org.apache.kafka.common.config.types
org.apache.kafka.connect.runtime.rest.util,org.apache.kafka.common.network
org.apache.kafka.connect.runtime.rest.util,org.apache.kafka.connect.runtime.rest
org.apache.kafka.connect.runtime.standalone,org.apache.kafka.common.config
org.apache.kafka.connect.runtime.standalone,org.apache.kafka.common.config.types
org.apache.kafka.connect.runtime.standalone,org.apache.kafka.common.utils
org.apache.kafka.connect.runtime.standalone,org.apache.kafka.common.utils.internals
org.apache.kafka.connect.runtime.standalone,org.apache.kafka.connect.connector
org.apache.kafka.connect.runtime.standalone,org.apache.kafka.connect.connector.policy
org.apache.kafka.connect.runtime.standalone,org.apache.kafka.connect.errors
org.apache.kafka.connect.runtime.standalone,org.apache.kafka.connect.runtime
org.apache.kafka.connect.runtime.standalone,org.apache.kafka.connect.runtime.distributed
org.apache.kafka.connect.runtime.standalone,org.apache.kafka.connect.runtime.isolation
org.apache.kafka.connect.runtime.standalone,org.apache.kafka.connect.runtime.rest
org.apache.kafka.connect.runtime.standalone,org.apache.kafka.connect.runtime.rest.entities
org.apache.kafka.connect.runtime.standalone,org.apache.kafka.connect.runtime.rest.errors
org.apache.kafka.connect.runtime.standalone,org.apache.kafka.connect.sink
org.apache.kafka.connect.runtime.standalone,org.apache.kafka.connect.source
org.apache.kafka.connect.runtime.standalone,org.apache.kafka.connect.storage
org.apache.kafka.connect.runtime.standalone,org.apache.kafka.connect.util
org.apache.kafka.connect.sink,org.apache.kafka.clients.consumer
org.apache.kafka.connect.sink,org.apache.kafka.common
org.apache.kafka.connect.sink,org.apache.kafka.common.annotation
org.apache.kafka.connect.sink,org.apache.kafka.common.config
org.apache.kafka.connect.sink,org.apache.kafka.common.metrics
org.apache.kafka.connect.sink,org.apache.kafka.common.record
org.apache.kafka.connect.sink,org.apache.kafka.connect.connector
org.apache.kafka.connect.sink,org.apache.kafka.connect.data
org.apache.kafka.connect.sink,org.apache.kafka.connect.errors
org.apache.kafka.connect.sink,org.apache.kafka.connect.header
org.apache.kafka.connect.sink,org.apache.kafka.connect.transforms
org.apache.kafka.connect.source,org.apache.kafka.clients.producer
org.apache.kafka.connect.source,org.apache.kafka.common.annotation
org.apache.kafka.connect.source,org.apache.kafka.common.config
org.apache.kafka.connect.source,org.apache.kafka.common.metrics
org.apache.kafka.connect.source,org.apache.kafka.connect.connector
org.apache.kafka.connect.source,org.apache.kafka.connect.data
org.apache.kafka.connect.source,org.apache.kafka.connect.header
org.apache.kafka.connect.source,org.apache.kafka.connect.storage
org.apache.kafka.connect.storage,org.apache.kafka.clients
org.apache.kafka.connect.storage,org.apache.kafka.clients.admin
org.apache.kafka.connect.storage,org.apache.kafka.clients.consumer
org.apache.kafka.connect.storage,org.apache.kafka.clients.consumer.internals
org.apache.kafka.connect.storage,org.apache.kafka.clients.producer
org.apache.kafka.connect.storage,org.apache.kafka.common
org.apache.kafka.connect.storage,org.apache.kafka.common.annotation
org.apache.kafka.connect.storage,org.apache.kafka.common.config
org.apache.kafka.connect.storage,org.apache.kafka.common.config.provider
org.apache.kafka.connect.storage,org.apache.kafka.common.errors
org.apache.kafka.connect.storage,org.apache.kafka.common.header
org.apache.kafka.connect.storage,org.apache.kafka.common.header.internals
org.apache.kafka.connect.storage,org.apache.kafka.common.record
org.apache.kafka.connect.storage,org.apache.kafka.common.serialization
org.apache.kafka.connect.storage,org.apache.kafka.common.utils
org.apache.kafka.connect.storage,org.apache.kafka.common.utils.internals
org.apache.kafka.connect.storage,org.apache.kafka.connect.components
org.apache.kafka.connect.storage,org.apache.kafka.connect.data
org.apache.kafka.connect.storage,org.apache.kafka.connect.errors
org.apache.kafka.connect.storage,org.apache.kafka.connect.header
org.apache.kafka.connect.storage,org.apache.kafka.connect.json
org.apache.kafka.connect.storage,org.apache.kafka.connect.runtime
org.apache.kafka.connect.storage,org.apache.kafka.connect.runtime.distributed
org.apache.kafka.connect.storage,org.apache.kafka.connect.runtime.standalone
org.apache.kafka.connect.storage,org.apache.kafka.connect.util
org.apache.kafka.connect.tools,org.apache.kafka.clients.consumer
org.apache.kafka.connect.tools,org.apache.kafka.clients.producer
org.apache.kafka.connect.tools,org.apache.kafka.common
org.apache.kafka.connect.tools,org.apache.kafka.common.annotation
org.apache.kafka.connect.tools,org.apache.kafka.common.config
org.apache.kafka.connect.tools,org.apache.kafka.common.utils.internals
org.apache.kafka.connect.tools,org.apache.kafka.connect.connector
org.apache.kafka.connect.tools,org.apache.kafka.connect.data
org.apache.kafka.connect.tools,org.apache.kafka.connect.errors
org.apache.kafka.connect.tools,org.apache.kafka.connect.runtime.isolation
org.apache.kafka.connect.tools,org.apache.kafka.connect.sink
org.apache.kafka.connect.tools,org.apache.kafka.connect.source
org.apache.kafka.connect.tools,org.apache.kafka.connect.transforms
org.apache.kafka.connect.tools,org.apache.kafka.connect.transforms.predicates
org.apache.kafka.connect.tools,org.apache.kafka.server.util
org.apache.kafka.connect.transforms,org.apache.kafka.common
org.apache.kafka.connect.transforms,org.apache.kafka.common.annotation
org.apache.kafka.connect.transforms,org.apache.kafka.common.cache
org.apache.kafka.connect.transforms,org.apache.kafka.common.config
org.apache.kafka.connect.transforms,org.apache.kafka.common.utils
org.apache.kafka.connect.transforms,org.apache.kafka.common.utils.internals
org.apache.kafka.connect.transforms,org.apache.kafka.connect.components
org.apache.kafka.connect.transforms,org.apache.kafka.connect.connector
org.apache.kafka.connect.transforms,org.apache.kafka.connect.data
org.apache.kafka.connect.transforms,org.apache.kafka.connect.errors
org.apache.kafka.connect.transforms,org.apache.kafka.connect.header
org.apache.kafka.connect.transforms,org.apache.kafka.connect.sink
org.apache.kafka.connect.transforms,org.apache.kafka.connect.source
org.apache.kafka.connect.transforms,org.apache.kafka.connect.transforms.field
org.apache.kafka.connect.transforms,org.apache.kafka.connect.transforms.util
org.apache.kafka.connect.transforms.field,org.apache.kafka.common.config
org.apache.kafka.connect.transforms.field,org.apache.kafka.common.utils
org.apache.kafka.connect.transforms.field,org.apache.kafka.connect.data
org.apache.kafka.connect.transforms.predicates,org.apache.kafka.common
org.apache.kafka.connect.transforms.predicates,org.apache.kafka.common.annotation
org.apache.kafka.connect.transforms.predicates,org.apache.kafka.common.config
org.apache.kafka.connect.transforms.predicates,org.apache.kafka.common.utils.internals
org.apache.kafka.connect.transforms.predicates,org.apache.kafka.connect.components
org.apache.kafka.connect.transforms.predicates,org.apache.kafka.connect.connector
org.apache.kafka.connect.transforms.predicates,org.apache.kafka.connect.data
org.apache.kafka.connect.transforms.predicates,org.apache.kafka.connect.header
org.apache.kafka.connect.transforms.predicates,org.apache.kafka.connect.source
org.apache.kafka.connect.transforms.predicates,org.apache.kafka.connect.transforms.util
org.apache.kafka.connect.transforms.util,org.apache.kafka.common.config
org.apache.kafka.connect.transforms.util,org.apache.kafka.connect.connector
org.apache.kafka.connect.transforms.util,org.apache.kafka.connect.data
org.apache.kafka.connect.transforms.util,org.apache.kafka.connect.errors
org.apache.kafka.connect.transforms.util,org.apache.kafka.connect.sink
org.apache.kafka.connect.util,org.apache.kafka.clients
org.apache.kafka.connect.util,org.apache.kafka.clients.admin
org.apache.kafka.connect.util,org.apache.kafka.clients.consumer
org.apache.kafka.connect.util,org.apache.kafka.clients.consumer.internals
org.apache.kafka.connect.util,org.apache.kafka.clients.producer
org.apache.kafka.connect.util,org.apache.kafka.common
org.apache.kafka.connect.util,org.apache.kafka.common.annotation
org.apache.kafka.connect.util,org.apache.kafka.common.config
org.apache.kafka.connect.util,org.apache.kafka.common.errors
org.apache.kafka.connect.util,org.apache.kafka.common.header.internals
org.apache.kafka.connect.util,org.apache.kafka.common.protocol
org.apache.kafka.connect.util,org.apache.kafka.common.record
org.apache.kafka.connect.util,org.apache.kafka.common.record.internal
org.apache.kafka.connect.util,org.apache.kafka.common.requests
org.apache.kafka.connect.util,org.apache.kafka.common.utils
org.apache.kafka.connect.util,org.apache.kafka.connect.connector
org.apache.kafka.connect.util,org.apache.kafka.connect.data
org.apache.kafka.connect.util,org.apache.kafka.connect.errors
org.apache.kafka.connect.util,org.apache.kafka.connect.runtime
org.apache.kafka.connect.util,org.apache.kafka.connect.runtime.distributed
org.apache.kafka.connect.util,org.apache.kafka.connect.runtime.rest.entities
org.apache.kafka.connect.util,org.apache.kafka.connect.runtime.rest.errors
org.apache.kafka.connect.util,org.apache.kafka.connect.runtime.standalone
org.apache.kafka.connect.util,org.apache.kafka.connect.sink
org.apache.kafka.connect.util,org.apache.kafka.connect.source
org.apache.kafka.connect.util,org.apache.kafka.connect.storage
org.apache.kafka.connect.util,org.apache.kafka.connect.transforms
org.apache.kafka.connect.util.clusters,org.apache.kafka.clients
org.apache.kafka.connect.util.clusters,org.apache.kafka.clients.admin
org.apache.kafka.connect.util.clusters,org.apache.kafka.clients.consumer
org.apache.kafka.connect.util.clusters,org.apache.kafka.clients.producer
org.apache.kafka.connect.util.clusters,org.apache.kafka.common
org.apache.kafka.connect.util.clusters,org.apache.kafka.common.config
org.apache.kafka.connect.util.clusters,org.apache.kafka.common.config.types
org.apache.kafka.connect.util.clusters,org.apache.kafka.common.errors
org.apache.kafka.connect.util.clusters,org.apache.kafka.common.serialization
org.apache.kafka.connect.util.clusters,org.apache.kafka.common.test
org.apache.kafka.connect.util.clusters,org.apache.kafka.common.utils
org.apache.kafka.connect.util.clusters,org.apache.kafka.common.utils.internals
org.apache.kafka.connect.util.clusters,org.apache.kafka.connect.cli
org.apache.kafka.connect.util.clusters,org.apache.kafka.connect.errors
org.apache.kafka.connect.util.clusters,org.apache.kafka.connect.runtime
org.apache.kafka.connect.util.clusters,org.apache.kafka.connect.runtime.isolation
org.apache.kafka.connect.util.clusters,org.apache.kafka.connect.runtime.rest
org.apache.kafka.connect.util.clusters,org.apache.kafka.connect.runtime.rest.entities
org.apache.kafka.connect.util.clusters,org.apache.kafka.connect.runtime.rest.errors
org.apache.kafka.connect.util.clusters,org.apache.kafka.connect.runtime.standalone
org.apache.kafka.connect.util.clusters,org.apache.kafka.connect.util
org.apache.kafka.connect.util.clusters,org.apache.kafka.coordinator.group
org.apache.kafka.connect.util.clusters,org.apache.kafka.metadata
org.apache.kafka.connect.util.clusters,org.apache.kafka.network
org.apache.kafka.connect.util.clusters,org.apache.kafka.server.config
org.apache.kafka.connect.util.clusters,org.apache.kafka.test
org.apache.kafka.controller,org.apache.kafka.clients.admin
org.apache.kafka.controller,org.apache.kafka.common
org.apache.kafka.controller,org.apache.kafka.common.acl
org.apache.kafka.controller,org.apache.kafka.common.config
org.apache.kafka.controller,org.apache.kafka.common.config.types
org.apache.kafka.controller,org.apache.kafka.common.errors
org.apache.kafka.controller,org.apache.kafka.common.internals
org.apache.kafka.controller,org.apache.kafka.common.network
org.apache.kafka.controller,org.apache.kafka.common.protocol
org.apache.kafka.controller,org.apache.kafka.common.protocol.types
org.apache.kafka.controller,org.apache.kafka.common.quota
org.apache.kafka.controller,org.apache.kafka.common.requests
org.apache.kafka.controller,org.apache.kafka.common.resource
org.apache.kafka.controller,org.apache.kafka.common.security.auth
org.apache.kafka.controller,org.apache.kafka.common.security.scram.internals
org.apache.kafka.controller,org.apache.kafka.common.security.token.delegation
org.apache.kafka.controller,org.apache.kafka.common.security.token.delegation.internals
org.apache.kafka.controller,org.apache.kafka.common.test.api
org.apache.kafka.controller,org.apache.kafka.common.utils
org.apache.kafka.controller,org.apache.kafka.common.utils.annotation
org.apache.kafka.controller,org.apache.kafka.common.utils.internals
org.apache.kafka.controller,org.apache.kafka.controller.errors
org.apache.kafka.controller,org.apache.kafka.controller.metrics
org.apache.kafka.controller,org.apache.kafka.deferred
org.apache.kafka.controller,org.apache.kafka.image
org.apache.kafka.controller,org.apache.kafka.image.writer
org.apache.kafka.controller,org.apache.kafka.metadata
org.apache.kafka.controller,org.apache.kafka.metadata.authorizer
org.apache.kafka.controller,org.apache.kafka.metadata.bootstrap
org.apache.kafka.controller,org.apache.kafka.metadata.placement
org.apache.kafka.controller,org.apache.kafka.metadata.util
org.apache.kafka.controller,org.apache.kafka.queue
org.apache.kafka.controller,org.apache.kafka.raft
org.apache.kafka.controller,org.apache.kafka.raft.errors
org.apache.kafka.controller,org.apache.kafka.raft.internals
org.apache.kafka.controller,org.apache.kafka.server.authorizer
org.apache.kafka.controller,org.apache.kafka.server.authorizer.internals
org.apache.kafka.controller,org.apache.kafka.server.common
org.apache.kafka.controller,org.apache.kafka.server.config
org.apache.kafka.controller,org.apache.kafka.server.fault
org.apache.kafka.controller,org.apache.kafka.server.mutable
org.apache.kafka.controller,org.apache.kafka.server.policy
org.apache.kafka.controller,org.apache.kafka.server.util
org.apache.kafka.controller,org.apache.kafka.snapshot
org.apache.kafka.controller,org.apache.kafka.test
org.apache.kafka.controller,org.apache.kafka.timeline
org.apache.kafka.controller.errors,org.apache.kafka.common
org.apache.kafka.controller.errors,org.apache.kafka.common.errors
org.apache.kafka.controller.errors,org.apache.kafka.raft.errors
org.apache.kafka.controller.errors,org.apache.kafka.server.mutable
org.apache.kafka.controller.metrics,org.apache.kafka.common
org.apache.kafka.controller.metrics,org.apache.kafka.common.annotation
org.apache.kafka.controller.metrics,org.apache.kafka.common.utils
org.apache.kafka.controller.metrics,org.apache.kafka.image
org.apache.kafka.controller.metrics,org.apache.kafka.image.loader
org.apache.kafka.controller.metrics,org.apache.kafka.image.publisher
org.apache.kafka.controller.metrics,org.apache.kafka.image.writer
org.apache.kafka.controller.metrics,org.apache.kafka.metadata
org.apache.kafka.controller.metrics,org.apache.kafka.raft
org.apache.kafka.controller.metrics,org.apache.kafka.server.common
org.apache.kafka.controller.metrics,org.apache.kafka.server.fault
org.apache.kafka.controller.metrics,org.apache.kafka.server.metrics
org.apache.kafka.coordinator.common.runtime,org.apache.kafka.common
org.apache.kafka.coordinator.common.runtime,org.apache.kafka.common.compress
org.apache.kafka.coordinator.common.runtime,org.apache.kafka.common.errors
org.apache.kafka.coordinator.common.runtime,org.apache.kafka.common.metrics
org.apache.kafka.coordinator.common.runtime,org.apache.kafka.common.metrics.stats
org.apache.kafka.coordinator.common.runtime,org.apache.kafka.common.network
org.apache.kafka.coordinator.common.runtime,org.apache.kafka.common.protocol
org.apache.kafka.coordinator.common.runtime,org.apache.kafka.common.record
org.apache.kafka.coordinator.common.runtime,org.apache.kafka.common.record.internal
org.apache.kafka.coordinator.common.runtime,org.apache.kafka.common.requests
org.apache.kafka.coordinator.common.runtime,org.apache.kafka.common.security.auth
org.apache.kafka.coordinator.common.runtime,org.apache.kafka.common.utils
org.apache.kafka.coordinator.common.runtime,org.apache.kafka.common.utils.internals
org.apache.kafka.coordinator.common.runtime,org.apache.kafka.deferred
org.apache.kafka.coordinator.common.runtime,org.apache.kafka.image
org.apache.kafka.coordinator.common.runtime,org.apache.kafka.metadata
org.apache.kafka.coordinator.common.runtime,org.apache.kafka.server.common
org.apache.kafka.coordinator.common.runtime,org.apache.kafka.server.metrics
org.apache.kafka.coordinator.common.runtime,org.apache.kafka.server.storage.log
org.apache.kafka.coordinator.common.runtime,org.apache.kafka.server.util
org.apache.kafka.coordinator.common.runtime,org.apache.kafka.server.util.timer
org.apache.kafka.coordinator.common.runtime,org.apache.kafka.storage.internals.log
org.apache.kafka.coordinator.common.runtime,org.apache.kafka.timeline
org.apache.kafka.coordinator.group,org.apache.kafka.clients.consumer
org.apache.kafka.coordinator.group,org.apache.kafka.clients.consumer.internals
org.apache.kafka.coordinator.group,org.apache.kafka.common
org.apache.kafka.coordinator.group,org.apache.kafka.common.compress
org.apache.kafka.coordinator.group,org.apache.kafka.common.config
org.apache.kafka.coordinator.group,org.apache.kafka.common.errors
org.apache.kafka.coordinator.group,org.apache.kafka.common.internals
org.apache.kafka.coordinator.group,org.apache.kafka.common.network
org.apache.kafka.coordinator.group,org.apache.kafka.common.protocol
org.apache.kafka.coordinator.group,org.apache.kafka.common.protocol.types
org.apache.kafka.coordinator.group,org.apache.kafka.common.record.internal
org.apache.kafka.coordinator.group,org.apache.kafka.common.requests
org.apache.kafka.coordinator.group,org.apache.kafka.common.security.auth
org.apache.kafka.coordinator.group,org.apache.kafka.common.utils
org.apache.kafka.coordinator.group,org.apache.kafka.common.utils.annotation
org.apache.kafka.coordinator.group,org.apache.kafka.common.utils.internals
org.apache.kafka.coordinator.group,org.apache.kafka.coordinator.common.runtime
org.apache.kafka.coordinator.group,org.apache.kafka.coordinator.group.api.assignor
org.apache.kafka.coordinator.group,org.apache.kafka.coordinator.group.api.streams
org.apache.kafka.coordinator.group,org.apache.kafka.coordinator.group.api.streams.assignor
org.apache.kafka.coordinator.group,org.apache.kafka.coordinator.group.assignor
org.apache.kafka.coordinator.group,org.apache.kafka.coordinator.group.classic
org.apache.kafka.coordinator.group,org.apache.kafka.coordinator.group.metrics
org.apache.kafka.coordinator.group,org.apache.kafka.coordinator.group.modern
org.apache.kafka.coordinator.group,org.apache.kafka.coordinator.group.modern.consumer
org.apache.kafka.coordinator.group,org.apache.kafka.coordinator.group.modern.share
org.apache.kafka.coordinator.group,org.apache.kafka.coordinator.group.streams
org.apache.kafka.coordinator.group,org.apache.kafka.coordinator.group.streams.assignor
org.apache.kafka.coordinator.group,org.apache.kafka.coordinator.group.streams.topics
org.apache.kafka.coordinator.group,org.apache.kafka.coordinator.group.util
org.apache.kafka.coordinator.group,org.apache.kafka.image
org.apache.kafka.coordinator.group,org.apache.kafka.server.authorizer
org.apache.kafka.coordinator.group,org.apache.kafka.server.common
org.apache.kafka.coordinator.group,org.apache.kafka.server.record
org.apache.kafka.coordinator.group,org.apache.kafka.server.share.persister
org.apache.kafka.coordinator.group,org.apache.kafka.server.util
org.apache.kafka.coordinator.group,org.apache.kafka.server.util.timer
org.apache.kafka.coordinator.group,org.apache.kafka.timeline
org.apache.kafka.coordinator.group.api.assignor,org.apache.kafka.common
org.apache.kafka.coordinator.group.api.assignor,org.apache.kafka.common.annotation
org.apache.kafka.coordinator.group.api.assignor,org.apache.kafka.common.errors
org.apache.kafka.coordinator.group.api.streams,org.apache.kafka.common
org.apache.kafka.coordinator.group.api.streams,org.apache.kafka.common.annotation
org.apache.kafka.coordinator.group.api.streams,org.apache.kafka.common.errors
org.apache.kafka.coordinator.group.api.streams.assignor,org.apache.kafka.common.annotation
org.apache.kafka.coordinator.group.api.streams.assignor,org.apache.kafka.common.errors
org.apache.kafka.coordinator.group.assignor,org.apache.kafka.common
org.apache.kafka.coordinator.group.assignor,org.apache.kafka.coordinator.common.runtime
org.apache.kafka.coordinator.group.assignor,org.apache.kafka.coordinator.group
org.apache.kafka.coordinator.group.assignor,org.apache.kafka.coordinator.group.api.assignor
org.apache.kafka.coordinator.group.assignor,org.apache.kafka.coordinator.group.modern
org.apache.kafka.coordinator.group.assignor,org.apache.kafka.image
org.apache.kafka.coordinator.group.assignor,org.apache.kafka.server.common
org.apache.kafka.coordinator.group.classic,org.apache.kafka.clients.consumer
org.apache.kafka.coordinator.group.classic,org.apache.kafka.clients.consumer.internals
org.apache.kafka.coordinator.group.classic,org.apache.kafka.common
org.apache.kafka.coordinator.group.classic,org.apache.kafka.common.errors
org.apache.kafka.coordinator.group.classic,org.apache.kafka.common.protocol
org.apache.kafka.coordinator.group.classic,org.apache.kafka.common.protocol.types
org.apache.kafka.coordinator.group.classic,org.apache.kafka.common.utils
org.apache.kafka.coordinator.group.classic,org.apache.kafka.common.utils.annotation
org.apache.kafka.coordinator.group.classic,org.apache.kafka.common.utils.internals
org.apache.kafka.coordinator.group.classic,org.apache.kafka.coordinator.common.runtime
org.apache.kafka.coordinator.group.classic,org.apache.kafka.coordinator.group
org.apache.kafka.coordinator.group.classic,org.apache.kafka.coordinator.group.modern
org.apache.kafka.coordinator.group.classic,org.apache.kafka.coordinator.group.modern.consumer
org.apache.kafka.coordinator.group.classic,org.apache.kafka.image
org.apache.kafka.coordinator.group.classic,org.apache.kafka.timeline
org.apache.kafka.coordinator.group.metrics,org.apache.kafka.common
org.apache.kafka.coordinator.group.metrics,org.apache.kafka.common.internals
org.apache.kafka.coordinator.group.metrics,org.apache.kafka.common.metrics
org.apache.kafka.coordinator.group.metrics,org.apache.kafka.common.metrics.stats
org.apache.kafka.coordinator.group.metrics,org.apache.kafka.common.utils
org.apache.kafka.coordinator.group.metrics,org.apache.kafka.common.utils.internals
org.apache.kafka.coordinator.group.metrics,org.apache.kafka.coordinator.common.runtime
org.apache.kafka.coordinator.group.metrics,org.apache.kafka.coordinator.group
org.apache.kafka.coordinator.group.metrics,org.apache.kafka.coordinator.group.classic
org.apache.kafka.coordinator.group.metrics,org.apache.kafka.coordinator.group.modern.share
org.apache.kafka.coordinator.group.metrics,org.apache.kafka.server.metrics
org.apache.kafka.coordinator.group.metrics,org.apache.kafka.timeline
org.apache.kafka.coordinator.group.modern,org.apache.kafka.common
org.apache.kafka.coordinator.group.modern,org.apache.kafka.common.errors
org.apache.kafka.coordinator.group.modern,org.apache.kafka.common.utils
org.apache.kafka.coordinator.group.modern,org.apache.kafka.coordinator.common.runtime
org.apache.kafka.coordinator.group.modern,org.apache.kafka.coordinator.group
org.apache.kafka.coordinator.group.modern,org.apache.kafka.coordinator.group.api.assignor
org.apache.kafka.coordinator.group.modern,org.apache.kafka.coordinator.group.assignor
org.apache.kafka.coordinator.group.modern,org.apache.kafka.coordinator.group.modern.consumer
org.apache.kafka.coordinator.group.modern,org.apache.kafka.coordinator.group.modern.share
org.apache.kafka.coordinator.group.modern,org.apache.kafka.coordinator.group.util
org.apache.kafka.coordinator.group.modern,org.apache.kafka.timeline
org.apache.kafka.coordinator.group.modern.consumer,org.apache.kafka.clients.consumer
org.apache.kafka.coordinator.group.modern.consumer,org.apache.kafka.clients.consumer.internals
org.apache.kafka.coordinator.group.modern.consumer,org.apache.kafka.common
org.apache.kafka.coordinator.group.modern.consumer,org.apache.kafka.common.errors
org.apache.kafka.coordinator.group.modern.consumer,org.apache.kafka.common.internals
org.apache.kafka.coordinator.group.modern.consumer,org.apache.kafka.common.protocol
org.apache.kafka.coordinator.group.modern.consumer,org.apache.kafka.common.protocol.types
org.apache.kafka.coordinator.group.modern.consumer,org.apache.kafka.common.requests
org.apache.kafka.coordinator.group.modern.consumer,org.apache.kafka.common.resource
org.apache.kafka.coordinator.group.modern.consumer,org.apache.kafka.common.utils
org.apache.kafka.coordinator.group.modern.consumer,org.apache.kafka.common.utils.annotation
org.apache.kafka.coordinator.group.modern.consumer,org.apache.kafka.common.utils.internals
org.apache.kafka.coordinator.group.modern.consumer,org.apache.kafka.coordinator.common.runtime
org.apache.kafka.coordinator.group.modern.consumer,org.apache.kafka.coordinator.group
org.apache.kafka.coordinator.group.modern.consumer,org.apache.kafka.coordinator.group.api.assignor
org.apache.kafka.coordinator.group.modern.consumer,org.apache.kafka.coordinator.group.classic
org.apache.kafka.coordinator.group.modern.consumer,org.apache.kafka.coordinator.group.modern
org.apache.kafka.coordinator.group.modern.consumer,org.apache.kafka.coordinator.group.util
org.apache.kafka.coordinator.group.modern.consumer,org.apache.kafka.image
org.apache.kafka.coordinator.group.modern.consumer,org.apache.kafka.server.authorizer
org.apache.kafka.coordinator.group.modern.consumer,org.apache.kafka.timeline
org.apache.kafka.coordinator.group.modern.share,org.apache.kafka.common
org.apache.kafka.coordinator.group.modern.share,org.apache.kafka.common.config
org.apache.kafka.coordinator.group.modern.share,org.apache.kafka.common.errors
org.apache.kafka.coordinator.group.modern.share,org.apache.kafka.common.protocol
org.apache.kafka.coordinator.group.modern.share,org.apache.kafka.common.utils
org.apache.kafka.coordinator.group.modern.share,org.apache.kafka.common.utils.annotation
org.apache.kafka.coordinator.group.modern.share,org.apache.kafka.common.utils.internals
org.apache.kafka.coordinator.group.modern.share,org.apache.kafka.coordinator.common.runtime
org.apache.kafka.coordinator.group.modern.share,org.apache.kafka.coordinator.group
org.apache.kafka.coordinator.group.modern.share,org.apache.kafka.coordinator.group.modern
org.apache.kafka.coordinator.group.modern.share,org.apache.kafka.image
org.apache.kafka.coordinator.group.modern.share,org.apache.kafka.timeline
org.apache.kafka.coordinator.group.streams,org.apache.kafka.common
org.apache.kafka.coordinator.group.streams,org.apache.kafka.common.errors
org.apache.kafka.coordinator.group.streams,org.apache.kafka.common.protocol
org.apache.kafka.coordinator.group.streams,org.apache.kafka.common.requests
org.apache.kafka.coordinator.group.streams,org.apache.kafka.common.utils
org.apache.kafka.coordinator.group.streams,org.apache.kafka.common.utils.annotation
org.apache.kafka.coordinator.group.streams,org.apache.kafka.common.utils.internals
org.apache.kafka.coordinator.group.streams,org.apache.kafka.coordinator.common.runtime
org.apache.kafka.coordinator.group.streams,org.apache.kafka.coordinator.group
org.apache.kafka.coordinator.group.streams,org.apache.kafka.coordinator.group.api.streams
org.apache.kafka.coordinator.group.streams,org.apache.kafka.coordinator.group.api.streams.assignor
org.apache.kafka.coordinator.group.streams,org.apache.kafka.coordinator.group.metrics
org.apache.kafka.coordinator.group.streams,org.apache.kafka.coordinator.group.streams.assignor
org.apache.kafka.coordinator.group.streams,org.apache.kafka.coordinator.group.streams.topics
org.apache.kafka.coordinator.group.streams,org.apache.kafka.image
org.apache.kafka.coordinator.group.streams,org.apache.kafka.server.common
org.apache.kafka.coordinator.group.streams,org.apache.kafka.server.util.timer
org.apache.kafka.coordinator.group.streams,org.apache.kafka.timeline
org.apache.kafka.coordinator.group.streams.assignor,org.apache.kafka.common.utils
org.apache.kafka.coordinator.group.streams.assignor,org.apache.kafka.coordinator.common.runtime
org.apache.kafka.coordinator.group.streams.assignor,org.apache.kafka.coordinator.group
org.apache.kafka.coordinator.group.streams.assignor,org.apache.kafka.coordinator.group.api.streams.assignor
org.apache.kafka.coordinator.group.streams.assignor,org.apache.kafka.coordinator.group.streams
org.apache.kafka.coordinator.group.streams.topics,org.apache.kafka.common
org.apache.kafka.coordinator.group.streams.topics,org.apache.kafka.common.errors
org.apache.kafka.coordinator.group.streams.topics,org.apache.kafka.common.internals
org.apache.kafka.coordinator.group.streams.topics,org.apache.kafka.common.requests
org.apache.kafka.coordinator.group.streams.topics,org.apache.kafka.common.utils
org.apache.kafka.coordinator.group.streams.topics,org.apache.kafka.coordinator.common.runtime
org.apache.kafka.coordinator.group.streams.topics,org.apache.kafka.coordinator.group.streams
org.apache.kafka.coordinator.group.streams.topics,org.apache.kafka.image
org.apache.kafka.coordinator.share,org.apache.kafka.common
org.apache.kafka.coordinator.share,org.apache.kafka.common.compress
org.apache.kafka.coordinator.share,org.apache.kafka.common.config
org.apache.kafka.coordinator.share,org.apache.kafka.common.errors
org.apache.kafka.coordinator.share,org.apache.kafka.common.internals
org.apache.kafka.coordinator.share,org.apache.kafka.common.metrics
org.apache.kafka.coordinator.share,org.apache.kafka.common.protocol
org.apache.kafka.coordinator.share,org.apache.kafka.common.record.internal
org.apache.kafka.coordinator.share,org.apache.kafka.common.requests
org.apache.kafka.coordinator.share,org.apache.kafka.common.utils
org.apache.kafka.coordinator.share,org.apache.kafka.common.utils.internals
org.apache.kafka.coordinator.share,org.apache.kafka.coordinator.common.runtime
org.apache.kafka.coordinator.share,org.apache.kafka.coordinator.share.metrics
org.apache.kafka.coordinator.share,org.apache.kafka.image
org.apache.kafka.coordinator.share,org.apache.kafka.server.common
org.apache.kafka.coordinator.share,org.apache.kafka.server.record
org.apache.kafka.coordinator.share,org.apache.kafka.server.share
org.apache.kafka.coordinator.share,org.apache.kafka.server.share.persister
org.apache.kafka.coordinator.share,org.apache.kafka.server.util
org.apache.kafka.coordinator.share,org.apache.kafka.server.util.timer
org.apache.kafka.coordinator.share,org.apache.kafka.timeline
org.apache.kafka.coordinator.share.metrics,org.apache.kafka.common
org.apache.kafka.coordinator.share.metrics,org.apache.kafka.common.internals
org.apache.kafka.coordinator.share.metrics,org.apache.kafka.common.metrics
org.apache.kafka.coordinator.share.metrics,org.apache.kafka.common.metrics.internals
org.apache.kafka.coordinator.share.metrics,org.apache.kafka.common.metrics.stats
org.apache.kafka.coordinator.share.metrics,org.apache.kafka.common.utils
org.apache.kafka.coordinator.share.metrics,org.apache.kafka.common.utils.internals
org.apache.kafka.coordinator.share.metrics,org.apache.kafka.coordinator.common.runtime
org.apache.kafka.coordinator.share.metrics,org.apache.kafka.timeline
org.apache.kafka.coordinator.transaction,org.apache.kafka.clients
org.apache.kafka.coordinator.transaction,org.apache.kafka.common
org.apache.kafka.coordinator.transaction,org.apache.kafka.common.compress
org.apache.kafka.coordinator.transaction,org.apache.kafka.common.config
org.apache.kafka.coordinator.transaction,org.apache.kafka.common.errors
org.apache.kafka.coordinator.transaction,org.apache.kafka.common.protocol
org.apache.kafka.coordinator.transaction,org.apache.kafka.common.protocol.types
org.apache.kafka.coordinator.transaction,org.apache.kafka.common.record.internal
org.apache.kafka.coordinator.transaction,org.apache.kafka.common.requests
org.apache.kafka.coordinator.transaction,org.apache.kafka.common.utils
org.apache.kafka.coordinator.transaction,org.apache.kafka.coordinator.common.runtime
org.apache.kafka.coordinator.transaction,org.apache.kafka.server.common
org.apache.kafka.coordinator.transaction,org.apache.kafka.server.config
org.apache.kafka.coordinator.transaction,org.apache.kafka.test
org.apache.kafka.deferred,org.apache.kafka.common.utils.internals
org.apache.kafka.gradle,org.apache.kafka.apicheck
org.apache.kafka.image,org.apache.kafka.clients.admin
org.apache.kafka.image,org.apache.kafka.common
org.apache.kafka.image,org.apache.kafka.common.config
org.apache.kafka.image,org.apache.kafka.common.errors
org.apache.kafka.image,org.apache.kafka.common.protocol
org.apache.kafka.image,org.apache.kafka.common.quota
org.apache.kafka.image,org.apache.kafka.common.security.auth
org.apache.kafka.image,org.apache.kafka.common.security.token.delegation
org.apache.kafka.image,org.apache.kafka.common.utils.internals
org.apache.kafka.image,org.apache.kafka.image.node
org.apache.kafka.image,org.apache.kafka.image.writer
org.apache.kafka.image,org.apache.kafka.metadata
org.apache.kafka.image,org.apache.kafka.metadata.authorizer
org.apache.kafka.image,org.apache.kafka.server.common
org.apache.kafka.image,org.apache.kafka.server.config
org.apache.kafka.image,org.apache.kafka.server.immutable
org.apache.kafka.image,org.apache.kafka.server.util
org.apache.kafka.image,org.apache.kafka.snapshot
org.apache.kafka.image.loader,org.apache.kafka.common
org.apache.kafka.image.loader,org.apache.kafka.common.config
org.apache.kafka.image.loader,org.apache.kafka.common.record.internal
org.apache.kafka.image.loader,org.apache.kafka.common.utils
org.apache.kafka.image.loader,org.apache.kafka.common.utils.internals
org.apache.kafka.image.loader,org.apache.kafka.image
org.apache.kafka.image.loader,org.apache.kafka.image.loader.metrics
org.apache.kafka.image.loader,org.apache.kafka.image.publisher
org.apache.kafka.image.loader,org.apache.kafka.image.writer
org.apache.kafka.image.loader,org.apache.kafka.metadata
org.apache.kafka.image.loader,org.apache.kafka.queue
org.apache.kafka.image.loader,org.apache.kafka.raft
org.apache.kafka.image.loader,org.apache.kafka.server.common
org.apache.kafka.image.loader,org.apache.kafka.server.fault
org.apache.kafka.image.loader,org.apache.kafka.snapshot
org.apache.kafka.image.loader,org.apache.kafka.test
org.apache.kafka.image.loader.metrics,org.apache.kafka.common.utils
org.apache.kafka.image.loader.metrics,org.apache.kafka.controller.metrics
org.apache.kafka.image.loader.metrics,org.apache.kafka.image
org.apache.kafka.image.loader.metrics,org.apache.kafka.server.common
org.apache.kafka.image.loader.metrics,org.apache.kafka.server.metrics
org.apache.kafka.image.node,org.apache.kafka.clients.admin
org.apache.kafka.image.node,org.apache.kafka.common
org.apache.kafka.image.node,org.apache.kafka.common.config
org.apache.kafka.image.node,org.apache.kafka.common.quota
org.apache.kafka.image.node,org.apache.kafka.common.security.token.delegation
org.apache.kafka.image.node,org.apache.kafka.image
org.apache.kafka.image.node,org.apache.kafka.image.node.printer
org.apache.kafka.image.node,org.apache.kafka.metadata
org.apache.kafka.image.node,org.apache.kafka.metadata.authorizer
org.apache.kafka.image.node,org.apache.kafka.server.common
org.apache.kafka.image.node,org.apache.kafka.server.util
org.apache.kafka.image.node.printer,org.apache.kafka.common.config
org.apache.kafka.image.node.printer,org.apache.kafka.metadata
org.apache.kafka.image.publisher,org.apache.kafka.common
org.apache.kafka.image.publisher,org.apache.kafka.common.network
org.apache.kafka.image.publisher,org.apache.kafka.common.utils
org.apache.kafka.image.publisher,org.apache.kafka.common.utils.internals
org.apache.kafka.image.publisher,org.apache.kafka.image
org.apache.kafka.image.publisher,org.apache.kafka.image.loader
org.apache.kafka.image.publisher,org.apache.kafka.image.publisher.metrics
org.apache.kafka.image.publisher,org.apache.kafka.image.writer
org.apache.kafka.image.publisher,org.apache.kafka.metadata
org.apache.kafka.image.publisher,org.apache.kafka.queue
org.apache.kafka.image.publisher,org.apache.kafka.raft
org.apache.kafka.image.publisher,org.apache.kafka.server.common
org.apache.kafka.image.publisher,org.apache.kafka.server.fault
org.apache.kafka.image.publisher,org.apache.kafka.snapshot
org.apache.kafka.image.publisher,org.apache.kafka.test
org.apache.kafka.image.publisher.metrics,org.apache.kafka.common.utils
org.apache.kafka.image.publisher.metrics,org.apache.kafka.controller.metrics
org.apache.kafka.image.publisher.metrics,org.apache.kafka.server.metrics
org.apache.kafka.image.writer,org.apache.kafka.common
org.apache.kafka.image.writer,org.apache.kafka.common.config
org.apache.kafka.image.writer,org.apache.kafka.common.protocol
org.apache.kafka.image.writer,org.apache.kafka.image
org.apache.kafka.image.writer,org.apache.kafka.server.common
org.apache.kafka.image.writer,org.apache.kafka.snapshot
org.apache.kafka.jmh.acl,org.apache.kafka.common
org.apache.kafka.jmh.acl,org.apache.kafka.common.acl
org.apache.kafka.jmh.acl,org.apache.kafka.common.network
org.apache.kafka.jmh.acl,org.apache.kafka.common.protocol
org.apache.kafka.jmh.acl,org.apache.kafka.common.requests
org.apache.kafka.jmh.acl,org.apache.kafka.common.resource
org.apache.kafka.jmh.acl,org.apache.kafka.common.security.auth
org.apache.kafka.jmh.acl,org.apache.kafka.metadata.authorizer
org.apache.kafka.jmh.acl,org.apache.kafka.server.authorizer
org.apache.kafka.jmh.assignor,org.apache.kafka.clients.consumer
org.apache.kafka.jmh.assignor,org.apache.kafka.common
org.apache.kafka.jmh.assignor,org.apache.kafka.common.utils
org.apache.kafka.jmh.assignor,org.apache.kafka.common.utils.internals
org.apache.kafka.jmh.assignor,org.apache.kafka.coordinator.common.runtime
org.apache.kafka.jmh.assignor,org.apache.kafka.coordinator.group
org.apache.kafka.jmh.assignor,org.apache.kafka.coordinator.group.api.assignor
org.apache.kafka.jmh.assignor,org.apache.kafka.coordinator.group.api.streams.assignor
org.apache.kafka.jmh.assignor,org.apache.kafka.coordinator.group.assignor
org.apache.kafka.jmh.assignor,org.apache.kafka.coordinator.group.modern
org.apache.kafka.jmh.assignor,org.apache.kafka.coordinator.group.modern.consumer
org.apache.kafka.jmh.assignor,org.apache.kafka.coordinator.group.modern.share
org.apache.kafka.jmh.assignor,org.apache.kafka.coordinator.group.streams
org.apache.kafka.jmh.assignor,org.apache.kafka.coordinator.group.streams.assignor
org.apache.kafka.jmh.assignor,org.apache.kafka.coordinator.group.streams.topics
org.apache.kafka.jmh.assignor,org.apache.kafka.coordinator.group.util
org.apache.kafka.jmh.assignor,org.apache.kafka.image
org.apache.kafka.jmh.cache,org.apache.kafka.common.cache
org.apache.kafka.jmh.clients,org.apache.kafka.common.utils
org.apache.kafka.jmh.common,org.apache.kafka.common
org.apache.kafka.jmh.common,org.apache.kafka.common.compress
org.apache.kafka.jmh.common,org.apache.kafka.common.internals
org.apache.kafka.jmh.common,org.apache.kafka.common.network
org.apache.kafka.jmh.common,org.apache.kafka.common.protocol
org.apache.kafka.jmh.common,org.apache.kafka.common.record.internal
org.apache.kafka.jmh.common,org.apache.kafka.common.requests
org.apache.kafka.jmh.common,org.apache.kafka.common.utils.internals
org.apache.kafka.jmh.common,org.apache.kafka.network
org.apache.kafka.jmh.connect,org.apache.kafka.connect.data
org.apache.kafka.jmh.connect,org.apache.kafka.connect.json
org.apache.kafka.jmh.connect,org.apache.kafka.connect.source
org.apache.kafka.jmh.connect,org.apache.kafka.connect.transforms
org.apache.kafka.jmh.consumer,org.apache.kafka.clients
org.apache.kafka.jmh.consumer,org.apache.kafka.clients.consumer.internals
org.apache.kafka.jmh.consumer,org.apache.kafka.common
org.apache.kafka.jmh.consumer,org.apache.kafka.common.utils.internals
org.apache.kafka.jmh.coordinator,org.apache.kafka.common
org.apache.kafka.jmh.coordinator,org.apache.kafka.common.compress
org.apache.kafka.jmh.coordinator,org.apache.kafka.common.internals
org.apache.kafka.jmh.coordinator,org.apache.kafka.common.metrics
org.apache.kafka.jmh.coordinator,org.apache.kafka.common.record.internal
org.apache.kafka.jmh.coordinator,org.apache.kafka.common.utils
org.apache.kafka.jmh.coordinator,org.apache.kafka.common.utils.internals
org.apache.kafka.jmh.coordinator,org.apache.kafka.coordinator.common.runtime
org.apache.kafka.jmh.coordinator,org.apache.kafka.coordinator.group
org.apache.kafka.jmh.coordinator,org.apache.kafka.coordinator.group.metrics
org.apache.kafka.jmh.coordinator,org.apache.kafka.coordinator.group.modern.consumer
org.apache.kafka.jmh.coordinator,org.apache.kafka.coordinator.group.modern.share
org.apache.kafka.jmh.coordinator,org.apache.kafka.image
org.apache.kafka.jmh.coordinator,org.apache.kafka.server.storage.log
org.apache.kafka.jmh.coordinator,org.apache.kafka.server.util
org.apache.kafka.jmh.coordinator,org.apache.kafka.storage.internals.epoch
org.apache.kafka.jmh.coordinator,org.apache.kafka.storage.internals.log
org.apache.kafka.jmh.coordinator,org.apache.kafka.storage.log.metrics
org.apache.kafka.jmh.coordinator,org.apache.kafka.timeline
org.apache.kafka.jmh.core,org.apache.kafka.server.purgatory
org.apache.kafka.jmh.core,org.apache.kafka.server.util
org.apache.kafka.jmh.fetcher,kafka.server.builders
org.apache.kafka.jmh.fetcher,org.apache.kafka.clients
org.apache.kafka.jmh.fetcher,org.apache.kafka.common
org.apache.kafka.jmh.fetcher,org.apache.kafka.common.metrics
org.apache.kafka.jmh.fetcher,org.apache.kafka.common.protocol
org.apache.kafka.jmh.fetcher,org.apache.kafka.common.record.internal
org.apache.kafka.jmh.fetcher,org.apache.kafka.common.requests
org.apache.kafka.jmh.fetcher,org.apache.kafka.common.utils
org.apache.kafka.jmh.fetcher,org.apache.kafka.common.utils.internals
org.apache.kafka.jmh.fetcher,org.apache.kafka.jmh.util
org.apache.kafka.jmh.fetcher,org.apache.kafka.metadata
org.apache.kafka.jmh.fetcher,org.apache.kafka.server.common
org.apache.kafka.jmh.fetcher,org.apache.kafka.server.config
org.apache.kafka.jmh.fetcher,org.apache.kafka.server.network
org.apache.kafka.jmh.fetcher,org.apache.kafka.server.partition
org.apache.kafka.jmh.fetcher,org.apache.kafka.server.quota
org.apache.kafka.jmh.fetcher,org.apache.kafka.server.util
org.apache.kafka.jmh.fetcher,org.apache.kafka.storage.internals.checkpoint
org.apache.kafka.jmh.fetcher,org.apache.kafka.storage.internals.log
org.apache.kafka.jmh.fetcher,org.apache.kafka.storage.log.metrics
org.apache.kafka.jmh.fetchsession,org.apache.kafka.clients
org.apache.kafka.jmh.fetchsession,org.apache.kafka.common
org.apache.kafka.jmh.fetchsession,org.apache.kafka.common.protocol
org.apache.kafka.jmh.fetchsession,org.apache.kafka.common.requests
org.apache.kafka.jmh.fetchsession,org.apache.kafka.common.utils.internals
org.apache.kafka.jmh.log,org.apache.kafka.clients.consumer
org.apache.kafka.jmh.log,org.apache.kafka.common.compress
org.apache.kafka.jmh.log,org.apache.kafka.common.config
org.apache.kafka.jmh.log,org.apache.kafka.common.record.internal
org.apache.kafka.jmh.log,org.apache.kafka.common.utils
org.apache.kafka.jmh.log,org.apache.kafka.common.utils.internals
org.apache.kafka.jmh.log,org.apache.kafka.coordinator.transaction
org.apache.kafka.jmh.log,org.apache.kafka.server.common
org.apache.kafka.jmh.log,org.apache.kafka.server.storage.log
org.apache.kafka.jmh.log,org.apache.kafka.server.util
org.apache.kafka.jmh.log,org.apache.kafka.storage.internals.log
org.apache.kafka.jmh.log,org.apache.kafka.storage.log.metrics
org.apache.kafka.jmh.log,org.apache.kafka.test
org.apache.kafka.jmh.metadata,kafka.server.builders
org.apache.kafka.jmh.metadata,kafka.server.share
org.apache.kafka.jmh.metadata,org.apache.kafka.common
org.apache.kafka.jmh.metadata,org.apache.kafka.common.memory
org.apache.kafka.jmh.metadata,org.apache.kafka.common.metrics
org.apache.kafka.jmh.metadata,org.apache.kafka.common.network
org.apache.kafka.jmh.metadata,org.apache.kafka.common.quota
org.apache.kafka.jmh.metadata,org.apache.kafka.common.requests
org.apache.kafka.jmh.metadata,org.apache.kafka.common.security.auth
org.apache.kafka.jmh.metadata,org.apache.kafka.common.utils
org.apache.kafka.jmh.metadata,org.apache.kafka.coordinator.group
org.apache.kafka.jmh.metadata,org.apache.kafka.coordinator.share
org.apache.kafka.jmh.metadata,org.apache.kafka.image
org.apache.kafka.jmh.metadata,org.apache.kafka.metadata
org.apache.kafka.jmh.metadata,org.apache.kafka.network
org.apache.kafka.jmh.metadata,org.apache.kafka.network.metrics
org.apache.kafka.jmh.metadata,org.apache.kafka.raft
org.apache.kafka.jmh.metadata,org.apache.kafka.server
org.apache.kafka.jmh.metadata,org.apache.kafka.server.common
org.apache.kafka.jmh.metadata,org.apache.kafka.server.config
org.apache.kafka.jmh.metadata,org.apache.kafka.server.quota
org.apache.kafka.jmh.metadata,org.apache.kafka.storage.log.metrics
org.apache.kafka.jmh.metrics,org.apache.kafka.coordinator.common.runtime
org.apache.kafka.jmh.metrics,org.apache.kafka.server.metrics
org.apache.kafka.jmh.partition,org.apache.kafka.common
org.apache.kafka.jmh.partition,org.apache.kafka.common.compress
org.apache.kafka.jmh.partition,org.apache.kafka.common.record.internal
org.apache.kafka.jmh.partition,org.apache.kafka.common.utils
org.apache.kafka.jmh.partition,org.apache.kafka.metadata
org.apache.kafka.jmh.partition,org.apache.kafka.server.config
org.apache.kafka.jmh.partition,org.apache.kafka.server.partition
org.apache.kafka.jmh.partition,org.apache.kafka.server.replica
org.apache.kafka.jmh.partition,org.apache.kafka.server.util
org.apache.kafka.jmh.partition,org.apache.kafka.storage.internals.checkpoint
org.apache.kafka.jmh.partition,org.apache.kafka.storage.internals.log
org.apache.kafka.jmh.partition,org.apache.kafka.storage.log.metrics
org.apache.kafka.jmh.producer,org.apache.kafka.clients
org.apache.kafka.jmh.producer,org.apache.kafka.clients.producer
org.apache.kafka.jmh.producer,org.apache.kafka.clients.producer.internals
org.apache.kafka.jmh.producer,org.apache.kafka.common
org.apache.kafka.jmh.producer,org.apache.kafka.common.compress
org.apache.kafka.jmh.producer,org.apache.kafka.common.internals
org.apache.kafka.jmh.producer,org.apache.kafka.common.metrics
org.apache.kafka.jmh.producer,org.apache.kafka.common.protocol
org.apache.kafka.jmh.producer,org.apache.kafka.common.record.internal
org.apache.kafka.jmh.producer,org.apache.kafka.common.requests
org.apache.kafka.jmh.producer,org.apache.kafka.common.utils
org.apache.kafka.jmh.producer,org.apache.kafka.common.utils.internals
org.apache.kafka.jmh.record,org.apache.kafka.common
org.apache.kafka.jmh.record,org.apache.kafka.common.compress
org.apache.kafka.jmh.record,org.apache.kafka.common.header
org.apache.kafka.jmh.record,org.apache.kafka.common.record
org.apache.kafka.jmh.record,org.apache.kafka.common.record.internal
org.apache.kafka.jmh.record,org.apache.kafka.common.utils
org.apache.kafka.jmh.record,org.apache.kafka.common.utils.internals
org.apache.kafka.jmh.record,org.apache.kafka.server.common
org.apache.kafka.jmh.record,org.apache.kafka.storage.internals.log
org.apache.kafka.jmh.record,org.apache.kafka.storage.log.metrics
org.apache.kafka.jmh.server,kafka.server.builders
org.apache.kafka.jmh.server,org.apache.kafka.common
org.apache.kafka.jmh.server,org.apache.kafka.common.metrics
org.apache.kafka.jmh.server,org.apache.kafka.common.utils
org.apache.kafka.jmh.server,org.apache.kafka.jmh.util
org.apache.kafka.jmh.server,org.apache.kafka.metadata
org.apache.kafka.jmh.server,org.apache.kafka.server.config
org.apache.kafka.jmh.server,org.apache.kafka.server.partition
org.apache.kafka.jmh.server,org.apache.kafka.server.quota
org.apache.kafka.jmh.server,org.apache.kafka.server.util
org.apache.kafka.jmh.server,org.apache.kafka.storage.internals.checkpoint
org.apache.kafka.jmh.server,org.apache.kafka.storage.internals.log
org.apache.kafka.jmh.server,org.apache.kafka.storage.log.metrics
org.apache.kafka.jmh.storage,org.apache.kafka.common
org.apache.kafka.jmh.storage,org.apache.kafka.common.utils
org.apache.kafka.jmh.storage,org.apache.kafka.storage.internals.log
org.apache.kafka.jmh.streams,org.apache.kafka.common.errors
org.apache.kafka.jmh.streams,org.apache.kafka.common.header
org.apache.kafka.jmh.streams,org.apache.kafka.common.serialization
org.apache.kafka.jmh.streams,org.apache.kafka.common.utils.internals
org.apache.kafka.jmh.streams,org.apache.kafka.streams.state
org.apache.kafka.jmh.streams,org.apache.kafka.streams.state.internals
org.apache.kafka.jmh.timeline,org.apache.kafka.common.utils.internals
org.apache.kafka.jmh.timeline,org.apache.kafka.timeline
org.apache.kafka.jmh.util,org.apache.kafka.common.utils.internals
org.apache.kafka.jmh.util,org.apache.kafka.coordinator.group
org.apache.kafka.jmh.util,org.apache.kafka.network
org.apache.kafka.jmh.util,org.apache.kafka.raft
org.apache.kafka.jmh.util,org.apache.kafka.server.config
org.apache.kafka.jmh.util,org.apache.kafka.storage.internals.log
org.apache.kafka.jmh.util,org.apache.kafka.test
org.apache.kafka.maven,org.apache.kafka.apicheck
org.apache.kafka.message.checker,org.apache.kafka.message
org.apache.kafka.metadata,org.apache.kafka.clients.admin
org.apache.kafka.metadata,org.apache.kafka.common
org.apache.kafka.metadata,org.apache.kafka.common.config
org.apache.kafka.metadata,org.apache.kafka.common.config.types
org.apache.kafka.metadata,org.apache.kafka.common.errors
org.apache.kafka.metadata,org.apache.kafka.common.internals
org.apache.kafka.metadata,org.apache.kafka.common.network
org.apache.kafka.metadata,org.apache.kafka.common.protocol
org.apache.kafka.metadata,org.apache.kafka.common.record.internal
org.apache.kafka.metadata,org.apache.kafka.common.requests
org.apache.kafka.metadata,org.apache.kafka.common.security.auth
org.apache.kafka.metadata,org.apache.kafka.common.security.scram
org.apache.kafka.metadata,org.apache.kafka.common.security.token.delegation
org.apache.kafka.metadata,org.apache.kafka.common.utils.internals
org.apache.kafka.metadata,org.apache.kafka.image
org.apache.kafka.metadata,org.apache.kafka.image.loader
org.apache.kafka.metadata,org.apache.kafka.image.publisher
org.apache.kafka.metadata,org.apache.kafka.image.writer
org.apache.kafka.metadata,org.apache.kafka.raft
org.apache.kafka.metadata,org.apache.kafka.server.common
org.apache.kafka.metadata,org.apache.kafka.server.common.serialization
org.apache.kafka.metadata,org.apache.kafka.server.config
org.apache.kafka.metadata,org.apache.kafka.server.fault
org.apache.kafka.metadata,org.apache.kafka.server.util
org.apache.kafka.metadata.authorizer,org.apache.kafka.common
org.apache.kafka.metadata.authorizer,org.apache.kafka.common.acl
org.apache.kafka.metadata.authorizer,org.apache.kafka.common.errors
org.apache.kafka.metadata.authorizer,org.apache.kafka.common.internals
org.apache.kafka.metadata.authorizer,org.apache.kafka.common.metrics
org.apache.kafka.metadata.authorizer,org.apache.kafka.common.metrics.internals
org.apache.kafka.metadata.authorizer,org.apache.kafka.common.metrics.stats
org.apache.kafka.metadata.authorizer,org.apache.kafka.common.protocol
org.apache.kafka.metadata.authorizer,org.apache.kafka.common.requests
org.apache.kafka.metadata.authorizer,org.apache.kafka.common.resource
org.apache.kafka.metadata.authorizer,org.apache.kafka.common.security.auth
org.apache.kafka.metadata.authorizer,org.apache.kafka.common.utils.internals
org.apache.kafka.metadata.authorizer,org.apache.kafka.controller
org.apache.kafka.metadata.authorizer,org.apache.kafka.server.authorizer
org.apache.kafka.metadata.authorizer,org.apache.kafka.server.authorizer.internals
org.apache.kafka.metadata.authorizer,org.apache.kafka.server.common
org.apache.kafka.metadata.authorizer,org.apache.kafka.server.immutable
org.apache.kafka.metadata.bootstrap,org.apache.kafka.common.protocol
org.apache.kafka.metadata.bootstrap,org.apache.kafka.common.utils
org.apache.kafka.metadata.bootstrap,org.apache.kafka.metadata.util
org.apache.kafka.metadata.bootstrap,org.apache.kafka.server.common
org.apache.kafka.metadata.bootstrap,org.apache.kafka.test
org.apache.kafka.metadata.placement,org.apache.kafka.common
org.apache.kafka.metadata.placement,org.apache.kafka.common.annotation
org.apache.kafka.metadata.placement,org.apache.kafka.common.errors
org.apache.kafka.metadata.placement,org.apache.kafka.metadata
org.apache.kafka.metadata.placement,org.apache.kafka.server.util
org.apache.kafka.metadata.properties,org.apache.kafka.common
org.apache.kafka.metadata.properties,org.apache.kafka.common.utils
org.apache.kafka.metadata.properties,org.apache.kafka.test
org.apache.kafka.metadata.publisher,org.apache.kafka.common
org.apache.kafka.metadata.publisher,org.apache.kafka.common.internals
org.apache.kafka.metadata.publisher,org.apache.kafka.common.utils.internals
org.apache.kafka.metadata.publisher,org.apache.kafka.image
org.apache.kafka.metadata.publisher,org.apache.kafka.image.loader
org.apache.kafka.metadata.publisher,org.apache.kafka.image.publisher
org.apache.kafka.metadata.publisher,org.apache.kafka.metadata
org.apache.kafka.metadata.publisher,org.apache.kafka.metadata.authorizer
org.apache.kafka.metadata.publisher,org.apache.kafka.security
org.apache.kafka.metadata.publisher,org.apache.kafka.server.authorizer
org.apache.kafka.metadata.publisher,org.apache.kafka.server.common
org.apache.kafka.metadata.publisher,org.apache.kafka.server.fault
org.apache.kafka.metadata.publisher,org.apache.kafka.server.quota
org.apache.kafka.metadata.storage,org.apache.kafka.common
org.apache.kafka.metadata.storage,org.apache.kafka.common.security.scram.internals
org.apache.kafka.metadata.storage,org.apache.kafka.common.utils
org.apache.kafka.metadata.storage,org.apache.kafka.metadata
org.apache.kafka.metadata.storage,org.apache.kafka.metadata.bootstrap
org.apache.kafka.metadata.storage,org.apache.kafka.metadata.properties
org.apache.kafka.metadata.storage,org.apache.kafka.raft
org.apache.kafka.metadata.storage,org.apache.kafka.server.common
org.apache.kafka.metadata.storage,org.apache.kafka.snapshot
org.apache.kafka.metadata.storage,org.apache.kafka.test
org.apache.kafka.metadata.util,org.apache.kafka.common
org.apache.kafka.metadata.util,org.apache.kafka.common.compress
org.apache.kafka.metadata.util,org.apache.kafka.common.config
org.apache.kafka.metadata.util,org.apache.kafka.common.protocol
org.apache.kafka.metadata.util,org.apache.kafka.common.record.internal
org.apache.kafka.metadata.util,org.apache.kafka.common.utils
org.apache.kafka.metadata.util,org.apache.kafka.common.utils.internals
org.apache.kafka.metadata.util,org.apache.kafka.metadata
org.apache.kafka.metadata.util,org.apache.kafka.queue
org.apache.kafka.metadata.util,org.apache.kafka.raft
org.apache.kafka.metadata.util,org.apache.kafka.raft.internals
org.apache.kafka.metadata.util,org.apache.kafka.server.common
org.apache.kafka.metadata.util,org.apache.kafka.test
org.apache.kafka.network,org.apache.kafka.common
org.apache.kafka.network,org.apache.kafka.common.config
org.apache.kafka.network,org.apache.kafka.common.config.types
org.apache.kafka.network,org.apache.kafka.common.errors
org.apache.kafka.network,org.apache.kafka.common.memory
org.apache.kafka.network,org.apache.kafka.common.network
org.apache.kafka.network,org.apache.kafka.common.protocol
org.apache.kafka.network,org.apache.kafka.common.requests
org.apache.kafka.network,org.apache.kafka.common.security.auth
org.apache.kafka.network,org.apache.kafka.common.utils
org.apache.kafka.network,org.apache.kafka.common.utils.internals
org.apache.kafka.network,org.apache.kafka.metadata
org.apache.kafka.network,org.apache.kafka.network.metrics
org.apache.kafka.network,org.apache.kafka.server
org.apache.kafka.network,org.apache.kafka.server.common
org.apache.kafka.network,org.apache.kafka.server.config
org.apache.kafka.network.metrics,org.apache.kafka.common.network
org.apache.kafka.network.metrics,org.apache.kafka.common.protocol
org.apache.kafka.network.metrics,org.apache.kafka.server.metrics
org.apache.kafka.queue,org.apache.kafka.common.errors
org.apache.kafka.queue,org.apache.kafka.common.utils
org.apache.kafka.queue,org.apache.kafka.common.utils.internals
org.apache.kafka.queue,org.apache.kafka.test
org.apache.kafka.raft,org.apache.kafka.clients
org.apache.kafka.raft,org.apache.kafka.common
org.apache.kafka.raft,org.apache.kafka.common.compress
org.apache.kafka.raft,org.apache.kafka.common.config
org.apache.kafka.raft,org.apache.kafka.common.errors
org.apache.kafka.raft,org.apache.kafka.common.feature
org.apache.kafka.raft,org.apache.kafka.common.memory
org.apache.kafka.raft,org.apache.kafka.common.metrics
org.apache.kafka.raft,org.apache.kafka.common.network
org.apache.kafka.raft,org.apache.kafka.common.protocol
org.apache.kafka.raft,org.apache.kafka.common.protocol.types
org.apache.kafka.raft,org.apache.kafka.common.record
org.apache.kafka.raft,org.apache.kafka.common.record.internal
org.apache.kafka.raft,org.apache.kafka.common.requests
org.apache.kafka.raft,org.apache.kafka.common.security.auth
org.apache.kafka.raft,org.apache.kafka.common.utils
org.apache.kafka.raft,org.apache.kafka.common.utils.annotation
org.apache.kafka.raft,org.apache.kafka.common.utils.internals
org.apache.kafka.raft,org.apache.kafka.raft.errors
org.apache.kafka.raft,org.apache.kafka.raft.internals
org.apache.kafka.raft,org.apache.kafka.server.common
org.apache.kafka.raft,org.apache.kafka.server.common.serialization
org.apache.kafka.raft,org.apache.kafka.server.config
org.apache.kafka.raft,org.apache.kafka.server.fault
org.apache.kafka.raft,org.apache.kafka.server.util
org.apache.kafka.raft,org.apache.kafka.server.util.timer
org.apache.kafka.raft,org.apache.kafka.snapshot
org.apache.kafka.raft,org.apache.kafka.test
org.apache.kafka.raft.errors,org.apache.kafka.common
org.apache.kafka.raft.internals,org.apache.kafka.common
org.apache.kafka.raft.internals,org.apache.kafka.common.compress
org.apache.kafka.raft.internals,org.apache.kafka.common.config
org.apache.kafka.raft.internals,org.apache.kafka.common.errors
org.apache.kafka.raft.internals,org.apache.kafka.common.feature
org.apache.kafka.raft.internals,org.apache.kafka.common.internals
org.apache.kafka.raft.internals,org.apache.kafka.common.memory
org.apache.kafka.raft.internals,org.apache.kafka.common.metrics
org.apache.kafka.raft.internals,org.apache.kafka.common.metrics.stats
org.apache.kafka.raft.internals,org.apache.kafka.common.network
org.apache.kafka.raft.internals,org.apache.kafka.common.protocol
org.apache.kafka.raft.internals,org.apache.kafka.common.record
org.apache.kafka.raft.internals,org.apache.kafka.common.record.internal
org.apache.kafka.raft.internals,org.apache.kafka.common.requests
org.apache.kafka.raft.internals,org.apache.kafka.common.utils
org.apache.kafka.raft.internals,org.apache.kafka.common.utils.internals
org.apache.kafka.raft.internals,org.apache.kafka.raft
org.apache.kafka.raft.internals,org.apache.kafka.raft.errors
org.apache.kafka.raft.internals,org.apache.kafka.server.common
org.apache.kafka.raft.internals,org.apache.kafka.server.common.serialization
org.apache.kafka.raft.internals,org.apache.kafka.server.config
org.apache.kafka.raft.internals,org.apache.kafka.server.metrics
org.apache.kafka.raft.internals,org.apache.kafka.server.storage.log
org.apache.kafka.raft.internals,org.apache.kafka.server.util
org.apache.kafka.raft.internals,org.apache.kafka.snapshot
org.apache.kafka.raft.internals,org.apache.kafka.storage.internals.log
org.apache.kafka.raft.internals,org.apache.kafka.storage.log.metrics
org.apache.kafka.raft.internals,org.apache.kafka.test
org.apache.kafka.security,org.apache.kafka.clients
org.apache.kafka.security,org.apache.kafka.clients.admin
org.apache.kafka.security,org.apache.kafka.common.config
org.apache.kafka.security,org.apache.kafka.common.network
org.apache.kafka.security,org.apache.kafka.common.security.auth
org.apache.kafka.security,org.apache.kafka.common.security.authenticator
org.apache.kafka.security,org.apache.kafka.common.security.scram
org.apache.kafka.security,org.apache.kafka.common.security.scram.internals
org.apache.kafka.security,org.apache.kafka.common.security.token.delegation
org.apache.kafka.security,org.apache.kafka.common.security.token.delegation.internals
org.apache.kafka.security,org.apache.kafka.common.utils.internals
org.apache.kafka.security,org.apache.kafka.server.config
org.apache.kafka.security,org.apache.kafka.test
org.apache.kafka.security.authorizer,org.apache.kafka.common
org.apache.kafka.security.authorizer,org.apache.kafka.common.acl
org.apache.kafka.security.authorizer,org.apache.kafka.common.errors
org.apache.kafka.security.authorizer,org.apache.kafka.common.internals
org.apache.kafka.security.authorizer,org.apache.kafka.common.metrics
org.apache.kafka.security.authorizer,org.apache.kafka.common.metrics.internals
org.apache.kafka.security.authorizer,org.apache.kafka.common.network
org.apache.kafka.security.authorizer,org.apache.kafka.common.protocol
org.apache.kafka.security.authorizer,org.apache.kafka.common.requests
org.apache.kafka.security.authorizer,org.apache.kafka.common.resource
org.apache.kafka.security.authorizer,org.apache.kafka.common.security.auth
org.apache.kafka.security.authorizer,org.apache.kafka.common.utils
org.apache.kafka.security.authorizer,org.apache.kafka.common.utils.internals
org.apache.kafka.security.authorizer,org.apache.kafka.controller
org.apache.kafka.security.authorizer,org.apache.kafka.metadata.authorizer
org.apache.kafka.security.authorizer,org.apache.kafka.raft
org.apache.kafka.security.authorizer,org.apache.kafka.server
org.apache.kafka.security.authorizer,org.apache.kafka.server.authorizer
org.apache.kafka.security.authorizer,org.apache.kafka.server.config
org.apache.kafka.security.authorizer,org.apache.kafka.server.util
org.apache.kafka.security.authorizer,org.apache.kafka.test
org.apache.kafka.security.minikdc,org.apache.kafka.common.utils
org.apache.kafka.security.minikdc,org.apache.kafka.common.utils.internals
org.apache.kafka.security.minikdc,org.apache.kafka.test
org.apache.kafka.server,org.apache.kafka.clients
org.apache.kafka.server,org.apache.kafka.clients.admin
org.apache.kafka.server,org.apache.kafka.clients.consumer
org.apache.kafka.server,org.apache.kafka.clients.producer
org.apache.kafka.server,org.apache.kafka.common
org.apache.kafka.server,org.apache.kafka.common.acl
org.apache.kafka.server,org.apache.kafka.common.cache
org.apache.kafka.server,org.apache.kafka.common.compress
org.apache.kafka.server,org.apache.kafka.common.config
org.apache.kafka.server,org.apache.kafka.common.errors
org.apache.kafka.server,org.apache.kafka.common.feature
org.apache.kafka.server,org.apache.kafka.common.internals
org.apache.kafka.server,org.apache.kafka.common.memory
org.apache.kafka.server,org.apache.kafka.common.metrics
org.apache.kafka.server,org.apache.kafka.common.metrics.stats
org.apache.kafka.server,org.apache.kafka.common.network
org.apache.kafka.server,org.apache.kafka.common.protocol
org.apache.kafka.server,org.apache.kafka.common.record.internal
org.apache.kafka.server,org.apache.kafka.common.replica
org.apache.kafka.server,org.apache.kafka.common.requests
org.apache.kafka.server,org.apache.kafka.common.resource
org.apache.kafka.server,org.apache.kafka.common.security
org.apache.kafka.server,org.apache.kafka.common.security.auth
org.apache.kafka.server,org.apache.kafka.common.security.authenticator
org.apache.kafka.server,org.apache.kafka.common.serialization
org.apache.kafka.server,org.apache.kafka.common.test
org.apache.kafka.server,org.apache.kafka.common.test.api
org.apache.kafka.server,org.apache.kafka.common.utils
org.apache.kafka.server,org.apache.kafka.common.utils.internals
org.apache.kafka.server,org.apache.kafka.controller
org.apache.kafka.server,org.apache.kafka.coordinator.group
org.apache.kafka.server,org.apache.kafka.coordinator.share
org.apache.kafka.server,org.apache.kafka.coordinator.transaction
org.apache.kafka.server,org.apache.kafka.image
org.apache.kafka.server,org.apache.kafka.metadata
org.apache.kafka.server,org.apache.kafka.metadata.authorizer
org.apache.kafka.server,org.apache.kafka.metadata.bootstrap
org.apache.kafka.server,org.apache.kafka.network
org.apache.kafka.server,org.apache.kafka.network.metrics
org.apache.kafka.server,org.apache.kafka.queue
org.apache.kafka.server,org.apache.kafka.raft
org.apache.kafka.server,org.apache.kafka.security.authorizer
org.apache.kafka.server,org.apache.kafka.server.authorizer
org.apache.kafka.server,org.apache.kafka.server.common
org.apache.kafka.server,org.apache.kafka.server.config
org.apache.kafka.server,org.apache.kafka.server.log.remote.storage
org.apache.kafka.server,org.apache.kafka.server.metrics
org.apache.kafka.server,org.apache.kafka.server.network
org.apache.kafka.server,org.apache.kafka.server.quota
org.apache.kafka.server,org.apache.kafka.server.util
org.apache.kafka.server,org.apache.kafka.server.util.timer
org.apache.kafka.server,org.apache.kafka.snapshot
org.apache.kafka.server,org.apache.kafka.storage.internals.checkpoint
org.apache.kafka.server,org.apache.kafka.storage.internals.log
org.apache.kafka.server,org.apache.kafka.test
org.apache.kafka.server.authorizer,org.apache.kafka.common
org.apache.kafka.server.authorizer,org.apache.kafka.common.acl
org.apache.kafka.server.authorizer,org.apache.kafka.common.annotation
org.apache.kafka.server.authorizer,org.apache.kafka.common.errors
org.apache.kafka.server.authorizer,org.apache.kafka.common.resource
org.apache.kafka.server.authorizer,org.apache.kafka.common.security.auth
org.apache.kafka.server.authorizer,org.apache.kafka.common.utils.internals
org.apache.kafka.server.authorizer,org.apache.kafka.server.authorizer.internals
org.apache.kafka.server.common,org.apache.kafka.clients
org.apache.kafka.server.common,org.apache.kafka.common
org.apache.kafka.server.common,org.apache.kafka.common.feature
org.apache.kafka.server.common,org.apache.kafka.common.protocol
org.apache.kafka.server.common,org.apache.kafka.common.record.internal
org.apache.kafka.server.common,org.apache.kafka.common.requests
org.apache.kafka.server.common,org.apache.kafka.common.utils
org.apache.kafka.server.common,org.apache.kafka.common.utils.internals
org.apache.kafka.server.common.serialization,org.apache.kafka.common.protocol
org.apache.kafka.server.common.serialization,org.apache.kafka.common.utils.internals
org.apache.kafka.server.common.serialization,org.apache.kafka.server.common
org.apache.kafka.server.config,org.apache.kafka.clients
org.apache.kafka.server.config,org.apache.kafka.clients.admin
org.apache.kafka.server.config,org.apache.kafka.common
org.apache.kafka.server.config,org.apache.kafka.common.config
org.apache.kafka.server.config,org.apache.kafka.common.config.internals
org.apache.kafka.server.config,org.apache.kafka.common.config.provider
org.apache.kafka.server.config,org.apache.kafka.common.config.types
org.apache.kafka.server.config,org.apache.kafka.common.network
org.apache.kafka.server.config,org.apache.kafka.common.record
org.apache.kafka.server.config,org.apache.kafka.common.record.internal
org.apache.kafka.server.config,org.apache.kafka.common.security.auth
org.apache.kafka.server.config,org.apache.kafka.common.security.scram.internals
org.apache.kafka.server.config,org.apache.kafka.common.test
org.apache.kafka.server.config,org.apache.kafka.common.test.api
org.apache.kafka.server.config,org.apache.kafka.common.utils
org.apache.kafka.server.config,org.apache.kafka.coordinator.group
org.apache.kafka.server.config,org.apache.kafka.coordinator.group.api.streams.assignor
org.apache.kafka.server.config,org.apache.kafka.coordinator.group.modern.share
org.apache.kafka.server.config,org.apache.kafka.coordinator.share
org.apache.kafka.server.config,org.apache.kafka.coordinator.transaction
org.apache.kafka.server.config,org.apache.kafka.metadata
org.apache.kafka.server.config,org.apache.kafka.network
org.apache.kafka.server.config,org.apache.kafka.raft
org.apache.kafka.server.config,org.apache.kafka.server
org.apache.kafka.server.config,org.apache.kafka.server.authorizer
org.apache.kafka.server.config,org.apache.kafka.server.log.remote.storage
org.apache.kafka.server.config,org.apache.kafka.server.metrics
org.apache.kafka.server.config,org.apache.kafka.server.record
org.apache.kafka.server.config,org.apache.kafka.server.util
org.apache.kafka.server.config,org.apache.kafka.storage.internals.log
org.apache.kafka.server.config,org.apache.kafka.test
org.apache.kafka.server.controller,org.apache.kafka.clients
org.apache.kafka.server.controller,org.apache.kafka.common
org.apache.kafka.server.controller,org.apache.kafka.common.protocol
org.apache.kafka.server.controller,org.apache.kafka.common.requests
org.apache.kafka.server.controller,org.apache.kafka.common.utils
org.apache.kafka.server.controller,org.apache.kafka.common.utils.internals
org.apache.kafka.server.controller,org.apache.kafka.image
org.apache.kafka.server.controller,org.apache.kafka.image.loader
org.apache.kafka.server.controller,org.apache.kafka.image.publisher
org.apache.kafka.server.controller,org.apache.kafka.metadata
org.apache.kafka.server.controller,org.apache.kafka.queue
org.apache.kafka.server.controller,org.apache.kafka.server.common
org.apache.kafka.server.fault,org.apache.kafka.common.utils.internals
org.apache.kafka.server.immutable,org.apache.kafka.server.immutable.pcollections
org.apache.kafka.server.immutable.pcollections,org.apache.kafka.server.immutable
org.apache.kafka.server.log,org.apache.kafka.clients.consumer
org.apache.kafka.server.log,org.apache.kafka.clients.producer
org.apache.kafka.server.log,org.apache.kafka.common.config
org.apache.kafka.server.log,org.apache.kafka.common.record
org.apache.kafka.server.log,org.apache.kafka.common.test
org.apache.kafka.server.log,org.apache.kafka.common.test.api
org.apache.kafka.server.log,org.apache.kafka.test
org.apache.kafka.server.log.remote,org.apache.kafka.common
org.apache.kafka.server.log.remote,org.apache.kafka.storage.internals.log
org.apache.kafka.server.log.remote.metadata.storage,org.apache.kafka.clients
org.apache.kafka.server.log.remote.metadata.storage,org.apache.kafka.clients.admin
org.apache.kafka.server.log.remote.metadata.storage,org.apache.kafka.clients.consumer
org.apache.kafka.server.log.remote.metadata.storage,org.apache.kafka.clients.consumer.internals
org.apache.kafka.server.log.remote.metadata.storage,org.apache.kafka.clients.producer
org.apache.kafka.server.log.remote.metadata.storage,org.apache.kafka.common
org.apache.kafka.server.log.remote.metadata.storage,org.apache.kafka.common.config
org.apache.kafka.server.log.remote.metadata.storage,org.apache.kafka.common.errors
org.apache.kafka.server.log.remote.metadata.storage,org.apache.kafka.common.serialization
org.apache.kafka.server.log.remote.metadata.storage,org.apache.kafka.common.test
org.apache.kafka.server.log.remote.metadata.storage,org.apache.kafka.common.test.api
org.apache.kafka.server.log.remote.metadata.storage,org.apache.kafka.common.utils
org.apache.kafka.server.log.remote.metadata.storage,org.apache.kafka.common.utils.internals
org.apache.kafka.server.log.remote.metadata.storage,org.apache.kafka.server.common
org.apache.kafka.server.log.remote.metadata.storage,org.apache.kafka.server.log.remote.metadata.storage.serialization
org.apache.kafka.server.log.remote.metadata.storage,org.apache.kafka.server.log.remote.storage
org.apache.kafka.server.log.remote.metadata.storage,org.apache.kafka.storage.internals.log
org.apache.kafka.server.log.remote.metadata.storage,org.apache.kafka.test
org.apache.kafka.server.log.remote.metadata.storage.serialization,org.apache.kafka.clients.consumer
org.apache.kafka.server.log.remote.metadata.storage.serialization,org.apache.kafka.common
org.apache.kafka.server.log.remote.metadata.storage.serialization,org.apache.kafka.common.protocol
org.apache.kafka.server.log.remote.metadata.storage.serialization,org.apache.kafka.server.common
org.apache.kafka.server.log.remote.metadata.storage.serialization,org.apache.kafka.server.common.serialization
org.apache.kafka.server.log.remote.metadata.storage.serialization,org.apache.kafka.server.log.remote.metadata.storage
org.apache.kafka.server.log.remote.metadata.storage.serialization,org.apache.kafka.server.log.remote.storage
org.apache.kafka.server.log.remote.quota,org.apache.kafka.common
org.apache.kafka.server.log.remote.quota,org.apache.kafka.common.metrics
org.apache.kafka.server.log.remote.quota,org.apache.kafka.common.metrics.stats
org.apache.kafka.server.log.remote.quota,org.apache.kafka.common.utils
org.apache.kafka.server.log.remote.quota,org.apache.kafka.server.quota
org.apache.kafka.server.log.remote.storage,org.apache.kafka.common
org.apache.kafka.server.log.remote.storage,org.apache.kafka.common.annotation
org.apache.kafka.server.log.remote.storage,org.apache.kafka.common.compress
org.apache.kafka.server.log.remote.storage,org.apache.kafka.common.config
org.apache.kafka.server.log.remote.storage,org.apache.kafka.common.errors
org.apache.kafka.server.log.remote.storage,org.apache.kafka.common.internals
org.apache.kafka.server.log.remote.storage,org.apache.kafka.common.metrics
org.apache.kafka.server.log.remote.storage,org.apache.kafka.common.metrics.internals
org.apache.kafka.server.log.remote.storage,org.apache.kafka.common.record
org.apache.kafka.server.log.remote.storage,org.apache.kafka.common.record.internal
org.apache.kafka.server.log.remote.storage,org.apache.kafka.common.requests
org.apache.kafka.server.log.remote.storage,org.apache.kafka.common.security.auth
org.apache.kafka.server.log.remote.storage,org.apache.kafka.common.test
org.apache.kafka.server.log.remote.storage,org.apache.kafka.common.test.api
org.apache.kafka.server.log.remote.storage,org.apache.kafka.common.utils
org.apache.kafka.server.log.remote.storage,org.apache.kafka.common.utils.internals
org.apache.kafka.server.log.remote.storage,org.apache.kafka.server.common
org.apache.kafka.server.log.remote.storage,org.apache.kafka.server.log.remote
org.apache.kafka.server.log.remote.storage,org.apache.kafka.server.log.remote.metadata.storage
org.apache.kafka.server.log.remote.storage,org.apache.kafka.server.log.remote.quota
org.apache.kafka.server.log.remote.storage,org.apache.kafka.server.metrics
org.apache.kafka.server.log.remote.storage,org.apache.kafka.server.purgatory
org.apache.kafka.server.log.remote.storage,org.apache.kafka.server.quota
org.apache.kafka.server.log.remote.storage,org.apache.kafka.server.storage.log
org.apache.kafka.server.log.remote.storage,org.apache.kafka.server.util
org.apache.kafka.server.log.remote.storage,org.apache.kafka.storage.internals.checkpoint
org.apache.kafka.server.log.remote.storage,org.apache.kafka.storage.internals.epoch
org.apache.kafka.server.log.remote.storage,org.apache.kafka.storage.internals.log
org.apache.kafka.server.log.remote.storage,org.apache.kafka.storage.log.metrics
org.apache.kafka.server.log.remote.storage,org.apache.kafka.test
org.apache.kafka.server.logger,org.apache.kafka.clients.admin
org.apache.kafka.server.logger,org.apache.kafka.common.config
org.apache.kafka.server.logger,org.apache.kafka.common.errors
org.apache.kafka.server.logger,org.apache.kafka.common.protocol
org.apache.kafka.server.logger,org.apache.kafka.common.utils
org.apache.kafka.server.metrics,org.apache.kafka.clients
org.apache.kafka.server.metrics,org.apache.kafka.common
org.apache.kafka.server.metrics,org.apache.kafka.common.config
org.apache.kafka.server.metrics,org.apache.kafka.common.errors
org.apache.kafka.server.metrics,org.apache.kafka.common.metrics
org.apache.kafka.server.metrics,org.apache.kafka.common.metrics.stats
org.apache.kafka.server.metrics,org.apache.kafka.common.network
org.apache.kafka.server.metrics,org.apache.kafka.common.protocol
org.apache.kafka.server.metrics,org.apache.kafka.common.requests
org.apache.kafka.server.metrics,org.apache.kafka.common.security.auth
org.apache.kafka.server.metrics,org.apache.kafka.common.utils
org.apache.kafka.server.metrics,org.apache.kafka.common.utils.internals
org.apache.kafka.server.metrics,org.apache.kafka.controller
org.apache.kafka.server.metrics,org.apache.kafka.image
org.apache.kafka.server.metrics,org.apache.kafka.metadata
org.apache.kafka.server.metrics,org.apache.kafka.server.authorizer
org.apache.kafka.server.metrics,org.apache.kafka.server.telemetry
org.apache.kafka.server.metrics,org.apache.kafka.server.util.timer
org.apache.kafka.server.metrics,org.apache.kafka.test
org.apache.kafka.server.network,org.apache.kafka.common
org.apache.kafka.server.network,org.apache.kafka.common.internals
org.apache.kafka.server.network,org.apache.kafka.common.security.auth
org.apache.kafka.server.network,org.apache.kafka.common.utils.internals
org.apache.kafka.server.network,org.apache.kafka.server.authorizer
org.apache.kafka.server.partition,org.apache.kafka.clients
org.apache.kafka.server.partition,org.apache.kafka.common
org.apache.kafka.server.partition,org.apache.kafka.common.errors
org.apache.kafka.server.partition,org.apache.kafka.common.metrics
org.apache.kafka.server.partition,org.apache.kafka.common.protocol
org.apache.kafka.server.partition,org.apache.kafka.common.requests
org.apache.kafka.server.partition,org.apache.kafka.common.utils
org.apache.kafka.server.partition,org.apache.kafka.metadata
org.apache.kafka.server.partition,org.apache.kafka.server
org.apache.kafka.server.partition,org.apache.kafka.server.common
org.apache.kafka.server.partition,org.apache.kafka.server.config
org.apache.kafka.server.partition,org.apache.kafka.server.util
org.apache.kafka.server.policy,org.apache.kafka.common
org.apache.kafka.server.policy,org.apache.kafka.common.annotation
org.apache.kafka.server.policy,org.apache.kafka.common.config
org.apache.kafka.server.policy,org.apache.kafka.common.errors
org.apache.kafka.server.purgatory,org.apache.kafka.common
org.apache.kafka.server.purgatory,org.apache.kafka.common.errors
org.apache.kafka.server.purgatory,org.apache.kafka.common.metrics.internals
org.apache.kafka.server.purgatory,org.apache.kafka.common.protocol
org.apache.kafka.server.purgatory,org.apache.kafka.common.record.internal
org.apache.kafka.server.purgatory,org.apache.kafka.common.requests
org.apache.kafka.server.purgatory,org.apache.kafka.common.utils
org.apache.kafka.server.purgatory,org.apache.kafka.common.utils.internals
org.apache.kafka.server.purgatory,org.apache.kafka.server.log.remote
org.apache.kafka.server.purgatory,org.apache.kafka.server.metrics
org.apache.kafka.server.purgatory,org.apache.kafka.server.quota
org.apache.kafka.server.purgatory,org.apache.kafka.server.storage.log
org.apache.kafka.server.purgatory,org.apache.kafka.server.util
org.apache.kafka.server.purgatory,org.apache.kafka.server.util.timer
org.apache.kafka.server.purgatory,org.apache.kafka.storage.internals.log
org.apache.kafka.server.purgatory,org.apache.kafka.test
org.apache.kafka.server.quota,org.apache.kafka.clients.admin
org.apache.kafka.server.quota,org.apache.kafka.common
org.apache.kafka.server.quota,org.apache.kafka.common.annotation
org.apache.kafka.server.quota,org.apache.kafka.common.errors
org.apache.kafka.server.quota,org.apache.kafka.common.internals
org.apache.kafka.server.quota,org.apache.kafka.common.memory
org.apache.kafka.server.quota,org.apache.kafka.common.metrics
org.apache.kafka.server.quota,org.apache.kafka.common.metrics.stats
org.apache.kafka.server.quota,org.apache.kafka.common.network
org.apache.kafka.server.quota,org.apache.kafka.common.protocol
org.apache.kafka.server.quota,org.apache.kafka.common.quota
org.apache.kafka.server.quota,org.apache.kafka.common.requests
org.apache.kafka.server.quota,org.apache.kafka.common.security.auth
org.apache.kafka.server.quota,org.apache.kafka.common.test
org.apache.kafka.server.quota,org.apache.kafka.common.test.api
org.apache.kafka.server.quota,org.apache.kafka.common.utils
org.apache.kafka.server.quota,org.apache.kafka.common.utils.internals
org.apache.kafka.server.quota,org.apache.kafka.metadata.publisher
org.apache.kafka.server.quota,org.apache.kafka.network
org.apache.kafka.server.quota,org.apache.kafka.network.metrics
org.apache.kafka.server.quota,org.apache.kafka.server.config
org.apache.kafka.server.quota,org.apache.kafka.server.util
org.apache.kafka.server.quota,org.apache.kafka.test
org.apache.kafka.server.record,org.apache.kafka.common.compress
org.apache.kafka.server.record,org.apache.kafka.common.record.internal
org.apache.kafka.server.replica,org.apache.kafka.common
org.apache.kafka.server.replica,org.apache.kafka.common.errors
org.apache.kafka.server.replica,org.apache.kafka.metadata
org.apache.kafka.server.replica,org.apache.kafka.server.util
org.apache.kafka.server.replica,org.apache.kafka.storage.internals.log
org.apache.kafka.server.requests,org.apache.kafka.clients.admin
org.apache.kafka.server.requests,org.apache.kafka.common
org.apache.kafka.server.requests,org.apache.kafka.common.compress
org.apache.kafka.server.requests,org.apache.kafka.common.config
org.apache.kafka.server.requests,org.apache.kafka.common.protocol
org.apache.kafka.server.requests,org.apache.kafka.common.record
org.apache.kafka.server.requests,org.apache.kafka.common.record.internal
org.apache.kafka.server.requests,org.apache.kafka.common.requests
org.apache.kafka.server.requests,org.apache.kafka.common.test
org.apache.kafka.server.requests,org.apache.kafka.common.test.api
org.apache.kafka.server.requests,org.apache.kafka.server
org.apache.kafka.server.requests,org.apache.kafka.server.metrics
org.apache.kafka.server.requests,org.apache.kafka.test
org.apache.kafka.server.share,org.apache.kafka.common
org.apache.kafka.server.share,org.apache.kafka.common.protocol
org.apache.kafka.server.share,org.apache.kafka.common.requests
org.apache.kafka.server.share,org.apache.kafka.common.utils.internals
org.apache.kafka.server.share,org.apache.kafka.server.partition
org.apache.kafka.server.share,org.apache.kafka.server.storage.log
org.apache.kafka.server.share,org.apache.kafka.storage.internals.log
org.apache.kafka.server.share.context,org.apache.kafka.common
org.apache.kafka.server.share.context,org.apache.kafka.common.protocol
org.apache.kafka.server.share.context,org.apache.kafka.common.requests
org.apache.kafka.server.share.context,org.apache.kafka.server.share
org.apache.kafka.server.share.context,org.apache.kafka.server.share.session
org.apache.kafka.server.share.dlq,org.apache.kafka.clients
org.apache.kafka.server.share.dlq,org.apache.kafka.common
org.apache.kafka.server.share.dlq,org.apache.kafka.common.compress
org.apache.kafka.server.share.dlq,org.apache.kafka.common.config
org.apache.kafka.server.share.dlq,org.apache.kafka.common.header
org.apache.kafka.server.share.dlq,org.apache.kafka.common.header.internals
org.apache.kafka.server.share.dlq,org.apache.kafka.common.protocol
org.apache.kafka.server.share.dlq,org.apache.kafka.common.record
org.apache.kafka.server.share.dlq,org.apache.kafka.common.record.internal
org.apache.kafka.server.share.dlq,org.apache.kafka.common.requests
org.apache.kafka.server.share.dlq,org.apache.kafka.common.utils
org.apache.kafka.server.share.dlq,org.apache.kafka.common.utils.internals
org.apache.kafka.server.share.dlq,org.apache.kafka.server.config
org.apache.kafka.server.share.dlq,org.apache.kafka.server.share
org.apache.kafka.server.share.dlq,org.apache.kafka.server.share.metrics
org.apache.kafka.server.share.dlq,org.apache.kafka.server.storage.log
org.apache.kafka.server.share.dlq,org.apache.kafka.server.util
org.apache.kafka.server.share.dlq,org.apache.kafka.server.util.timer
org.apache.kafka.server.share.dlq,org.apache.kafka.storage.internals.log
org.apache.kafka.server.share.dlq,org.apache.kafka.test
org.apache.kafka.server.share.fetch,org.apache.kafka.clients.consumer.internals
org.apache.kafka.server.share.fetch,org.apache.kafka.common
org.apache.kafka.server.share.fetch,org.apache.kafka.common.compress
org.apache.kafka.server.share.fetch,org.apache.kafka.common.protocol
org.apache.kafka.server.share.fetch,org.apache.kafka.common.record
org.apache.kafka.server.share.fetch,org.apache.kafka.common.record.internal
org.apache.kafka.server.share.fetch,org.apache.kafka.common.requests
org.apache.kafka.server.share.fetch,org.apache.kafka.common.utils
org.apache.kafka.server.share.fetch,org.apache.kafka.server.purgatory
org.apache.kafka.server.share.fetch,org.apache.kafka.server.share.metrics
org.apache.kafka.server.share.fetch,org.apache.kafka.server.storage.log
org.apache.kafka.server.share.fetch,org.apache.kafka.server.util.timer
org.apache.kafka.server.share.fetch,org.apache.kafka.storage.log.metrics
org.apache.kafka.server.share.fetch,org.apache.kafka.test
org.apache.kafka.server.share.metrics,org.apache.kafka.clients.consumer
org.apache.kafka.server.share.metrics,org.apache.kafka.common.utils
org.apache.kafka.server.share.metrics,org.apache.kafka.server.metrics
org.apache.kafka.server.share.persister,org.apache.kafka.clients
org.apache.kafka.server.share.persister,org.apache.kafka.common
org.apache.kafka.server.share.persister,org.apache.kafka.common.errors
org.apache.kafka.server.share.persister,org.apache.kafka.common.internals
org.apache.kafka.server.share.persister,org.apache.kafka.common.protocol
org.apache.kafka.server.share.persister,org.apache.kafka.common.requests
org.apache.kafka.server.share.persister,org.apache.kafka.common.utils
org.apache.kafka.server.share.persister,org.apache.kafka.common.utils.internals
org.apache.kafka.server.share.persister,org.apache.kafka.server.share
org.apache.kafka.server.share.persister,org.apache.kafka.server.util
org.apache.kafka.server.share.persister,org.apache.kafka.server.util.timer
org.apache.kafka.server.share.persister,org.apache.kafka.test
org.apache.kafka.server.share.session,org.apache.kafka.common
org.apache.kafka.server.share.session,org.apache.kafka.common.requests
org.apache.kafka.server.share.session,org.apache.kafka.common.utils.internals
org.apache.kafka.server.share.session,org.apache.kafka.server.metrics
org.apache.kafka.server.share.session,org.apache.kafka.server.network
org.apache.kafka.server.share.session,org.apache.kafka.server.share
org.apache.kafka.server.share.session,org.apache.kafka.test
org.apache.kafka.server.storage.log,org.apache.kafka.common
org.apache.kafka.server.storage.log,org.apache.kafka.common.protocol
org.apache.kafka.server.storage.log,org.apache.kafka.common.record.internal
org.apache.kafka.server.storage.log,org.apache.kafka.common.replica
org.apache.kafka.server.storage.log,org.apache.kafka.common.requests
org.apache.kafka.server.streams,org.apache.kafka.coordinator.group.api.streams
org.apache.kafka.server.telemetry,org.apache.kafka.common
org.apache.kafka.server.telemetry,org.apache.kafka.common.annotation
org.apache.kafka.server.telemetry,org.apache.kafka.common.metrics
org.apache.kafka.server.telemetry,org.apache.kafka.server.authorizer
org.apache.kafka.server.transaction,org.apache.kafka.clients
org.apache.kafka.server.transaction,org.apache.kafka.common
org.apache.kafka.server.transaction,org.apache.kafka.common.errors
org.apache.kafka.server.transaction,org.apache.kafka.common.internals
org.apache.kafka.server.transaction,org.apache.kafka.common.network
org.apache.kafka.server.transaction,org.apache.kafka.common.protocol
org.apache.kafka.server.transaction,org.apache.kafka.common.requests
org.apache.kafka.server.transaction,org.apache.kafka.common.utils
org.apache.kafka.server.transaction,org.apache.kafka.metadata
org.apache.kafka.server.transaction,org.apache.kafka.raft
org.apache.kafka.server.transaction,org.apache.kafka.server.config
org.apache.kafka.server.transaction,org.apache.kafka.server.metrics
org.apache.kafka.server.transaction,org.apache.kafka.server.util
org.apache.kafka.server.util,org.apache.kafka.clients
org.apache.kafka.server.util,org.apache.kafka.clients.admin
org.apache.kafka.server.util,org.apache.kafka.common
org.apache.kafka.server.util,org.apache.kafka.common.acl
org.apache.kafka.server.util,org.apache.kafka.common.errors
org.apache.kafka.server.util,org.apache.kafka.common.internals
org.apache.kafka.server.util,org.apache.kafka.common.network
org.apache.kafka.server.util,org.apache.kafka.common.protocol
org.apache.kafka.server.util,org.apache.kafka.common.requests
org.apache.kafka.server.util,org.apache.kafka.common.resource
org.apache.kafka.server.util,org.apache.kafka.common.security.auth
org.apache.kafka.server.util,org.apache.kafka.common.utils
org.apache.kafka.server.util,org.apache.kafka.common.utils.internals
org.apache.kafka.server.util,org.apache.kafka.coordinator.transaction
org.apache.kafka.server.util,org.apache.kafka.metadata
org.apache.kafka.server.util,org.apache.kafka.server.authorizer
org.apache.kafka.server.util,org.apache.kafka.server.common
org.apache.kafka.server.util,org.apache.kafka.server.metrics
org.apache.kafka.server.util,org.apache.kafka.server.partition
org.apache.kafka.server.util,org.apache.kafka.server.util.json
org.apache.kafka.server.util,org.apache.kafka.server.util.timer
org.apache.kafka.server.util,org.apache.kafka.storage.internals.epoch
org.apache.kafka.server.util,org.apache.kafka.storage.internals.log
org.apache.kafka.server.util,org.apache.kafka.storage.log.metrics
org.apache.kafka.server.util,org.apache.kafka.test
org.apache.kafka.server.util.timer,org.apache.kafka.common.errors
org.apache.kafka.server.util.timer,org.apache.kafka.common.utils
org.apache.kafka.server.util.timer,org.apache.kafka.common.utils.internals
org.apache.kafka.server.util.timer,org.apache.kafka.server.util
org.apache.kafka.server.util.timer,org.apache.kafka.test
org.apache.kafka.shell,org.apache.kafka.common.utils
org.apache.kafka.shell,org.apache.kafka.common.utils.internals
org.apache.kafka.shell,org.apache.kafka.image.loader
org.apache.kafka.shell,org.apache.kafka.metadata
org.apache.kafka.shell,org.apache.kafka.metadata.util
org.apache.kafka.shell,org.apache.kafka.server.config
org.apache.kafka.shell,org.apache.kafka.server.fault
org.apache.kafka.shell,org.apache.kafka.server.util
org.apache.kafka.shell,org.apache.kafka.shell.command
org.apache.kafka.shell,org.apache.kafka.shell.state
org.apache.kafka.shell.command,org.apache.kafka.common.utils.internals
org.apache.kafka.shell.command,org.apache.kafka.image.node
org.apache.kafka.shell.command,org.apache.kafka.shell
org.apache.kafka.shell.command,org.apache.kafka.shell.glob
org.apache.kafka.shell.command,org.apache.kafka.shell.node.printer
org.apache.kafka.shell.command,org.apache.kafka.shell.state
org.apache.kafka.shell.glob,org.apache.kafka.image.node
org.apache.kafka.shell.glob,org.apache.kafka.shell.command
org.apache.kafka.shell.glob,org.apache.kafka.shell.state
org.apache.kafka.shell.node,org.apache.kafka.common.utils.internals
org.apache.kafka.shell.node,org.apache.kafka.image
org.apache.kafka.shell.node,org.apache.kafka.image.node
org.apache.kafka.shell.node.printer,org.apache.kafka.image.node.printer
org.apache.kafka.shell.state,org.apache.kafka.image
org.apache.kafka.shell.state,org.apache.kafka.image.loader
org.apache.kafka.shell.state,org.apache.kafka.image.node
org.apache.kafka.shell.state,org.apache.kafka.image.publisher
org.apache.kafka.shell.state,org.apache.kafka.shell.node
org.apache.kafka.snapshot,org.apache.kafka.common.compress
org.apache.kafka.snapshot,org.apache.kafka.common.memory
org.apache.kafka.snapshot,org.apache.kafka.common.record
org.apache.kafka.snapshot,org.apache.kafka.common.record.internal
org.apache.kafka.snapshot,org.apache.kafka.common.requests
org.apache.kafka.snapshot,org.apache.kafka.common.utils
org.apache.kafka.snapshot,org.apache.kafka.common.utils.internals
org.apache.kafka.snapshot,org.apache.kafka.raft
org.apache.kafka.snapshot,org.apache.kafka.raft.internals
org.apache.kafka.snapshot,org.apache.kafka.server.common
org.apache.kafka.snapshot,org.apache.kafka.server.common.serialization
org.apache.kafka.snapshot,org.apache.kafka.test
org.apache.kafka.storage.internals.checkpoint,org.apache.kafka.common
org.apache.kafka.storage.internals.checkpoint,org.apache.kafka.common.errors
org.apache.kafka.storage.internals.checkpoint,org.apache.kafka.common.utils
org.apache.kafka.storage.internals.checkpoint,org.apache.kafka.common.utils.internals
org.apache.kafka.storage.internals.checkpoint,org.apache.kafka.server.common
org.apache.kafka.storage.internals.checkpoint,org.apache.kafka.server.util
org.apache.kafka.storage.internals.checkpoint,org.apache.kafka.storage.internals.log
org.apache.kafka.storage.internals.checkpoint,org.apache.kafka.test
org.apache.kafka.storage.internals.epoch,org.apache.kafka.common
org.apache.kafka.storage.internals.epoch,org.apache.kafka.common.utils.internals
org.apache.kafka.storage.internals.epoch,org.apache.kafka.server.util
org.apache.kafka.storage.internals.epoch,org.apache.kafka.storage.internals.checkpoint
org.apache.kafka.storage.internals.epoch,org.apache.kafka.storage.internals.log
org.apache.kafka.storage.internals.epoch,org.apache.kafka.test
org.apache.kafka.storage.internals.log,org.apache.kafka.common
org.apache.kafka.storage.internals.log,org.apache.kafka.common.compress
org.apache.kafka.storage.internals.log,org.apache.kafka.common.config
org.apache.kafka.storage.internals.log,org.apache.kafka.common.errors
org.apache.kafka.storage.internals.log,org.apache.kafka.common.internals
org.apache.kafka.storage.internals.log,org.apache.kafka.common.metrics
org.apache.kafka.storage.internals.log,org.apache.kafka.common.protocol
org.apache.kafka.storage.internals.log,org.apache.kafka.common.record
org.apache.kafka.storage.internals.log,org.apache.kafka.common.record.internal
org.apache.kafka.storage.internals.log,org.apache.kafka.common.requests
org.apache.kafka.storage.internals.log,org.apache.kafka.common.utils
org.apache.kafka.storage.internals.log,org.apache.kafka.common.utils.internals
org.apache.kafka.storage.internals.log,org.apache.kafka.coordinator.transaction
org.apache.kafka.storage.internals.log,org.apache.kafka.metadata
org.apache.kafka.storage.internals.log,org.apache.kafka.metadata.properties
org.apache.kafka.storage.internals.log,org.apache.kafka.server.common
org.apache.kafka.storage.internals.log,org.apache.kafka.server.config
org.apache.kafka.storage.internals.log,org.apache.kafka.server.log.remote.metadata.storage
org.apache.kafka.storage.internals.log,org.apache.kafka.server.log.remote.storage
org.apache.kafka.storage.internals.log,org.apache.kafka.server.metrics
org.apache.kafka.storage.internals.log,org.apache.kafka.server.purgatory
org.apache.kafka.storage.internals.log,org.apache.kafka.server.record
org.apache.kafka.storage.internals.log,org.apache.kafka.server.storage.log
org.apache.kafka.storage.internals.log,org.apache.kafka.server.util
org.apache.kafka.storage.internals.log,org.apache.kafka.storage.internals.checkpoint
org.apache.kafka.storage.internals.log,org.apache.kafka.storage.internals.epoch
org.apache.kafka.storage.internals.log,org.apache.kafka.storage.internals.utils
org.apache.kafka.storage.internals.log,org.apache.kafka.storage.log.metrics
org.apache.kafka.storage.internals.log,org.apache.kafka.test
org.apache.kafka.storage.internals.utils,org.apache.kafka.common.utils
org.apache.kafka.storage.internals.utils,org.apache.kafka.server.metrics
org.apache.kafka.storage.internals.utils,org.apache.kafka.server.util
org.apache.kafka.storage.log.metrics,org.apache.kafka.server.log.remote.storage
org.apache.kafka.storage.log.metrics,org.apache.kafka.server.metrics
org.apache.kafka.streams,org.apache.kafka.clients
org.apache.kafka.streams,org.apache.kafka.clients.admin
org.apache.kafka.streams,org.apache.kafka.clients.consumer
org.apache.kafka.streams,org.apache.kafka.clients.consumer.internals
org.apache.kafka.streams,org.apache.kafka.clients.producer
org.apache.kafka.streams,org.apache.kafka.common
org.apache.kafka.streams,org.apache.kafka.common.annotation
org.apache.kafka.streams,org.apache.kafka.common.config
org.apache.kafka.streams,org.apache.kafka.common.errors
org.apache.kafka.streams,org.apache.kafka.common.header
org.apache.kafka.streams,org.apache.kafka.common.header.internals
org.apache.kafka.streams,org.apache.kafka.common.internals
org.apache.kafka.streams,org.apache.kafka.common.metrics
org.apache.kafka.streams,org.apache.kafka.common.record
org.apache.kafka.streams,org.apache.kafka.common.security.auth
org.apache.kafka.streams,org.apache.kafka.common.serialization
org.apache.kafka.streams,org.apache.kafka.common.utils
org.apache.kafka.streams,org.apache.kafka.common.utils.internals
org.apache.kafka.streams,org.apache.kafka.streams.errors
org.apache.kafka.streams,org.apache.kafka.streams.internals
org.apache.kafka.streams,org.apache.kafka.streams.internals.metrics
org.apache.kafka.streams,org.apache.kafka.streams.kstream
org.apache.kafka.streams,org.apache.kafka.streams.kstream.internals
org.apache.kafka.streams,org.apache.kafka.streams.processor
org.apache.kafka.streams,org.apache.kafka.streams.processor.api
org.apache.kafka.streams,org.apache.kafka.streams.processor.assignment
org.apache.kafka.streams,org.apache.kafka.streams.processor.internals
org.apache.kafka.streams,org.apache.kafka.streams.processor.internals.assignment
org.apache.kafka.streams,org.apache.kafka.streams.processor.internals.metrics
org.apache.kafka.streams,org.apache.kafka.streams.processor.internals.namedtopology
org.apache.kafka.streams,org.apache.kafka.streams.query
org.apache.kafka.streams,org.apache.kafka.streams.state
org.apache.kafka.streams,org.apache.kafka.streams.state.internals
org.apache.kafka.streams,org.apache.kafka.streams.state.internals.metrics
org.apache.kafka.streams,org.apache.kafka.streams.test
org.apache.kafka.streams,org.apache.kafka.test
org.apache.kafka.streams.errors,org.apache.kafka.clients.consumer
org.apache.kafka.streams.errors,org.apache.kafka.clients.producer
org.apache.kafka.streams.errors,org.apache.kafka.common
org.apache.kafka.streams.errors,org.apache.kafka.common.annotation
org.apache.kafka.streams.errors,org.apache.kafka.common.errors
org.apache.kafka.streams.errors,org.apache.kafka.common.header
org.apache.kafka.streams.errors,org.apache.kafka.common.header.internals
org.apache.kafka.streams.errors,org.apache.kafka.common.serialization
org.apache.kafka.streams.errors,org.apache.kafka.streams
org.apache.kafka.streams.errors,org.apache.kafka.streams.errors.internals
org.apache.kafka.streams.errors,org.apache.kafka.streams.kstream
org.apache.kafka.streams.errors,org.apache.kafka.streams.processor
org.apache.kafka.streams.errors,org.apache.kafka.streams.processor.api
org.apache.kafka.streams.errors,org.apache.kafka.streams.processor.internals
org.apache.kafka.streams.errors,org.apache.kafka.streams.state
org.apache.kafka.streams.errors,org.apache.kafka.test
org.apache.kafka.streams.errors.internals,org.apache.kafka.clients.producer
org.apache.kafka.streams.errors.internals,org.apache.kafka.common.errors
org.apache.kafka.streams.errors.internals,org.apache.kafka.common.header
org.apache.kafka.streams.errors.internals,org.apache.kafka.common.serialization
org.apache.kafka.streams.errors.internals,org.apache.kafka.streams
org.apache.kafka.streams.errors.internals,org.apache.kafka.streams.errors
org.apache.kafka.streams.errors.internals,org.apache.kafka.streams.processor
org.apache.kafka.streams.examples.docs,org.apache.kafka.common.serialization
org.apache.kafka.streams.examples.docs,org.apache.kafka.streams
org.apache.kafka.streams.examples.docs,org.apache.kafka.streams.processor
org.apache.kafka.streams.examples.docs,org.apache.kafka.streams.processor.api
org.apache.kafka.streams.examples.docs,org.apache.kafka.streams.state
org.apache.kafka.streams.examples.pageview,org.apache.kafka.clients.consumer
org.apache.kafka.streams.examples.pageview,org.apache.kafka.common.errors
org.apache.kafka.streams.examples.pageview,org.apache.kafka.common.serialization
org.apache.kafka.streams.examples.pageview,org.apache.kafka.streams
org.apache.kafka.streams.examples.pageview,org.apache.kafka.streams.kstream
org.apache.kafka.streams.examples.pageview,org.apache.kafka.streams.processor
org.apache.kafka.streams.examples.pipe,org.apache.kafka.clients.consumer
org.apache.kafka.streams.examples.pipe,org.apache.kafka.common.serialization
org.apache.kafka.streams.examples.pipe,org.apache.kafka.streams
org.apache.kafka.streams.examples.temperature,org.apache.kafka.clients.consumer
org.apache.kafka.streams.examples.temperature,org.apache.kafka.common.serialization
org.apache.kafka.streams.examples.temperature,org.apache.kafka.streams
org.apache.kafka.streams.examples.temperature,org.apache.kafka.streams.kstream
org.apache.kafka.streams.examples.wordcount,org.apache.kafka.clients
org.apache.kafka.streams.examples.wordcount,org.apache.kafka.clients.consumer
org.apache.kafka.streams.examples.wordcount,org.apache.kafka.common.serialization
org.apache.kafka.streams.examples.wordcount,org.apache.kafka.streams
org.apache.kafka.streams.examples.wordcount,org.apache.kafka.streams.kstream
org.apache.kafka.streams.examples.wordcount,org.apache.kafka.streams.processor
org.apache.kafka.streams.examples.wordcount,org.apache.kafka.streams.processor.api
org.apache.kafka.streams.examples.wordcount,org.apache.kafka.streams.state
org.apache.kafka.streams.examples.wordcount,org.apache.kafka.test
org.apache.kafka.streams.integration,org.apache.kafka.clients
org.apache.kafka.streams.integration,org.apache.kafka.clients.admin
org.apache.kafka.streams.integration,org.apache.kafka.clients.consumer
org.apache.kafka.streams.integration,org.apache.kafka.clients.consumer.internals
org.apache.kafka.streams.integration,org.apache.kafka.clients.producer
org.apache.kafka.streams.integration,org.apache.kafka.clients.producer.internals
org.apache.kafka.streams.integration,org.apache.kafka.common
org.apache.kafka.streams.integration,org.apache.kafka.common.acl
org.apache.kafka.streams.integration,org.apache.kafka.common.config
org.apache.kafka.streams.integration,org.apache.kafka.common.errors
org.apache.kafka.streams.integration,org.apache.kafka.common.header
org.apache.kafka.streams.integration,org.apache.kafka.common.header.internals
org.apache.kafka.streams.integration,org.apache.kafka.common.metrics
org.apache.kafka.streams.integration,org.apache.kafka.common.protocol
org.apache.kafka.streams.integration,org.apache.kafka.common.quota
org.apache.kafka.streams.integration,org.apache.kafka.common.requests
org.apache.kafka.streams.integration,org.apache.kafka.common.serialization
org.apache.kafka.streams.integration,org.apache.kafka.common.utils
org.apache.kafka.streams.integration,org.apache.kafka.common.utils.internals
org.apache.kafka.streams.integration,org.apache.kafka.coordinator.group
org.apache.kafka.streams.integration,org.apache.kafka.coordinator.group.streams
org.apache.kafka.streams.integration,org.apache.kafka.server.config
org.apache.kafka.streams.integration,org.apache.kafka.server.telemetry
org.apache.kafka.streams.integration,org.apache.kafka.server.util
org.apache.kafka.streams.integration,org.apache.kafka.storage.internals.log
org.apache.kafka.streams.integration,org.apache.kafka.streams
org.apache.kafka.streams.integration,org.apache.kafka.streams.errors
org.apache.kafka.streams.integration,org.apache.kafka.streams.integration.utils
org.apache.kafka.streams.integration,org.apache.kafka.streams.internals
org.apache.kafka.streams.integration,org.apache.kafka.streams.kstream
org.apache.kafka.streams.integration,org.apache.kafka.streams.kstream.internals
org.apache.kafka.streams.integration,org.apache.kafka.streams.processor
org.apache.kafka.streams.integration,org.apache.kafka.streams.processor.api
org.apache.kafka.streams.integration,org.apache.kafka.streams.processor.assignment
org.apache.kafka.streams.integration,org.apache.kafka.streams.processor.assignment.assignors
org.apache.kafka.streams.integration,org.apache.kafka.streams.processor.internals
org.apache.kafka.streams.integration,org.apache.kafka.streams.processor.internals.assignment
org.apache.kafka.streams.integration,org.apache.kafka.streams.processor.internals.namedtopology
org.apache.kafka.streams.integration,org.apache.kafka.streams.query
org.apache.kafka.streams.integration,org.apache.kafka.streams.state
org.apache.kafka.streams.integration,org.apache.kafka.streams.state.internals
org.apache.kafka.streams.integration,org.apache.kafka.streams.test
org.apache.kafka.streams.integration,org.apache.kafka.streams.tests
org.apache.kafka.streams.integration,org.apache.kafka.streams.utils
org.apache.kafka.streams.integration,org.apache.kafka.test
org.apache.kafka.streams.integration,org.apache.kafka.test.faultproxy
org.apache.kafka.streams.integration,org.apache.kafka.tools
org.apache.kafka.streams.integration,org.apache.kafka.tools.consumer
org.apache.kafka.streams.integration.utils,org.apache.kafka.clients
org.apache.kafka.streams.integration.utils,org.apache.kafka.clients.admin
org.apache.kafka.streams.integration.utils,org.apache.kafka.clients.consumer
org.apache.kafka.streams.integration.utils,org.apache.kafka.clients.producer
org.apache.kafka.streams.integration.utils,org.apache.kafka.common
org.apache.kafka.streams.integration.utils,org.apache.kafka.common.config
org.apache.kafka.streams.integration.utils,org.apache.kafka.common.config.types
org.apache.kafka.streams.integration.utils,org.apache.kafka.common.errors
org.apache.kafka.streams.integration.utils,org.apache.kafka.common.header
org.apache.kafka.streams.integration.utils,org.apache.kafka.common.serialization
org.apache.kafka.streams.integration.utils,org.apache.kafka.common.test
org.apache.kafka.streams.integration.utils,org.apache.kafka.common.utils
org.apache.kafka.streams.integration.utils,org.apache.kafka.coordinator.group
org.apache.kafka.streams.integration.utils,org.apache.kafka.coordinator.group.api.streams
org.apache.kafka.streams.integration.utils,org.apache.kafka.coordinator.transaction
org.apache.kafka.streams.integration.utils,org.apache.kafka.network
org.apache.kafka.streams.integration.utils,org.apache.kafka.server.config
org.apache.kafka.streams.integration.utils,org.apache.kafka.server.streams
org.apache.kafka.streams.integration.utils,org.apache.kafka.server.util
org.apache.kafka.streams.integration.utils,org.apache.kafka.storage.internals.log
org.apache.kafka.streams.integration.utils,org.apache.kafka.streams
org.apache.kafka.streams.integration.utils,org.apache.kafka.streams.errors
org.apache.kafka.streams.integration.utils,org.apache.kafka.streams.processor
org.apache.kafka.streams.integration.utils,org.apache.kafka.streams.processor.internals
org.apache.kafka.streams.integration.utils,org.apache.kafka.streams.processor.internals.namedtopology
org.apache.kafka.streams.integration.utils,org.apache.kafka.streams.query
org.apache.kafka.streams.integration.utils,org.apache.kafka.streams.state
org.apache.kafka.streams.integration.utils,org.apache.kafka.test
org.apache.kafka.streams.internals,org.apache.kafka.clients.admin
org.apache.kafka.streams.internals,org.apache.kafka.clients.consumer
org.apache.kafka.streams.internals,org.apache.kafka.clients.consumer.internals
org.apache.kafka.streams.internals,org.apache.kafka.common
org.apache.kafka.streams.internals,org.apache.kafka.common.config
org.apache.kafka.streams.internals,org.apache.kafka.common.metrics
org.apache.kafka.streams.internals,org.apache.kafka.common.utils
org.apache.kafka.streams.internals,org.apache.kafka.streams
org.apache.kafka.streams.internals,org.apache.kafka.streams.state
org.apache.kafka.streams.internals.metrics,org.apache.kafka.clients.admin
org.apache.kafka.streams.internals.metrics,org.apache.kafka.clients.consumer
org.apache.kafka.streams.internals.metrics,org.apache.kafka.clients.consumer.internals
org.apache.kafka.streams.internals.metrics,org.apache.kafka.common
org.apache.kafka.streams.internals.metrics,org.apache.kafka.common.metrics
org.apache.kafka.streams.internals.metrics,org.apache.kafka.common.utils
org.apache.kafka.streams.internals.metrics,org.apache.kafka.streams.processor.internals.metrics
org.apache.kafka.streams.kstream,org.apache.kafka.common.annotation
org.apache.kafka.streams.kstream,org.apache.kafka.common.config
org.apache.kafka.streams.kstream,org.apache.kafka.common.header
org.apache.kafka.streams.kstream,org.apache.kafka.common.header.internals
org.apache.kafka.streams.kstream,org.apache.kafka.common.serialization
org.apache.kafka.streams.kstream,org.apache.kafka.common.utils
org.apache.kafka.streams.kstream,org.apache.kafka.streams
org.apache.kafka.streams.kstream,org.apache.kafka.streams.errors
org.apache.kafka.streams.kstream,org.apache.kafka.streams.internals
org.apache.kafka.streams.kstream,org.apache.kafka.streams.kstream.internals
org.apache.kafka.streams.kstream,org.apache.kafka.streams.kstream.internals.emitstrategy
org.apache.kafka.streams.kstream,org.apache.kafka.streams.kstream.internals.suppress
org.apache.kafka.streams.kstream,org.apache.kafka.streams.processor
org.apache.kafka.streams.kstream,org.apache.kafka.streams.processor.api
org.apache.kafka.streams.kstream,org.apache.kafka.streams.processor.internals
org.apache.kafka.streams.kstream,org.apache.kafka.streams.query
org.apache.kafka.streams.kstream,org.apache.kafka.streams.state
org.apache.kafka.streams.kstream,org.apache.kafka.streams.state.internals
org.apache.kafka.streams.kstream,org.apache.kafka.test
org.apache.kafka.streams.kstream.internals,org.apache.kafka.clients.consumer
org.apache.kafka.streams.kstream.internals,org.apache.kafka.clients.consumer.internals
org.apache.kafka.streams.kstream.internals,org.apache.kafka.clients.producer.internals
org.apache.kafka.streams.kstream.internals,org.apache.kafka.common
org.apache.kafka.streams.kstream.internals,org.apache.kafka.common.config
org.apache.kafka.streams.kstream.internals,org.apache.kafka.common.errors
org.apache.kafka.streams.kstream.internals,org.apache.kafka.common.header
org.apache.kafka.streams.kstream.internals,org.apache.kafka.common.header.internals
org.apache.kafka.streams.kstream.internals,org.apache.kafka.common.metrics
org.apache.kafka.streams.kstream.internals,org.apache.kafka.common.serialization
org.apache.kafka.streams.kstream.internals,org.apache.kafka.common.utils
org.apache.kafka.streams.kstream.internals,org.apache.kafka.common.utils.internals
org.apache.kafka.streams.kstream.internals,org.apache.kafka.streams
org.apache.kafka.streams.kstream.internals,org.apache.kafka.streams.errors
org.apache.kafka.streams.kstream.internals,org.apache.kafka.streams.internals
org.apache.kafka.streams.kstream.internals,org.apache.kafka.streams.kstream
org.apache.kafka.streams.kstream.internals,org.apache.kafka.streams.kstream.internals.foreignkeyjoin
org.apache.kafka.streams.kstream.internals,org.apache.kafka.streams.kstream.internals.graph
org.apache.kafka.streams.kstream.internals,org.apache.kafka.streams.kstream.internals.suppress
org.apache.kafka.streams.kstream.internals,org.apache.kafka.streams.processor
org.apache.kafka.streams.kstream.internals,org.apache.kafka.streams.processor.api
org.apache.kafka.streams.kstream.internals,org.apache.kafka.streams.processor.internals
org.apache.kafka.streams.kstream.internals,org.apache.kafka.streams.processor.internals.metrics
org.apache.kafka.streams.kstream.internals,org.apache.kafka.streams.state
org.apache.kafka.streams.kstream.internals,org.apache.kafka.streams.state.internals
org.apache.kafka.streams.kstream.internals,org.apache.kafka.streams.test
org.apache.kafka.streams.kstream.internals,org.apache.kafka.streams.utils
org.apache.kafka.streams.kstream.internals,org.apache.kafka.test
org.apache.kafka.streams.kstream.internals.emitstrategy,org.apache.kafka.streams.kstream
org.apache.kafka.streams.kstream.internals.foreignkeyjoin,org.apache.kafka.common
org.apache.kafka.streams.kstream.internals.foreignkeyjoin,org.apache.kafka.common.errors
org.apache.kafka.streams.kstream.internals.foreignkeyjoin,org.apache.kafka.common.header
org.apache.kafka.streams.kstream.internals.foreignkeyjoin,org.apache.kafka.common.header.internals
org.apache.kafka.streams.kstream.internals.foreignkeyjoin,org.apache.kafka.common.metrics
org.apache.kafka.streams.kstream.internals.foreignkeyjoin,org.apache.kafka.common.serialization
org.apache.kafka.streams.kstream.internals.foreignkeyjoin,org.apache.kafka.common.utils
org.apache.kafka.streams.kstream.internals.foreignkeyjoin,org.apache.kafka.common.utils.internals
org.apache.kafka.streams.kstream.internals.foreignkeyjoin,org.apache.kafka.streams
org.apache.kafka.streams.kstream.internals.foreignkeyjoin,org.apache.kafka.streams.internals
org.apache.kafka.streams.kstream.internals.foreignkeyjoin,org.apache.kafka.streams.kstream
org.apache.kafka.streams.kstream.internals.foreignkeyjoin,org.apache.kafka.streams.kstream.internals
org.apache.kafka.streams.kstream.internals.foreignkeyjoin,org.apache.kafka.streams.processor
org.apache.kafka.streams.kstream.internals.foreignkeyjoin,org.apache.kafka.streams.processor.api
org.apache.kafka.streams.kstream.internals.foreignkeyjoin,org.apache.kafka.streams.processor.internals
org.apache.kafka.streams.kstream.internals.foreignkeyjoin,org.apache.kafka.streams.processor.internals.metrics
org.apache.kafka.streams.kstream.internals.foreignkeyjoin,org.apache.kafka.streams.state
org.apache.kafka.streams.kstream.internals.foreignkeyjoin,org.apache.kafka.streams.state.internals
org.apache.kafka.streams.kstream.internals.foreignkeyjoin,org.apache.kafka.test
org.apache.kafka.streams.kstream.internals.graph,org.apache.kafka.common.serialization
org.apache.kafka.streams.kstream.internals.graph,org.apache.kafka.common.utils
org.apache.kafka.streams.kstream.internals.graph,org.apache.kafka.streams
org.apache.kafka.streams.kstream.internals.graph,org.apache.kafka.streams.errors
org.apache.kafka.streams.kstream.internals.graph,org.apache.kafka.streams.internals
org.apache.kafka.streams.kstream.internals.graph,org.apache.kafka.streams.kstream
org.apache.kafka.streams.kstream.internals.graph,org.apache.kafka.streams.kstream.internals
org.apache.kafka.streams.kstream.internals.graph,org.apache.kafka.streams.kstream.internals.foreignkeyjoin
org.apache.kafka.streams.kstream.internals.graph,org.apache.kafka.streams.processor
org.apache.kafka.streams.kstream.internals.graph,org.apache.kafka.streams.processor.api
org.apache.kafka.streams.kstream.internals.graph,org.apache.kafka.streams.processor.internals
org.apache.kafka.streams.kstream.internals.graph,org.apache.kafka.streams.state
org.apache.kafka.streams.kstream.internals.suppress,org.apache.kafka.clients.consumer
org.apache.kafka.streams.kstream.internals.suppress,org.apache.kafka.common
org.apache.kafka.streams.kstream.internals.suppress,org.apache.kafka.common.header
org.apache.kafka.streams.kstream.internals.suppress,org.apache.kafka.common.header.internals
org.apache.kafka.streams.kstream.internals.suppress,org.apache.kafka.common.metrics
org.apache.kafka.streams.kstream.internals.suppress,org.apache.kafka.common.serialization
org.apache.kafka.streams.kstream.internals.suppress,org.apache.kafka.common.utils
org.apache.kafka.streams.kstream.internals.suppress,org.apache.kafka.streams
org.apache.kafka.streams.kstream.internals.suppress,org.apache.kafka.streams.errors
org.apache.kafka.streams.kstream.internals.suppress,org.apache.kafka.streams.kstream
org.apache.kafka.streams.kstream.internals.suppress,org.apache.kafka.streams.kstream.internals
org.apache.kafka.streams.kstream.internals.suppress,org.apache.kafka.streams.processor
org.apache.kafka.streams.kstream.internals.suppress,org.apache.kafka.streams.processor.api
org.apache.kafka.streams.kstream.internals.suppress,org.apache.kafka.streams.processor.internals
org.apache.kafka.streams.kstream.internals.suppress,org.apache.kafka.streams.processor.internals.metrics
org.apache.kafka.streams.kstream.internals.suppress,org.apache.kafka.streams.state
org.apache.kafka.streams.kstream.internals.suppress,org.apache.kafka.streams.state.internals
org.apache.kafka.streams.kstream.internals.suppress,org.apache.kafka.test
org.apache.kafka.streams.processor,org.apache.kafka.clients.consumer
org.apache.kafka.streams.processor,org.apache.kafka.common
org.apache.kafka.streams.processor,org.apache.kafka.common.annotation
org.apache.kafka.streams.processor,org.apache.kafka.common.header
org.apache.kafka.streams.processor,org.apache.kafka.common.header.internals
org.apache.kafka.streams.processor,org.apache.kafka.common.metrics
org.apache.kafka.streams.processor,org.apache.kafka.common.record
org.apache.kafka.streams.processor,org.apache.kafka.common.serialization
org.apache.kafka.streams.processor,org.apache.kafka.common.utils
org.apache.kafka.streams.processor,org.apache.kafka.streams
org.apache.kafka.streams.processor,org.apache.kafka.streams.errors
org.apache.kafka.streams.processor,org.apache.kafka.streams.internals
org.apache.kafka.streams.processor,org.apache.kafka.streams.kstream
org.apache.kafka.streams.processor,org.apache.kafka.streams.processor.api
org.apache.kafka.streams.processor,org.apache.kafka.streams.processor.internals
org.apache.kafka.streams.processor,org.apache.kafka.streams.processor.internals.metrics
org.apache.kafka.streams.processor,org.apache.kafka.streams.query
org.apache.kafka.streams.processor,org.apache.kafka.streams.state
org.apache.kafka.streams.processor,org.apache.kafka.streams.state.internals
org.apache.kafka.streams.processor.api,org.apache.kafka.common
org.apache.kafka.streams.processor.api,org.apache.kafka.common.annotation
org.apache.kafka.streams.processor.api,org.apache.kafka.common.header
org.apache.kafka.streams.processor.api,org.apache.kafka.common.header.internals
org.apache.kafka.streams.processor.api,org.apache.kafka.common.metrics
org.apache.kafka.streams.processor.api,org.apache.kafka.common.serialization
org.apache.kafka.streams.processor.api,org.apache.kafka.common.utils
org.apache.kafka.streams.processor.api,org.apache.kafka.common.utils.internals
org.apache.kafka.streams.processor.api,org.apache.kafka.streams
org.apache.kafka.streams.processor.api,org.apache.kafka.streams.errors
org.apache.kafka.streams.processor.api,org.apache.kafka.streams.kstream
org.apache.kafka.streams.processor.api,org.apache.kafka.streams.processor
org.apache.kafka.streams.processor.api,org.apache.kafka.streams.processor.internals
org.apache.kafka.streams.processor.api,org.apache.kafka.streams.processor.internals.metrics
org.apache.kafka.streams.processor.api,org.apache.kafka.streams.query
org.apache.kafka.streams.processor.api,org.apache.kafka.streams.state
org.apache.kafka.streams.processor.api,org.apache.kafka.streams.state.internals
org.apache.kafka.streams.processor.assignment,org.apache.kafka.common
org.apache.kafka.streams.processor.assignment,org.apache.kafka.common.annotation
org.apache.kafka.streams.processor.assignment,org.apache.kafka.common.config
org.apache.kafka.streams.processor.assignment,org.apache.kafka.streams
org.apache.kafka.streams.processor.assignment,org.apache.kafka.streams.errors
org.apache.kafka.streams.processor.assignment,org.apache.kafka.streams.processor
org.apache.kafka.streams.processor.assignment,org.apache.kafka.streams.processor.internals.assignment
org.apache.kafka.streams.processor.assignment,org.apache.kafka.streams.state
org.apache.kafka.streams.processor.assignment.assignors,org.apache.kafka.common.annotation
org.apache.kafka.streams.processor.assignment.assignors,org.apache.kafka.streams.processor
org.apache.kafka.streams.processor.assignment.assignors,org.apache.kafka.streams.processor.assignment
org.apache.kafka.streams.processor.assignment.assignors,org.apache.kafka.streams.processor.internals.assignment
org.apache.kafka.streams.processor.internals,org.apache.kafka.clients
org.apache.kafka.streams.processor.internals,org.apache.kafka.clients.admin
org.apache.kafka.streams.processor.internals,org.apache.kafka.clients.consumer
org.apache.kafka.streams.processor.internals,org.apache.kafka.clients.consumer.internals
org.apache.kafka.streams.processor.internals,org.apache.kafka.clients.producer
org.apache.kafka.streams.processor.internals,org.apache.kafka.clients.producer.internals
org.apache.kafka.streams.processor.internals,org.apache.kafka.common
org.apache.kafka.streams.processor.internals,org.apache.kafka.common.config
org.apache.kafka.streams.processor.internals,org.apache.kafka.common.errors
org.apache.kafka.streams.processor.internals,org.apache.kafka.common.header
org.apache.kafka.streams.processor.internals,org.apache.kafka.common.header.internals
org.apache.kafka.streams.processor.internals,org.apache.kafka.common.internals
org.apache.kafka.streams.processor.internals,org.apache.kafka.common.metrics
org.apache.kafka.streams.processor.internals,org.apache.kafka.common.metrics.stats
org.apache.kafka.streams.processor.internals,org.apache.kafka.common.record
org.apache.kafka.streams.processor.internals,org.apache.kafka.common.requests
org.apache.kafka.streams.processor.internals,org.apache.kafka.common.serialization
org.apache.kafka.streams.processor.internals,org.apache.kafka.common.utils
org.apache.kafka.streams.processor.internals,org.apache.kafka.common.utils.internals
org.apache.kafka.streams.processor.internals,org.apache.kafka.streams
org.apache.kafka.streams.processor.internals,org.apache.kafka.streams.errors
org.apache.kafka.streams.processor.internals,org.apache.kafka.streams.errors.internals
org.apache.kafka.streams.processor.internals,org.apache.kafka.streams.internals
org.apache.kafka.streams.processor.internals,org.apache.kafka.streams.internals.metrics
org.apache.kafka.streams.processor.internals,org.apache.kafka.streams.kstream
org.apache.kafka.streams.processor.internals,org.apache.kafka.streams.kstream.internals
org.apache.kafka.streams.processor.internals,org.apache.kafka.streams.processor
org.apache.kafka.streams.processor.internals,org.apache.kafka.streams.processor.api
org.apache.kafka.streams.processor.internals,org.apache.kafka.streams.processor.assignment
org.apache.kafka.streams.processor.internals,org.apache.kafka.streams.processor.assignment.assignors
org.apache.kafka.streams.processor.internals,org.apache.kafka.streams.processor.internals.assignment
org.apache.kafka.streams.processor.internals,org.apache.kafka.streams.processor.internals.metrics
org.apache.kafka.streams.processor.internals,org.apache.kafka.streams.processor.internals.namedtopology
org.apache.kafka.streams.processor.internals,org.apache.kafka.streams.processor.internals.tasks
org.apache.kafka.streams.processor.internals,org.apache.kafka.streams.processor.internals.testutil
org.apache.kafka.streams.processor.internals,org.apache.kafka.streams.query
org.apache.kafka.streams.processor.internals,org.apache.kafka.streams.state
org.apache.kafka.streams.processor.internals,org.apache.kafka.streams.state.internals
org.apache.kafka.streams.processor.internals,org.apache.kafka.streams.test
org.apache.kafka.streams.processor.internals,org.apache.kafka.test
org.apache.kafka.streams.processor.internals.assignment,org.apache.kafka.clients
org.apache.kafka.streams.processor.internals.assignment,org.apache.kafka.clients.admin
org.apache.kafka.streams.processor.internals.assignment,org.apache.kafka.clients.consumer
org.apache.kafka.streams.processor.internals.assignment,org.apache.kafka.common
org.apache.kafka.streams.processor.internals.assignment,org.apache.kafka.common.config
org.apache.kafka.streams.processor.internals.assignment,org.apache.kafka.common.errors
org.apache.kafka.streams.processor.internals.assignment,org.apache.kafka.common.internals
org.apache.kafka.streams.processor.internals.assignment,org.apache.kafka.common.protocol
org.apache.kafka.streams.processor.internals.assignment,org.apache.kafka.common.utils
org.apache.kafka.streams.processor.internals.assignment,org.apache.kafka.common.utils.internals
org.apache.kafka.streams.processor.internals.assignment,org.apache.kafka.streams
org.apache.kafka.streams.processor.internals.assignment,org.apache.kafka.streams.errors
org.apache.kafka.streams.processor.internals.assignment,org.apache.kafka.streams.internals
org.apache.kafka.streams.processor.internals.assignment,org.apache.kafka.streams.processor
org.apache.kafka.streams.processor.internals.assignment,org.apache.kafka.streams.processor.assignment
org.apache.kafka.streams.processor.internals.assignment,org.apache.kafka.streams.processor.assignment.assignors
org.apache.kafka.streams.processor.internals.assignment,org.apache.kafka.streams.processor.internals
org.apache.kafka.streams.processor.internals.assignment,org.apache.kafka.streams.state
org.apache.kafka.streams.processor.internals.assignment,org.apache.kafka.test
org.apache.kafka.streams.processor.internals.metrics,org.apache.kafka.common
org.apache.kafka.streams.processor.internals.metrics,org.apache.kafka.common.metrics
org.apache.kafka.streams.processor.internals.metrics,org.apache.kafka.common.metrics.stats
org.apache.kafka.streams.processor.internals.metrics,org.apache.kafka.common.utils
org.apache.kafka.streams.processor.internals.metrics,org.apache.kafka.streams
org.apache.kafka.streams.processor.internals.metrics,org.apache.kafka.streams.processor.internals
org.apache.kafka.streams.processor.internals.metrics,org.apache.kafka.streams.state.internals.metrics
org.apache.kafka.streams.processor.internals.metrics,org.apache.kafka.test
org.apache.kafka.streams.processor.internals.namedtopology,org.apache.kafka.clients.admin
org.apache.kafka.streams.processor.internals.namedtopology,org.apache.kafka.common
org.apache.kafka.streams.processor.internals.namedtopology,org.apache.kafka.common.errors
org.apache.kafka.streams.processor.internals.namedtopology,org.apache.kafka.common.header
org.apache.kafka.streams.processor.internals.namedtopology,org.apache.kafka.common.header.internals
org.apache.kafka.streams.processor.internals.namedtopology,org.apache.kafka.common.internals
org.apache.kafka.streams.processor.internals.namedtopology,org.apache.kafka.common.serialization
org.apache.kafka.streams.processor.internals.namedtopology,org.apache.kafka.common.utils.internals
org.apache.kafka.streams.processor.internals.namedtopology,org.apache.kafka.streams
org.apache.kafka.streams.processor.internals.namedtopology,org.apache.kafka.streams.errors
org.apache.kafka.streams.processor.internals.namedtopology,org.apache.kafka.streams.processor
org.apache.kafka.streams.processor.internals.namedtopology,org.apache.kafka.streams.processor.internals
org.apache.kafka.streams.processor.internals.namedtopology,org.apache.kafka.streams.state
org.apache.kafka.streams.processor.internals.tasks,org.apache.kafka.common
org.apache.kafka.streams.processor.internals.tasks,org.apache.kafka.common.errors
org.apache.kafka.streams.processor.internals.tasks,org.apache.kafka.common.internals
org.apache.kafka.streams.processor.internals.tasks,org.apache.kafka.common.utils
org.apache.kafka.streams.processor.internals.tasks,org.apache.kafka.common.utils.internals
org.apache.kafka.streams.processor.internals.tasks,org.apache.kafka.streams.errors
org.apache.kafka.streams.processor.internals.tasks,org.apache.kafka.streams.processor
org.apache.kafka.streams.processor.internals.tasks,org.apache.kafka.streams.processor.internals
org.apache.kafka.streams.processor.internals.tasks,org.apache.kafka.test
org.apache.kafka.streams.processor.internals.testutil,org.apache.kafka.clients.consumer
org.apache.kafka.streams.processor.internals.testutil,org.apache.kafka.common.header.internals
org.apache.kafka.streams.processor.internals.testutil,org.apache.kafka.common.record
org.apache.kafka.streams.processor.internals.testutil,org.apache.kafka.streams
org.apache.kafka.streams.query,org.apache.kafka.common
org.apache.kafka.streams.query,org.apache.kafka.common.annotation
org.apache.kafka.streams.query,org.apache.kafka.streams.kstream
org.apache.kafka.streams.query,org.apache.kafka.streams.processor
org.apache.kafka.streams.query,org.apache.kafka.streams.processor.api
org.apache.kafka.streams.query,org.apache.kafka.streams.query.internals
org.apache.kafka.streams.query,org.apache.kafka.streams.state
org.apache.kafka.streams.query.internals,org.apache.kafka.streams.query
org.apache.kafka.streams.state,org.apache.kafka.clients.producer
org.apache.kafka.streams.state,org.apache.kafka.common
org.apache.kafka.streams.state,org.apache.kafka.common.annotation
org.apache.kafka.streams.state,org.apache.kafka.common.config
org.apache.kafka.streams.state,org.apache.kafka.common.header
org.apache.kafka.streams.state,org.apache.kafka.common.header.internals
org.apache.kafka.streams.state,org.apache.kafka.common.metrics
org.apache.kafka.streams.state,org.apache.kafka.common.serialization
org.apache.kafka.streams.state,org.apache.kafka.common.utils
org.apache.kafka.streams.state,org.apache.kafka.common.utils.internals
org.apache.kafka.streams.state,org.apache.kafka.streams
org.apache.kafka.streams.state,org.apache.kafka.streams.errors
org.apache.kafka.streams.state,org.apache.kafka.streams.internals
org.apache.kafka.streams.state,org.apache.kafka.streams.kstream
org.apache.kafka.streams.state,org.apache.kafka.streams.kstream.internals
org.apache.kafka.streams.state,org.apache.kafka.streams.processor
org.apache.kafka.streams.state,org.apache.kafka.streams.processor.api
org.apache.kafka.streams.state,org.apache.kafka.streams.processor.internals
org.apache.kafka.streams.state,org.apache.kafka.streams.query
org.apache.kafka.streams.state,org.apache.kafka.streams.state.internals
org.apache.kafka.streams.state,org.apache.kafka.test
org.apache.kafka.streams.state.internals,org.apache.kafka.clients.admin
org.apache.kafka.streams.state.internals,org.apache.kafka.clients.consumer
org.apache.kafka.streams.state.internals,org.apache.kafka.clients.consumer.internals
org.apache.kafka.streams.state.internals,org.apache.kafka.clients.producer
org.apache.kafka.streams.state.internals,org.apache.kafka.common
org.apache.kafka.streams.state.internals,org.apache.kafka.common.config
org.apache.kafka.streams.state.internals,org.apache.kafka.common.errors
org.apache.kafka.streams.state.internals,org.apache.kafka.common.header
org.apache.kafka.streams.state.internals,org.apache.kafka.common.header.internals
org.apache.kafka.streams.state.internals,org.apache.kafka.common.metrics
org.apache.kafka.streams.state.internals,org.apache.kafka.common.record
org.apache.kafka.streams.state.internals,org.apache.kafka.common.record.internal
org.apache.kafka.streams.state.internals,org.apache.kafka.common.serialization
org.apache.kafka.streams.state.internals,org.apache.kafka.common.utils
org.apache.kafka.streams.state.internals,org.apache.kafka.common.utils.internals
org.apache.kafka.streams.state.internals,org.apache.kafka.streams
org.apache.kafka.streams.state.internals,org.apache.kafka.streams.errors
org.apache.kafka.streams.state.internals,org.apache.kafka.streams.internals
org.apache.kafka.streams.state.internals,org.apache.kafka.streams.kstream
org.apache.kafka.streams.state.internals,org.apache.kafka.streams.kstream.internals
org.apache.kafka.streams.state.internals,org.apache.kafka.streams.processor
org.apache.kafka.streams.state.internals,org.apache.kafka.streams.processor.api
org.apache.kafka.streams.state.internals,org.apache.kafka.streams.processor.internals
org.apache.kafka.streams.state.internals,org.apache.kafka.streams.processor.internals.metrics
org.apache.kafka.streams.state.internals,org.apache.kafka.streams.processor.internals.namedtopology
org.apache.kafka.streams.state.internals,org.apache.kafka.streams.query
org.apache.kafka.streams.state.internals,org.apache.kafka.streams.query.internals
org.apache.kafka.streams.state.internals,org.apache.kafka.streams.state
org.apache.kafka.streams.state.internals,org.apache.kafka.streams.state.internals.metrics
org.apache.kafka.streams.state.internals,org.apache.kafka.test
org.apache.kafka.streams.state.internals.metrics,org.apache.kafka.common
org.apache.kafka.streams.state.internals.metrics,org.apache.kafka.common.metrics
org.apache.kafka.streams.state.internals.metrics,org.apache.kafka.common.utils
org.apache.kafka.streams.state.internals.metrics,org.apache.kafka.common.utils.internals
org.apache.kafka.streams.state.internals.metrics,org.apache.kafka.streams.errors
org.apache.kafka.streams.state.internals.metrics,org.apache.kafka.streams.processor
org.apache.kafka.streams.state.internals.metrics,org.apache.kafka.streams.processor.internals
org.apache.kafka.streams.state.internals.metrics,org.apache.kafka.streams.processor.internals.metrics
org.apache.kafka.streams.state.internals.metrics,org.apache.kafka.streams.state.internals
org.apache.kafka.streams.state.internals.metrics,org.apache.kafka.test
org.apache.kafka.streams.test,org.apache.kafka.clients.consumer
org.apache.kafka.streams.test,org.apache.kafka.clients.producer
org.apache.kafka.streams.test,org.apache.kafka.common.annotation
org.apache.kafka.streams.test,org.apache.kafka.common.header
org.apache.kafka.streams.test,org.apache.kafka.common.header.internals
org.apache.kafka.streams.test,org.apache.kafka.common.record
org.apache.kafka.streams.test,org.apache.kafka.common.serialization
org.apache.kafka.streams.test,org.apache.kafka.common.utils
org.apache.kafka.streams.test,org.apache.kafka.streams
org.apache.kafka.streams.test,org.apache.kafka.streams.processor
org.apache.kafka.streams.test,org.apache.kafka.streams.processor.api
org.apache.kafka.streams.test,org.apache.kafka.streams.processor.internals
org.apache.kafka.streams.test,org.apache.kafka.streams.processor.internals.metrics
org.apache.kafka.streams.test,org.apache.kafka.streams.query
org.apache.kafka.streams.test,org.apache.kafka.streams.state
org.apache.kafka.streams.test,org.apache.kafka.streams.state.internals
org.apache.kafka.streams.test,org.apache.kafka.test
org.apache.kafka.streams.test.wordcount,org.apache.kafka.common.serialization
org.apache.kafka.streams.test.wordcount,org.apache.kafka.common.utils
org.apache.kafka.streams.test.wordcount,org.apache.kafka.streams
org.apache.kafka.streams.test.wordcount,org.apache.kafka.streams.kstream
org.apache.kafka.streams.test.wordcount,org.apache.kafka.streams.processor
org.apache.kafka.streams.test.wordcount,org.apache.kafka.streams.processor.api
org.apache.kafka.streams.test.wordcount,org.apache.kafka.streams.processor.internals
org.apache.kafka.streams.test.wordcount,org.apache.kafka.streams.processor.internals.metrics
org.apache.kafka.streams.test.wordcount,org.apache.kafka.streams.state
org.apache.kafka.streams.test.wordcount,org.apache.kafka.test
org.apache.kafka.streams.tests,org.apache.kafka.clients.admin
org.apache.kafka.streams.tests,org.apache.kafka.clients.consumer
org.apache.kafka.streams.tests,org.apache.kafka.clients.producer
org.apache.kafka.streams.tests,org.apache.kafka.common
org.apache.kafka.streams.tests,org.apache.kafka.common.errors
org.apache.kafka.streams.tests,org.apache.kafka.common.serialization
org.apache.kafka.streams.tests,org.apache.kafka.common.utils
org.apache.kafka.streams.tests,org.apache.kafka.common.utils.internals
org.apache.kafka.streams.tests,org.apache.kafka.streams
org.apache.kafka.streams.tests,org.apache.kafka.streams.errors
org.apache.kafka.streams.tests,org.apache.kafka.streams.kstream
org.apache.kafka.streams.tests,org.apache.kafka.streams.processor
org.apache.kafka.streams.tests,org.apache.kafka.streams.processor.api
org.apache.kafka.streams.tests,org.apache.kafka.streams.processor.internals
org.apache.kafka.streams.tests,org.apache.kafka.streams.processor.internals.assignment
org.apache.kafka.streams.tests,org.apache.kafka.streams.state
org.apache.kafka.streams.tests,org.apache.kafka.test
org.apache.kafka.streams.utils,org.apache.kafka.common
org.apache.kafka.streams.utils,org.apache.kafka.common.header
org.apache.kafka.streams.utils,org.apache.kafka.common.serialization
org.apache.kafka.streams.utils,org.apache.kafka.streams
org.apache.kafka.streams.utils,org.apache.kafka.streams.processor.api
org.apache.kafka.streams.utils,org.apache.kafka.streams.processor.internals
org.apache.kafka.streams.utils,org.apache.kafka.streams.state
org.apache.kafka.test,org.apache.kafka.clients
org.apache.kafka.test,org.apache.kafka.clients.admin
org.apache.kafka.test,org.apache.kafka.clients.consumer
org.apache.kafka.test,org.apache.kafka.clients.consumer.internals
org.apache.kafka.test,org.apache.kafka.clients.producer
org.apache.kafka.test,org.apache.kafka.common
org.apache.kafka.test,org.apache.kafka.common.config
org.apache.kafka.test,org.apache.kafka.common.config.types
org.apache.kafka.test,org.apache.kafka.common.errors
org.apache.kafka.test,org.apache.kafka.common.feature
org.apache.kafka.test,org.apache.kafka.common.header
org.apache.kafka.test,org.apache.kafka.common.header.internals
org.apache.kafka.test,org.apache.kafka.common.metrics
org.apache.kafka.test,org.apache.kafka.common.metrics.stats
org.apache.kafka.test,org.apache.kafka.common.network
org.apache.kafka.test,org.apache.kafka.common.protocol
org.apache.kafka.test,org.apache.kafka.common.requests
org.apache.kafka.test,org.apache.kafka.common.security.auth
org.apache.kafka.test,org.apache.kafka.common.security.ssl
org.apache.kafka.test,org.apache.kafka.common.serialization
org.apache.kafka.test,org.apache.kafka.common.utils
org.apache.kafka.test,org.apache.kafka.common.utils.internals
org.apache.kafka.test,org.apache.kafka.streams
org.apache.kafka.test,org.apache.kafka.streams.errors
org.apache.kafka.test,org.apache.kafka.streams.kstream
org.apache.kafka.test,org.apache.kafka.streams.processor
org.apache.kafka.test,org.apache.kafka.streams.processor.api
org.apache.kafka.test,org.apache.kafka.streams.processor.internals
org.apache.kafka.test,org.apache.kafka.streams.processor.internals.metrics
org.apache.kafka.test,org.apache.kafka.streams.query
org.apache.kafka.test,org.apache.kafka.streams.state
org.apache.kafka.test,org.apache.kafka.streams.state.internals
org.apache.kafka.test.faultproxy,org.apache.kafka.common.protocol
org.apache.kafka.test.faultproxy,org.apache.kafka.common.requests
org.apache.kafka.test.faultproxy,org.apache.kafka.common.utils
org.apache.kafka.test.faultproxy,org.apache.kafka.common.utils.annotation
org.apache.kafka.tiered.storage,org.apache.kafka.clients.admin
org.apache.kafka.tiered.storage,org.apache.kafka.clients.consumer
org.apache.kafka.tiered.storage,org.apache.kafka.clients.producer
org.apache.kafka.tiered.storage,org.apache.kafka.common
org.apache.kafka.tiered.storage,org.apache.kafka.common.config
org.apache.kafka.tiered.storage,org.apache.kafka.common.serialization
org.apache.kafka.tiered.storage,org.apache.kafka.common.test
org.apache.kafka.tiered.storage,org.apache.kafka.common.utils
org.apache.kafka.tiered.storage,org.apache.kafka.server.log.remote.storage
org.apache.kafka.tiered.storage,org.apache.kafka.storage.internals.epoch
org.apache.kafka.tiered.storage,org.apache.kafka.storage.internals.log
org.apache.kafka.tiered.storage,org.apache.kafka.test
org.apache.kafka.tiered.storage,org.apache.kafka.tiered.storage.actions
org.apache.kafka.tiered.storage,org.apache.kafka.tiered.storage.specs
org.apache.kafka.tiered.storage,org.apache.kafka.tiered.storage.utils
org.apache.kafka.tiered.storage.actions,org.apache.kafka.clients.admin
org.apache.kafka.tiered.storage.actions,org.apache.kafka.clients.consumer
org.apache.kafka.tiered.storage.actions,org.apache.kafka.clients.producer
org.apache.kafka.tiered.storage.actions,org.apache.kafka.common
org.apache.kafka.tiered.storage.actions,org.apache.kafka.common.errors
org.apache.kafka.tiered.storage.actions,org.apache.kafka.common.record.internal
org.apache.kafka.tiered.storage.actions,org.apache.kafka.common.serialization
org.apache.kafka.tiered.storage.actions,org.apache.kafka.server.log.remote.metadata.storage
org.apache.kafka.tiered.storage.actions,org.apache.kafka.server.log.remote.storage
org.apache.kafka.tiered.storage.actions,org.apache.kafka.storage.internals.epoch
org.apache.kafka.tiered.storage.actions,org.apache.kafka.storage.internals.log
org.apache.kafka.tiered.storage.actions,org.apache.kafka.test
org.apache.kafka.tiered.storage.actions,org.apache.kafka.tiered.storage
org.apache.kafka.tiered.storage.actions,org.apache.kafka.tiered.storage.specs
org.apache.kafka.tiered.storage.actions,org.apache.kafka.tiered.storage.utils
org.apache.kafka.tiered.storage.integration,org.apache.kafka.clients.admin
org.apache.kafka.tiered.storage.integration,org.apache.kafka.clients.consumer
org.apache.kafka.tiered.storage.integration,org.apache.kafka.clients.producer
org.apache.kafka.tiered.storage.integration,org.apache.kafka.common
org.apache.kafka.tiered.storage.integration,org.apache.kafka.common.config
org.apache.kafka.tiered.storage.integration,org.apache.kafka.common.errors
org.apache.kafka.tiered.storage.integration,org.apache.kafka.common.header.internals
org.apache.kafka.tiered.storage.integration,org.apache.kafka.common.test
org.apache.kafka.tiered.storage.integration,org.apache.kafka.common.test.api
org.apache.kafka.tiered.storage.integration,org.apache.kafka.common.utils
org.apache.kafka.tiered.storage.integration,org.apache.kafka.coordinator.transaction
org.apache.kafka.tiered.storage.integration,org.apache.kafka.server.common
org.apache.kafka.tiered.storage.integration,org.apache.kafka.server.config
org.apache.kafka.tiered.storage.integration,org.apache.kafka.server.log.remote.storage
org.apache.kafka.tiered.storage.integration,org.apache.kafka.storage.internals.checkpoint
org.apache.kafka.tiered.storage.integration,org.apache.kafka.storage.internals.log
org.apache.kafka.tiered.storage.integration,org.apache.kafka.test
org.apache.kafka.tiered.storage.integration,org.apache.kafka.tiered.storage
org.apache.kafka.tiered.storage.integration,org.apache.kafka.tiered.storage.specs
org.apache.kafka.tiered.storage.integration,org.apache.kafka.tiered.storage.utils
org.apache.kafka.tiered.storage.specs,org.apache.kafka.clients.producer
org.apache.kafka.tiered.storage.specs,org.apache.kafka.common
org.apache.kafka.tiered.storage.specs,org.apache.kafka.server.log.remote.storage
org.apache.kafka.tiered.storage.utils,org.apache.kafka.clients.admin
org.apache.kafka.tiered.storage.utils,org.apache.kafka.clients.consumer
org.apache.kafka.tiered.storage.utils,org.apache.kafka.clients.producer
org.apache.kafka.tiered.storage.utils,org.apache.kafka.common
org.apache.kafka.tiered.storage.utils,org.apache.kafka.common.config
org.apache.kafka.tiered.storage.utils,org.apache.kafka.common.header
org.apache.kafka.tiered.storage.utils,org.apache.kafka.common.record.internal
org.apache.kafka.tiered.storage.utils,org.apache.kafka.common.serialization
org.apache.kafka.tiered.storage.utils,org.apache.kafka.common.test.api
org.apache.kafka.tiered.storage.utils,org.apache.kafka.common.utils
org.apache.kafka.tiered.storage.utils,org.apache.kafka.server.config
org.apache.kafka.tiered.storage.utils,org.apache.kafka.server.log.remote.metadata.storage
org.apache.kafka.tiered.storage.utils,org.apache.kafka.server.log.remote.storage
org.apache.kafka.tiered.storage.utils,org.apache.kafka.storage.internals.log
org.apache.kafka.tiered.storage.utils,org.apache.kafka.test
org.apache.kafka.tiered.storage.utils,org.apache.kafka.tiered.storage
org.apache.kafka.timeline,org.apache.kafka.common.utils.internals
org.apache.kafka.tools,org.apache.kafka.clients
org.apache.kafka.tools,org.apache.kafka.clients.admin
org.apache.kafka.tools,org.apache.kafka.clients.admin.internals
org.apache.kafka.tools,org.apache.kafka.clients.consumer
org.apache.kafka.tools,org.apache.kafka.clients.consumer.internals
org.apache.kafka.tools,org.apache.kafka.clients.producer
org.apache.kafka.tools,org.apache.kafka.clients.producer.internals
org.apache.kafka.tools,org.apache.kafka.common
org.apache.kafka.tools,org.apache.kafka.common.acl
org.apache.kafka.tools,org.apache.kafka.common.annotation
org.apache.kafka.tools,org.apache.kafka.common.compress
org.apache.kafka.tools,org.apache.kafka.common.config
org.apache.kafka.tools,org.apache.kafka.common.config.types
org.apache.kafka.tools,org.apache.kafka.common.errors
org.apache.kafka.tools,org.apache.kafka.common.header
org.apache.kafka.tools,org.apache.kafka.common.header.internals
org.apache.kafka.tools,org.apache.kafka.common.internals
org.apache.kafka.tools,org.apache.kafka.common.metrics
org.apache.kafka.tools,org.apache.kafka.common.network
org.apache.kafka.tools,org.apache.kafka.common.protocol
org.apache.kafka.tools,org.apache.kafka.common.quota
org.apache.kafka.tools,org.apache.kafka.common.record
org.apache.kafka.tools,org.apache.kafka.common.record.internal
org.apache.kafka.tools,org.apache.kafka.common.requests
org.apache.kafka.tools,org.apache.kafka.common.resource
org.apache.kafka.tools,org.apache.kafka.common.security.auth
org.apache.kafka.tools,org.apache.kafka.common.security.oauthbearer
org.apache.kafka.tools,org.apache.kafka.common.security.scram.internals
org.apache.kafka.tools,org.apache.kafka.common.security.token.delegation
org.apache.kafka.tools,org.apache.kafka.common.serialization
org.apache.kafka.tools,org.apache.kafka.common.test
org.apache.kafka.tools,org.apache.kafka.common.test.api
org.apache.kafka.tools,org.apache.kafka.common.utils
org.apache.kafka.tools,org.apache.kafka.common.utils.internals
org.apache.kafka.tools,org.apache.kafka.connect.runtime
org.apache.kafka.tools,org.apache.kafka.connect.runtime.distributed
org.apache.kafka.tools,org.apache.kafka.connect.runtime.isolation
org.apache.kafka.tools,org.apache.kafka.connect.util
org.apache.kafka.tools,org.apache.kafka.coordinator.common.runtime
org.apache.kafka.tools,org.apache.kafka.coordinator.group
org.apache.kafka.tools,org.apache.kafka.coordinator.share
org.apache.kafka.tools,org.apache.kafka.coordinator.transaction
org.apache.kafka.tools,org.apache.kafka.metadata
org.apache.kafka.tools,org.apache.kafka.metadata.authorizer
org.apache.kafka.tools,org.apache.kafka.metadata.bootstrap
org.apache.kafka.tools,org.apache.kafka.metadata.properties
org.apache.kafka.tools,org.apache.kafka.network
org.apache.kafka.tools,org.apache.kafka.raft
org.apache.kafka.tools,org.apache.kafka.raft.internals
org.apache.kafka.tools,org.apache.kafka.security.authorizer
org.apache.kafka.tools,org.apache.kafka.server.common
org.apache.kafka.tools,org.apache.kafka.server.config
org.apache.kafka.tools,org.apache.kafka.server.log.remote.metadata.storage
org.apache.kafka.tools,org.apache.kafka.server.log.remote.metadata.storage.serialization
org.apache.kafka.tools,org.apache.kafka.server.log.remote.storage
org.apache.kafka.tools,org.apache.kafka.server.metrics
org.apache.kafka.tools,org.apache.kafka.server.storage.log
org.apache.kafka.tools,org.apache.kafka.server.util
org.apache.kafka.tools,org.apache.kafka.server.util.json
org.apache.kafka.tools,org.apache.kafka.snapshot
org.apache.kafka.tools,org.apache.kafka.storage.internals.log
org.apache.kafka.tools,org.apache.kafka.storage.log.metrics
org.apache.kafka.tools,org.apache.kafka.streams
org.apache.kafka.tools,org.apache.kafka.streams.kstream
org.apache.kafka.tools,org.apache.kafka.test
org.apache.kafka.tools,org.apache.kafka.tools.api
org.apache.kafka.tools,org.apache.kafka.tools.consumer.group
org.apache.kafka.tools,org.apache.kafka.tools.filter
org.apache.kafka.tools.api,org.apache.kafka.clients.producer
org.apache.kafka.tools.api,org.apache.kafka.common
org.apache.kafka.tools.api,org.apache.kafka.common.annotation
org.apache.kafka.tools.consumer,org.apache.kafka.clients.consumer
org.apache.kafka.tools.consumer,org.apache.kafka.clients.consumer.internals
org.apache.kafka.tools.consumer,org.apache.kafka.clients.producer
org.apache.kafka.tools.consumer,org.apache.kafka.common
org.apache.kafka.tools.consumer,org.apache.kafka.common.errors
org.apache.kafka.tools.consumer,org.apache.kafka.common.header
org.apache.kafka.tools.consumer,org.apache.kafka.common.header.internals
org.apache.kafka.tools.consumer,org.apache.kafka.common.internals
org.apache.kafka.tools.consumer,org.apache.kafka.common.protocol
org.apache.kafka.tools.consumer,org.apache.kafka.common.record
org.apache.kafka.tools.consumer,org.apache.kafka.common.record.internal
org.apache.kafka.tools.consumer,org.apache.kafka.common.requests
org.apache.kafka.tools.consumer,org.apache.kafka.common.serialization
org.apache.kafka.tools.consumer,org.apache.kafka.common.test
org.apache.kafka.tools.consumer,org.apache.kafka.common.test.api
org.apache.kafka.tools.consumer,org.apache.kafka.common.utils
org.apache.kafka.tools.consumer,org.apache.kafka.common.utils.internals
org.apache.kafka.tools.consumer,org.apache.kafka.coordinator.common.runtime
org.apache.kafka.tools.consumer,org.apache.kafka.coordinator.group
org.apache.kafka.tools.consumer,org.apache.kafka.coordinator.transaction
org.apache.kafka.tools.consumer,org.apache.kafka.server.util
org.apache.kafka.tools.consumer,org.apache.kafka.test
org.apache.kafka.tools.consumer,org.apache.kafka.tools
org.apache.kafka.tools.consumer.group,org.apache.kafka.clients
org.apache.kafka.tools.consumer.group,org.apache.kafka.clients.admin
org.apache.kafka.tools.consumer.group,org.apache.kafka.clients.consumer
org.apache.kafka.tools.consumer.group,org.apache.kafka.clients.consumer.internals
org.apache.kafka.tools.consumer.group,org.apache.kafka.clients.producer
org.apache.kafka.tools.consumer.group,org.apache.kafka.common
org.apache.kafka.tools.consumer.group,org.apache.kafka.common.acl
org.apache.kafka.tools.consumer.group,org.apache.kafka.common.errors
org.apache.kafka.tools.consumer.group,org.apache.kafka.common.internals
org.apache.kafka.tools.consumer.group,org.apache.kafka.common.protocol
org.apache.kafka.tools.consumer.group,org.apache.kafka.common.resource
org.apache.kafka.tools.consumer.group,org.apache.kafka.common.security.auth
org.apache.kafka.tools.consumer.group,org.apache.kafka.common.security.authenticator
org.apache.kafka.tools.consumer.group,org.apache.kafka.common.serialization
org.apache.kafka.tools.consumer.group,org.apache.kafka.common.test
org.apache.kafka.tools.consumer.group,org.apache.kafka.common.test.api
org.apache.kafka.tools.consumer.group,org.apache.kafka.common.utils
org.apache.kafka.tools.consumer.group,org.apache.kafka.common.utils.internals
org.apache.kafka.tools.consumer.group,org.apache.kafka.coordinator.group
org.apache.kafka.tools.consumer.group,org.apache.kafka.metadata.authorizer
org.apache.kafka.tools.consumer.group,org.apache.kafka.server.util
org.apache.kafka.tools.consumer.group,org.apache.kafka.test
org.apache.kafka.tools.consumer.group,org.apache.kafka.tools
org.apache.kafka.tools.consumer.group.share,org.apache.kafka.clients.consumer
org.apache.kafka.tools.consumer.group.share,org.apache.kafka.common
org.apache.kafka.tools.consumer.group.share,org.apache.kafka.common.header.internals
org.apache.kafka.tools.consumer.group.share,org.apache.kafka.common.internals
org.apache.kafka.tools.consumer.group.share,org.apache.kafka.common.protocol
org.apache.kafka.tools.consumer.group.share,org.apache.kafka.common.record
org.apache.kafka.tools.consumer.group.share,org.apache.kafka.coordinator.share
org.apache.kafka.tools.consumer.group.share,org.apache.kafka.server.share
org.apache.kafka.tools.consumer.group.share,org.apache.kafka.server.share.persister
org.apache.kafka.tools.consumer.group.share,org.apache.kafka.tools.consumer
org.apache.kafka.tools.filter,org.apache.kafka.common
org.apache.kafka.tools.filter,org.apache.kafka.common.internals
org.apache.kafka.tools.other,org.apache.kafka.clients.admin
org.apache.kafka.tools.other,org.apache.kafka.clients.producer
org.apache.kafka.tools.other,org.apache.kafka.common
org.apache.kafka.tools.other,org.apache.kafka.common.serialization
org.apache.kafka.tools.other,org.apache.kafka.common.test
org.apache.kafka.tools.other,org.apache.kafka.common.utils
org.apache.kafka.tools.other,org.apache.kafka.common.utils.internals
org.apache.kafka.tools.other,org.apache.kafka.image
org.apache.kafka.tools.other,org.apache.kafka.metadata
org.apache.kafka.tools.other,org.apache.kafka.server.quota
org.apache.kafka.tools.other,org.apache.kafka.storage.internals.log
org.apache.kafka.tools.other,org.apache.kafka.test
org.apache.kafka.tools.other,org.apache.kafka.tools.reassign
org.apache.kafka.tools.reassign,org.apache.kafka.clients
org.apache.kafka.tools.reassign,org.apache.kafka.clients.admin
org.apache.kafka.tools.reassign,org.apache.kafka.clients.consumer
org.apache.kafka.tools.reassign,org.apache.kafka.clients.producer
org.apache.kafka.tools.reassign,org.apache.kafka.common
org.apache.kafka.tools.reassign,org.apache.kafka.common.config
org.apache.kafka.tools.reassign,org.apache.kafka.common.errors
org.apache.kafka.tools.reassign,org.apache.kafka.common.serialization
org.apache.kafka.tools.reassign,org.apache.kafka.common.test
org.apache.kafka.tools.reassign,org.apache.kafka.common.test.api
org.apache.kafka.tools.reassign,org.apache.kafka.common.utils
org.apache.kafka.tools.reassign,org.apache.kafka.common.utils.internals
org.apache.kafka.tools.reassign,org.apache.kafka.metadata.placement
org.apache.kafka.tools.reassign,org.apache.kafka.server.config
org.apache.kafka.tools.reassign,org.apache.kafka.server.util
org.apache.kafka.tools.reassign,org.apache.kafka.server.util.json
org.apache.kafka.tools.reassign,org.apache.kafka.test
org.apache.kafka.tools.reassign,org.apache.kafka.tools
org.apache.kafka.tools.streams,org.apache.kafka.clients
org.apache.kafka.tools.streams,org.apache.kafka.clients.admin
org.apache.kafka.tools.streams,org.apache.kafka.clients.consumer
org.apache.kafka.tools.streams,org.apache.kafka.clients.producer
org.apache.kafka.tools.streams,org.apache.kafka.common
org.apache.kafka.tools.streams,org.apache.kafka.common.errors
org.apache.kafka.tools.streams,org.apache.kafka.common.internals
org.apache.kafka.tools.streams,org.apache.kafka.common.protocol
org.apache.kafka.tools.streams,org.apache.kafka.common.serialization
org.apache.kafka.tools.streams,org.apache.kafka.common.test
org.apache.kafka.tools.streams,org.apache.kafka.common.test.api
org.apache.kafka.tools.streams,org.apache.kafka.common.utils
org.apache.kafka.tools.streams,org.apache.kafka.common.utils.internals
org.apache.kafka.tools.streams,org.apache.kafka.server.util
org.apache.kafka.tools.streams,org.apache.kafka.streams
org.apache.kafka.tools.streams,org.apache.kafka.streams.kstream
org.apache.kafka.tools.streams,org.apache.kafka.test
org.apache.kafka.tools.streams,org.apache.kafka.tools
org.apache.kafka.tools.streams,org.apache.kafka.tools.consumer.group
org.apache.kafka.trogdor.agent,org.apache.kafka.common
org.apache.kafka.trogdor.agent,org.apache.kafka.common.internals
org.apache.kafka.trogdor.agent,org.apache.kafka.common.utils
org.apache.kafka.trogdor.agent,org.apache.kafka.common.utils.internals
org.apache.kafka.trogdor.agent,org.apache.kafka.test
org.apache.kafka.trogdor.agent,org.apache.kafka.trogdor.basic
org.apache.kafka.trogdor.agent,org.apache.kafka.trogdor.common
org.apache.kafka.trogdor.agent,org.apache.kafka.trogdor.fault
org.apache.kafka.trogdor.agent,org.apache.kafka.trogdor.rest
org.apache.kafka.trogdor.agent,org.apache.kafka.trogdor.task
org.apache.kafka.trogdor.basic,org.apache.kafka.common.utils.internals
org.apache.kafka.trogdor.basic,org.apache.kafka.test
org.apache.kafka.trogdor.basic,org.apache.kafka.trogdor.common
org.apache.kafka.trogdor.common,org.apache.kafka.clients.admin
org.apache.kafka.trogdor.common,org.apache.kafka.clients.producer
org.apache.kafka.trogdor.common,org.apache.kafka.common
org.apache.kafka.trogdor.common,org.apache.kafka.common.errors
org.apache.kafka.trogdor.common,org.apache.kafka.common.internals
org.apache.kafka.trogdor.common,org.apache.kafka.common.requests
org.apache.kafka.trogdor.common,org.apache.kafka.common.utils
org.apache.kafka.trogdor.common,org.apache.kafka.common.utils.internals
org.apache.kafka.trogdor.common,org.apache.kafka.test
org.apache.kafka.trogdor.common,org.apache.kafka.trogdor.agent
org.apache.kafka.trogdor.common,org.apache.kafka.trogdor.basic
org.apache.kafka.trogdor.common,org.apache.kafka.trogdor.coordinator
org.apache.kafka.trogdor.common,org.apache.kafka.trogdor.fault
org.apache.kafka.trogdor.common,org.apache.kafka.trogdor.rest
org.apache.kafka.trogdor.common,org.apache.kafka.trogdor.task
org.apache.kafka.trogdor.common,org.apache.kafka.trogdor.workload
org.apache.kafka.trogdor.coordinator,org.apache.kafka.common
org.apache.kafka.trogdor.coordinator,org.apache.kafka.common.errors
org.apache.kafka.trogdor.coordinator,org.apache.kafka.common.utils
org.apache.kafka.trogdor.coordinator,org.apache.kafka.common.utils.internals
org.apache.kafka.trogdor.coordinator,org.apache.kafka.test
org.apache.kafka.trogdor.coordinator,org.apache.kafka.trogdor.agent
org.apache.kafka.trogdor.coordinator,org.apache.kafka.trogdor.common
org.apache.kafka.trogdor.coordinator,org.apache.kafka.trogdor.fault
org.apache.kafka.trogdor.coordinator,org.apache.kafka.trogdor.rest
org.apache.kafka.trogdor.coordinator,org.apache.kafka.trogdor.task
org.apache.kafka.trogdor.fault,org.apache.kafka.common.internals
org.apache.kafka.trogdor.fault,org.apache.kafka.trogdor.common
org.apache.kafka.trogdor.fault,org.apache.kafka.trogdor.task
org.apache.kafka.trogdor.rest,org.apache.kafka.common
org.apache.kafka.trogdor.rest,org.apache.kafka.common.errors
org.apache.kafka.trogdor.rest,org.apache.kafka.common.utils.internals
org.apache.kafka.trogdor.rest,org.apache.kafka.trogdor.common
org.apache.kafka.trogdor.rest,org.apache.kafka.trogdor.task
org.apache.kafka.trogdor.task,org.apache.kafka.common.internals
org.apache.kafka.trogdor.task,org.apache.kafka.common.utils.internals
org.apache.kafka.trogdor.task,org.apache.kafka.trogdor.common
org.apache.kafka.trogdor.workload,org.apache.kafka.clients
org.apache.kafka.trogdor.workload,org.apache.kafka.clients.admin
org.apache.kafka.trogdor.workload,org.apache.kafka.clients.consumer
org.apache.kafka.trogdor.workload,org.apache.kafka.clients.producer
org.apache.kafka.trogdor.workload,org.apache.kafka.common
org.apache.kafka.trogdor.workload,org.apache.kafka.common.config
org.apache.kafka.trogdor.workload,org.apache.kafka.common.errors
org.apache.kafka.trogdor.workload,org.apache.kafka.common.internals
org.apache.kafka.trogdor.workload,org.apache.kafka.common.metrics
org.apache.kafka.trogdor.workload,org.apache.kafka.common.network
org.apache.kafka.trogdor.workload,org.apache.kafka.common.serialization
org.apache.kafka.trogdor.workload,org.apache.kafka.common.utils
org.apache.kafka.trogdor.workload,org.apache.kafka.common.utils.internals
org.apache.kafka.trogdor.workload,org.apache.kafka.coordinator.group
org.apache.kafka.trogdor.workload,org.apache.kafka.test
org.apache.kafka.trogdor.workload,org.apache.kafka.trogdor.common
org.apache.kafka.trogdor.workload,org.apache.kafka.trogdor.rest
org.apache.kafka.trogdor.workload,org.apache.kafka.trogdor.task
test.plugins,org.apache.kafka.common
test.plugins,org.apache.kafka.common.config
test.plugins,org.apache.kafka.common.config.provider
test.plugins,org.apache.kafka.common.utils.internals
test.plugins,org.apache.kafka.connect.connector
test.plugins,org.apache.kafka.connect.connector.policy
test.plugins,org.apache.kafka.connect.converters
test.plugins,org.apache.kafka.connect.data
test.plugins,org.apache.kafka.connect.rest
test.plugins,org.apache.kafka.connect.runtime.isolation
test.plugins,org.apache.kafka.connect.sink
test.plugins,org.apache.kafka.connect.source
test.plugins,org.apache.kafka.connect.storage
test.plugins,org.apache.kafka.connect.transforms
test.plugins,org.apache.kafka.connect.transforms.predicates
