source_package,target_package
org.jvnet.libpam.impl,org.jvnet.libpam
org.keycloak,org.keycloak.common
org.keycloak,org.keycloak.common.enums
org.keycloak,org.keycloak.common.util
org.keycloak,org.keycloak.crypto
org.keycloak,org.keycloak.exceptions
org.keycloak,org.keycloak.jose.jws
org.keycloak,org.keycloak.jose.jws.crypto
org.keycloak,org.keycloak.representations
org.keycloak,org.keycloak.representations.idm.authorization
org.keycloak,org.keycloak.util
org.keycloak.adapters.cloned,org.keycloak.adapters.saml.descriptor.parsers
org.keycloak.adapters.cloned,org.keycloak.common.util
org.keycloak.adapters.cloned,org.keycloak.saml.common.exceptions
org.keycloak.adapters.jboss,org.keycloak.adapters.spi
org.keycloak.adapters.saml,org.keycloak.adapters.saml.config
org.keycloak.adapters.saml,org.keycloak.adapters.saml.config.parsers
org.keycloak.adapters.saml,org.keycloak.adapters.saml.profile
org.keycloak.adapters.saml,org.keycloak.adapters.saml.profile.ecp
org.keycloak.adapters.saml,org.keycloak.adapters.saml.profile.webbrowsersso
org.keycloak.adapters.saml,org.keycloak.adapters.saml.rotation
org.keycloak.adapters.saml,org.keycloak.adapters.spi
org.keycloak.adapters.saml,org.keycloak.common.enums
org.keycloak.adapters.saml,org.keycloak.common.util
org.keycloak.adapters.saml,org.keycloak.dom.saml.v2.assertion
org.keycloak.adapters.saml,org.keycloak.dom.saml.v2.protocol
org.keycloak.adapters.saml,org.keycloak.rotation
org.keycloak.adapters.saml,org.keycloak.saml
org.keycloak.adapters.saml,org.keycloak.saml.common.constants
org.keycloak.adapters.saml,org.keycloak.saml.common.exceptions
org.keycloak.adapters.saml,org.keycloak.saml.processing.core.saml.v2.util
org.keycloak.adapters.saml.config,org.keycloak.adapters.cloned
org.keycloak.adapters.saml.config,org.keycloak.common.crypto
org.keycloak.adapters.saml.config,org.keycloak.common.util
org.keycloak.adapters.saml.config.parsers,org.keycloak.adapters.cloned
org.keycloak.adapters.saml.config.parsers,org.keycloak.adapters.saml
org.keycloak.adapters.saml.config.parsers,org.keycloak.adapters.saml.config
org.keycloak.adapters.saml.config.parsers,org.keycloak.common.enums
org.keycloak.adapters.saml.config.parsers,org.keycloak.common.util
org.keycloak.adapters.saml.config.parsers,org.keycloak.saml
org.keycloak.adapters.saml.config.parsers,org.keycloak.saml.common
org.keycloak.adapters.saml.config.parsers,org.keycloak.saml.common.exceptions
org.keycloak.adapters.saml.config.parsers,org.keycloak.saml.common.parsers
org.keycloak.adapters.saml.config.parsers,org.keycloak.saml.common.util
org.keycloak.adapters.saml.config.parsers,org.keycloak.saml.processing.core.parsers.util
org.keycloak.adapters.saml.descriptor.parsers,org.keycloak.common.util
org.keycloak.adapters.saml.descriptor.parsers,org.keycloak.saml.common.constants
org.keycloak.adapters.saml.descriptor.parsers,org.keycloak.saml.common.exceptions
org.keycloak.adapters.saml.descriptor.parsers,org.keycloak.saml.common.util
org.keycloak.adapters.saml.descriptor.parsers,org.keycloak.saml.processing.core.parsers.saml.xmldsig
org.keycloak.adapters.saml.descriptor.parsers,org.keycloak.saml.processing.core.util
org.keycloak.adapters.saml.elytron,org.keycloak.adapters.saml
org.keycloak.adapters.saml.elytron,org.keycloak.adapters.saml.config.parsers
org.keycloak.adapters.saml.elytron,org.keycloak.adapters.saml.elytron.infinispan
org.keycloak.adapters.saml.elytron,org.keycloak.adapters.saml.profile
org.keycloak.adapters.saml.elytron,org.keycloak.adapters.saml.profile.webbrowsersso
org.keycloak.adapters.saml.elytron,org.keycloak.adapters.spi
org.keycloak.adapters.saml.elytron,org.keycloak.common.util
org.keycloak.adapters.saml.elytron,org.keycloak.saml.common.exceptions
org.keycloak.adapters.saml.elytron.infinispan,org.keycloak.adapters.saml
org.keycloak.adapters.saml.elytron.infinispan,org.keycloak.adapters.spi
org.keycloak.adapters.saml.profile,org.keycloak.adapters.saml
org.keycloak.adapters.saml.profile,org.keycloak.adapters.saml.profile.webbrowsersso
org.keycloak.adapters.saml.profile,org.keycloak.adapters.spi
org.keycloak.adapters.saml.profile,org.keycloak.common
org.keycloak.adapters.saml.profile,org.keycloak.common.util
org.keycloak.adapters.saml.profile,org.keycloak.dom.saml.v2
org.keycloak.adapters.saml.profile,org.keycloak.dom.saml.v2.assertion
org.keycloak.adapters.saml.profile,org.keycloak.dom.saml.v2.protocol
org.keycloak.adapters.saml.profile,org.keycloak.rotation
org.keycloak.adapters.saml.profile,org.keycloak.saml
org.keycloak.adapters.saml.profile,org.keycloak.saml.common.constants
org.keycloak.adapters.saml.profile,org.keycloak.saml.common.exceptions
org.keycloak.adapters.saml.profile,org.keycloak.saml.common.util
org.keycloak.adapters.saml.profile,org.keycloak.saml.processing.api.saml.v2.sig
org.keycloak.adapters.saml.profile,org.keycloak.saml.processing.api.util
org.keycloak.adapters.saml.profile,org.keycloak.saml.processing.core.saml.v2.common
org.keycloak.adapters.saml.profile,org.keycloak.saml.processing.core.saml.v2.util
org.keycloak.adapters.saml.profile,org.keycloak.saml.processing.core.util
org.keycloak.adapters.saml.profile,org.keycloak.saml.processing.web.util
org.keycloak.adapters.saml.profile,org.keycloak.saml.validators
org.keycloak.adapters.saml.profile.ecp,org.keycloak.adapters.saml
org.keycloak.adapters.saml.profile.ecp,org.keycloak.adapters.saml.profile
org.keycloak.adapters.saml.profile.ecp,org.keycloak.adapters.spi
org.keycloak.adapters.saml.profile.ecp,org.keycloak.dom.saml.v2.protocol
org.keycloak.adapters.saml.profile.ecp,org.keycloak.saml
org.keycloak.adapters.saml.profile.ecp,org.keycloak.saml.common.constants
org.keycloak.adapters.saml.profile.ecp,org.keycloak.saml.processing.core.saml.v2.util
org.keycloak.adapters.saml.profile.ecp,org.keycloak.saml.processing.web.util
org.keycloak.adapters.saml.profile.webbrowsersso,org.keycloak.adapters.saml
org.keycloak.adapters.saml.profile.webbrowsersso,org.keycloak.adapters.saml.profile
org.keycloak.adapters.saml.profile.webbrowsersso,org.keycloak.adapters.spi
org.keycloak.adapters.saml.profile.webbrowsersso,org.keycloak.dom.saml.v2.protocol
org.keycloak.adapters.saml.profile.webbrowsersso,org.keycloak.saml
org.keycloak.adapters.saml.profile.webbrowsersso,org.keycloak.saml.common.constants
org.keycloak.adapters.saml.rotation,org.keycloak.adapters.cloned
org.keycloak.adapters.saml.rotation,org.keycloak.common.util
org.keycloak.adapters.saml.rotation,org.keycloak.dom.saml.v2.metadata
org.keycloak.adapters.saml.rotation,org.keycloak.rotation
org.keycloak.adapters.saml.rotation,org.keycloak.saml.processing.api.util
org.keycloak.admin.api,org.keycloak.admin.api.client
org.keycloak.admin.api.client,org.keycloak.admin.api
org.keycloak.admin.api.client,org.keycloak.common.constants
org.keycloak.admin.api.client,org.keycloak.representations.admin.v2
org.keycloak.admin.client,org.keycloak.admin.client.resource
org.keycloak.admin.client,org.keycloak.admin.client.spi
org.keycloak.admin.client,org.keycloak.admin.client.token
org.keycloak.admin.client.jackson3,org.keycloak.admin.client.spi
org.keycloak.admin.client.jackson3,org.keycloak.common.util
org.keycloak.admin.client.jackson3,org.keycloak.json
org.keycloak.admin.client.jackson3,org.keycloak.representations.idm.authorization
org.keycloak.admin.client.resource,org.keycloak.admin.client.token
org.keycloak.admin.client.resource,org.keycloak.representations
org.keycloak.admin.client.resource,org.keycloak.representations.adapters.action
org.keycloak.admin.client.resource,org.keycloak.representations.idm
org.keycloak.admin.client.resource,org.keycloak.representations.idm.authorization
org.keycloak.admin.client.resource,org.keycloak.representations.idm.oid4vc
org.keycloak.admin.client.resource,org.keycloak.representations.info
org.keycloak.admin.client.resource,org.keycloak.representations.userprofile.config
org.keycloak.admin.client.resource,org.keycloak.representations.workflows
org.keycloak.admin.client.resource,org.keycloak.util
org.keycloak.admin.client.spi,org.keycloak.admin.client
org.keycloak.admin.client.token,org.keycloak.admin.client
org.keycloak.admin.client.token,org.keycloak.admin.client.resource
org.keycloak.admin.client.token,org.keycloak.common.util
org.keycloak.admin.client.token,org.keycloak.representations
org.keycloak.admin.internal.openapi,org.keycloak.representations.admin.v2
org.keycloak.admin.internal.openapi,org.keycloak.representations.admin.v2.validation
org.keycloak.admin.internal.openapi,org.keycloak.services.client
org.keycloak.admin.internal.openapi,org.keycloak.services.client.scim
org.keycloak.admin.ui.rest,org.keycloak
org.keycloak.admin.ui.rest,org.keycloak.admin.ui.rest.model
org.keycloak.admin.ui.rest,org.keycloak.authentication
org.keycloak.admin.ui.rest,org.keycloak.authorization.fgap
org.keycloak.admin.ui.rest,org.keycloak.common
org.keycloak.admin.ui.rest,org.keycloak.common.util
org.keycloak.admin.ui.rest,org.keycloak.events
org.keycloak.admin.ui.rest,org.keycloak.events.admin
org.keycloak.admin.ui.rest,org.keycloak.models
org.keycloak.admin.ui.rest,org.keycloak.models.light
org.keycloak.admin.ui.rest,org.keycloak.models.utils
org.keycloak.admin.ui.rest,org.keycloak.provider
org.keycloak.admin.ui.rest,org.keycloak.representations.idm
org.keycloak.admin.ui.rest,org.keycloak.representations.userprofile.config
org.keycloak.admin.ui.rest,org.keycloak.services.resources
org.keycloak.admin.ui.rest,org.keycloak.services.resources.admin
org.keycloak.admin.ui.rest,org.keycloak.services.resources.admin.ext
org.keycloak.admin.ui.rest,org.keycloak.services.resources.admin.fgap
org.keycloak.admin.ui.rest,org.keycloak.storage
org.keycloak.admin.ui.rest,org.keycloak.utils
org.keycloak.admin.ui.rest.model,org.keycloak.events
org.keycloak.admin.ui.rest.model,org.keycloak.models
org.keycloak.admin.ui.rest.model,org.keycloak.representations.idm
org.keycloak.admin.ui.rest.model,org.keycloak.representations.userprofile.config
org.keycloak.admin.ui.rest.model,org.keycloak.services.resources.admin.fgap
org.keycloak.authentication,org.keycloak
org.keycloak.authentication,org.keycloak.authentication.actiontoken
org.keycloak.authentication,org.keycloak.authentication.authenticators.browser
org.keycloak.authentication,org.keycloak.authentication.authenticators.client
org.keycloak.authentication,org.keycloak.authentication.authenticators.conditional
org.keycloak.authentication,org.keycloak.authentication.authenticators.util
org.keycloak.authentication,org.keycloak.common
org.keycloak.authentication,org.keycloak.common.util
org.keycloak.authentication,org.keycloak.common.util.reflections
org.keycloak.authentication,org.keycloak.credential
org.keycloak.authentication,org.keycloak.events
org.keycloak.authentication,org.keycloak.forms.login
org.keycloak.authentication,org.keycloak.http
org.keycloak.authentication,org.keycloak.models
org.keycloak.authentication,org.keycloak.models.light
org.keycloak.authentication,org.keycloak.models.utils
org.keycloak.authentication,org.keycloak.policy
org.keycloak.authentication,org.keycloak.protocol
org.keycloak.authentication,org.keycloak.protocol.oidc
org.keycloak.authentication,org.keycloak.provider
org.keycloak.authentication,org.keycloak.representations.idm
org.keycloak.authentication,org.keycloak.services
org.keycloak.authentication,org.keycloak.services.managers
org.keycloak.authentication,org.keycloak.services.messages
org.keycloak.authentication,org.keycloak.services.resources
org.keycloak.authentication,org.keycloak.services.util
org.keycloak.authentication,org.keycloak.sessions
org.keycloak.authentication,org.keycloak.userprofile
org.keycloak.authentication,org.keycloak.util
org.keycloak.authentication,org.keycloak.utils
org.keycloak.authentication,org.keycloak.validate
org.keycloak.authentication.actiontoken,org.keycloak
org.keycloak.authentication.actiontoken,org.keycloak.authentication
org.keycloak.authentication.actiontoken,org.keycloak.common
org.keycloak.authentication.actiontoken,org.keycloak.events
org.keycloak.authentication.actiontoken,org.keycloak.exceptions
org.keycloak.authentication.actiontoken,org.keycloak.http
org.keycloak.authentication.actiontoken,org.keycloak.models
org.keycloak.authentication.actiontoken,org.keycloak.models.utils
org.keycloak.authentication.actiontoken,org.keycloak.protocol.oidc
org.keycloak.authentication.actiontoken,org.keycloak.provider
org.keycloak.authentication.actiontoken,org.keycloak.representations
org.keycloak.authentication.actiontoken,org.keycloak.services
org.keycloak.authentication.actiontoken,org.keycloak.services.managers
org.keycloak.authentication.actiontoken,org.keycloak.services.messages
org.keycloak.authentication.actiontoken,org.keycloak.sessions
org.keycloak.authentication.actiontoken.execactions,org.keycloak
org.keycloak.authentication.actiontoken.execactions,org.keycloak.authentication
org.keycloak.authentication.actiontoken.execactions,org.keycloak.authentication.actiontoken
org.keycloak.authentication.actiontoken.execactions,org.keycloak.authentication.requiredactions.util
org.keycloak.authentication.actiontoken.execactions,org.keycloak.events
org.keycloak.authentication.actiontoken.execactions,org.keycloak.forms.login
org.keycloak.authentication.actiontoken.execactions,org.keycloak.models
org.keycloak.authentication.actiontoken.execactions,org.keycloak.protocol.oidc
org.keycloak.authentication.actiontoken.execactions,org.keycloak.protocol.oidc.utils
org.keycloak.authentication.actiontoken.execactions,org.keycloak.services
org.keycloak.authentication.actiontoken.execactions,org.keycloak.services.managers
org.keycloak.authentication.actiontoken.execactions,org.keycloak.services.messages
org.keycloak.authentication.actiontoken.execactions,org.keycloak.sessions
org.keycloak.authentication.actiontoken.idpverifyemail,org.keycloak.authentication
org.keycloak.authentication.actiontoken.idpverifyemail,org.keycloak.authentication.actiontoken
org.keycloak.authentication.actiontoken.idpverifyemail,org.keycloak.authentication.authenticators.broker
org.keycloak.authentication.actiontoken.idpverifyemail,org.keycloak.events
org.keycloak.authentication.actiontoken.idpverifyemail,org.keycloak.forms.login
org.keycloak.authentication.actiontoken.idpverifyemail,org.keycloak.models
org.keycloak.authentication.actiontoken.idpverifyemail,org.keycloak.services
org.keycloak.authentication.actiontoken.idpverifyemail,org.keycloak.services.managers
org.keycloak.authentication.actiontoken.idpverifyemail,org.keycloak.services.messages
org.keycloak.authentication.actiontoken.idpverifyemail,org.keycloak.sessions
org.keycloak.authentication.actiontoken.inviteorg,org.keycloak.authentication
org.keycloak.authentication.actiontoken.inviteorg,org.keycloak.authentication.actiontoken
org.keycloak.authentication.actiontoken.inviteorg,org.keycloak.events
org.keycloak.authentication.actiontoken.inviteorg,org.keycloak.forms.login
org.keycloak.authentication.actiontoken.inviteorg,org.keycloak.models
org.keycloak.authentication.actiontoken.inviteorg,org.keycloak.organization
org.keycloak.authentication.actiontoken.inviteorg,org.keycloak.organization.utils
org.keycloak.authentication.actiontoken.inviteorg,org.keycloak.protocol.oidc
org.keycloak.authentication.actiontoken.inviteorg,org.keycloak.protocol.oidc.utils
org.keycloak.authentication.actiontoken.inviteorg,org.keycloak.services
org.keycloak.authentication.actiontoken.inviteorg,org.keycloak.services.managers
org.keycloak.authentication.actiontoken.inviteorg,org.keycloak.services.messages
org.keycloak.authentication.actiontoken.inviteorg,org.keycloak.sessions
org.keycloak.authentication.actiontoken.resetcred,org.keycloak.authentication
org.keycloak.authentication.actiontoken.resetcred,org.keycloak.authentication.actiontoken
org.keycloak.authentication.actiontoken.resetcred,org.keycloak.authentication.authenticators.broker
org.keycloak.authentication.actiontoken.resetcred,org.keycloak.authentication.authenticators.broker.util
org.keycloak.authentication.actiontoken.resetcred,org.keycloak.events
org.keycloak.authentication.actiontoken.resetcred,org.keycloak.models
org.keycloak.authentication.actiontoken.resetcred,org.keycloak.services.messages
org.keycloak.authentication.actiontoken.resetcred,org.keycloak.services.resources
org.keycloak.authentication.actiontoken.updateemail,org.keycloak
org.keycloak.authentication.actiontoken.updateemail,org.keycloak.authentication
org.keycloak.authentication.actiontoken.updateemail,org.keycloak.authentication.actiontoken
org.keycloak.authentication.actiontoken.updateemail,org.keycloak.authentication.requiredactions
org.keycloak.authentication.actiontoken.updateemail,org.keycloak.events
org.keycloak.authentication.actiontoken.updateemail,org.keycloak.forms.login
org.keycloak.authentication.actiontoken.updateemail,org.keycloak.models
org.keycloak.authentication.actiontoken.updateemail,org.keycloak.models.utils
org.keycloak.authentication.actiontoken.updateemail,org.keycloak.services.messages
org.keycloak.authentication.actiontoken.updateemail,org.keycloak.services.validation
org.keycloak.authentication.actiontoken.updateemail,org.keycloak.sessions
org.keycloak.authentication.actiontoken.updateemail,org.keycloak.userprofile
org.keycloak.authentication.actiontoken.verifyemail,org.keycloak.authentication
org.keycloak.authentication.actiontoken.verifyemail,org.keycloak.authentication.actiontoken
org.keycloak.authentication.actiontoken.verifyemail,org.keycloak.events
org.keycloak.authentication.actiontoken.verifyemail,org.keycloak.forms.login
org.keycloak.authentication.actiontoken.verifyemail,org.keycloak.models
org.keycloak.authentication.actiontoken.verifyemail,org.keycloak.protocol.oidc
org.keycloak.authentication.actiontoken.verifyemail,org.keycloak.protocol.oidc.utils
org.keycloak.authentication.actiontoken.verifyemail,org.keycloak.services
org.keycloak.authentication.actiontoken.verifyemail,org.keycloak.services.managers
org.keycloak.authentication.actiontoken.verifyemail,org.keycloak.services.messages
org.keycloak.authentication.actiontoken.verifyemail,org.keycloak.sessions
org.keycloak.authentication.authenticators,org.keycloak.authentication
org.keycloak.authentication.authenticators,org.keycloak.models
org.keycloak.authentication.authenticators.access,org.keycloak
org.keycloak.authentication.authenticators.access,org.keycloak.authentication
org.keycloak.authentication.authenticators.access,org.keycloak.events
org.keycloak.authentication.authenticators.access,org.keycloak.models
org.keycloak.authentication.authenticators.access,org.keycloak.provider
org.keycloak.authentication.authenticators.access,org.keycloak.services.messages
org.keycloak.authentication.authenticators.broker,org.keycloak
org.keycloak.authentication.authenticators.broker,org.keycloak.authentication
org.keycloak.authentication.authenticators.broker,org.keycloak.authentication.actiontoken.idpverifyemail
org.keycloak.authentication.authenticators.broker,org.keycloak.authentication.authenticators.broker.util
org.keycloak.authentication.authenticators.broker,org.keycloak.authentication.authenticators.browser
org.keycloak.authentication.authenticators.broker,org.keycloak.authentication.authenticators.util
org.keycloak.authentication.authenticators.broker,org.keycloak.broker.provider
org.keycloak.authentication.authenticators.broker,org.keycloak.common.util
org.keycloak.authentication.authenticators.broker,org.keycloak.email
org.keycloak.authentication.authenticators.broker,org.keycloak.events
org.keycloak.authentication.authenticators.broker,org.keycloak.forms.login
org.keycloak.authentication.authenticators.broker,org.keycloak.models
org.keycloak.authentication.authenticators.broker,org.keycloak.models.light
org.keycloak.authentication.authenticators.broker,org.keycloak.models.utils
org.keycloak.authentication.authenticators.broker,org.keycloak.provider
org.keycloak.authentication.authenticators.broker,org.keycloak.representations.idm
org.keycloak.authentication.authenticators.broker,org.keycloak.services
org.keycloak.authentication.authenticators.broker,org.keycloak.services.managers
org.keycloak.authentication.authenticators.broker,org.keycloak.services.messages
org.keycloak.authentication.authenticators.broker,org.keycloak.services.validation
org.keycloak.authentication.authenticators.broker,org.keycloak.sessions
org.keycloak.authentication.authenticators.broker,org.keycloak.userprofile
org.keycloak.authentication.authenticators.broker.util,org.keycloak.authentication.requiredactions.util
org.keycloak.authentication.authenticators.broker.util,org.keycloak.broker.provider
org.keycloak.authentication.authenticators.broker.util,org.keycloak.common.util
org.keycloak.authentication.authenticators.broker.util,org.keycloak.common.util.reflections
org.keycloak.authentication.authenticators.broker.util,org.keycloak.models
org.keycloak.authentication.authenticators.broker.util,org.keycloak.services.resources
org.keycloak.authentication.authenticators.broker.util,org.keycloak.sessions
org.keycloak.authentication.authenticators.broker.util,org.keycloak.userprofile
org.keycloak.authentication.authenticators.broker.util,org.keycloak.util
org.keycloak.authentication.authenticators.browser,org.keycloak
org.keycloak.authentication.authenticators.browser,org.keycloak.authentication
org.keycloak.authentication.authenticators.browser,org.keycloak.authentication.authenticators.broker
org.keycloak.authentication.authenticators.browser,org.keycloak.authentication.authenticators.broker.util
org.keycloak.authentication.authenticators.browser,org.keycloak.authentication.authenticators.util
org.keycloak.authentication.authenticators.browser,org.keycloak.authentication.requiredactions
org.keycloak.authentication.authenticators.browser,org.keycloak.cache
org.keycloak.authentication.authenticators.browser,org.keycloak.common
org.keycloak.authentication.authenticators.browser,org.keycloak.common.constants
org.keycloak.authentication.authenticators.browser,org.keycloak.common.util
org.keycloak.authentication.authenticators.browser,org.keycloak.config
org.keycloak.authentication.authenticators.browser,org.keycloak.constants
org.keycloak.authentication.authenticators.browser,org.keycloak.credential
org.keycloak.authentication.authenticators.browser,org.keycloak.deployment
org.keycloak.authentication.authenticators.browser,org.keycloak.events
org.keycloak.authentication.authenticators.browser,org.keycloak.forms.login
org.keycloak.authentication.authenticators.browser,org.keycloak.forms.login.freemarker.model
org.keycloak.authentication.authenticators.browser,org.keycloak.http
org.keycloak.authentication.authenticators.browser,org.keycloak.models
org.keycloak.authentication.authenticators.browser,org.keycloak.models.credential
org.keycloak.authentication.authenticators.browser,org.keycloak.models.utils
org.keycloak.authentication.authenticators.browser,org.keycloak.organization.protocol.mappers.oidc
org.keycloak.authentication.authenticators.browser,org.keycloak.organization.utils
org.keycloak.authentication.authenticators.browser,org.keycloak.protocol
org.keycloak.authentication.authenticators.browser,org.keycloak.protocol.oidc
org.keycloak.authentication.authenticators.browser,org.keycloak.provider
org.keycloak.authentication.authenticators.browser,org.keycloak.representations.idm
org.keycloak.authentication.authenticators.browser,org.keycloak.representations.provider
org.keycloak.authentication.authenticators.browser,org.keycloak.scripting
org.keycloak.authentication.authenticators.browser,org.keycloak.services
org.keycloak.authentication.authenticators.browser,org.keycloak.services.managers
org.keycloak.authentication.authenticators.browser,org.keycloak.services.messages
org.keycloak.authentication.authenticators.browser,org.keycloak.services.validation
org.keycloak.authentication.authenticators.browser,org.keycloak.sessions
org.keycloak.authentication.authenticators.browser,org.keycloak.storage
org.keycloak.authentication.authenticators.browser,org.keycloak.util
org.keycloak.authentication.authenticators.browser,org.keycloak.utils
org.keycloak.authentication.authenticators.client,org.keycloak
org.keycloak.authentication.authenticators.client,org.keycloak.authentication
org.keycloak.authentication.authenticators.client,org.keycloak.authentication.authenticators.x509
org.keycloak.authentication.authenticators.client,org.keycloak.broker.provider
org.keycloak.authentication.authenticators.client,org.keycloak.cache
org.keycloak.authentication.authenticators.client,org.keycloak.common
org.keycloak.authentication.authenticators.client,org.keycloak.common.util
org.keycloak.authentication.authenticators.client,org.keycloak.crypto
org.keycloak.authentication.authenticators.client,org.keycloak.events
org.keycloak.authentication.authenticators.client,org.keycloak.exceptions
org.keycloak.authentication.authenticators.client,org.keycloak.jose.jwk
org.keycloak.authentication.authenticators.client,org.keycloak.jose.jws
org.keycloak.authentication.authenticators.client,org.keycloak.keys.loader
org.keycloak.authentication.authenticators.client,org.keycloak.models
org.keycloak.authentication.authenticators.client,org.keycloak.protocol
org.keycloak.authentication.authenticators.client,org.keycloak.protocol.oidc
org.keycloak.authentication.authenticators.client,org.keycloak.protocol.oidc.grants.ciba
org.keycloak.authentication.authenticators.client,org.keycloak.protocol.oidc.par.endpoints
org.keycloak.authentication.authenticators.client,org.keycloak.protocol.oidc.representations
org.keycloak.authentication.authenticators.client,org.keycloak.provider
org.keycloak.authentication.authenticators.client,org.keycloak.representations
org.keycloak.authentication.authenticators.client,org.keycloak.representations.idm
org.keycloak.authentication.authenticators.client,org.keycloak.saml
org.keycloak.authentication.authenticators.client,org.keycloak.services
org.keycloak.authentication.authenticators.client,org.keycloak.services.resources
org.keycloak.authentication.authenticators.client,org.keycloak.services.x509
org.keycloak.authentication.authenticators.client,org.keycloak.util
org.keycloak.authentication.authenticators.client,org.keycloak.utils
org.keycloak.authentication.authenticators.client,org.keycloak.wellknown
org.keycloak.authentication.authenticators.conditional,org.keycloak
org.keycloak.authentication.authenticators.conditional,org.keycloak.authentication
org.keycloak.authentication.authenticators.conditional,org.keycloak.authentication.authenticators.util
org.keycloak.authentication.authenticators.conditional,org.keycloak.common
org.keycloak.authentication.authenticators.conditional,org.keycloak.credential
org.keycloak.authentication.authenticators.conditional,org.keycloak.models
org.keycloak.authentication.authenticators.conditional,org.keycloak.models.utils
org.keycloak.authentication.authenticators.conditional,org.keycloak.protocol.oidc
org.keycloak.authentication.authenticators.conditional,org.keycloak.provider
org.keycloak.authentication.authenticators.conditional,org.keycloak.services.messages
org.keycloak.authentication.authenticators.conditional,org.keycloak.sessions
org.keycloak.authentication.authenticators.directgrant,org.keycloak
org.keycloak.authentication.authenticators.directgrant,org.keycloak.authentication
org.keycloak.authentication.authenticators.directgrant,org.keycloak.authentication.authenticators.browser
org.keycloak.authentication.authenticators.directgrant,org.keycloak.authentication.authenticators.util
org.keycloak.authentication.authenticators.directgrant,org.keycloak.credential
org.keycloak.authentication.authenticators.directgrant,org.keycloak.events
org.keycloak.authentication.authenticators.directgrant,org.keycloak.models
org.keycloak.authentication.authenticators.directgrant,org.keycloak.models.credential
org.keycloak.authentication.authenticators.directgrant,org.keycloak.models.utils
org.keycloak.authentication.authenticators.directgrant,org.keycloak.provider
org.keycloak.authentication.authenticators.directgrant,org.keycloak.representations.idm
org.keycloak.authentication.authenticators.directgrant,org.keycloak.services
org.keycloak.authentication.authenticators.directgrant,org.keycloak.services.managers
org.keycloak.authentication.authenticators.resetcred,org.keycloak
org.keycloak.authentication.authenticators.resetcred,org.keycloak.authentication
org.keycloak.authentication.authenticators.resetcred,org.keycloak.authentication.actiontoken.resetcred
org.keycloak.authentication.authenticators.resetcred,org.keycloak.authentication.authenticators.broker
org.keycloak.authentication.authenticators.resetcred,org.keycloak.authentication.authenticators.browser
org.keycloak.authentication.authenticators.resetcred,org.keycloak.authentication.authenticators.util
org.keycloak.authentication.authenticators.resetcred,org.keycloak.common.util
org.keycloak.authentication.authenticators.resetcred,org.keycloak.credential
org.keycloak.authentication.authenticators.resetcred,org.keycloak.email
org.keycloak.authentication.authenticators.resetcred,org.keycloak.events
org.keycloak.authentication.authenticators.resetcred,org.keycloak.models
org.keycloak.authentication.authenticators.resetcred,org.keycloak.models.credential
org.keycloak.authentication.authenticators.resetcred,org.keycloak.models.utils
org.keycloak.authentication.authenticators.resetcred,org.keycloak.provider
org.keycloak.authentication.authenticators.resetcred,org.keycloak.services
org.keycloak.authentication.authenticators.resetcred,org.keycloak.services.managers
org.keycloak.authentication.authenticators.resetcred,org.keycloak.services.messages
org.keycloak.authentication.authenticators.resetcred,org.keycloak.services.validation
org.keycloak.authentication.authenticators.resetcred,org.keycloak.sessions
org.keycloak.authentication.authenticators.resetcred,org.keycloak.storage
org.keycloak.authentication.authenticators.sessionlimits,org.keycloak
org.keycloak.authentication.authenticators.sessionlimits,org.keycloak.authentication
org.keycloak.authentication.authenticators.sessionlimits,org.keycloak.events
org.keycloak.authentication.authenticators.sessionlimits,org.keycloak.models
org.keycloak.authentication.authenticators.sessionlimits,org.keycloak.provider
org.keycloak.authentication.authenticators.sessionlimits,org.keycloak.services.managers
org.keycloak.authentication.authenticators.sessionlimits,org.keycloak.utils
org.keycloak.authentication.authenticators.util,org.keycloak.authentication
org.keycloak.authentication.authenticators.util,org.keycloak.authentication.authenticators.conditional
org.keycloak.authentication.authenticators.util,org.keycloak.common.util
org.keycloak.authentication.authenticators.util,org.keycloak.credential
org.keycloak.authentication.authenticators.util,org.keycloak.credential.hash
org.keycloak.authentication.authenticators.util,org.keycloak.events
org.keycloak.authentication.authenticators.util,org.keycloak.forms.login
org.keycloak.authentication.authenticators.util,org.keycloak.models
org.keycloak.authentication.authenticators.util,org.keycloak.models.cache
org.keycloak.authentication.authenticators.util,org.keycloak.services.managers
org.keycloak.authentication.authenticators.util,org.keycloak.services.validation
org.keycloak.authentication.authenticators.util,org.keycloak.sessions
org.keycloak.authentication.authenticators.util,org.keycloak.util
org.keycloak.authentication.authenticators.x509,org.keycloak
org.keycloak.authentication.authenticators.x509,org.keycloak.authentication
org.keycloak.authentication.authenticators.x509,org.keycloak.authentication.authenticators.browser
org.keycloak.authentication.authenticators.x509,org.keycloak.common.crypto
org.keycloak.authentication.authenticators.x509,org.keycloak.common.util
org.keycloak.authentication.authenticators.x509,org.keycloak.connections.httpclient
org.keycloak.authentication.authenticators.x509,org.keycloak.crl
org.keycloak.authentication.authenticators.x509,org.keycloak.crypto
org.keycloak.authentication.authenticators.x509,org.keycloak.events
org.keycloak.authentication.authenticators.x509,org.keycloak.forms.login
org.keycloak.authentication.authenticators.x509,org.keycloak.jose.jws.crypto
org.keycloak.authentication.authenticators.x509,org.keycloak.models
org.keycloak.authentication.authenticators.x509,org.keycloak.models.utils
org.keycloak.authentication.authenticators.x509,org.keycloak.provider
org.keycloak.authentication.authenticators.x509,org.keycloak.services
org.keycloak.authentication.authenticators.x509,org.keycloak.services.x509
org.keycloak.authentication.authenticators.x509,org.keycloak.truststore
org.keycloak.authentication.authenticators.x509,org.keycloak.utils
org.keycloak.authentication.forms,org.keycloak
org.keycloak.authentication.forms,org.keycloak.authentication
org.keycloak.authentication.forms,org.keycloak.authentication.actiontoken.inviteorg
org.keycloak.authentication.forms,org.keycloak.authentication.requiredactions
org.keycloak.authentication.forms,org.keycloak.common
org.keycloak.authentication.forms,org.keycloak.common.util
org.keycloak.authentication.forms,org.keycloak.connections.httpclient
org.keycloak.authentication.forms,org.keycloak.events
org.keycloak.authentication.forms,org.keycloak.forms.login
org.keycloak.authentication.forms,org.keycloak.models
org.keycloak.authentication.forms,org.keycloak.models.credential
org.keycloak.authentication.forms,org.keycloak.models.utils
org.keycloak.authentication.forms,org.keycloak.organization
org.keycloak.authentication.forms,org.keycloak.organization.utils
org.keycloak.authentication.forms,org.keycloak.policy
org.keycloak.authentication.forms,org.keycloak.protocol.oidc
org.keycloak.authentication.forms,org.keycloak.provider
org.keycloak.authentication.forms,org.keycloak.services
org.keycloak.authentication.forms,org.keycloak.services.messages
org.keycloak.authentication.forms,org.keycloak.services.validation
org.keycloak.authentication.forms,org.keycloak.userprofile
org.keycloak.authentication.forms,org.keycloak.util
org.keycloak.authentication.forms,org.keycloak.utils
org.keycloak.authentication.jpa,org.keycloak
org.keycloak.authentication.jpa,org.keycloak.common
org.keycloak.authentication.jpa,org.keycloak.common.util
org.keycloak.authentication.jpa,org.keycloak.config
org.keycloak.authentication.jpa,org.keycloak.connections.jpa
org.keycloak.authentication.jpa,org.keycloak.connections.jpa.support
org.keycloak.authentication.jpa,org.keycloak.expiration.jpa
org.keycloak.authentication.jpa,org.keycloak.models
org.keycloak.authentication.jpa,org.keycloak.models.light
org.keycloak.authentication.jpa,org.keycloak.models.utils
org.keycloak.authentication.jpa,org.keycloak.provider
org.keycloak.authentication.jpa,org.keycloak.sessions
org.keycloak.authentication.jpa,org.keycloak.util
org.keycloak.authentication.otp,org.keycloak
org.keycloak.authentication.otp,org.keycloak.models
org.keycloak.authentication.otp,org.keycloak.provider
org.keycloak.authentication.requiredactions,org.keycloak
org.keycloak.authentication.requiredactions,org.keycloak.authentication
org.keycloak.authentication.requiredactions,org.keycloak.authentication.actiontoken.updateemail
org.keycloak.authentication.requiredactions,org.keycloak.authentication.actiontoken.verifyemail
org.keycloak.authentication.requiredactions,org.keycloak.authentication.authenticators.browser
org.keycloak.authentication.requiredactions,org.keycloak.authentication.authenticators.util
org.keycloak.authentication.requiredactions,org.keycloak.authentication.requiredactions.util
org.keycloak.authentication.requiredactions,org.keycloak.common
org.keycloak.authentication.requiredactions,org.keycloak.common.util
org.keycloak.authentication.requiredactions,org.keycloak.component
org.keycloak.authentication.requiredactions,org.keycloak.cookie
org.keycloak.authentication.requiredactions,org.keycloak.credential
org.keycloak.authentication.requiredactions,org.keycloak.crypto
org.keycloak.authentication.requiredactions,org.keycloak.email
org.keycloak.authentication.requiredactions,org.keycloak.events
org.keycloak.authentication.requiredactions,org.keycloak.forms.login
org.keycloak.authentication.requiredactions,org.keycloak.forms.login.freemarker
org.keycloak.authentication.requiredactions,org.keycloak.http
org.keycloak.authentication.requiredactions,org.keycloak.locale
org.keycloak.authentication.requiredactions,org.keycloak.models
org.keycloak.authentication.requiredactions,org.keycloak.models.credential
org.keycloak.authentication.requiredactions,org.keycloak.models.utils
org.keycloak.authentication.requiredactions,org.keycloak.policy
org.keycloak.authentication.requiredactions,org.keycloak.protocol
org.keycloak.authentication.requiredactions,org.keycloak.provider
org.keycloak.authentication.requiredactions,org.keycloak.services
org.keycloak.authentication.requiredactions,org.keycloak.services.managers
org.keycloak.authentication.requiredactions,org.keycloak.services.messages
org.keycloak.authentication.requiredactions,org.keycloak.services.validation
org.keycloak.authentication.requiredactions,org.keycloak.sessions
org.keycloak.authentication.requiredactions,org.keycloak.storage
org.keycloak.authentication.requiredactions,org.keycloak.truststore
org.keycloak.authentication.requiredactions,org.keycloak.userprofile
org.keycloak.authentication.requiredactions,org.keycloak.utils
org.keycloak.authentication.requiredactions,org.keycloak.validate
org.keycloak.authentication.requiredactions.util,org.keycloak.authentication
org.keycloak.authentication.requiredactions.util,org.keycloak.authentication.authenticators.util
org.keycloak.authentication.requiredactions.util,org.keycloak.authentication.requiredactions
org.keycloak.authentication.requiredactions.util,org.keycloak.common.util
org.keycloak.authentication.requiredactions.util,org.keycloak.credential
org.keycloak.authentication.requiredactions.util,org.keycloak.models
org.keycloak.authentication.requiredactions.util,org.keycloak.models.utils
org.keycloak.authentication.requiredactions.util,org.keycloak.provider
org.keycloak.authentication.requiredactions.util,org.keycloak.userprofile
org.keycloak.authorization,org.keycloak
org.keycloak.authorization,org.keycloak.authorization.fgap
org.keycloak.authorization,org.keycloak.authorization.model
org.keycloak.authorization,org.keycloak.authorization.permission
org.keycloak.authorization,org.keycloak.authorization.permission.evaluator
org.keycloak.authorization,org.keycloak.authorization.policy.evaluation
org.keycloak.authorization,org.keycloak.authorization.policy.provider
org.keycloak.authorization,org.keycloak.authorization.protection
org.keycloak.authorization,org.keycloak.authorization.store
org.keycloak.authorization,org.keycloak.common
org.keycloak.authorization,org.keycloak.models
org.keycloak.authorization,org.keycloak.models.cache.authorization
org.keycloak.authorization,org.keycloak.models.utils
org.keycloak.authorization,org.keycloak.provider
org.keycloak.authorization,org.keycloak.representations.idm.authorization
org.keycloak.authorization.admin,org.keycloak
org.keycloak.authorization.admin,org.keycloak.authorization
org.keycloak.authorization.admin,org.keycloak.authorization.admin.representation
org.keycloak.authorization.admin,org.keycloak.authorization.attribute
org.keycloak.authorization.admin,org.keycloak.authorization.common
org.keycloak.authorization.admin,org.keycloak.authorization.fgap
org.keycloak.authorization.admin,org.keycloak.authorization.model
org.keycloak.authorization.admin,org.keycloak.authorization.permission
org.keycloak.authorization.admin,org.keycloak.authorization.policy.evaluation
org.keycloak.authorization.admin,org.keycloak.authorization.policy.provider
org.keycloak.authorization.admin,org.keycloak.authorization.store
org.keycloak.authorization.admin,org.keycloak.common.util
org.keycloak.authorization.admin,org.keycloak.events.admin
org.keycloak.authorization.admin,org.keycloak.models
org.keycloak.authorization.admin,org.keycloak.models.utils
org.keycloak.authorization.admin,org.keycloak.protocol.oidc
org.keycloak.authorization.admin,org.keycloak.representations
org.keycloak.authorization.admin,org.keycloak.representations.idm.authorization
org.keycloak.authorization.admin,org.keycloak.services
org.keycloak.authorization.admin,org.keycloak.services.managers
org.keycloak.authorization.admin,org.keycloak.services.resources
org.keycloak.authorization.admin,org.keycloak.services.resources.admin
org.keycloak.authorization.admin,org.keycloak.services.resources.admin.fgap
org.keycloak.authorization.admin,org.keycloak.sessions
org.keycloak.authorization.admin,org.keycloak.util
org.keycloak.authorization.admin,org.keycloak.utils
org.keycloak.authorization.admin.representation,org.keycloak.authorization
org.keycloak.authorization.admin.representation,org.keycloak.authorization.common
org.keycloak.authorization.admin.representation,org.keycloak.authorization.fgap
org.keycloak.authorization.admin.representation,org.keycloak.authorization.model
org.keycloak.authorization.admin.representation,org.keycloak.authorization.policy.evaluation
org.keycloak.authorization.admin.representation,org.keycloak.models
org.keycloak.authorization.admin.representation,org.keycloak.models.utils
org.keycloak.authorization.admin.representation,org.keycloak.representations
org.keycloak.authorization.admin.representation,org.keycloak.representations.idm.authorization
org.keycloak.authorization.authorization,org.keycloak
org.keycloak.authorization.authorization,org.keycloak.authorization
org.keycloak.authorization.authorization,org.keycloak.authorization.common
org.keycloak.authorization.authorization,org.keycloak.authorization.identity
org.keycloak.authorization.authorization,org.keycloak.authorization.model
org.keycloak.authorization.authorization,org.keycloak.authorization.permission
org.keycloak.authorization.authorization,org.keycloak.authorization.policy.evaluation
org.keycloak.authorization.authorization,org.keycloak.authorization.store
org.keycloak.authorization.authorization,org.keycloak.authorization.util
org.keycloak.authorization.authorization,org.keycloak.common
org.keycloak.authorization.authorization,org.keycloak.common.constants
org.keycloak.authorization.authorization,org.keycloak.common.util
org.keycloak.authorization.authorization,org.keycloak.events
org.keycloak.authorization.authorization,org.keycloak.http
org.keycloak.authorization.authorization,org.keycloak.models
org.keycloak.authorization.authorization,org.keycloak.models.utils
org.keycloak.authorization.authorization,org.keycloak.protocol.oidc
org.keycloak.authorization.authorization,org.keycloak.representations
org.keycloak.authorization.authorization,org.keycloak.representations.idm.authorization
org.keycloak.authorization.authorization,org.keycloak.services
org.keycloak.authorization.authorization,org.keycloak.services.cors
org.keycloak.authorization.authorization,org.keycloak.services.managers
org.keycloak.authorization.authorization,org.keycloak.services.util
org.keycloak.authorization.authorization,org.keycloak.sessions
org.keycloak.authorization.authorization,org.keycloak.util
org.keycloak.authorization.authzen,org.keycloak
org.keycloak.authorization.authzen,org.keycloak.authorization
org.keycloak.authorization.authzen,org.keycloak.authorization.attribute
org.keycloak.authorization.authzen,org.keycloak.authorization.common
org.keycloak.authorization.authzen,org.keycloak.authorization.identity
org.keycloak.authorization.authzen,org.keycloak.authorization.model
org.keycloak.authorization.authzen,org.keycloak.authorization.permission
org.keycloak.authorization.authzen,org.keycloak.authorization.store
org.keycloak.authorization.authzen,org.keycloak.common
org.keycloak.authorization.authzen,org.keycloak.common.constants
org.keycloak.authorization.authzen,org.keycloak.models
org.keycloak.authorization.authzen,org.keycloak.provider
org.keycloak.authorization.authzen,org.keycloak.representations
org.keycloak.authorization.authzen,org.keycloak.representations.idm.authorization
org.keycloak.authorization.authzen,org.keycloak.services
org.keycloak.authorization.authzen,org.keycloak.services.managers
org.keycloak.authorization.authzen,org.keycloak.services.resource
org.keycloak.authorization.authzen,org.keycloak.urls
org.keycloak.authorization.authzen,org.keycloak.util
org.keycloak.authorization.authzen,org.keycloak.wellknown
org.keycloak.authorization.client,org.keycloak
org.keycloak.authorization.client,org.keycloak.authorization.client.representation
org.keycloak.authorization.client,org.keycloak.authorization.client.resource
org.keycloak.authorization.client,org.keycloak.authorization.client.util
org.keycloak.authorization.client,org.keycloak.common.crypto
org.keycloak.authorization.client,org.keycloak.common.util
org.keycloak.authorization.client,org.keycloak.protocol.oidc.client.authentication
org.keycloak.authorization.client,org.keycloak.representations
org.keycloak.authorization.client,org.keycloak.representations.adapters.config
org.keycloak.authorization.client.representation,org.keycloak.representations
org.keycloak.authorization.client.representation,org.keycloak.representations.idm.authorization
org.keycloak.authorization.client.resource,org.keycloak.authorization.client
org.keycloak.authorization.client.resource,org.keycloak.authorization.client.representation
org.keycloak.authorization.client.resource,org.keycloak.authorization.client.util
org.keycloak.authorization.client.resource,org.keycloak.representations.idm.authorization
org.keycloak.authorization.client.resource,org.keycloak.util
org.keycloak.authorization.client.util,org.keycloak
org.keycloak.authorization.client.util,org.keycloak.authorization.client
org.keycloak.authorization.client.util,org.keycloak.authorization.client.representation
org.keycloak.authorization.client.util,org.keycloak.common.util
org.keycloak.authorization.client.util,org.keycloak.jose.jws
org.keycloak.authorization.client.util,org.keycloak.protocol.oidc.client.authentication
org.keycloak.authorization.client.util,org.keycloak.representations
org.keycloak.authorization.client.util,org.keycloak.representations.idm.authorization
org.keycloak.authorization.client.util,org.keycloak.util
org.keycloak.authorization.client.util.crypto,org.keycloak.common.crypto
org.keycloak.authorization.client.util.crypto,org.keycloak.common.util
org.keycloak.authorization.common,org.keycloak
org.keycloak.authorization.common,org.keycloak.authorization
org.keycloak.authorization.common,org.keycloak.authorization.attribute
org.keycloak.authorization.common,org.keycloak.authorization.identity
org.keycloak.authorization.common,org.keycloak.authorization.policy.evaluation
org.keycloak.authorization.common,org.keycloak.authorization.store
org.keycloak.authorization.common,org.keycloak.authorization.util
org.keycloak.authorization.common,org.keycloak.common.util
org.keycloak.authorization.common,org.keycloak.models
org.keycloak.authorization.common,org.keycloak.models.utils
org.keycloak.authorization.common,org.keycloak.protocol.oidc
org.keycloak.authorization.common,org.keycloak.representations
org.keycloak.authorization.common,org.keycloak.saml.common.util
org.keycloak.authorization.common,org.keycloak.services
org.keycloak.authorization.common,org.keycloak.services.managers
org.keycloak.authorization.common,org.keycloak.services.util
org.keycloak.authorization.common,org.keycloak.util
org.keycloak.authorization.config,org.keycloak
org.keycloak.authorization.config,org.keycloak.authorization
org.keycloak.authorization.config,org.keycloak.authorization.protection
org.keycloak.authorization.config,org.keycloak.models
org.keycloak.authorization.config,org.keycloak.protocol.oidc
org.keycloak.authorization.config,org.keycloak.protocol.oidc.representations
org.keycloak.authorization.config,org.keycloak.services.resources
org.keycloak.authorization.config,org.keycloak.urls
org.keycloak.authorization.config,org.keycloak.wellknown
org.keycloak.authorization.fgap,org.keycloak.authorization
org.keycloak.authorization.fgap,org.keycloak.authorization.fgap.evaluation
org.keycloak.authorization.fgap,org.keycloak.authorization.fgap.evaluation.partial
org.keycloak.authorization.fgap,org.keycloak.authorization.model
org.keycloak.authorization.fgap,org.keycloak.authorization.policy.evaluation
org.keycloak.authorization.fgap,org.keycloak.authorization.store
org.keycloak.authorization.fgap,org.keycloak.common
org.keycloak.authorization.fgap,org.keycloak.models
org.keycloak.authorization.fgap,org.keycloak.models.utils
org.keycloak.authorization.fgap,org.keycloak.organization
org.keycloak.authorization.fgap,org.keycloak.provider
org.keycloak.authorization.fgap,org.keycloak.representations.idm.authorization
org.keycloak.authorization.fgap.evaluation,org.keycloak.authorization
org.keycloak.authorization.fgap.evaluation,org.keycloak.authorization.fgap.evaluation.partial
org.keycloak.authorization.fgap.evaluation,org.keycloak.authorization.model
org.keycloak.authorization.fgap.evaluation,org.keycloak.authorization.permission
org.keycloak.authorization.fgap.evaluation,org.keycloak.authorization.policy.evaluation
org.keycloak.authorization.fgap.evaluation,org.keycloak.authorization.store
org.keycloak.authorization.fgap.evaluation.partial,org.keycloak
org.keycloak.authorization.fgap.evaluation.partial,org.keycloak.authorization
org.keycloak.authorization.fgap.evaluation.partial,org.keycloak.authorization.fgap
org.keycloak.authorization.fgap.evaluation.partial,org.keycloak.authorization.model
org.keycloak.authorization.fgap.evaluation.partial,org.keycloak.authorization.permission
org.keycloak.authorization.fgap.evaluation.partial,org.keycloak.authorization.policy.provider
org.keycloak.authorization.fgap.evaluation.partial,org.keycloak.authorization.store
org.keycloak.authorization.fgap.evaluation.partial,org.keycloak.common
org.keycloak.authorization.fgap.evaluation.partial,org.keycloak.models
org.keycloak.authorization.fgap.evaluation.partial,org.keycloak.provider
org.keycloak.authorization.fgap.evaluation.partial,org.keycloak.representations.idm.authorization
org.keycloak.authorization.identity,org.keycloak.authorization.attribute
org.keycloak.authorization.identity,org.keycloak.models
org.keycloak.authorization.jpa.entities,org.keycloak.representations.idm.authorization
org.keycloak.authorization.jpa.store,org.keycloak
org.keycloak.authorization.jpa.store,org.keycloak.authorization
org.keycloak.authorization.jpa.store,org.keycloak.authorization.fgap
org.keycloak.authorization.jpa.store,org.keycloak.authorization.jpa.entities
org.keycloak.authorization.jpa.store,org.keycloak.authorization.model
org.keycloak.authorization.jpa.store,org.keycloak.authorization.store
org.keycloak.authorization.jpa.store,org.keycloak.common.util
org.keycloak.authorization.jpa.store,org.keycloak.connections.jpa
org.keycloak.authorization.jpa.store,org.keycloak.models
org.keycloak.authorization.jpa.store,org.keycloak.models.jpa
org.keycloak.authorization.jpa.store,org.keycloak.models.utils
org.keycloak.authorization.jpa.store,org.keycloak.representations.idm.authorization
org.keycloak.authorization.jpa.store,org.keycloak.storage
org.keycloak.authorization.model,org.keycloak.authorization.store
org.keycloak.authorization.model,org.keycloak.representations.idm.authorization
org.keycloak.authorization.permission,org.keycloak.authorization
org.keycloak.authorization.permission,org.keycloak.authorization.identity
org.keycloak.authorization.permission,org.keycloak.authorization.model
org.keycloak.authorization.permission,org.keycloak.authorization.store
org.keycloak.authorization.permission,org.keycloak.representations.idm.authorization
org.keycloak.authorization.permission.evaluator,org.keycloak.authorization
org.keycloak.authorization.permission.evaluator,org.keycloak.authorization.model
org.keycloak.authorization.permission.evaluator,org.keycloak.authorization.permission
org.keycloak.authorization.permission.evaluator,org.keycloak.authorization.policy.evaluation
org.keycloak.authorization.permission.evaluator,org.keycloak.authorization.store
org.keycloak.authorization.permission.evaluator,org.keycloak.representations.idm.authorization
org.keycloak.authorization.policy.evaluation,org.keycloak.authorization
org.keycloak.authorization.policy.evaluation,org.keycloak.authorization.attribute
org.keycloak.authorization.policy.evaluation,org.keycloak.authorization.identity
org.keycloak.authorization.policy.evaluation,org.keycloak.authorization.model
org.keycloak.authorization.policy.evaluation,org.keycloak.authorization.permission
org.keycloak.authorization.policy.evaluation,org.keycloak.authorization.policy.provider
org.keycloak.authorization.policy.evaluation,org.keycloak.authorization.store
org.keycloak.authorization.policy.evaluation,org.keycloak.models
org.keycloak.authorization.policy.evaluation,org.keycloak.models.utils
org.keycloak.authorization.policy.evaluation,org.keycloak.representations.idm.authorization
org.keycloak.authorization.policy.provider,org.keycloak.authorization
org.keycloak.authorization.policy.provider,org.keycloak.authorization.model
org.keycloak.authorization.policy.provider,org.keycloak.authorization.policy.evaluation
org.keycloak.authorization.policy.provider,org.keycloak.common
org.keycloak.authorization.policy.provider,org.keycloak.provider
org.keycloak.authorization.policy.provider,org.keycloak.representations.idm.authorization
org.keycloak.authorization.policy.provider.aggregated,org.keycloak
org.keycloak.authorization.policy.provider.aggregated,org.keycloak.authorization
org.keycloak.authorization.policy.provider.aggregated,org.keycloak.authorization.fgap.evaluation.partial
org.keycloak.authorization.policy.provider.aggregated,org.keycloak.authorization.model
org.keycloak.authorization.policy.provider.aggregated,org.keycloak.authorization.permission
org.keycloak.authorization.policy.provider.aggregated,org.keycloak.authorization.policy.evaluation
org.keycloak.authorization.policy.provider.aggregated,org.keycloak.authorization.policy.provider
org.keycloak.authorization.policy.provider.aggregated,org.keycloak.authorization.store
org.keycloak.authorization.policy.provider.aggregated,org.keycloak.models
org.keycloak.authorization.policy.provider.aggregated,org.keycloak.representations.idm.authorization
org.keycloak.authorization.policy.provider.client,org.keycloak
org.keycloak.authorization.policy.provider.client,org.keycloak.authorization
org.keycloak.authorization.policy.provider.client,org.keycloak.authorization.model
org.keycloak.authorization.policy.provider.client,org.keycloak.authorization.policy.evaluation
org.keycloak.authorization.policy.provider.client,org.keycloak.authorization.policy.provider
org.keycloak.authorization.policy.provider.client,org.keycloak.authorization.store
org.keycloak.authorization.policy.provider.client,org.keycloak.models
org.keycloak.authorization.policy.provider.client,org.keycloak.representations.idm.authorization
org.keycloak.authorization.policy.provider.client,org.keycloak.util
org.keycloak.authorization.policy.provider.clientscope,org.keycloak.authorization
org.keycloak.authorization.policy.provider.clientscope,org.keycloak.authorization.identity
org.keycloak.authorization.policy.provider.clientscope,org.keycloak.authorization.model
org.keycloak.authorization.policy.provider.clientscope,org.keycloak.authorization.policy.evaluation
org.keycloak.authorization.policy.provider.clientscope,org.keycloak.authorization.policy.provider
org.keycloak.authorization.policy.provider.clientscope,org.keycloak.authorization.store
org.keycloak.authorization.policy.provider.clientscope,org.keycloak.models
org.keycloak.authorization.policy.provider.clientscope,org.keycloak.representations.idm.authorization
org.keycloak.authorization.policy.provider.clientscope,org.keycloak.util
org.keycloak.authorization.policy.provider.group,org.keycloak
org.keycloak.authorization.policy.provider.group,org.keycloak.authorization
org.keycloak.authorization.policy.provider.group,org.keycloak.authorization.attribute
org.keycloak.authorization.policy.provider.group,org.keycloak.authorization.fgap.evaluation.partial
org.keycloak.authorization.policy.provider.group,org.keycloak.authorization.model
org.keycloak.authorization.policy.provider.group,org.keycloak.authorization.policy.evaluation
org.keycloak.authorization.policy.provider.group,org.keycloak.authorization.policy.provider
org.keycloak.authorization.policy.provider.group,org.keycloak.authorization.store
org.keycloak.authorization.policy.provider.group,org.keycloak.models
org.keycloak.authorization.policy.provider.group,org.keycloak.models.utils
org.keycloak.authorization.policy.provider.group,org.keycloak.representations.idm.authorization
org.keycloak.authorization.policy.provider.group,org.keycloak.util
org.keycloak.authorization.policy.provider.js,org.keycloak
org.keycloak.authorization.policy.provider.js,org.keycloak.authorization
org.keycloak.authorization.policy.provider.js,org.keycloak.authorization.model
org.keycloak.authorization.policy.provider.js,org.keycloak.authorization.policy.evaluation
org.keycloak.authorization.policy.provider.js,org.keycloak.authorization.policy.provider
org.keycloak.authorization.policy.provider.js,org.keycloak.common
org.keycloak.authorization.policy.provider.js,org.keycloak.models
org.keycloak.authorization.policy.provider.js,org.keycloak.provider
org.keycloak.authorization.policy.provider.js,org.keycloak.representations.idm.authorization
org.keycloak.authorization.policy.provider.js,org.keycloak.representations.provider
org.keycloak.authorization.policy.provider.js,org.keycloak.scripting
org.keycloak.authorization.policy.provider.permission,org.keycloak
org.keycloak.authorization.policy.provider.permission,org.keycloak.authorization
org.keycloak.authorization.policy.provider.permission,org.keycloak.authorization.fgap
org.keycloak.authorization.policy.provider.permission,org.keycloak.authorization.identity
org.keycloak.authorization.policy.provider.permission,org.keycloak.authorization.model
org.keycloak.authorization.policy.provider.permission,org.keycloak.authorization.permission
org.keycloak.authorization.policy.provider.permission,org.keycloak.authorization.policy.evaluation
org.keycloak.authorization.policy.provider.permission,org.keycloak.authorization.policy.provider
org.keycloak.authorization.policy.provider.permission,org.keycloak.authorization.store
org.keycloak.authorization.policy.provider.permission,org.keycloak.models
org.keycloak.authorization.policy.provider.permission,org.keycloak.models.utils
org.keycloak.authorization.policy.provider.permission,org.keycloak.representations.idm.authorization
org.keycloak.authorization.policy.provider.regex,org.keycloak.authorization
org.keycloak.authorization.policy.provider.regex,org.keycloak.authorization.attribute
org.keycloak.authorization.policy.provider.regex,org.keycloak.authorization.model
org.keycloak.authorization.policy.provider.regex,org.keycloak.authorization.policy.evaluation
org.keycloak.authorization.policy.provider.regex,org.keycloak.authorization.policy.provider
org.keycloak.authorization.policy.provider.regex,org.keycloak.models
org.keycloak.authorization.policy.provider.regex,org.keycloak.representations.idm.authorization
org.keycloak.authorization.policy.provider.regex,org.keycloak.util
org.keycloak.authorization.policy.provider.role,org.keycloak
org.keycloak.authorization.policy.provider.role,org.keycloak.authorization
org.keycloak.authorization.policy.provider.role,org.keycloak.authorization.fgap.evaluation.partial
org.keycloak.authorization.policy.provider.role,org.keycloak.authorization.identity
org.keycloak.authorization.policy.provider.role,org.keycloak.authorization.model
org.keycloak.authorization.policy.provider.role,org.keycloak.authorization.policy.evaluation
org.keycloak.authorization.policy.provider.role,org.keycloak.authorization.policy.provider
org.keycloak.authorization.policy.provider.role,org.keycloak.authorization.policy.provider.util
org.keycloak.authorization.policy.provider.role,org.keycloak.authorization.store
org.keycloak.authorization.policy.provider.role,org.keycloak.models
org.keycloak.authorization.policy.provider.role,org.keycloak.representations
org.keycloak.authorization.policy.provider.role,org.keycloak.representations.idm.authorization
org.keycloak.authorization.policy.provider.role,org.keycloak.util
org.keycloak.authorization.policy.provider.role,org.keycloak.utils
org.keycloak.authorization.policy.provider.time,org.keycloak
org.keycloak.authorization.policy.provider.time,org.keycloak.authorization
org.keycloak.authorization.policy.provider.time,org.keycloak.authorization.attribute
org.keycloak.authorization.policy.provider.time,org.keycloak.authorization.model
org.keycloak.authorization.policy.provider.time,org.keycloak.authorization.policy.evaluation
org.keycloak.authorization.policy.provider.time,org.keycloak.authorization.policy.provider
org.keycloak.authorization.policy.provider.time,org.keycloak.authorization.policy.provider.util
org.keycloak.authorization.policy.provider.time,org.keycloak.models
org.keycloak.authorization.policy.provider.time,org.keycloak.representations.idm.authorization
org.keycloak.authorization.policy.provider.user,org.keycloak
org.keycloak.authorization.policy.provider.user,org.keycloak.authorization
org.keycloak.authorization.policy.provider.user,org.keycloak.authorization.fgap.evaluation.partial
org.keycloak.authorization.policy.provider.user,org.keycloak.authorization.model
org.keycloak.authorization.policy.provider.user,org.keycloak.authorization.policy.evaluation
org.keycloak.authorization.policy.provider.user,org.keycloak.authorization.policy.provider
org.keycloak.authorization.policy.provider.user,org.keycloak.authorization.store
org.keycloak.authorization.policy.provider.user,org.keycloak.models
org.keycloak.authorization.policy.provider.user,org.keycloak.representations.idm.authorization
org.keycloak.authorization.policy.provider.user,org.keycloak.util
org.keycloak.authorization.protection,org.keycloak
org.keycloak.authorization.protection,org.keycloak.authorization
org.keycloak.authorization.protection,org.keycloak.authorization.admin
org.keycloak.authorization.protection,org.keycloak.authorization.common
org.keycloak.authorization.protection,org.keycloak.authorization.model
org.keycloak.authorization.protection,org.keycloak.authorization.protection.permission
org.keycloak.authorization.protection,org.keycloak.authorization.protection.policy
org.keycloak.authorization.protection,org.keycloak.authorization.protection.resource
org.keycloak.authorization.protection,org.keycloak.common
org.keycloak.authorization.protection,org.keycloak.models
org.keycloak.authorization.protection,org.keycloak.services
org.keycloak.authorization.protection,org.keycloak.services.resources.admin
org.keycloak.authorization.protection.introspect,org.keycloak
org.keycloak.authorization.protection.introspect,org.keycloak.events
org.keycloak.authorization.protection.introspect,org.keycloak.models
org.keycloak.authorization.protection.introspect,org.keycloak.protocol.oidc
org.keycloak.authorization.protection.introspect,org.keycloak.representations
org.keycloak.authorization.protection.introspect,org.keycloak.representations.idm.authorization
org.keycloak.authorization.protection.introspect,org.keycloak.util
org.keycloak.authorization.protection.permission,org.keycloak
org.keycloak.authorization.protection.permission,org.keycloak.authorization
org.keycloak.authorization.protection.permission,org.keycloak.authorization.common
org.keycloak.authorization.protection.permission,org.keycloak.authorization.model
org.keycloak.authorization.protection.permission,org.keycloak.authorization.store
org.keycloak.authorization.protection.permission,org.keycloak.models
org.keycloak.authorization.protection.permission,org.keycloak.models.utils
org.keycloak.authorization.protection.permission,org.keycloak.representations.idm.authorization
org.keycloak.authorization.protection.permission,org.keycloak.services
org.keycloak.authorization.protection.policy,org.keycloak
org.keycloak.authorization.protection.policy,org.keycloak.authorization
org.keycloak.authorization.protection.policy,org.keycloak.authorization.admin
org.keycloak.authorization.protection.policy,org.keycloak.authorization.common
org.keycloak.authorization.protection.policy,org.keycloak.authorization.identity
org.keycloak.authorization.protection.policy,org.keycloak.authorization.model
org.keycloak.authorization.protection.policy,org.keycloak.authorization.store
org.keycloak.authorization.protection.policy,org.keycloak.representations.idm.authorization
org.keycloak.authorization.protection.policy,org.keycloak.services
org.keycloak.authorization.protection.policy,org.keycloak.services.resources.admin
org.keycloak.authorization.protection.policy,org.keycloak.util
org.keycloak.authorization.protection.resource,org.keycloak.authorization
org.keycloak.authorization.protection.resource,org.keycloak.authorization.admin
org.keycloak.authorization.protection.resource,org.keycloak.authorization.common
org.keycloak.authorization.protection.resource,org.keycloak.authorization.model
org.keycloak.authorization.protection.resource,org.keycloak.events.admin
org.keycloak.authorization.protection.resource,org.keycloak.representations.idm.authorization
org.keycloak.authorization.protection.resource,org.keycloak.services
org.keycloak.authorization.store,org.keycloak.authorization.model
org.keycloak.authorization.store,org.keycloak.authorization.store.syncronization
org.keycloak.authorization.store,org.keycloak.common
org.keycloak.authorization.store,org.keycloak.models
org.keycloak.authorization.store,org.keycloak.provider
org.keycloak.authorization.store,org.keycloak.representations.idm.authorization
org.keycloak.authorization.store.syncronization,org.keycloak.authorization
org.keycloak.authorization.store.syncronization,org.keycloak.authorization.fgap
org.keycloak.authorization.store.syncronization,org.keycloak.authorization.model
org.keycloak.authorization.store.syncronization,org.keycloak.authorization.policy.provider
org.keycloak.authorization.store.syncronization,org.keycloak.authorization.store
org.keycloak.authorization.store.syncronization,org.keycloak.models
org.keycloak.authorization.store.syncronization,org.keycloak.provider
org.keycloak.authorization.store.syncronization,org.keycloak.representations.idm.authorization
org.keycloak.authorization.util,org.keycloak.models
org.keycloak.authorization.util,org.keycloak.representations
org.keycloak.authorization.util,org.keycloak.services.managers
org.keycloak.broker.jwtauthorizationgrant,org.keycloak
org.keycloak.broker.jwtauthorizationgrant,org.keycloak.broker.oidc
org.keycloak.broker.jwtauthorizationgrant,org.keycloak.broker.provider
org.keycloak.broker.jwtauthorizationgrant,org.keycloak.common
org.keycloak.broker.jwtauthorizationgrant,org.keycloak.crypto
org.keycloak.broker.jwtauthorizationgrant,org.keycloak.jose.jws
org.keycloak.broker.jwtauthorizationgrant,org.keycloak.keys.loader
org.keycloak.broker.jwtauthorizationgrant,org.keycloak.models
org.keycloak.broker.jwtauthorizationgrant,org.keycloak.protocol.oidc
org.keycloak.broker.jwtauthorizationgrant,org.keycloak.provider
org.keycloak.broker.jwtauthorizationgrant,org.keycloak.representations
org.keycloak.broker.jwtauthorizationgrant,org.keycloak.services
org.keycloak.broker.jwtauthorizationgrant,org.keycloak.utils
org.keycloak.broker.kubernetes,org.keycloak
org.keycloak.broker.kubernetes,org.keycloak.authentication
org.keycloak.broker.kubernetes,org.keycloak.authentication.authenticators.client
org.keycloak.broker.kubernetes,org.keycloak.broker.oidc
org.keycloak.broker.kubernetes,org.keycloak.broker.provider
org.keycloak.broker.kubernetes,org.keycloak.common
org.keycloak.broker.kubernetes,org.keycloak.crypto
org.keycloak.broker.kubernetes,org.keycloak.http.simple
org.keycloak.broker.kubernetes,org.keycloak.jose.jwk
org.keycloak.broker.kubernetes,org.keycloak.jose.jws
org.keycloak.broker.kubernetes,org.keycloak.keys
org.keycloak.broker.kubernetes,org.keycloak.models
org.keycloak.broker.kubernetes,org.keycloak.protocol.oidc.representations
org.keycloak.broker.kubernetes,org.keycloak.provider
org.keycloak.broker.kubernetes,org.keycloak.representations
org.keycloak.broker.kubernetes,org.keycloak.util
org.keycloak.broker.kubernetes,org.keycloak.utils
org.keycloak.broker.oauth,org.keycloak.broker.oidc
org.keycloak.broker.oauth,org.keycloak.broker.oidc.mappers
org.keycloak.broker.oauth,org.keycloak.broker.provider
org.keycloak.broker.oauth,org.keycloak.http.simple
org.keycloak.broker.oauth,org.keycloak.models
org.keycloak.broker.oauth,org.keycloak.protocol.oidc.representations
org.keycloak.broker.oauth,org.keycloak.util
org.keycloak.broker.oauth,org.keycloak.utils
org.keycloak.broker.oid4vp,org.keycloak
org.keycloak.broker.oid4vp,org.keycloak.broker.provider
org.keycloak.broker.oid4vp,org.keycloak.broker.trust
org.keycloak.broker.oid4vp,org.keycloak.common
org.keycloak.broker.oid4vp,org.keycloak.common.util
org.keycloak.broker.oid4vp,org.keycloak.crypto
org.keycloak.broker.oid4vp,org.keycloak.events
org.keycloak.broker.oid4vp,org.keycloak.forms.login
org.keycloak.broker.oid4vp,org.keycloak.jose.jwe
org.keycloak.broker.oid4vp,org.keycloak.jose.jwk
org.keycloak.broker.oid4vp,org.keycloak.jose.jws
org.keycloak.broker.oid4vp,org.keycloak.jose.jws.crypto
org.keycloak.broker.oid4vp,org.keycloak.models
org.keycloak.broker.oid4vp,org.keycloak.provider
org.keycloak.broker.oid4vp,org.keycloak.representations
org.keycloak.broker.oid4vp,org.keycloak.representations.idm
org.keycloak.broker.oid4vp,org.keycloak.sdjwt
org.keycloak.broker.oid4vp,org.keycloak.sdjwt.consumer
org.keycloak.broker.oid4vp,org.keycloak.sdjwt.vp
org.keycloak.broker.oid4vp,org.keycloak.services
org.keycloak.broker.oid4vp,org.keycloak.services.managers
org.keycloak.broker.oid4vp,org.keycloak.services.messages
org.keycloak.broker.oid4vp,org.keycloak.services.util
org.keycloak.broker.oid4vp,org.keycloak.sessions
org.keycloak.broker.oid4vp,org.keycloak.util
org.keycloak.broker.oid4vp,org.keycloak.utils
org.keycloak.broker.oid4vp.mappers,org.keycloak
org.keycloak.broker.oid4vp.mappers,org.keycloak.broker.oid4vp
org.keycloak.broker.oid4vp.mappers,org.keycloak.broker.provider
org.keycloak.broker.oid4vp.mappers,org.keycloak.common
org.keycloak.broker.oid4vp.mappers,org.keycloak.common.util
org.keycloak.broker.oid4vp.mappers,org.keycloak.models
org.keycloak.broker.oid4vp.mappers,org.keycloak.provider
org.keycloak.broker.oid4vp.mappers,org.keycloak.util
org.keycloak.broker.oid4vp.mappers,org.keycloak.utils
org.keycloak.broker.oidc,org.keycloak
org.keycloak.broker.oidc,org.keycloak.authentication
org.keycloak.broker.oidc,org.keycloak.authentication.authenticators.client
org.keycloak.broker.oidc,org.keycloak.broker.jwtauthorizationgrant
org.keycloak.broker.oidc,org.keycloak.broker.oidc.mappers
org.keycloak.broker.oidc,org.keycloak.broker.provider
org.keycloak.broker.oidc,org.keycloak.broker.provider.util
org.keycloak.broker.oidc,org.keycloak.broker.trust
org.keycloak.broker.oidc,org.keycloak.cache
org.keycloak.broker.oidc,org.keycloak.common
org.keycloak.broker.oidc,org.keycloak.common.enums
org.keycloak.broker.oidc,org.keycloak.common.util
org.keycloak.broker.oidc,org.keycloak.constants
org.keycloak.broker.oidc,org.keycloak.crypto
org.keycloak.broker.oidc,org.keycloak.events
org.keycloak.broker.oidc,org.keycloak.headers
org.keycloak.broker.oidc,org.keycloak.http
org.keycloak.broker.oidc,org.keycloak.http.simple
org.keycloak.broker.oidc,org.keycloak.jose
org.keycloak.broker.oidc,org.keycloak.jose.jwe
org.keycloak.broker.oidc,org.keycloak.jose.jwk
org.keycloak.broker.oidc,org.keycloak.jose.jws
org.keycloak.broker.oidc,org.keycloak.keys
org.keycloak.broker.oidc,org.keycloak.keys.loader
org.keycloak.broker.oidc,org.keycloak.models
org.keycloak.broker.oidc,org.keycloak.protocol.oidc
org.keycloak.broker.oidc,org.keycloak.protocol.oidc.endpoints
org.keycloak.broker.oidc,org.keycloak.protocol.oidc.representations
org.keycloak.broker.oidc,org.keycloak.protocol.oidc.utils
org.keycloak.broker.oidc,org.keycloak.representations
org.keycloak.broker.oidc,org.keycloak.representations.adapters.action
org.keycloak.broker.oidc,org.keycloak.representations.idm
org.keycloak.broker.oidc,org.keycloak.representations.oidc
org.keycloak.broker.oidc,org.keycloak.services
org.keycloak.broker.oidc,org.keycloak.services.managers
org.keycloak.broker.oidc,org.keycloak.services.messages
org.keycloak.broker.oidc,org.keycloak.services.resources
org.keycloak.broker.oidc,org.keycloak.sessions
org.keycloak.broker.oidc,org.keycloak.urls
org.keycloak.broker.oidc,org.keycloak.util
org.keycloak.broker.oidc,org.keycloak.utils
org.keycloak.broker.oidc,org.keycloak.vault
org.keycloak.broker.oidc.mappers,org.keycloak.broker.oidc
org.keycloak.broker.oidc.mappers,org.keycloak.broker.provider
org.keycloak.broker.oidc.mappers,org.keycloak.common.util
org.keycloak.broker.oidc.mappers,org.keycloak.jose.jws
org.keycloak.broker.oidc.mappers,org.keycloak.models
org.keycloak.broker.oidc.mappers,org.keycloak.models.utils
org.keycloak.broker.oidc.mappers,org.keycloak.provider
org.keycloak.broker.oidc.mappers,org.keycloak.representations
org.keycloak.broker.oidc.mappers,org.keycloak.saml.common.util
org.keycloak.broker.oidc.mappers,org.keycloak.social.bitbucket
org.keycloak.broker.oidc.mappers,org.keycloak.social.facebook
org.keycloak.broker.oidc.mappers,org.keycloak.social.github
org.keycloak.broker.oidc.mappers,org.keycloak.social.gitlab
org.keycloak.broker.oidc.mappers,org.keycloak.social.google
org.keycloak.broker.oidc.mappers,org.keycloak.social.instagram
org.keycloak.broker.oidc.mappers,org.keycloak.social.linkedin
org.keycloak.broker.oidc.mappers,org.keycloak.social.microsoft
org.keycloak.broker.oidc.mappers,org.keycloak.social.openshift
org.keycloak.broker.oidc.mappers,org.keycloak.social.paypal
org.keycloak.broker.oidc.mappers,org.keycloak.social.stackoverflow
org.keycloak.broker.oidc.mappers,org.keycloak.social.twitter
org.keycloak.broker.oidc.mappers,org.keycloak.util
org.keycloak.broker.provider,org.keycloak
org.keycloak.broker.provider,org.keycloak.authentication
org.keycloak.broker.provider,org.keycloak.broker.oidc.mappers
org.keycloak.broker.provider,org.keycloak.broker.provider.mappersync
org.keycloak.broker.provider,org.keycloak.broker.provider.util
org.keycloak.broker.provider,org.keycloak.cache
org.keycloak.broker.provider,org.keycloak.common
org.keycloak.broker.provider,org.keycloak.common.util
org.keycloak.broker.provider,org.keycloak.crypto
org.keycloak.broker.provider,org.keycloak.events
org.keycloak.broker.provider,org.keycloak.forms.login
org.keycloak.broker.provider,org.keycloak.http
org.keycloak.broker.provider,org.keycloak.jose.jwk
org.keycloak.broker.provider,org.keycloak.jose.jws
org.keycloak.broker.provider,org.keycloak.models
org.keycloak.broker.provider,org.keycloak.models.utils
org.keycloak.broker.provider,org.keycloak.protocol.oidc
org.keycloak.broker.provider,org.keycloak.provider
org.keycloak.broker.provider,org.keycloak.representations
org.keycloak.broker.provider,org.keycloak.sdjwt
org.keycloak.broker.provider,org.keycloak.sdjwt.consumer
org.keycloak.broker.provider,org.keycloak.sdjwt.vp
org.keycloak.broker.provider,org.keycloak.services.managers
org.keycloak.broker.provider,org.keycloak.services.resources
org.keycloak.broker.provider,org.keycloak.sessions
org.keycloak.broker.provider,org.keycloak.util
org.keycloak.broker.provider.mappersync,org.keycloak.broker.provider
org.keycloak.broker.provider.mappersync,org.keycloak.models
org.keycloak.broker.provider.mappersync,org.keycloak.models.utils
org.keycloak.broker.provider.mappersync,org.keycloak.provider
org.keycloak.broker.provider.util,org.keycloak.broker.provider
org.keycloak.broker.provider.util,org.keycloak.broker.social
org.keycloak.broker.provider.util,org.keycloak.common.util
org.keycloak.broker.provider.util,org.keycloak.connections.httpclient
org.keycloak.broker.provider.util,org.keycloak.models
org.keycloak.broker.provider.util,org.keycloak.provider
org.keycloak.broker.provider.util,org.keycloak.util
org.keycloak.broker.saml,org.keycloak.broker.provider
org.keycloak.broker.saml,org.keycloak.common
org.keycloak.broker.saml,org.keycloak.common.enums
org.keycloak.broker.saml,org.keycloak.common.util
org.keycloak.broker.saml,org.keycloak.crypto
org.keycloak.broker.saml,org.keycloak.dom.saml.v2.assertion
org.keycloak.broker.saml,org.keycloak.dom.saml.v2.metadata
org.keycloak.broker.saml,org.keycloak.dom.saml.v2.protocol
org.keycloak.broker.saml,org.keycloak.events
org.keycloak.broker.saml,org.keycloak.forms.login
org.keycloak.broker.saml,org.keycloak.http.simple
org.keycloak.broker.saml,org.keycloak.keys
org.keycloak.broker.saml,org.keycloak.models
org.keycloak.broker.saml,org.keycloak.protocol
org.keycloak.broker.saml,org.keycloak.protocol.oidc
org.keycloak.broker.saml,org.keycloak.protocol.saml
org.keycloak.broker.saml,org.keycloak.protocol.saml.mappers
org.keycloak.broker.saml,org.keycloak.protocol.saml.preprocessor
org.keycloak.broker.saml,org.keycloak.protocol.saml.profile.util
org.keycloak.broker.saml,org.keycloak.representations
org.keycloak.broker.saml,org.keycloak.rotation
org.keycloak.broker.saml,org.keycloak.saml
org.keycloak.broker.saml,org.keycloak.saml.common.constants
org.keycloak.broker.saml,org.keycloak.saml.common.exceptions
org.keycloak.broker.saml,org.keycloak.saml.common.util
org.keycloak.broker.saml,org.keycloak.saml.processing.api.saml.v2.request
org.keycloak.broker.saml,org.keycloak.saml.processing.api.saml.v2.response
org.keycloak.broker.saml,org.keycloak.saml.processing.core.parsers.saml
org.keycloak.broker.saml,org.keycloak.saml.processing.core.saml.v2.common
org.keycloak.broker.saml,org.keycloak.saml.processing.core.saml.v2.constants
org.keycloak.broker.saml,org.keycloak.saml.processing.core.saml.v2.util
org.keycloak.broker.saml,org.keycloak.saml.processing.core.saml.v2.writers
org.keycloak.broker.saml,org.keycloak.saml.processing.core.util
org.keycloak.broker.saml,org.keycloak.saml.processing.web.util
org.keycloak.broker.saml,org.keycloak.saml.validators
org.keycloak.broker.saml,org.keycloak.services
org.keycloak.broker.saml,org.keycloak.services.managers
org.keycloak.broker.saml,org.keycloak.services.messages
org.keycloak.broker.saml,org.keycloak.services.util
org.keycloak.broker.saml,org.keycloak.sessions
org.keycloak.broker.saml,org.keycloak.util
org.keycloak.broker.saml,org.keycloak.utils
org.keycloak.broker.saml.mappers,org.keycloak.broker.provider
org.keycloak.broker.saml.mappers,org.keycloak.broker.saml
org.keycloak.broker.saml.mappers,org.keycloak.common.util
org.keycloak.broker.saml.mappers,org.keycloak.dom.saml.v2.assertion
org.keycloak.broker.saml.mappers,org.keycloak.dom.saml.v2.metadata
org.keycloak.broker.saml.mappers,org.keycloak.models
org.keycloak.broker.saml.mappers,org.keycloak.models.utils
org.keycloak.broker.saml.mappers,org.keycloak.protocol.saml.mappers
org.keycloak.broker.saml.mappers,org.keycloak.provider
org.keycloak.broker.saml.mappers,org.keycloak.saml.common.constants
org.keycloak.broker.saml.mappers,org.keycloak.saml.common.util
org.keycloak.broker.social,org.keycloak.broker.provider
org.keycloak.broker.social,org.keycloak.models
org.keycloak.broker.social,org.keycloak.provider
org.keycloak.broker.spiffe,org.keycloak
org.keycloak.broker.spiffe,org.keycloak.authentication
org.keycloak.broker.spiffe,org.keycloak.authentication.authenticators.client
org.keycloak.broker.spiffe,org.keycloak.broker.provider
org.keycloak.broker.spiffe,org.keycloak.cache
org.keycloak.broker.spiffe,org.keycloak.common
org.keycloak.broker.spiffe,org.keycloak.crypto
org.keycloak.broker.spiffe,org.keycloak.http.simple
org.keycloak.broker.spiffe,org.keycloak.jose.jwk
org.keycloak.broker.spiffe,org.keycloak.jose.jws
org.keycloak.broker.spiffe,org.keycloak.keys
org.keycloak.broker.spiffe,org.keycloak.models
org.keycloak.broker.spiffe,org.keycloak.provider
org.keycloak.broker.spiffe,org.keycloak.representations
org.keycloak.broker.spiffe,org.keycloak.util
org.keycloak.broker.trust,org.keycloak
org.keycloak.broker.trust,org.keycloak.broker.provider
org.keycloak.broker.trust,org.keycloak.common
org.keycloak.broker.trust,org.keycloak.common.util
org.keycloak.broker.trust,org.keycloak.crypto
org.keycloak.broker.trust,org.keycloak.jose.jwk
org.keycloak.broker.trust,org.keycloak.keys
org.keycloak.broker.trust,org.keycloak.keys.loader
org.keycloak.broker.trust,org.keycloak.models
org.keycloak.broker.trust,org.keycloak.protocol.oidc.utils
org.keycloak.broker.trust,org.keycloak.provider
org.keycloak.broker.trust,org.keycloak.util
org.keycloak.broker.trust,org.keycloak.utils
org.keycloak.cache,org.keycloak
org.keycloak.cache,org.keycloak.broker.provider
org.keycloak.cache,org.keycloak.models
org.keycloak.cache,org.keycloak.provider
org.keycloak.cache,org.keycloak.services.resources
org.keycloak.client.admin.cli,org.keycloak.client.admin.cli.commands
org.keycloak.client.admin.cli,org.keycloak.client.admin.cli.v2
org.keycloak.client.admin.cli,org.keycloak.client.cli.common
org.keycloak.client.admin.cli,org.keycloak.client.cli.util
org.keycloak.client.admin.cli,org.keycloak.util
org.keycloak.client.admin.cli.commands,org.keycloak.client.admin.cli
org.keycloak.client.admin.cli.commands,org.keycloak.client.admin.cli.operations
org.keycloak.client.admin.cli.commands,org.keycloak.client.cli.common
org.keycloak.client.admin.cli.commands,org.keycloak.client.cli.config
org.keycloak.client.admin.cli.commands,org.keycloak.client.cli.util
org.keycloak.client.admin.cli.commands,org.keycloak.util
org.keycloak.client.admin.cli.operations,org.keycloak.client.cli.util
org.keycloak.client.admin.cli.operations,org.keycloak.representations.idm
org.keycloak.client.admin.cli.operations,org.keycloak.util
org.keycloak.client.admin.cli.v2,org.keycloak.client.admin.cli
org.keycloak.client.admin.cli.v2,org.keycloak.client.admin.cli.commands
org.keycloak.client.admin.cli.v2,org.keycloak.client.cli.common
org.keycloak.client.admin.cli.v2,org.keycloak.client.cli.config
org.keycloak.client.admin.cli.v2,org.keycloak.client.cli.util
org.keycloak.client.admin.cli.v2,org.keycloak.util
org.keycloak.client.cli.common,org.keycloak
org.keycloak.client.cli.common,org.keycloak.client.cli.config
org.keycloak.client.cli.common,org.keycloak.client.cli.util
org.keycloak.client.cli.common,org.keycloak.common.crypto
org.keycloak.client.cli.common,org.keycloak.common.util
org.keycloak.client.cli.common,org.keycloak.representations
org.keycloak.client.cli.config,org.keycloak.client.cli.util
org.keycloak.client.cli.config,org.keycloak.util
org.keycloak.client.cli.util,org.keycloak
org.keycloak.client.cli.util,org.keycloak.client.cli.config
org.keycloak.client.cli.util,org.keycloak.common.util
org.keycloak.client.cli.util,org.keycloak.jose.jws
org.keycloak.client.cli.util,org.keycloak.representations
org.keycloak.client.cli.util,org.keycloak.util
org.keycloak.client.clienttype,org.keycloak.models
org.keycloak.client.clienttype,org.keycloak.provider
org.keycloak.client.clienttype,org.keycloak.representations.idm
org.keycloak.client.registration,org.keycloak.common.util
org.keycloak.client.registration,org.keycloak.representations.adapters.config
org.keycloak.client.registration,org.keycloak.representations.idm
org.keycloak.client.registration,org.keycloak.representations.oidc
org.keycloak.client.registration,org.keycloak.util
org.keycloak.client.registration.cli,org.keycloak.client.cli.common
org.keycloak.client.registration.cli,org.keycloak.client.cli.util
org.keycloak.client.registration.cli,org.keycloak.client.registration.cli.commands
org.keycloak.client.registration.cli,org.keycloak.representations.idm
org.keycloak.client.registration.cli,org.keycloak.representations.oidc
org.keycloak.client.registration.cli,org.keycloak.util
org.keycloak.client.registration.cli.commands,org.keycloak.client.cli.common
org.keycloak.client.registration.cli.commands,org.keycloak.client.cli.config
org.keycloak.client.registration.cli.commands,org.keycloak.client.cli.util
org.keycloak.client.registration.cli.commands,org.keycloak.client.registration.cli
org.keycloak.client.registration.cli.commands,org.keycloak.common.util
org.keycloak.client.registration.cli.commands,org.keycloak.representations.adapters.config
org.keycloak.client.registration.cli.commands,org.keycloak.representations.idm
org.keycloak.client.registration.cli.commands,org.keycloak.representations.oidc
org.keycloak.client.registration.cli.commands,org.keycloak.util
org.keycloak.cluster,org.keycloak.provider
org.keycloak.cluster.infinispan,org.keycloak
org.keycloak.cluster.infinispan,org.keycloak.cluster
org.keycloak.cluster.infinispan,org.keycloak.cluster.jpa
org.keycloak.cluster.infinispan,org.keycloak.common
org.keycloak.cluster.infinispan,org.keycloak.common.util
org.keycloak.cluster.infinispan,org.keycloak.connections.infinispan
org.keycloak.cluster.infinispan,org.keycloak.infinispan.util
org.keycloak.cluster.infinispan,org.keycloak.marshalling
org.keycloak.cluster.infinispan,org.keycloak.models
org.keycloak.cluster.infinispan,org.keycloak.models.cache.infinispan
org.keycloak.cluster.infinispan,org.keycloak.models.sessions.infinispan
org.keycloak.cluster.infinispan,org.keycloak.models.utils
org.keycloak.cluster.infinispan,org.keycloak.provider
org.keycloak.cluster.infinispan,org.keycloak.services.scheduled
org.keycloak.cluster.infinispan,org.keycloak.timer
org.keycloak.cluster.infinispan.remote,org.keycloak
org.keycloak.cluster.infinispan.remote,org.keycloak.cluster
org.keycloak.cluster.infinispan.remote,org.keycloak.cluster.infinispan
org.keycloak.cluster.infinispan.remote,org.keycloak.common
org.keycloak.cluster.infinispan.remote,org.keycloak.common.util
org.keycloak.cluster.infinispan.remote,org.keycloak.connections.infinispan
org.keycloak.cluster.infinispan.remote,org.keycloak.infinispan.util
org.keycloak.cluster.infinispan.remote,org.keycloak.models
org.keycloak.cluster.infinispan.remote,org.keycloak.provider
org.keycloak.cluster.jpa,org.keycloak.cluster
org.keycloak.cluster.jpa,org.keycloak.common.util
org.keycloak.cluster.jpa,org.keycloak.connections.jpa
org.keycloak.cluster.jpa,org.keycloak.connections.jpa.util
org.keycloak.cluster.jpa,org.keycloak.models
org.keycloak.common,org.keycloak.common.profile
org.keycloak.common,org.keycloak.common.util
org.keycloak.common.crypto,org.keycloak.common.util
org.keycloak.common.enums,org.keycloak.common
org.keycloak.common.profile,org.keycloak.common
org.keycloak.common.util,org.keycloak.common
org.keycloak.common.util,org.keycloak.common.constants
org.keycloak.common.util,org.keycloak.common.crypto
org.keycloak.common.util,org.keycloak.common.enums
org.keycloak.compatibility,org.keycloak
org.keycloak.compatibility,org.keycloak.common
org.keycloak.compatibility,org.keycloak.migration
org.keycloak.compatibility,org.keycloak.util
org.keycloak.component,org.keycloak.common.util
org.keycloak.component,org.keycloak.models
org.keycloak.component,org.keycloak.provider
org.keycloak.config,org.keycloak.common
org.keycloak.config,org.keycloak.common.crypto
org.keycloak.config,org.keycloak.common.enums
org.keycloak.config,org.keycloak.config.database
org.keycloak.config.database,org.keycloak.common.util
org.keycloak.config.database,org.keycloak.config
org.keycloak.connections.httpclient,org.keycloak
org.keycloak.connections.httpclient,org.keycloak.common
org.keycloak.connections.httpclient,org.keycloak.common.enums
org.keycloak.connections.httpclient,org.keycloak.common.util
org.keycloak.connections.httpclient,org.keycloak.models
org.keycloak.connections.httpclient,org.keycloak.provider
org.keycloak.connections.httpclient,org.keycloak.truststore
org.keycloak.connections.infinispan,org.keycloak
org.keycloak.connections.infinispan,org.keycloak.cluster
org.keycloak.connections.infinispan,org.keycloak.common
org.keycloak.connections.infinispan,org.keycloak.common.util
org.keycloak.connections.infinispan,org.keycloak.config
org.keycloak.connections.infinispan,org.keycloak.connections.infinispan.remote
org.keycloak.connections.infinispan,org.keycloak.connections.infinispan.shutdown
org.keycloak.connections.infinispan,org.keycloak.infinispan.health
org.keycloak.connections.infinispan,org.keycloak.infinispan.util
org.keycloak.connections.infinispan,org.keycloak.marshalling
org.keycloak.connections.infinispan,org.keycloak.models
org.keycloak.connections.infinispan,org.keycloak.models.cache.infinispan
org.keycloak.connections.infinispan,org.keycloak.models.cache.infinispan.events
org.keycloak.connections.infinispan,org.keycloak.models.sessions.infinispan.query
org.keycloak.connections.infinispan,org.keycloak.models.sessions.infinispan.remote
org.keycloak.connections.infinispan,org.keycloak.models.utils
org.keycloak.connections.infinispan,org.keycloak.provider
org.keycloak.connections.infinispan,org.keycloak.services.resources
org.keycloak.connections.infinispan,org.keycloak.spi.infinispan
org.keycloak.connections.infinispan,org.keycloak.spi.infinispan.impl.embedded
org.keycloak.connections.infinispan.remote,org.keycloak
org.keycloak.connections.infinispan.remote,org.keycloak.common.util
org.keycloak.connections.infinispan.remote,org.keycloak.connections.infinispan
org.keycloak.connections.infinispan.remote,org.keycloak.health
org.keycloak.connections.infinispan.remote,org.keycloak.infinispan.util
org.keycloak.connections.infinispan.remote,org.keycloak.models
org.keycloak.connections.infinispan.remote,org.keycloak.provider
org.keycloak.connections.infinispan.shutdown,org.keycloak.common.util
org.keycloak.connections.jpa,org.keycloak
org.keycloak.connections.jpa,org.keycloak.common.util
org.keycloak.connections.jpa,org.keycloak.connections.jpa.support
org.keycloak.connections.jpa,org.keycloak.connections.jpa.updater
org.keycloak.connections.jpa,org.keycloak.connections.jpa.updater.liquibase
org.keycloak.connections.jpa,org.keycloak.connections.jpa.util
org.keycloak.connections.jpa,org.keycloak.migration
org.keycloak.connections.jpa,org.keycloak.models
org.keycloak.connections.jpa,org.keycloak.models.dblock
org.keycloak.connections.jpa,org.keycloak.models.utils
org.keycloak.connections.jpa,org.keycloak.provider
org.keycloak.connections.jpa,org.keycloak.timer
org.keycloak.connections.jpa,org.keycloak.transaction
org.keycloak.connections.jpa.entityprovider,org.keycloak.provider
org.keycloak.connections.jpa.support,org.keycloak.models
org.keycloak.connections.jpa.updater,org.keycloak.provider
org.keycloak.connections.jpa.updater.liquibase,org.keycloak
org.keycloak.connections.jpa.updater.liquibase,org.keycloak.connections.jpa.entityprovider
org.keycloak.connections.jpa.updater.liquibase,org.keycloak.connections.jpa.updater
org.keycloak.connections.jpa.updater.liquibase,org.keycloak.connections.jpa.updater.liquibase.conn
org.keycloak.connections.jpa.updater.liquibase,org.keycloak.connections.jpa.util
org.keycloak.connections.jpa.updater.liquibase,org.keycloak.models
org.keycloak.connections.jpa.updater.liquibase.conn,org.keycloak
org.keycloak.connections.jpa.updater.liquibase.conn,org.keycloak.config
org.keycloak.connections.jpa.updater.liquibase.conn,org.keycloak.connections.jpa.updater.liquibase
org.keycloak.connections.jpa.updater.liquibase.conn,org.keycloak.models
org.keycloak.connections.jpa.updater.liquibase.conn,org.keycloak.provider
org.keycloak.connections.jpa.updater.liquibase.custom,org.keycloak
org.keycloak.connections.jpa.updater.liquibase.custom,org.keycloak.common.util
org.keycloak.connections.jpa.updater.liquibase.custom,org.keycloak.connections.jpa.updater.liquibase
org.keycloak.connections.jpa.updater.liquibase.custom,org.keycloak.connections.jpa.updater.liquibase.conn
org.keycloak.connections.jpa.updater.liquibase.custom,org.keycloak.keys
org.keycloak.connections.jpa.updater.liquibase.custom,org.keycloak.migration
org.keycloak.connections.jpa.updater.liquibase.custom,org.keycloak.models
org.keycloak.connections.jpa.updater.liquibase.custom,org.keycloak.models.utils
org.keycloak.connections.jpa.updater.liquibase.custom,org.keycloak.provider
org.keycloak.connections.jpa.updater.liquibase.custom,org.keycloak.representations.idm
org.keycloak.connections.jpa.updater.liquibase.custom,org.keycloak.storage
org.keycloak.connections.jpa.updater.liquibase.custom,org.keycloak.storage.jpa
org.keycloak.connections.jpa.updater.liquibase.custom,org.keycloak.theme
org.keycloak.connections.jpa.updater.liquibase.lock,org.keycloak
org.keycloak.connections.jpa.updater.liquibase.lock,org.keycloak.common.util
org.keycloak.connections.jpa.updater.liquibase.lock,org.keycloak.common.util.reflections
org.keycloak.connections.jpa.updater.liquibase.lock,org.keycloak.config
org.keycloak.connections.jpa.updater.liquibase.lock,org.keycloak.connections.jpa
org.keycloak.connections.jpa.updater.liquibase.lock,org.keycloak.connections.jpa.updater.liquibase
org.keycloak.connections.jpa.updater.liquibase.lock,org.keycloak.connections.jpa.updater.liquibase.conn
org.keycloak.connections.jpa.updater.liquibase.lock,org.keycloak.models
org.keycloak.connections.jpa.updater.liquibase.lock,org.keycloak.models.dblock
org.keycloak.connections.jpa.updater.liquibase.lock,org.keycloak.models.utils
org.keycloak.connections.jpa.util,org.keycloak.connections.jpa.entityprovider
org.keycloak.connections.jpa.util,org.keycloak.models
org.keycloak.constants,org.keycloak.representations.idm
org.keycloak.cookie,org.keycloak
org.keycloak.cookie,org.keycloak.models
org.keycloak.cookie,org.keycloak.provider
org.keycloak.cookie,org.keycloak.services.resources
org.keycloak.cookie,org.keycloak.utils
org.keycloak.credential,org.keycloak
org.keycloak.credential,org.keycloak.authentication.authenticators.browser
org.keycloak.credential,org.keycloak.authentication.requiredactions
org.keycloak.credential,org.keycloak.common
org.keycloak.credential,org.keycloak.common.util
org.keycloak.credential,org.keycloak.common.util.reflections
org.keycloak.credential,org.keycloak.config
org.keycloak.credential,org.keycloak.credential.hash
org.keycloak.credential,org.keycloak.models
org.keycloak.credential,org.keycloak.models.credential
org.keycloak.credential,org.keycloak.models.credential.dto
org.keycloak.credential,org.keycloak.models.utils
org.keycloak.credential,org.keycloak.policy
org.keycloak.credential,org.keycloak.provider
org.keycloak.credential,org.keycloak.storage
org.keycloak.credential,org.keycloak.tracing
org.keycloak.credential,org.keycloak.util
org.keycloak.credential,org.keycloak.utils
org.keycloak.credential.hash,org.keycloak
org.keycloak.credential.hash,org.keycloak.common.crypto
org.keycloak.credential.hash,org.keycloak.common.util
org.keycloak.credential.hash,org.keycloak.credential
org.keycloak.credential.hash,org.keycloak.models
org.keycloak.credential.hash,org.keycloak.models.credential
org.keycloak.credential.hash,org.keycloak.provider
org.keycloak.crl,org.keycloak.provider
org.keycloak.crl.infinispan,org.keycloak
org.keycloak.crl.infinispan,org.keycloak.cluster
org.keycloak.crl.infinispan,org.keycloak.common.util
org.keycloak.crl.infinispan,org.keycloak.connections.infinispan
org.keycloak.crl.infinispan,org.keycloak.crl
org.keycloak.crl.infinispan,org.keycloak.models
org.keycloak.crl.infinispan,org.keycloak.models.cache
org.keycloak.crl.infinispan,org.keycloak.models.cache.infinispan
org.keycloak.crl.infinispan,org.keycloak.provider
org.keycloak.crypto,org.keycloak
org.keycloak.crypto,org.keycloak.common
org.keycloak.crypto,org.keycloak.common.crypto
org.keycloak.crypto,org.keycloak.jose.jwe
org.keycloak.crypto,org.keycloak.jose.jwe.alg
org.keycloak.crypto,org.keycloak.jose.jwe.enc
org.keycloak.crypto,org.keycloak.jose.jwk
org.keycloak.crypto,org.keycloak.jose.jws
org.keycloak.crypto,org.keycloak.jose.jws.crypto
org.keycloak.crypto,org.keycloak.keys.loader
org.keycloak.crypto,org.keycloak.models
org.keycloak.crypto,org.keycloak.provider
org.keycloak.crypto,org.keycloak.util
org.keycloak.crypto.def,org.keycloak.common.crypto
org.keycloak.crypto.def,org.keycloak.common.util
org.keycloak.crypto.def,org.keycloak.crypto
org.keycloak.crypto.def,org.keycloak.jose.jwe
org.keycloak.crypto.def,org.keycloak.jose.jwe.alg
org.keycloak.crypto.def,org.keycloak.jose.jwe.enc
org.keycloak.crypto.def,org.keycloak.jose.jwk
org.keycloak.crypto.def,org.keycloak.models
org.keycloak.crypto.def,org.keycloak.utils
org.keycloak.crypto.elytron,org.keycloak.common.crypto
org.keycloak.crypto.elytron,org.keycloak.common.util
org.keycloak.crypto.elytron,org.keycloak.crypto
org.keycloak.crypto.elytron,org.keycloak.jose.jwe
org.keycloak.crypto.elytron,org.keycloak.jose.jwe.alg
org.keycloak.crypto.elytron,org.keycloak.jose.jwe.enc
org.keycloak.crypto.elytron,org.keycloak.jose.jwk
org.keycloak.crypto.elytron,org.keycloak.models
org.keycloak.crypto.elytron,org.keycloak.utils
org.keycloak.crypto.fips,org.keycloak.common.crypto
org.keycloak.crypto.fips,org.keycloak.common.util
org.keycloak.crypto.fips,org.keycloak.crypto
org.keycloak.crypto.fips,org.keycloak.jose.jwe
org.keycloak.crypto.fips,org.keycloak.jose.jwe.alg
org.keycloak.crypto.fips,org.keycloak.jose.jwe.enc
org.keycloak.crypto.fips,org.keycloak.jose.jwk
org.keycloak.crypto.fips,org.keycloak.models
org.keycloak.crypto.fips,org.keycloak.utils
org.keycloak.crypto.hash,org.keycloak
org.keycloak.crypto.hash,org.keycloak.common
org.keycloak.crypto.hash,org.keycloak.common.util
org.keycloak.crypto.hash,org.keycloak.credential.hash
org.keycloak.crypto.hash,org.keycloak.models
org.keycloak.crypto.hash,org.keycloak.models.credential
org.keycloak.crypto.hash,org.keycloak.models.credential.dto
org.keycloak.crypto.hash,org.keycloak.provider
org.keycloak.crypto.hash,org.keycloak.tracing
org.keycloak.deployment,org.keycloak
org.keycloak.deployment,org.keycloak.models
org.keycloak.deployment,org.keycloak.provider
org.keycloak.device,org.keycloak
org.keycloak.device,org.keycloak.cache
org.keycloak.device,org.keycloak.models
org.keycloak.device,org.keycloak.provider
org.keycloak.device,org.keycloak.representations.account
org.keycloak.device,org.keycloak.util
org.keycloak.dom.saml.v1.assertion,org.keycloak.dom.saml.common
org.keycloak.dom.saml.v1.protocol,org.keycloak.dom.saml.common
org.keycloak.dom.saml.v1.protocol,org.keycloak.dom.saml.v1.assertion
org.keycloak.dom.saml.v2.assertion,org.keycloak.common.util
org.keycloak.dom.saml.v2.assertion,org.keycloak.dom.saml.common
org.keycloak.dom.saml.v2.mdattr,org.keycloak.dom.saml.v2.assertion
org.keycloak.dom.saml.v2.mdui,org.keycloak.dom.saml.v2.metadata
org.keycloak.dom.saml.v2.metadata,org.keycloak.dom.saml.v2.assertion
org.keycloak.dom.saml.v2.metadata,org.keycloak.dom.saml.v2.mdattr
org.keycloak.dom.saml.v2.metadata,org.keycloak.dom.saml.v2.mdui
org.keycloak.dom.saml.v2.metadata,org.keycloak.dom.xmlsec.w3.xmldsig
org.keycloak.dom.saml.v2.metadata,org.keycloak.dom.xmlsec.w3.xmlenc
org.keycloak.dom.saml.v2.profiles.sso.ecp,org.keycloak.dom.saml.v2.assertion
org.keycloak.dom.saml.v2.profiles.sso.ecp,org.keycloak.dom.saml.v2.protocol
org.keycloak.dom.saml.v2.protocol,org.keycloak.dom.saml.common
org.keycloak.dom.saml.v2.protocol,org.keycloak.dom.saml.v2
org.keycloak.dom.saml.v2.protocol,org.keycloak.dom.saml.v2.assertion
org.keycloak.dom.xmlsec.w3.xmldsig,org.keycloak.saml.common.constants
org.keycloak.dom.xmlsec.w3.xmldsig,org.keycloak.saml.common.exceptions
org.keycloak.dom.xmlsec.w3.xmlenc,org.keycloak.dom.xmlsec.w3.xmldsig
org.keycloak.email,org.keycloak
org.keycloak.email,org.keycloak.authentication.actiontoken.execactions
org.keycloak.email,org.keycloak.common.enums
org.keycloak.email,org.keycloak.common.util
org.keycloak.email,org.keycloak.events
org.keycloak.email,org.keycloak.http.simple
org.keycloak.email,org.keycloak.models
org.keycloak.email,org.keycloak.models.utils
org.keycloak.email,org.keycloak.protocol.oidc.utils
org.keycloak.email,org.keycloak.provider
org.keycloak.email,org.keycloak.services
org.keycloak.email,org.keycloak.services.resources
org.keycloak.email,org.keycloak.sessions
org.keycloak.email,org.keycloak.truststore
org.keycloak.email,org.keycloak.utils
org.keycloak.email,org.keycloak.vault
org.keycloak.email.freemarker,org.keycloak
org.keycloak.email.freemarker,org.keycloak.broker.provider
org.keycloak.email.freemarker,org.keycloak.common.util
org.keycloak.email.freemarker,org.keycloak.email
org.keycloak.email.freemarker,org.keycloak.email.freemarker.beans
org.keycloak.email.freemarker,org.keycloak.events
org.keycloak.email.freemarker,org.keycloak.forms.login.freemarker.model
org.keycloak.email.freemarker,org.keycloak.models
org.keycloak.email.freemarker,org.keycloak.sessions
org.keycloak.email.freemarker,org.keycloak.theme
org.keycloak.email.freemarker,org.keycloak.theme.beans
org.keycloak.email.freemarker,org.keycloak.theme.freemarker
org.keycloak.email.freemarker.beans,org.keycloak.events
org.keycloak.email.freemarker.beans,org.keycloak.events.admin
org.keycloak.email.freemarker.beans,org.keycloak.forms.login.freemarker.model
org.keycloak.email.freemarker.beans,org.keycloak.models
org.keycloak.email.freemarker.beans,org.keycloak.organization.utils
org.keycloak.email.freemarker.beans,org.keycloak.representations.userprofile.config
org.keycloak.email.freemarker.beans,org.keycloak.userprofile
org.keycloak.encoding,org.keycloak
org.keycloak.encoding,org.keycloak.common
org.keycloak.encoding,org.keycloak.models
org.keycloak.encoding,org.keycloak.provider
org.keycloak.encoding,org.keycloak.services.resources
org.keycloak.encoding,org.keycloak.theme
org.keycloak.events,org.keycloak.common
org.keycloak.events,org.keycloak.common.util
org.keycloak.events,org.keycloak.events.admin
org.keycloak.events,org.keycloak.models
org.keycloak.events,org.keycloak.models.utils
org.keycloak.events,org.keycloak.provider
org.keycloak.events,org.keycloak.tracing
org.keycloak.events,org.keycloak.util
org.keycloak.events,org.keycloak.utils
org.keycloak.events.admin,org.keycloak.util
org.keycloak.events.admin.v2,org.keycloak.common
org.keycloak.events.admin.v2,org.keycloak.models
org.keycloak.events.admin.v2,org.keycloak.models.utils
org.keycloak.events.admin.v2,org.keycloak.services.resources.admin
org.keycloak.events.email,org.keycloak
org.keycloak.events.email,org.keycloak.email
org.keycloak.events.email,org.keycloak.events
org.keycloak.events.email,org.keycloak.events.admin
org.keycloak.events.email,org.keycloak.http
org.keycloak.events.email,org.keycloak.models
org.keycloak.events.email,org.keycloak.provider
org.keycloak.events.jpa,org.keycloak
org.keycloak.events.jpa,org.keycloak.common.util
org.keycloak.events.jpa,org.keycloak.connections.jpa
org.keycloak.events.jpa,org.keycloak.events
org.keycloak.events.jpa,org.keycloak.events.admin
org.keycloak.events.jpa,org.keycloak.models
org.keycloak.events.jpa,org.keycloak.models.jpa.entities
org.keycloak.events.jpa,org.keycloak.models.utils
org.keycloak.events.jpa,org.keycloak.provider
org.keycloak.events.jpa,org.keycloak.storage.datastore
org.keycloak.events.jpa,org.keycloak.util
org.keycloak.events.log,org.keycloak
org.keycloak.events.log,org.keycloak.common.util
org.keycloak.events.log,org.keycloak.events
org.keycloak.events.log,org.keycloak.events.admin
org.keycloak.events.log,org.keycloak.models
org.keycloak.events.log,org.keycloak.provider
org.keycloak.events.log,org.keycloak.sessions
org.keycloak.events.log,org.keycloak.utils
org.keycloak.events.outbox,org.keycloak.connections.jpa
org.keycloak.events.outbox,org.keycloak.models
org.keycloak.events.outbox,org.keycloak.models.jpa.entities
org.keycloak.events.outbox,org.keycloak.models.utils
org.keycloak.events.outbox,org.keycloak.timer
org.keycloak.events.outbox,org.keycloak.utils
org.keycloak.exceptions,org.keycloak.common
org.keycloak.exceptions,org.keycloak.representations
org.keycloak.executors,org.keycloak
org.keycloak.executors,org.keycloak.models
org.keycloak.executors,org.keycloak.provider
org.keycloak.expiration.jpa,org.keycloak
org.keycloak.expiration.jpa,org.keycloak.common.util
org.keycloak.expiration.jpa,org.keycloak.config
org.keycloak.expiration.jpa,org.keycloak.executors
org.keycloak.expiration.jpa,org.keycloak.expiration.jpa.impl
org.keycloak.expiration.jpa,org.keycloak.models
org.keycloak.expiration.jpa,org.keycloak.provider
org.keycloak.expiration.jpa,org.keycloak.storage.configuration
org.keycloak.expiration.jpa,org.keycloak.timer
org.keycloak.expiration.jpa.impl,org.keycloak.common.util
org.keycloak.expiration.jpa.impl,org.keycloak.expiration.jpa
org.keycloak.expiration.jpa.impl,org.keycloak.models
org.keycloak.expiration.jpa.impl,org.keycloak.models.utils
org.keycloak.expiration.jpa.impl,org.keycloak.storage.configuration
org.keycloak.expiration.jpa.impl,org.keycloak.timer
org.keycloak.exportimport,org.keycloak
org.keycloak.exportimport,org.keycloak.common.util
org.keycloak.exportimport,org.keycloak.models
org.keycloak.exportimport,org.keycloak.provider
org.keycloak.exportimport,org.keycloak.representations.idm
org.keycloak.exportimport,org.keycloak.util
org.keycloak.exportimport.dir,org.keycloak
org.keycloak.exportimport.dir,org.keycloak.connections.jpa.support
org.keycloak.exportimport.dir,org.keycloak.exportimport
org.keycloak.exportimport.dir,org.keycloak.exportimport.util
org.keycloak.exportimport.dir,org.keycloak.models
org.keycloak.exportimport.dir,org.keycloak.provider
org.keycloak.exportimport.dir,org.keycloak.representations.idm
org.keycloak.exportimport.dir,org.keycloak.services
org.keycloak.exportimport.dir,org.keycloak.services.resources
org.keycloak.exportimport.dir,org.keycloak.storage.datastore
org.keycloak.exportimport.dir,org.keycloak.util
org.keycloak.exportimport.dir,org.keycloak.utils
org.keycloak.exportimport.singlefile,org.keycloak
org.keycloak.exportimport.singlefile,org.keycloak.exportimport
org.keycloak.exportimport.singlefile,org.keycloak.exportimport.util
org.keycloak.exportimport.singlefile,org.keycloak.models
org.keycloak.exportimport.singlefile,org.keycloak.provider
org.keycloak.exportimport.singlefile,org.keycloak.representations.idm
org.keycloak.exportimport.singlefile,org.keycloak.services
org.keycloak.exportimport.singlefile,org.keycloak.services.util
org.keycloak.exportimport.singlefile,org.keycloak.util
org.keycloak.exportimport.util,org.keycloak
org.keycloak.exportimport.util,org.keycloak.common
org.keycloak.exportimport.util,org.keycloak.common.util
org.keycloak.exportimport.util,org.keycloak.connections.jpa.support
org.keycloak.exportimport.util,org.keycloak.credential
org.keycloak.exportimport.util,org.keycloak.exportimport
org.keycloak.exportimport.util,org.keycloak.models
org.keycloak.exportimport.util,org.keycloak.models.utils
org.keycloak.exportimport.util,org.keycloak.organization
org.keycloak.exportimport.util,org.keycloak.representations.idm
org.keycloak.exportimport.util,org.keycloak.representations.idm.oid4vc
org.keycloak.exportimport.util,org.keycloak.services
org.keycloak.exportimport.util,org.keycloak.services.managers
org.keycloak.exportimport.util,org.keycloak.storage
org.keycloak.exportimport.util,org.keycloak.storage.datastore
org.keycloak.exportimport.util,org.keycloak.storage.federated
org.keycloak.exportimport.util,org.keycloak.utils
org.keycloak.federation.kerberos,org.keycloak
org.keycloak.federation.kerberos,org.keycloak.common
org.keycloak.federation.kerberos,org.keycloak.common.constants
org.keycloak.federation.kerberos,org.keycloak.common.util
org.keycloak.federation.kerberos,org.keycloak.component
org.keycloak.federation.kerberos,org.keycloak.credential
org.keycloak.federation.kerberos,org.keycloak.federation.kerberos.impl
org.keycloak.federation.kerberos,org.keycloak.models
org.keycloak.federation.kerberos,org.keycloak.models.credential
org.keycloak.federation.kerberos,org.keycloak.models.utils
org.keycloak.federation.kerberos,org.keycloak.provider
org.keycloak.federation.kerberos,org.keycloak.representations.idm
org.keycloak.federation.kerberos,org.keycloak.storage
org.keycloak.federation.kerberos,org.keycloak.storage.user
org.keycloak.federation.kerberos,org.keycloak.userprofile
org.keycloak.federation.kerberos,org.keycloak.utils
org.keycloak.federation.kerberos.impl,org.keycloak.common.constants
org.keycloak.federation.kerberos.impl,org.keycloak.common.util
org.keycloak.federation.kerberos.impl,org.keycloak.federation.kerberos
org.keycloak.federation.kerberos.impl,org.keycloak.models
org.keycloak.federation.sssd,org.keycloak
org.keycloak.federation.sssd,org.keycloak.component
org.keycloak.federation.sssd,org.keycloak.credential
org.keycloak.federation.sssd,org.keycloak.federation.sssd.api
org.keycloak.federation.sssd,org.keycloak.federation.sssd.impl
org.keycloak.federation.sssd,org.keycloak.models
org.keycloak.federation.sssd,org.keycloak.models.credential
org.keycloak.federation.sssd,org.keycloak.models.utils
org.keycloak.federation.sssd,org.keycloak.provider
org.keycloak.federation.sssd,org.keycloak.storage
org.keycloak.federation.sssd,org.keycloak.storage.user
org.keycloak.federation.sssd,org.keycloak.userprofile
org.keycloak.federation.sssd.api,org.freedesktop.sssd.infopipe
org.keycloak.federation.sssd.api,org.keycloak.models
org.keycloak.federation.sssd.impl,org.freedesktop.sssd.infopipe
org.keycloak.federation.sssd.impl,org.jvnet.libpam
org.keycloak.forms.login,org.keycloak.authentication
org.keycloak.forms.login,org.keycloak.models
org.keycloak.forms.login,org.keycloak.models.utils
org.keycloak.forms.login,org.keycloak.provider
org.keycloak.forms.login,org.keycloak.rar
org.keycloak.forms.login,org.keycloak.sessions
org.keycloak.forms.login.freemarker,org.keycloak
org.keycloak.forms.login.freemarker,org.keycloak.authentication
org.keycloak.forms.login.freemarker,org.keycloak.authentication.authenticators.browser
org.keycloak.forms.login.freemarker,org.keycloak.authentication.forms
org.keycloak.forms.login.freemarker,org.keycloak.authentication.requiredactions.util
org.keycloak.forms.login.freemarker,org.keycloak.broker.provider
org.keycloak.forms.login.freemarker,org.keycloak.common
org.keycloak.forms.login.freemarker,org.keycloak.common.util
org.keycloak.forms.login.freemarker,org.keycloak.cookie
org.keycloak.forms.login.freemarker,org.keycloak.forms.login
org.keycloak.forms.login.freemarker,org.keycloak.forms.login.freemarker.model
org.keycloak.forms.login.freemarker,org.keycloak.http
org.keycloak.forms.login.freemarker,org.keycloak.models
org.keycloak.forms.login.freemarker,org.keycloak.models.utils
org.keycloak.forms.login.freemarker,org.keycloak.organization.forms.login.freemarker.model
org.keycloak.forms.login.freemarker,org.keycloak.protocol.oidc
org.keycloak.forms.login.freemarker,org.keycloak.rar
org.keycloak.forms.login.freemarker,org.keycloak.representations.idm
org.keycloak.forms.login.freemarker,org.keycloak.services
org.keycloak.forms.login.freemarker,org.keycloak.services.messages
org.keycloak.forms.login.freemarker,org.keycloak.services.resources
org.keycloak.forms.login.freemarker,org.keycloak.sessions
org.keycloak.forms.login.freemarker,org.keycloak.theme
org.keycloak.forms.login.freemarker,org.keycloak.theme.beans
org.keycloak.forms.login.freemarker,org.keycloak.theme.freemarker
org.keycloak.forms.login.freemarker,org.keycloak.tracing
org.keycloak.forms.login.freemarker,org.keycloak.userprofile
org.keycloak.forms.login.freemarker,org.keycloak.utils
org.keycloak.forms.login.freemarker.model,org.keycloak.authentication
org.keycloak.forms.login.freemarker.model,org.keycloak.authentication.actiontoken.idpverifyemail
org.keycloak.forms.login.freemarker.model,org.keycloak.authentication.actiontoken.resetcred
org.keycloak.forms.login.freemarker.model,org.keycloak.authentication.actiontoken.verifyemail
org.keycloak.forms.login.freemarker.model,org.keycloak.authentication.authenticators.broker
org.keycloak.forms.login.freemarker.model,org.keycloak.authentication.authenticators.broker.util
org.keycloak.forms.login.freemarker.model,org.keycloak.authentication.authenticators.browser
org.keycloak.forms.login.freemarker.model,org.keycloak.authentication.otp
org.keycloak.forms.login.freemarker.model,org.keycloak.authentication.requiredactions.util
org.keycloak.forms.login.freemarker.model,org.keycloak.common
org.keycloak.forms.login.freemarker.model,org.keycloak.common.util
org.keycloak.forms.login.freemarker.model,org.keycloak.credential
org.keycloak.forms.login.freemarker.model,org.keycloak.crypto
org.keycloak.forms.login.freemarker.model,org.keycloak.forms.login
org.keycloak.forms.login.freemarker.model,org.keycloak.jose.jws.crypto
org.keycloak.forms.login.freemarker.model,org.keycloak.models
org.keycloak.forms.login.freemarker.model,org.keycloak.models.credential
org.keycloak.forms.login.freemarker.model,org.keycloak.models.utils
org.keycloak.forms.login.freemarker.model,org.keycloak.protocol.oidc
org.keycloak.forms.login.freemarker.model,org.keycloak.rar
org.keycloak.forms.login.freemarker.model,org.keycloak.representations.idm
org.keycloak.forms.login.freemarker.model,org.keycloak.saml.common.constants
org.keycloak.forms.login.freemarker.model,org.keycloak.services
org.keycloak.forms.login.freemarker.model,org.keycloak.services.resources
org.keycloak.forms.login.freemarker.model,org.keycloak.services.util
org.keycloak.forms.login.freemarker.model,org.keycloak.sessions
org.keycloak.forms.login.freemarker.model,org.keycloak.theme
org.keycloak.forms.login.freemarker.model,org.keycloak.userprofile
org.keycloak.forms.login.freemarker.model,org.keycloak.utils
org.keycloak.guides.maven,org.keycloak.common
org.keycloak.guides.maven,org.keycloak.config
org.keycloak.guides.maven,org.keycloak.protocol
org.keycloak.guides.maven,org.keycloak.provider
org.keycloak.guides.maven,org.keycloak.quarkus.runtime
org.keycloak.guides.maven,org.keycloak.quarkus.runtime.configuration.mappers
org.keycloak.guides.maven,org.keycloak.utils
org.keycloak.headers,org.keycloak
org.keycloak.headers,org.keycloak.models
org.keycloak.headers,org.keycloak.provider
org.keycloak.headers,org.keycloak.representations.idm
org.keycloak.health,org.keycloak.provider
org.keycloak.http,org.keycloak.models
org.keycloak.http.simple,org.keycloak.common.util
org.keycloak.http.simple,org.keycloak.connections.httpclient
org.keycloak.http.simple,org.keycloak.models
org.keycloak.http.simple,org.keycloak.util
org.keycloak.infinispan.compatibility,org.keycloak
org.keycloak.infinispan.compatibility,org.keycloak.common
org.keycloak.infinispan.compatibility,org.keycloak.compatibility
org.keycloak.infinispan.compatibility,org.keycloak.crypto
org.keycloak.infinispan.compatibility,org.keycloak.infinispan.util
org.keycloak.infinispan.compatibility,org.keycloak.jose.jws.crypto
org.keycloak.infinispan.compatibility,org.keycloak.spi.infinispan
org.keycloak.infinispan.compatibility,org.keycloak.spi.infinispan.impl.embedded
org.keycloak.infinispan.compatibility,org.keycloak.spi.infinispan.impl.remote
org.keycloak.infinispan.health.impl,org.keycloak.infinispan.health
org.keycloak.infinispan.health.impl,org.keycloak.jgroups.protocol
org.keycloak.infinispan.module,org.keycloak.jgroups.certificates
org.keycloak.infinispan.module.configuration.global,org.keycloak.models
org.keycloak.infinispan.module.factory,org.keycloak.infinispan.health
org.keycloak.infinispan.module.factory,org.keycloak.infinispan.health.impl
org.keycloak.infinispan.module.factory,org.keycloak.infinispan.module.configuration.global
org.keycloak.infinispan.module.factory,org.keycloak.jgroups.certificates
org.keycloak.infinispan.module.factory,org.keycloak.models
org.keycloak.infinispan.module.factory,org.keycloak.spi.infinispan
org.keycloak.infinispan.util,org.keycloak
org.keycloak.infinispan.util,org.keycloak.common
org.keycloak.infinispan.util,org.keycloak.common.util
org.keycloak.infinispan.util,org.keycloak.provider
org.keycloak.ipatuura_user_spi,org.keycloak
org.keycloak.ipatuura_user_spi,org.keycloak.common
org.keycloak.ipatuura_user_spi,org.keycloak.component
org.keycloak.ipatuura_user_spi,org.keycloak.credential
org.keycloak.ipatuura_user_spi,org.keycloak.http.simple
org.keycloak.ipatuura_user_spi,org.keycloak.ipatuura_user_spi.authenticator
org.keycloak.ipatuura_user_spi,org.keycloak.ipatuura_user_spi.schemas
org.keycloak.ipatuura_user_spi,org.keycloak.models
org.keycloak.ipatuura_user_spi,org.keycloak.models.credential
org.keycloak.ipatuura_user_spi,org.keycloak.models.utils
org.keycloak.ipatuura_user_spi,org.keycloak.provider
org.keycloak.ipatuura_user_spi,org.keycloak.storage
org.keycloak.ipatuura_user_spi,org.keycloak.storage.user
org.keycloak.ipatuura_user_spi.authenticator,org.keycloak.common.constants
org.keycloak.ipatuura_user_spi.authenticator,org.keycloak.models
org.keycloak.jgroups.certificates,org.keycloak
org.keycloak.jgroups.certificates,org.keycloak.common.crypto
org.keycloak.jgroups.certificates,org.keycloak.common.util
org.keycloak.jgroups.certificates,org.keycloak.compatibility
org.keycloak.jgroups.certificates,org.keycloak.config
org.keycloak.jgroups.certificates,org.keycloak.infinispan.util
org.keycloak.jgroups.certificates,org.keycloak.marshalling
org.keycloak.jgroups.certificates,org.keycloak.models
org.keycloak.jgroups.certificates,org.keycloak.models.utils
org.keycloak.jgroups.certificates,org.keycloak.provider
org.keycloak.jgroups.certificates,org.keycloak.spi.infinispan
org.keycloak.jgroups.certificates,org.keycloak.storage.configuration
org.keycloak.jgroups.certificates,org.keycloak.util
org.keycloak.jgroups.protocol,org.keycloak.common.util
org.keycloak.jgroups.protocol,org.keycloak.connections.jpa
org.keycloak.jgroups.protocol,org.keycloak.jgroups.header
org.keycloak.jose,org.keycloak.common.util
org.keycloak.jose,org.keycloak.jose.jwe
org.keycloak.jose,org.keycloak.jose.jws
org.keycloak.jose,org.keycloak.util
org.keycloak.jose.jwe,org.keycloak.common.crypto
org.keycloak.jose.jwe,org.keycloak.common.util
org.keycloak.jose.jwe,org.keycloak.jose
org.keycloak.jose.jwe,org.keycloak.jose.jwe.alg
org.keycloak.jose.jwe,org.keycloak.jose.jwe.enc
org.keycloak.jose.jwe,org.keycloak.jose.jwk
org.keycloak.jose.jwe,org.keycloak.json
org.keycloak.jose.jwe.alg,org.keycloak.jose.jwe
org.keycloak.jose.jwe.alg,org.keycloak.jose.jwe.enc
org.keycloak.jose.jwe.enc,org.keycloak.common.crypto
org.keycloak.jose.jwe.enc,org.keycloak.jose.jwe
org.keycloak.jose.jwk,org.keycloak.common.crypto
org.keycloak.jose.jwk,org.keycloak.common.util
org.keycloak.jose.jwk,org.keycloak.crypto
org.keycloak.jose.jwk,org.keycloak.json
org.keycloak.jose.jws,org.keycloak
org.keycloak.jose.jws,org.keycloak.common.util
org.keycloak.jose.jws,org.keycloak.crypto
org.keycloak.jose.jws,org.keycloak.jose
org.keycloak.jose.jws,org.keycloak.jose.jwe
org.keycloak.jose.jws,org.keycloak.jose.jwe.alg
org.keycloak.jose.jws,org.keycloak.jose.jwe.enc
org.keycloak.jose.jws,org.keycloak.jose.jwk
org.keycloak.jose.jws,org.keycloak.jose.jws.crypto
org.keycloak.jose.jws,org.keycloak.json
org.keycloak.jose.jws,org.keycloak.keys.loader
org.keycloak.jose.jws,org.keycloak.models
org.keycloak.jose.jws,org.keycloak.protocol
org.keycloak.jose.jws,org.keycloak.protocol.oidc
org.keycloak.jose.jws,org.keycloak.protocol.oidc.mappers
org.keycloak.jose.jws,org.keycloak.representations
org.keycloak.jose.jws,org.keycloak.services.util
org.keycloak.jose.jws,org.keycloak.util
org.keycloak.jose.jws.crypto,org.keycloak.common.util
org.keycloak.jose.jws.crypto,org.keycloak.crypto
org.keycloak.jose.jws.crypto,org.keycloak.jose.jws
org.keycloak.json,org.keycloak.representations.idm.authorization
org.keycloak.json,org.keycloak.representations.workflows
org.keycloak.json,org.keycloak.util
org.keycloak.keys,org.keycloak
org.keycloak.keys,org.keycloak.common.crypto
org.keycloak.keys,org.keycloak.common.util
org.keycloak.keys,org.keycloak.component
org.keycloak.keys,org.keycloak.crypto
org.keycloak.keys,org.keycloak.jose.jwe
org.keycloak.keys,org.keycloak.jose.jwk
org.keycloak.keys,org.keycloak.models
org.keycloak.keys,org.keycloak.models.utils
org.keycloak.keys,org.keycloak.provider
org.keycloak.keys,org.keycloak.vault
org.keycloak.keys.infinispan,org.keycloak
org.keycloak.keys.infinispan,org.keycloak.cluster
org.keycloak.keys.infinispan,org.keycloak.common.util
org.keycloak.keys.infinispan,org.keycloak.connections.infinispan
org.keycloak.keys.infinispan,org.keycloak.crypto
org.keycloak.keys.infinispan,org.keycloak.jose.jwk
org.keycloak.keys.infinispan,org.keycloak.keys
org.keycloak.keys.infinispan,org.keycloak.marshalling
org.keycloak.keys.infinispan,org.keycloak.models
org.keycloak.keys.infinispan,org.keycloak.models.cache
org.keycloak.keys.infinispan,org.keycloak.models.cache.infinispan
org.keycloak.keys.infinispan,org.keycloak.models.cache.infinispan.events
org.keycloak.keys.infinispan,org.keycloak.provider
org.keycloak.keys.loader,org.keycloak.authentication.authenticators.client
org.keycloak.keys.loader,org.keycloak.broker.jwtauthorizationgrant
org.keycloak.keys.loader,org.keycloak.common.util
org.keycloak.keys.loader,org.keycloak.crypto
org.keycloak.keys.loader,org.keycloak.jose.jwk
org.keycloak.keys.loader,org.keycloak.jose.jws
org.keycloak.keys.loader,org.keycloak.keys
org.keycloak.keys.loader,org.keycloak.models
org.keycloak.keys.loader,org.keycloak.models.utils
org.keycloak.keys.loader,org.keycloak.protocol.oidc
org.keycloak.keys.loader,org.keycloak.protocol.oidc.utils
org.keycloak.keys.loader,org.keycloak.representations.idm
org.keycloak.keys.loader,org.keycloak.services.util
org.keycloak.keys.loader,org.keycloak.util
org.keycloak.keys.loader,org.keycloak.utils
org.keycloak.locale,org.keycloak
org.keycloak.locale,org.keycloak.cookie
org.keycloak.locale,org.keycloak.events
org.keycloak.locale,org.keycloak.models
org.keycloak.locale,org.keycloak.provider
org.keycloak.locale,org.keycloak.sessions
org.keycloak.locale,org.keycloak.storage
org.keycloak.locale,org.keycloak.theme
org.keycloak.logging,org.keycloak.common
org.keycloak.logging,org.keycloak.models
org.keycloak.logging,org.keycloak.provider
org.keycloak.logging,org.keycloak.sessions
org.keycloak.loginfailures.jpa,org.keycloak
org.keycloak.loginfailures.jpa,org.keycloak.common
org.keycloak.loginfailures.jpa,org.keycloak.common.util
org.keycloak.loginfailures.jpa,org.keycloak.config
org.keycloak.loginfailures.jpa,org.keycloak.connections.jpa
org.keycloak.loginfailures.jpa,org.keycloak.expiration.jpa
org.keycloak.loginfailures.jpa,org.keycloak.models
org.keycloak.loginfailures.jpa,org.keycloak.models.utils
org.keycloak.loginfailures.jpa,org.keycloak.provider
org.keycloak.marshalling,org.keycloak.cluster.infinispan
org.keycloak.marshalling,org.keycloak.component
org.keycloak.marshalling,org.keycloak.jgroups.certificates
org.keycloak.marshalling,org.keycloak.keys.infinispan
org.keycloak.marshalling,org.keycloak.models
org.keycloak.marshalling,org.keycloak.models.cache.infinispan
org.keycloak.marshalling,org.keycloak.models.cache.infinispan.authorization.events
org.keycloak.marshalling,org.keycloak.models.cache.infinispan.authorization.stream
org.keycloak.marshalling,org.keycloak.models.cache.infinispan.events
org.keycloak.marshalling,org.keycloak.models.cache.infinispan.stream
org.keycloak.marshalling,org.keycloak.models.sessions.infinispan.changes
org.keycloak.marshalling,org.keycloak.models.sessions.infinispan.changes.sessions
org.keycloak.marshalling,org.keycloak.models.sessions.infinispan.entities
org.keycloak.marshalling,org.keycloak.models.sessions.infinispan.events
org.keycloak.marshalling,org.keycloak.models.sessions.infinispan.stream
org.keycloak.marshalling,org.keycloak.models.workflow
org.keycloak.marshalling,org.keycloak.sessions
org.keycloak.marshalling,org.keycloak.storage
org.keycloak.mdoc,org.keycloak.common.util
org.keycloak.mdoc,org.keycloak.crypto
org.keycloak.mdoc,org.keycloak.jose.jwk
org.keycloak.mdoc,org.keycloak.jose.jws.crypto
org.keycloak.migration,org.keycloak.models
org.keycloak.migration,org.keycloak.provider
org.keycloak.migration,org.keycloak.representations.idm
org.keycloak.migration,org.keycloak.storage
org.keycloak.migration,org.keycloak.storage.datastore
org.keycloak.migration.migrators,org.keycloak
org.keycloak.migration.migrators,org.keycloak.authentication
org.keycloak.migration.migrators,org.keycloak.authorization
org.keycloak.migration.migrators,org.keycloak.authorization.fgap
org.keycloak.migration.migrators,org.keycloak.authorization.model
org.keycloak.migration.migrators,org.keycloak.authorization.store
org.keycloak.migration.migrators,org.keycloak.broker.provider
org.keycloak.migration.migrators,org.keycloak.common
org.keycloak.migration.migrators,org.keycloak.common.util
org.keycloak.migration.migrators,org.keycloak.component
org.keycloak.migration.migrators,org.keycloak.connections.jpa.support
org.keycloak.migration.migrators,org.keycloak.migration
org.keycloak.migration.migrators,org.keycloak.models
org.keycloak.migration.migrators,org.keycloak.models.cache
org.keycloak.migration.migrators,org.keycloak.models.utils
org.keycloak.migration.migrators,org.keycloak.organization
org.keycloak.migration.migrators,org.keycloak.provider
org.keycloak.migration.migrators,org.keycloak.representations.idm
org.keycloak.migration.migrators,org.keycloak.representations.userprofile.config
org.keycloak.migration.migrators,org.keycloak.services.clientpolicy
org.keycloak.migration.migrators,org.keycloak.storage
org.keycloak.migration.migrators,org.keycloak.userprofile
org.keycloak.migration.migrators,org.keycloak.util
org.keycloak.models,org.keycloak
org.keycloak.models,org.keycloak.common
org.keycloak.models,org.keycloak.common.enums
org.keycloak.models,org.keycloak.common.util
org.keycloak.models,org.keycloak.component
org.keycloak.models,org.keycloak.credential
org.keycloak.models,org.keycloak.crypto
org.keycloak.models,org.keycloak.http
org.keycloak.models,org.keycloak.jose
org.keycloak.models,org.keycloak.jose.jws
org.keycloak.models,org.keycloak.keys
org.keycloak.models,org.keycloak.migration
org.keycloak.models,org.keycloak.models.credential
org.keycloak.models,org.keycloak.models.utils
org.keycloak.models,org.keycloak.policy
org.keycloak.models,org.keycloak.provider
org.keycloak.models,org.keycloak.rar
org.keycloak.models,org.keycloak.representations
org.keycloak.models,org.keycloak.representations.idm
org.keycloak.models,org.keycloak.services.clientpolicy
org.keycloak.models,org.keycloak.sessions
org.keycloak.models,org.keycloak.storage
org.keycloak.models,org.keycloak.storage.client
org.keycloak.models,org.keycloak.storage.clientscope
org.keycloak.models,org.keycloak.storage.group
org.keycloak.models,org.keycloak.storage.role
org.keycloak.models,org.keycloak.storage.user
org.keycloak.models,org.keycloak.theme
org.keycloak.models,org.keycloak.urls
org.keycloak.models,org.keycloak.util
org.keycloak.models,org.keycloak.utils
org.keycloak.models,org.keycloak.vault
org.keycloak.models.cache,org.keycloak.models
org.keycloak.models.cache,org.keycloak.provider
org.keycloak.models.cache.authorization,org.keycloak.authorization.store
org.keycloak.models.cache.authorization,org.keycloak.common
org.keycloak.models.cache.authorization,org.keycloak.provider
org.keycloak.models.cache.infinispan,org.keycloak
org.keycloak.models.cache.infinispan,org.keycloak.client.clienttype
org.keycloak.models.cache.infinispan,org.keycloak.cluster
org.keycloak.models.cache.infinispan,org.keycloak.common
org.keycloak.models.cache.infinispan,org.keycloak.common.constants
org.keycloak.models.cache.infinispan,org.keycloak.common.enums
org.keycloak.models.cache.infinispan,org.keycloak.common.util
org.keycloak.models.cache.infinispan,org.keycloak.component
org.keycloak.models.cache.infinispan,org.keycloak.connections.infinispan
org.keycloak.models.cache.infinispan,org.keycloak.connections.jpa.support
org.keycloak.models.cache.infinispan,org.keycloak.credential
org.keycloak.models.cache.infinispan,org.keycloak.marshalling
org.keycloak.models.cache.infinispan,org.keycloak.models
org.keycloak.models.cache.infinispan,org.keycloak.models.cache
org.keycloak.models.cache.infinispan,org.keycloak.models.cache.infinispan.entities
org.keycloak.models.cache.infinispan,org.keycloak.models.cache.infinispan.events
org.keycloak.models.cache.infinispan,org.keycloak.models.cache.infinispan.stream
org.keycloak.models.cache.infinispan,org.keycloak.models.utils
org.keycloak.models.cache.infinispan,org.keycloak.organization
org.keycloak.models.cache.infinispan,org.keycloak.provider
org.keycloak.models.cache.infinispan,org.keycloak.representations.idm
org.keycloak.models.cache.infinispan,org.keycloak.storage
org.keycloak.models.cache.infinispan,org.keycloak.storage.client
org.keycloak.models.cache.infinispan,org.keycloak.userprofile
org.keycloak.models.cache.infinispan.authorization,org.keycloak
org.keycloak.models.cache.infinispan.authorization,org.keycloak.authorization
org.keycloak.models.cache.infinispan.authorization,org.keycloak.authorization.model
org.keycloak.models.cache.infinispan.authorization,org.keycloak.authorization.store
org.keycloak.models.cache.infinispan.authorization,org.keycloak.cluster
org.keycloak.models.cache.infinispan.authorization,org.keycloak.connections.infinispan
org.keycloak.models.cache.infinispan.authorization,org.keycloak.models
org.keycloak.models.cache.infinispan.authorization,org.keycloak.models.cache.authorization
org.keycloak.models.cache.infinispan.authorization,org.keycloak.models.cache.infinispan
org.keycloak.models.cache.infinispan.authorization,org.keycloak.models.cache.infinispan.authorization.entities
org.keycloak.models.cache.infinispan.authorization,org.keycloak.models.cache.infinispan.authorization.events
org.keycloak.models.cache.infinispan.authorization,org.keycloak.models.cache.infinispan.authorization.stream
org.keycloak.models.cache.infinispan.authorization,org.keycloak.models.cache.infinispan.entities
org.keycloak.models.cache.infinispan.authorization,org.keycloak.models.cache.infinispan.events
org.keycloak.models.cache.infinispan.authorization,org.keycloak.representations.idm.authorization
org.keycloak.models.cache.infinispan.authorization,org.keycloak.storage
org.keycloak.models.cache.infinispan.authorization.entities,org.keycloak.authorization.model
org.keycloak.models.cache.infinispan.authorization.entities,org.keycloak.common.util
org.keycloak.models.cache.infinispan.authorization.entities,org.keycloak.models
org.keycloak.models.cache.infinispan.authorization.entities,org.keycloak.models.cache.infinispan
org.keycloak.models.cache.infinispan.authorization.entities,org.keycloak.models.cache.infinispan.entities
org.keycloak.models.cache.infinispan.authorization.entities,org.keycloak.representations.idm.authorization
org.keycloak.models.cache.infinispan.authorization.events,org.keycloak.marshalling
org.keycloak.models.cache.infinispan.authorization.events,org.keycloak.models.cache.infinispan.authorization
org.keycloak.models.cache.infinispan.authorization.events,org.keycloak.models.cache.infinispan.events
org.keycloak.models.cache.infinispan.authorization.stream,org.keycloak.marshalling
org.keycloak.models.cache.infinispan.authorization.stream,org.keycloak.models.cache.infinispan.authorization.entities
org.keycloak.models.cache.infinispan.authorization.stream,org.keycloak.models.cache.infinispan.entities
org.keycloak.models.cache.infinispan.entities,org.keycloak.common.enums
org.keycloak.models.cache.infinispan.entities,org.keycloak.common.util
org.keycloak.models.cache.infinispan.entities,org.keycloak.component
org.keycloak.models.cache.infinispan.entities,org.keycloak.credential
org.keycloak.models.cache.infinispan.entities,org.keycloak.models
org.keycloak.models.cache.infinispan.entities,org.keycloak.models.cache
org.keycloak.models.cache.infinispan.entities,org.keycloak.models.cache.infinispan
org.keycloak.models.cache.infinispan.entities,org.keycloak.representations.idm
org.keycloak.models.cache.infinispan.events,org.keycloak.cluster
org.keycloak.models.cache.infinispan.events,org.keycloak.marshalling
org.keycloak.models.cache.infinispan.events,org.keycloak.models
org.keycloak.models.cache.infinispan.events,org.keycloak.models.cache.infinispan
org.keycloak.models.cache.infinispan.idp,org.keycloak
org.keycloak.models.cache.infinispan.idp,org.keycloak.common
org.keycloak.models.cache.infinispan.idp,org.keycloak.models
org.keycloak.models.cache.infinispan.idp,org.keycloak.models.cache
org.keycloak.models.cache.infinispan.idp,org.keycloak.models.cache.infinispan
org.keycloak.models.cache.infinispan.idp,org.keycloak.models.cache.infinispan.entities
org.keycloak.models.cache.infinispan.idp,org.keycloak.organization
org.keycloak.models.cache.infinispan.organization,org.keycloak.authorization.fgap
org.keycloak.models.cache.infinispan.organization,org.keycloak.common.util
org.keycloak.models.cache.infinispan.organization,org.keycloak.models
org.keycloak.models.cache.infinispan.organization,org.keycloak.models.cache
org.keycloak.models.cache.infinispan.organization,org.keycloak.models.cache.infinispan
org.keycloak.models.cache.infinispan.organization,org.keycloak.models.cache.infinispan.entities
org.keycloak.models.cache.infinispan.organization,org.keycloak.organization
org.keycloak.models.cache.infinispan.organization,org.keycloak.organization.utils
org.keycloak.models.cache.infinispan.organization,org.keycloak.representations.idm
org.keycloak.models.cache.infinispan.stream,org.keycloak.marshalling
org.keycloak.models.cache.infinispan.stream,org.keycloak.models.cache.infinispan.entities
org.keycloak.models.credential,org.keycloak.common.util
org.keycloak.models.credential,org.keycloak.credential
org.keycloak.models.credential,org.keycloak.models
org.keycloak.models.credential,org.keycloak.models.credential.dto
org.keycloak.models.credential,org.keycloak.models.utils
org.keycloak.models.credential,org.keycloak.util
org.keycloak.models.credential.dto,org.keycloak.common.util
org.keycloak.models.dblock,org.keycloak.models
org.keycloak.models.dblock,org.keycloak.provider
org.keycloak.models.delegate,org.keycloak.models
org.keycloak.models.jpa,org.keycloak
org.keycloak.models.jpa,org.keycloak.authentication
org.keycloak.models.jpa,org.keycloak.authorization.fgap
org.keycloak.models.jpa,org.keycloak.authorization.fgap.evaluation.partial
org.keycloak.models.jpa,org.keycloak.authorization.jpa.entities
org.keycloak.models.jpa,org.keycloak.broker.provider
org.keycloak.models.jpa,org.keycloak.broker.provider.util
org.keycloak.models.jpa,org.keycloak.broker.social
org.keycloak.models.jpa,org.keycloak.client.clienttype
org.keycloak.models.jpa,org.keycloak.common
org.keycloak.models.jpa,org.keycloak.common.enums
org.keycloak.models.jpa,org.keycloak.common.util
org.keycloak.models.jpa,org.keycloak.component
org.keycloak.models.jpa,org.keycloak.connections.jpa
org.keycloak.models.jpa,org.keycloak.connections.jpa.support
org.keycloak.models.jpa,org.keycloak.connections.jpa.util
org.keycloak.models.jpa,org.keycloak.credential
org.keycloak.models.jpa,org.keycloak.migration
org.keycloak.models.jpa,org.keycloak.models
org.keycloak.models.jpa,org.keycloak.models.delegate
org.keycloak.models.jpa,org.keycloak.models.jpa.entities
org.keycloak.models.jpa,org.keycloak.models.utils
org.keycloak.models.jpa,org.keycloak.organization
org.keycloak.models.jpa,org.keycloak.protocol.oidc
org.keycloak.models.jpa,org.keycloak.protocol.saml
org.keycloak.models.jpa,org.keycloak.provider
org.keycloak.models.jpa,org.keycloak.representations.idm
org.keycloak.models.jpa,org.keycloak.storage
org.keycloak.models.jpa,org.keycloak.storage.client
org.keycloak.models.jpa,org.keycloak.storage.jpa
org.keycloak.models.jpa,org.keycloak.userprofile
org.keycloak.models.jpa,org.keycloak.util
org.keycloak.models.jpa,org.keycloak.utils
org.keycloak.models.jpa.converter,org.keycloak.util
org.keycloak.models.jpa.entities,org.keycloak.common.util
org.keycloak.models.jpa.entities,org.keycloak.models
org.keycloak.models.jpa.entities,org.keycloak.models.jpa.converter
org.keycloak.models.jpa.entities,org.keycloak.models.utils
org.keycloak.models.jpa.entities,org.keycloak.representations.idm
org.keycloak.models.jpa.entities,org.keycloak.storage.jpa
org.keycloak.models.jpa.entities,org.keycloak.utils
org.keycloak.models.jpa.session,org.keycloak
org.keycloak.models.jpa.session,org.keycloak.common.util
org.keycloak.models.jpa.session,org.keycloak.connections.jpa
org.keycloak.models.jpa.session,org.keycloak.events
org.keycloak.models.jpa.session,org.keycloak.models
org.keycloak.models.jpa.session,org.keycloak.models.jpa.entities
org.keycloak.models.jpa.session,org.keycloak.models.session
org.keycloak.models.jpa.session,org.keycloak.models.utils
org.keycloak.models.jpa.session,org.keycloak.provider
org.keycloak.models.jpa.session,org.keycloak.storage
org.keycloak.models.jpa.session,org.keycloak.storage.jpa
org.keycloak.models.jpa.session,org.keycloak.util
org.keycloak.models.jpa.session,org.keycloak.utils
org.keycloak.models.light,org.keycloak.common
org.keycloak.models.light,org.keycloak.common.util
org.keycloak.models.light,org.keycloak.credential
org.keycloak.models.light,org.keycloak.models
org.keycloak.models.light,org.keycloak.models.utils
org.keycloak.models.light,org.keycloak.storage.adapter
org.keycloak.models.light,org.keycloak.util
org.keycloak.models.oid4vci,org.keycloak
org.keycloak.models.oid4vci,org.keycloak.models
org.keycloak.models.oid4vci,org.keycloak.utils
org.keycloak.models.session,org.keycloak
org.keycloak.models.session,org.keycloak.common.util
org.keycloak.models.session,org.keycloak.models
org.keycloak.models.session,org.keycloak.models.light
org.keycloak.models.session,org.keycloak.models.utils
org.keycloak.models.session,org.keycloak.provider
org.keycloak.models.session,org.keycloak.util
org.keycloak.models.sessions.infinispan,org.keycloak
org.keycloak.models.sessions.infinispan,org.keycloak.authentication.jpa
org.keycloak.models.sessions.infinispan,org.keycloak.cluster
org.keycloak.models.sessions.infinispan,org.keycloak.common
org.keycloak.models.sessions.infinispan,org.keycloak.common.util
org.keycloak.models.sessions.infinispan,org.keycloak.connections.infinispan
org.keycloak.models.sessions.infinispan,org.keycloak.infinispan.util
org.keycloak.models.sessions.infinispan,org.keycloak.models
org.keycloak.models.sessions.infinispan,org.keycloak.models.cache.infinispan.events
org.keycloak.models.sessions.infinispan,org.keycloak.models.light
org.keycloak.models.sessions.infinispan,org.keycloak.models.session
org.keycloak.models.sessions.infinispan,org.keycloak.models.sessions.infinispan.changes
org.keycloak.models.sessions.infinispan,org.keycloak.models.sessions.infinispan.changes.sessions
org.keycloak.models.sessions.infinispan,org.keycloak.models.sessions.infinispan.entities
org.keycloak.models.sessions.infinispan,org.keycloak.models.sessions.infinispan.events
org.keycloak.models.sessions.infinispan,org.keycloak.models.sessions.infinispan.expiration
org.keycloak.models.sessions.infinispan,org.keycloak.models.sessions.infinispan.listeners
org.keycloak.models.sessions.infinispan,org.keycloak.models.sessions.infinispan.query
org.keycloak.models.sessions.infinispan,org.keycloak.models.sessions.infinispan.stream
org.keycloak.models.sessions.infinispan,org.keycloak.models.sessions.infinispan.transaction
org.keycloak.models.sessions.infinispan,org.keycloak.models.sessions.infinispan.util
org.keycloak.models.sessions.infinispan,org.keycloak.models.utils
org.keycloak.models.sessions.infinispan,org.keycloak.provider
org.keycloak.models.sessions.infinispan,org.keycloak.sessions
org.keycloak.models.sessions.infinispan,org.keycloak.utils
org.keycloak.models.sessions.infinispan.changes,org.keycloak.connections.infinispan
org.keycloak.models.sessions.infinispan.changes,org.keycloak.marshalling
org.keycloak.models.sessions.infinispan.changes,org.keycloak.models
org.keycloak.models.sessions.infinispan.changes,org.keycloak.models.delegate
org.keycloak.models.sessions.infinispan.changes,org.keycloak.models.session
org.keycloak.models.sessions.infinispan.changes,org.keycloak.models.sessions.infinispan
org.keycloak.models.sessions.infinispan.changes,org.keycloak.models.sessions.infinispan.entities
org.keycloak.models.sessions.infinispan.changes,org.keycloak.models.sessions.infinispan.transaction
org.keycloak.models.sessions.infinispan.changes,org.keycloak.models.sessions.infinispan.util
org.keycloak.models.sessions.infinispan.changes,org.keycloak.models.utils
org.keycloak.models.sessions.infinispan.changes.remote.remover,org.keycloak.models.sessions.infinispan.changes.remote.updater
org.keycloak.models.sessions.infinispan.changes.remote.remover,org.keycloak.models.sessions.infinispan.remote.transaction
org.keycloak.models.sessions.infinispan.changes.remote.remover.query,org.keycloak.models.sessions.infinispan.changes.remote.remover
org.keycloak.models.sessions.infinispan.changes.remote.remover.query,org.keycloak.models.sessions.infinispan.entities
org.keycloak.models.sessions.infinispan.changes.remote.remover.query,org.keycloak.models.sessions.infinispan.query
org.keycloak.models.sessions.infinispan.changes.remote.updater,org.keycloak.models.sessions.infinispan.remote.transaction
org.keycloak.models.sessions.infinispan.changes.remote.updater,org.keycloak.models.sessions.infinispan.util
org.keycloak.models.sessions.infinispan.changes.remote.updater.authsession,org.keycloak.common.util
org.keycloak.models.sessions.infinispan.changes.remote.updater.authsession,org.keycloak.models
org.keycloak.models.sessions.infinispan.changes.remote.updater.authsession,org.keycloak.models.sessions.infinispan
org.keycloak.models.sessions.infinispan.changes.remote.updater.authsession,org.keycloak.models.sessions.infinispan.changes.remote.updater
org.keycloak.models.sessions.infinispan.changes.remote.updater.authsession,org.keycloak.models.sessions.infinispan.entities
org.keycloak.models.sessions.infinispan.changes.remote.updater.authsession,org.keycloak.models.sessions.infinispan.util
org.keycloak.models.sessions.infinispan.changes.remote.updater.authsession,org.keycloak.sessions
org.keycloak.models.sessions.infinispan.changes.remote.updater.client,org.keycloak.models
org.keycloak.models.sessions.infinispan.changes.remote.updater.client,org.keycloak.models.sessions.infinispan.changes.remote.updater
org.keycloak.models.sessions.infinispan.changes.remote.updater.client,org.keycloak.models.sessions.infinispan.changes.remote.updater.helper
org.keycloak.models.sessions.infinispan.changes.remote.updater.client,org.keycloak.models.sessions.infinispan.entities
org.keycloak.models.sessions.infinispan.changes.remote.updater.client,org.keycloak.models.sessions.infinispan.remote.transaction
org.keycloak.models.sessions.infinispan.changes.remote.updater.client,org.keycloak.models.sessions.infinispan.util
org.keycloak.models.sessions.infinispan.changes.remote.updater.loginfailures,org.keycloak.models
org.keycloak.models.sessions.infinispan.changes.remote.updater.loginfailures,org.keycloak.models.sessions.infinispan.changes.remote.updater
org.keycloak.models.sessions.infinispan.changes.remote.updater.loginfailures,org.keycloak.models.sessions.infinispan.entities
org.keycloak.models.sessions.infinispan.changes.remote.updater.loginfailures,org.keycloak.models.sessions.infinispan.util
org.keycloak.models.sessions.infinispan.changes.remote.updater.loginfailures,org.keycloak.utils
org.keycloak.models.sessions.infinispan.changes.remote.updater.user,org.keycloak.models
org.keycloak.models.sessions.infinispan.changes.remote.updater.user,org.keycloak.models.sessions.infinispan.changes.remote.updater
org.keycloak.models.sessions.infinispan.changes.remote.updater.user,org.keycloak.models.sessions.infinispan.changes.remote.updater.helper
org.keycloak.models.sessions.infinispan.changes.remote.updater.user,org.keycloak.models.sessions.infinispan.entities
org.keycloak.models.sessions.infinispan.changes.remote.updater.user,org.keycloak.models.sessions.infinispan.util
org.keycloak.models.sessions.infinispan.changes.sessions,org.keycloak.common.util
org.keycloak.models.sessions.infinispan.changes.sessions,org.keycloak.marshalling
org.keycloak.models.sessions.infinispan.changes.sessions,org.keycloak.models
org.keycloak.models.sessions.infinispan.changes.sessions,org.keycloak.models.session
org.keycloak.models.sessions.infinispan.changes.sessions,org.keycloak.models.utils
org.keycloak.models.sessions.infinispan.changes.sessions,org.keycloak.timer
org.keycloak.models.sessions.infinispan.entities,org.keycloak.common.util
org.keycloak.models.sessions.infinispan.entities,org.keycloak.marshalling
org.keycloak.models.sessions.infinispan.entities,org.keycloak.models
org.keycloak.models.sessions.infinispan.entities,org.keycloak.models.sessions.infinispan.changes
org.keycloak.models.sessions.infinispan.entities,org.keycloak.sessions
org.keycloak.models.sessions.infinispan.events,org.keycloak.cluster
org.keycloak.models.sessions.infinispan.events,org.keycloak.connections.infinispan
org.keycloak.models.sessions.infinispan.events,org.keycloak.infinispan.util
org.keycloak.models.sessions.infinispan.events,org.keycloak.marshalling
org.keycloak.models.sessions.infinispan.events,org.keycloak.models
org.keycloak.models.sessions.infinispan.events,org.keycloak.models.sessions.infinispan
org.keycloak.models.sessions.infinispan.events,org.keycloak.models.utils
org.keycloak.models.sessions.infinispan.events,org.keycloak.provider
org.keycloak.models.sessions.infinispan.events,org.keycloak.sessions
org.keycloak.models.sessions.infinispan.expiration,org.keycloak
org.keycloak.models.sessions.infinispan.expiration,org.keycloak.config
org.keycloak.models.sessions.infinispan.expiration,org.keycloak.connections.infinispan
org.keycloak.models.sessions.infinispan.expiration,org.keycloak.infinispan.util
org.keycloak.models.sessions.infinispan.expiration,org.keycloak.models
org.keycloak.models.sessions.infinispan.expiration,org.keycloak.models.session
org.keycloak.models.sessions.infinispan.expiration,org.keycloak.models.sessions.infinispan
org.keycloak.models.sessions.infinispan.expiration,org.keycloak.models.utils
org.keycloak.models.sessions.infinispan.expiration,org.keycloak.provider
org.keycloak.models.sessions.infinispan.listeners,org.keycloak.common.util
org.keycloak.models.sessions.infinispan.listeners,org.keycloak.events
org.keycloak.models.sessions.infinispan.listeners,org.keycloak.models
org.keycloak.models.sessions.infinispan.listeners,org.keycloak.models.sessions.infinispan.changes
org.keycloak.models.sessions.infinispan.listeners,org.keycloak.models.sessions.infinispan.entities
org.keycloak.models.sessions.infinispan.listeners,org.keycloak.models.utils
org.keycloak.models.sessions.infinispan.query,org.keycloak.marshalling
org.keycloak.models.sessions.infinispan.query,org.keycloak.models.sessions.infinispan.entities
org.keycloak.models.sessions.infinispan.remote,org.keycloak
org.keycloak.models.sessions.infinispan.remote,org.keycloak.cluster
org.keycloak.models.sessions.infinispan.remote,org.keycloak.common
org.keycloak.models.sessions.infinispan.remote,org.keycloak.common.util
org.keycloak.models.sessions.infinispan.remote,org.keycloak.connections.infinispan
org.keycloak.models.sessions.infinispan.remote,org.keycloak.infinispan.util
org.keycloak.models.sessions.infinispan.remote,org.keycloak.marshalling
org.keycloak.models.sessions.infinispan.remote,org.keycloak.models
org.keycloak.models.sessions.infinispan.remote,org.keycloak.models.cache.infinispan.events
org.keycloak.models.sessions.infinispan.remote,org.keycloak.models.light
org.keycloak.models.sessions.infinispan.remote,org.keycloak.models.session
org.keycloak.models.sessions.infinispan.remote,org.keycloak.models.sessions.infinispan
org.keycloak.models.sessions.infinispan.remote,org.keycloak.models.sessions.infinispan.changes.remote.remover.query
org.keycloak.models.sessions.infinispan.remote,org.keycloak.models.sessions.infinispan.changes.remote.updater
org.keycloak.models.sessions.infinispan.remote,org.keycloak.models.sessions.infinispan.changes.remote.updater.authsession
org.keycloak.models.sessions.infinispan.remote,org.keycloak.models.sessions.infinispan.changes.remote.updater.client
org.keycloak.models.sessions.infinispan.remote,org.keycloak.models.sessions.infinispan.changes.remote.updater.loginfailures
org.keycloak.models.sessions.infinispan.remote,org.keycloak.models.sessions.infinispan.changes.remote.updater.user
org.keycloak.models.sessions.infinispan.remote,org.keycloak.models.sessions.infinispan.entities
org.keycloak.models.sessions.infinispan.remote,org.keycloak.models.sessions.infinispan.listeners
org.keycloak.models.sessions.infinispan.remote,org.keycloak.models.sessions.infinispan.query
org.keycloak.models.sessions.infinispan.remote,org.keycloak.models.sessions.infinispan.remote.transaction
org.keycloak.models.sessions.infinispan.remote,org.keycloak.models.sessions.infinispan.stream
org.keycloak.models.sessions.infinispan.remote,org.keycloak.models.sessions.infinispan.transaction
org.keycloak.models.sessions.infinispan.remote,org.keycloak.models.sessions.infinispan.util
org.keycloak.models.sessions.infinispan.remote,org.keycloak.models.utils
org.keycloak.models.sessions.infinispan.remote,org.keycloak.provider
org.keycloak.models.sessions.infinispan.remote,org.keycloak.sessions
org.keycloak.models.sessions.infinispan.remote,org.keycloak.utils
org.keycloak.models.sessions.infinispan.remote.transaction,org.keycloak.common.util
org.keycloak.models.sessions.infinispan.remote.transaction,org.keycloak.models
org.keycloak.models.sessions.infinispan.remote.transaction,org.keycloak.models.sessions.infinispan.changes.remote.remover
org.keycloak.models.sessions.infinispan.remote.transaction,org.keycloak.models.sessions.infinispan.changes.remote.remover.query
org.keycloak.models.sessions.infinispan.remote.transaction,org.keycloak.models.sessions.infinispan.changes.remote.updater
org.keycloak.models.sessions.infinispan.remote.transaction,org.keycloak.models.sessions.infinispan.changes.remote.updater.authsession
org.keycloak.models.sessions.infinispan.remote.transaction,org.keycloak.models.sessions.infinispan.changes.remote.updater.client
org.keycloak.models.sessions.infinispan.remote.transaction,org.keycloak.models.sessions.infinispan.changes.remote.updater.loginfailures
org.keycloak.models.sessions.infinispan.remote.transaction,org.keycloak.models.sessions.infinispan.changes.remote.updater.user
org.keycloak.models.sessions.infinispan.remote.transaction,org.keycloak.models.sessions.infinispan.entities
org.keycloak.models.sessions.infinispan.remote.transaction,org.keycloak.models.sessions.infinispan.transaction
org.keycloak.models.sessions.infinispan.stream,org.keycloak.marshalling
org.keycloak.models.sessions.infinispan.stream,org.keycloak.models
org.keycloak.models.sessions.infinispan.stream,org.keycloak.models.sessions.infinispan
org.keycloak.models.sessions.infinispan.stream,org.keycloak.models.sessions.infinispan.changes
org.keycloak.models.sessions.infinispan.stream,org.keycloak.models.sessions.infinispan.entities
org.keycloak.models.sessions.infinispan.stream,org.keycloak.models.sessions.infinispan.util
org.keycloak.models.sessions.infinispan.transaction,org.keycloak
org.keycloak.models.sessions.infinispan.transaction,org.keycloak.common.util
org.keycloak.models.sessions.infinispan.transaction,org.keycloak.connections.jpa
org.keycloak.models.sessions.infinispan.transaction,org.keycloak.models
org.keycloak.models.sessions.infinispan.transaction,org.keycloak.models.utils
org.keycloak.models.sessions.infinispan.transaction,org.keycloak.provider
org.keycloak.models.sessions.infinispan.util,org.keycloak.common.util
org.keycloak.models.sessions.infinispan.util,org.keycloak.models
org.keycloak.models.sessions.infinispan.util,org.keycloak.models.sessions.infinispan.changes
org.keycloak.models.sessions.infinispan.util,org.keycloak.models.sessions.infinispan.entities
org.keycloak.models.sessions.infinispan.util,org.keycloak.models.utils
org.keycloak.models.sessions.infinispan.util,org.keycloak.sessions
org.keycloak.models.utils,org.keycloak
org.keycloak.models.utils,org.keycloak.authentication
org.keycloak.models.utils,org.keycloak.authentication.otp
org.keycloak.models.utils,org.keycloak.authorization
org.keycloak.models.utils,org.keycloak.authorization.fgap
org.keycloak.models.utils,org.keycloak.authorization.model
org.keycloak.models.utils,org.keycloak.authorization.policy.provider
org.keycloak.models.utils,org.keycloak.authorization.store
org.keycloak.models.utils,org.keycloak.broker.provider
org.keycloak.models.utils,org.keycloak.broker.provider.util
org.keycloak.models.utils,org.keycloak.broker.social
org.keycloak.models.utils,org.keycloak.cache
org.keycloak.models.utils,org.keycloak.client.clienttype
org.keycloak.models.utils,org.keycloak.common
org.keycloak.models.utils,org.keycloak.common.enums
org.keycloak.models.utils,org.keycloak.common.util
org.keycloak.models.utils,org.keycloak.component
org.keycloak.models.utils,org.keycloak.connections.jpa.support
org.keycloak.models.utils,org.keycloak.constants
org.keycloak.models.utils,org.keycloak.credential
org.keycloak.models.utils,org.keycloak.crypto
org.keycloak.models.utils,org.keycloak.deployment
org.keycloak.models.utils,org.keycloak.events
org.keycloak.models.utils,org.keycloak.events.admin
org.keycloak.models.utils,org.keycloak.forms.login
org.keycloak.models.utils,org.keycloak.jose.jws.crypto
org.keycloak.models.utils,org.keycloak.keys
org.keycloak.models.utils,org.keycloak.migration.migrators
org.keycloak.models.utils,org.keycloak.models
org.keycloak.models.utils,org.keycloak.models.credential
org.keycloak.models.utils,org.keycloak.models.credential.dto
org.keycloak.models.utils,org.keycloak.models.light
org.keycloak.models.utils,org.keycloak.models.oid4vci
org.keycloak.models.utils,org.keycloak.organization
org.keycloak.models.utils,org.keycloak.policy
org.keycloak.models.utils,org.keycloak.protocol
org.keycloak.models.utils,org.keycloak.protocol.oidc
org.keycloak.models.utils,org.keycloak.protocol.oidc.rar
org.keycloak.models.utils,org.keycloak.provider
org.keycloak.models.utils,org.keycloak.rar
org.keycloak.models.utils,org.keycloak.representations.account
org.keycloak.models.utils,org.keycloak.representations.admin.v2
org.keycloak.models.utils,org.keycloak.representations.idm
org.keycloak.models.utils,org.keycloak.representations.idm.authorization
org.keycloak.models.utils,org.keycloak.representations.idm.oid4vc
org.keycloak.models.utils,org.keycloak.sessions
org.keycloak.models.utils,org.keycloak.storage
org.keycloak.models.utils,org.keycloak.transaction
org.keycloak.models.utils,org.keycloak.userprofile
org.keycloak.models.utils,org.keycloak.util
org.keycloak.models.utils,org.keycloak.utils
org.keycloak.models.utils.reflection,org.keycloak.common.util.reflections
org.keycloak.models.workflow,org.keycloak
org.keycloak.models.workflow,org.keycloak.authentication.requiredactions.util
org.keycloak.models.workflow,org.keycloak.cluster
org.keycloak.models.workflow,org.keycloak.common
org.keycloak.models.workflow,org.keycloak.common.util
org.keycloak.models.workflow,org.keycloak.component
org.keycloak.models.workflow,org.keycloak.connections.jpa
org.keycloak.models.workflow,org.keycloak.email
org.keycloak.models.workflow,org.keycloak.events
org.keycloak.models.workflow,org.keycloak.events.admin
org.keycloak.models.workflow,org.keycloak.executors
org.keycloak.models.workflow,org.keycloak.models
org.keycloak.models.workflow,org.keycloak.models.cache
org.keycloak.models.workflow,org.keycloak.models.jpa.entities
org.keycloak.models.workflow,org.keycloak.models.utils
org.keycloak.models.workflow,org.keycloak.models.workflow.expression
org.keycloak.models.workflow,org.keycloak.protocol.oidc.utils
org.keycloak.models.workflow,org.keycloak.provider
org.keycloak.models.workflow,org.keycloak.representations.workflows
org.keycloak.models.workflow,org.keycloak.services.scheduled
org.keycloak.models.workflow,org.keycloak.storage
org.keycloak.models.workflow,org.keycloak.timer
org.keycloak.models.workflow,org.keycloak.utils
org.keycloak.models.workflow.client,org.keycloak.component
org.keycloak.models.workflow.client,org.keycloak.models
org.keycloak.models.workflow.client,org.keycloak.models.workflow
org.keycloak.models.workflow.conditions,org.keycloak.models
org.keycloak.models.workflow.conditions,org.keycloak.models.jpa.entities
org.keycloak.models.workflow.conditions,org.keycloak.models.utils
org.keycloak.models.workflow.conditions,org.keycloak.models.workflow
org.keycloak.models.workflow.conditions,org.keycloak.storage.jpa
org.keycloak.models.workflow.conditions,org.keycloak.utils
org.keycloak.models.workflow.events,org.keycloak.events
org.keycloak.models.workflow.events,org.keycloak.events.admin
org.keycloak.models.workflow.events,org.keycloak.models
org.keycloak.models.workflow.events,org.keycloak.models.utils
org.keycloak.models.workflow.events,org.keycloak.models.workflow
org.keycloak.models.workflow.events,org.keycloak.provider
org.keycloak.models.workflow.expression,org.keycloak.component
org.keycloak.models.workflow.expression,org.keycloak.models
org.keycloak.models.workflow.expression,org.keycloak.models.workflow
org.keycloak.models.workflow.expression,org.keycloak.utils
org.keycloak.operator,org.keycloak.operator.controllers
org.keycloak.operator,org.keycloak.operator.crds.v2beta1.deployment
org.keycloak.operator,org.keycloak.operator.crds.v2beta1.realmimport
org.keycloak.operator,org.keycloak.operator.update
org.keycloak.operator.controllers,org.keycloak
org.keycloak.operator.controllers,org.keycloak.admin.api
org.keycloak.operator.controllers,org.keycloak.admin.api.client
org.keycloak.operator.controllers,org.keycloak.admin.client
org.keycloak.operator.controllers,org.keycloak.admin.client.spi
org.keycloak.operator.controllers,org.keycloak.common.util
org.keycloak.operator.controllers,org.keycloak.operator
org.keycloak.operator.controllers,org.keycloak.operator.crds.v2alpha1.client
org.keycloak.operator.controllers,org.keycloak.operator.crds.v2beta1
org.keycloak.operator.controllers,org.keycloak.operator.crds.v2beta1.deployment
org.keycloak.operator.controllers,org.keycloak.operator.crds.v2beta1.deployment.spec
org.keycloak.operator.controllers,org.keycloak.operator.crds.v2beta1.realmimport
org.keycloak.operator.controllers,org.keycloak.operator.update
org.keycloak.operator.controllers,org.keycloak.operator.update.impl
org.keycloak.operator.controllers,org.keycloak.representations.admin.v2
org.keycloak.operator.crds.v2alpha1.client,org.keycloak.operator
org.keycloak.operator.crds.v2alpha1.client,org.keycloak.operator.crds.v2beta1
org.keycloak.operator.crds.v2alpha1.client,org.keycloak.representations.admin.v2
org.keycloak.operator.crds.v2beta1,org.keycloak.operator
org.keycloak.operator.crds.v2beta1,org.keycloak.operator.crds.v2beta1.deployment
org.keycloak.operator.crds.v2beta1,org.keycloak.operator.crds.v2beta1.deployment.spec
org.keycloak.operator.crds.v2beta1.deployment,org.keycloak.operator
org.keycloak.operator.crds.v2beta1.deployment,org.keycloak.operator.crds.v2beta1
org.keycloak.operator.crds.v2beta1.deployment,org.keycloak.operator.crds.v2beta1.deployment.spec
org.keycloak.operator.crds.v2beta1.deployment.spec,org.keycloak.operator
org.keycloak.operator.crds.v2beta1.deployment.spec,org.keycloak.operator.crds.v2beta1
org.keycloak.operator.crds.v2beta1.deployment.spec,org.keycloak.operator.crds.v2beta1.deployment
org.keycloak.operator.crds.v2beta1.deployment.spec,org.keycloak.operator.update
org.keycloak.operator.crds.v2beta1.realmimport,org.keycloak.operator
org.keycloak.operator.crds.v2beta1.realmimport,org.keycloak.operator.crds.v2beta1
org.keycloak.operator.crds.v2beta1.realmimport,org.keycloak.representations.idm
org.keycloak.operator.crds.v2beta1.realmimport,org.keycloak.representations.idm.authorization
org.keycloak.operator.update,org.keycloak.operator.controllers
org.keycloak.operator.update,org.keycloak.operator.crds.v2beta1.deployment
org.keycloak.operator.update,org.keycloak.operator.crds.v2beta1.deployment.spec
org.keycloak.operator.update,org.keycloak.operator.update.impl
org.keycloak.operator.update.impl,org.keycloak.operator
org.keycloak.operator.update.impl,org.keycloak.operator.controllers
org.keycloak.operator.update.impl,org.keycloak.operator.crds.v2beta1
org.keycloak.operator.update.impl,org.keycloak.operator.crds.v2beta1.deployment
org.keycloak.operator.update.impl,org.keycloak.operator.crds.v2beta1.deployment.spec
org.keycloak.operator.update.impl,org.keycloak.operator.update
org.keycloak.organization,org.keycloak.common
org.keycloak.organization,org.keycloak.models
org.keycloak.organization,org.keycloak.provider
org.keycloak.organization,org.keycloak.representations.idm
org.keycloak.organization.admin.resource,org.keycloak
org.keycloak.organization.admin.resource,org.keycloak.authentication.actiontoken.inviteorg
org.keycloak.organization.admin.resource,org.keycloak.authorization.fgap
org.keycloak.organization.admin.resource,org.keycloak.common.util
org.keycloak.organization.admin.resource,org.keycloak.email
org.keycloak.organization.admin.resource,org.keycloak.events.admin
org.keycloak.organization.admin.resource,org.keycloak.jose.jws
org.keycloak.organization.admin.resource,org.keycloak.models
org.keycloak.organization.admin.resource,org.keycloak.models.utils
org.keycloak.organization.admin.resource,org.keycloak.organization
org.keycloak.organization.admin.resource,org.keycloak.organization.utils
org.keycloak.organization.admin.resource,org.keycloak.organization.validation
org.keycloak.organization.admin.resource,org.keycloak.protocol.oidc
org.keycloak.organization.admin.resource,org.keycloak.protocol.oidc.utils
org.keycloak.organization.admin.resource,org.keycloak.representations
org.keycloak.organization.admin.resource,org.keycloak.representations.idm
org.keycloak.organization.admin.resource,org.keycloak.services
org.keycloak.organization.admin.resource,org.keycloak.services.resources
org.keycloak.organization.admin.resource,org.keycloak.services.resources.admin
org.keycloak.organization.admin.resource,org.keycloak.services.resources.admin.fgap
org.keycloak.organization.admin.resource,org.keycloak.services.util
org.keycloak.organization.admin.resource,org.keycloak.services.validation
org.keycloak.organization.admin.resource,org.keycloak.storage.adapter
org.keycloak.organization.admin.resource,org.keycloak.utils
org.keycloak.organization.authentication.authenticators.broker,org.keycloak
org.keycloak.organization.authentication.authenticators.broker,org.keycloak.authentication
org.keycloak.organization.authentication.authenticators.broker,org.keycloak.authentication.actiontoken.inviteorg
org.keycloak.organization.authentication.authenticators.broker,org.keycloak.authentication.authenticators.broker
org.keycloak.organization.authentication.authenticators.broker,org.keycloak.authentication.authenticators.broker.util
org.keycloak.organization.authentication.authenticators.broker,org.keycloak.broker.provider
org.keycloak.organization.authentication.authenticators.broker,org.keycloak.common
org.keycloak.organization.authentication.authenticators.broker,org.keycloak.events
org.keycloak.organization.authentication.authenticators.broker,org.keycloak.models
org.keycloak.organization.authentication.authenticators.broker,org.keycloak.organization
org.keycloak.organization.authentication.authenticators.broker,org.keycloak.organization.utils
org.keycloak.organization.authentication.authenticators.broker,org.keycloak.provider
org.keycloak.organization.authentication.authenticators.broker,org.keycloak.representations.idm
org.keycloak.organization.authentication.authenticators.broker,org.keycloak.sessions
org.keycloak.organization.authentication.authenticators.browser,org.keycloak
org.keycloak.organization.authentication.authenticators.browser,org.keycloak.authentication
org.keycloak.organization.authentication.authenticators.browser,org.keycloak.authentication.authenticators.browser
org.keycloak.organization.authentication.authenticators.browser,org.keycloak.authentication.authenticators.util
org.keycloak.organization.authentication.authenticators.browser,org.keycloak.common
org.keycloak.organization.authentication.authenticators.browser,org.keycloak.email.freemarker.beans
org.keycloak.organization.authentication.authenticators.browser,org.keycloak.events
org.keycloak.organization.authentication.authenticators.browser,org.keycloak.forms.login
org.keycloak.organization.authentication.authenticators.browser,org.keycloak.forms.login.freemarker.model
org.keycloak.organization.authentication.authenticators.browser,org.keycloak.http
org.keycloak.organization.authentication.authenticators.browser,org.keycloak.models
org.keycloak.organization.authentication.authenticators.browser,org.keycloak.models.credential
org.keycloak.organization.authentication.authenticators.browser,org.keycloak.models.utils
org.keycloak.organization.authentication.authenticators.browser,org.keycloak.organization
org.keycloak.organization.authentication.authenticators.browser,org.keycloak.organization.forms.login.freemarker.model
org.keycloak.organization.authentication.authenticators.browser,org.keycloak.organization.protocol.mappers.oidc
org.keycloak.organization.authentication.authenticators.browser,org.keycloak.organization.utils
org.keycloak.organization.authentication.authenticators.browser,org.keycloak.protocol.oidc
org.keycloak.organization.authentication.authenticators.browser,org.keycloak.provider
org.keycloak.organization.authentication.authenticators.browser,org.keycloak.services.managers
org.keycloak.organization.authentication.authenticators.browser,org.keycloak.services.messages
org.keycloak.organization.authentication.authenticators.browser,org.keycloak.services.validation
org.keycloak.organization.authentication.authenticators.browser,org.keycloak.sessions
org.keycloak.organization.authentication.authenticators.browser,org.keycloak.util
org.keycloak.organization.forms.login.freemarker.model,org.keycloak.authentication
org.keycloak.organization.forms.login.freemarker.model,org.keycloak.forms.login.freemarker.model
org.keycloak.organization.forms.login.freemarker.model,org.keycloak.models
org.keycloak.organization.forms.login.freemarker.model,org.keycloak.organization
org.keycloak.organization.forms.login.freemarker.model,org.keycloak.organization.utils
org.keycloak.organization.forms.login.freemarker.model,org.keycloak.util
org.keycloak.organization.jpa,org.keycloak.authorization.fgap
org.keycloak.organization.jpa,org.keycloak.authorization.fgap.evaluation.partial
org.keycloak.organization.jpa,org.keycloak.common.util
org.keycloak.organization.jpa,org.keycloak.connections.jpa
org.keycloak.organization.jpa,org.keycloak.models
org.keycloak.organization.jpa,org.keycloak.models.jpa
org.keycloak.organization.jpa,org.keycloak.models.jpa.entities
org.keycloak.organization.jpa,org.keycloak.models.utils
org.keycloak.organization.jpa,org.keycloak.organization
org.keycloak.organization.jpa,org.keycloak.organization.utils
org.keycloak.organization.jpa,org.keycloak.organization.validation
org.keycloak.organization.jpa,org.keycloak.provider
org.keycloak.organization.jpa,org.keycloak.representations.idm
org.keycloak.organization.jpa,org.keycloak.storage
org.keycloak.organization.jpa,org.keycloak.storage.jpa.entity
org.keycloak.organization.jpa,org.keycloak.utils
org.keycloak.organization.protocol.mappers.oidc,org.keycloak
org.keycloak.organization.protocol.mappers.oidc,org.keycloak.common
org.keycloak.organization.protocol.mappers.oidc,org.keycloak.common.util
org.keycloak.organization.protocol.mappers.oidc,org.keycloak.models
org.keycloak.organization.protocol.mappers.oidc,org.keycloak.models.utils
org.keycloak.organization.protocol.mappers.oidc,org.keycloak.organization
org.keycloak.organization.protocol.mappers.oidc,org.keycloak.organization.utils
org.keycloak.organization.protocol.mappers.oidc,org.keycloak.protocol
org.keycloak.organization.protocol.mappers.oidc,org.keycloak.protocol.oidc
org.keycloak.organization.protocol.mappers.oidc,org.keycloak.protocol.oidc.mappers
org.keycloak.organization.protocol.mappers.oidc,org.keycloak.protocol.oidc.token
org.keycloak.organization.protocol.mappers.oidc,org.keycloak.provider
org.keycloak.organization.protocol.mappers.oidc,org.keycloak.representations
org.keycloak.organization.protocol.mappers.oidc,org.keycloak.sessions
org.keycloak.organization.protocol.mappers.oidc,org.keycloak.utils
org.keycloak.organization.protocol.mappers.saml,org.keycloak.common
org.keycloak.organization.protocol.mappers.saml,org.keycloak.dom.saml.v2.assertion
org.keycloak.organization.protocol.mappers.saml,org.keycloak.models
org.keycloak.organization.protocol.mappers.saml,org.keycloak.models.utils
org.keycloak.organization.protocol.mappers.saml,org.keycloak.organization
org.keycloak.organization.protocol.mappers.saml,org.keycloak.protocol.saml
org.keycloak.organization.protocol.mappers.saml,org.keycloak.protocol.saml.mappers
org.keycloak.organization.protocol.mappers.saml,org.keycloak.provider
org.keycloak.organization.protocol.mappers.saml,org.keycloak.saml.common.constants
org.keycloak.organization.utils,org.keycloak
org.keycloak.organization.utils,org.keycloak.authentication.actiontoken.inviteorg
org.keycloak.organization.utils,org.keycloak.authorization.fgap
org.keycloak.organization.utils,org.keycloak.broker.provider
org.keycloak.organization.utils,org.keycloak.common
org.keycloak.organization.utils,org.keycloak.crypto
org.keycloak.organization.utils,org.keycloak.http
org.keycloak.organization.utils,org.keycloak.models
org.keycloak.organization.utils,org.keycloak.organization
org.keycloak.organization.utils,org.keycloak.organization.protocol.mappers.oidc
org.keycloak.organization.utils,org.keycloak.representations.idm
org.keycloak.organization.utils,org.keycloak.services
org.keycloak.organization.utils,org.keycloak.services.resources.admin.fgap
org.keycloak.organization.utils,org.keycloak.sessions
org.keycloak.organization.utils,org.keycloak.utils
org.keycloak.organization.validation,org.keycloak.validate
org.keycloak.organization.validator,org.keycloak.broker.provider
org.keycloak.organization.validator,org.keycloak.common
org.keycloak.organization.validator,org.keycloak.models
org.keycloak.organization.validator,org.keycloak.organization.utils
org.keycloak.organization.validator,org.keycloak.provider
org.keycloak.organization.validator,org.keycloak.userprofile
org.keycloak.organization.validator,org.keycloak.utils
org.keycloak.organization.validator,org.keycloak.validate
org.keycloak.partialimport,org.keycloak.connections.jpa.support
org.keycloak.partialimport,org.keycloak.models
org.keycloak.partialimport,org.keycloak.models.utils
org.keycloak.partialimport,org.keycloak.protocol.oidc
org.keycloak.partialimport,org.keycloak.representations.idm
org.keycloak.partialimport,org.keycloak.services
org.keycloak.partialimport,org.keycloak.services.resources.admin
org.keycloak.partialimport,org.keycloak.validation
org.keycloak.policy,org.keycloak
org.keycloak.policy,org.keycloak.common
org.keycloak.policy,org.keycloak.common.util
org.keycloak.policy,org.keycloak.credential
org.keycloak.policy,org.keycloak.credential.hash
org.keycloak.policy,org.keycloak.models
org.keycloak.policy,org.keycloak.models.credential
org.keycloak.policy,org.keycloak.provider
org.keycloak.protocol,org.keycloak
org.keycloak.protocol,org.keycloak.authentication
org.keycloak.protocol,org.keycloak.common
org.keycloak.protocol,org.keycloak.common.util
org.keycloak.protocol,org.keycloak.cookie
org.keycloak.protocol,org.keycloak.crypto
org.keycloak.protocol,org.keycloak.events
org.keycloak.protocol,org.keycloak.forms.login
org.keycloak.protocol,org.keycloak.http
org.keycloak.protocol,org.keycloak.jose.jwe
org.keycloak.protocol,org.keycloak.models
org.keycloak.protocol,org.keycloak.models.utils
org.keycloak.protocol,org.keycloak.protocol.oidc
org.keycloak.protocol,org.keycloak.provider
org.keycloak.protocol,org.keycloak.representations.idm
org.keycloak.protocol,org.keycloak.services
org.keycloak.protocol,org.keycloak.services.managers
org.keycloak.protocol,org.keycloak.services.messages
org.keycloak.protocol,org.keycloak.services.resources
org.keycloak.protocol,org.keycloak.services.util
org.keycloak.protocol,org.keycloak.sessions
org.keycloak.protocol,org.keycloak.util
org.keycloak.protocol.docker,org.keycloak
org.keycloak.protocol.docker,org.keycloak.authentication
org.keycloak.protocol.docker,org.keycloak.common
org.keycloak.protocol.docker,org.keycloak.common.util
org.keycloak.protocol.docker,org.keycloak.events
org.keycloak.protocol.docker,org.keycloak.jose.jws
org.keycloak.protocol.docker,org.keycloak.models
org.keycloak.protocol.docker,org.keycloak.models.utils
org.keycloak.protocol.docker,org.keycloak.protocol
org.keycloak.protocol.docker,org.keycloak.protocol.docker.mapper
org.keycloak.protocol.docker,org.keycloak.protocol.oidc.endpoints.request
org.keycloak.protocol.docker,org.keycloak.protocol.saml.profile.ecp.authenticator
org.keycloak.protocol.docker,org.keycloak.provider
org.keycloak.protocol.docker,org.keycloak.representations.docker
org.keycloak.protocol.docker,org.keycloak.representations.idm
org.keycloak.protocol.docker,org.keycloak.services
org.keycloak.protocol.docker,org.keycloak.services.managers
org.keycloak.protocol.docker,org.keycloak.services.resources
org.keycloak.protocol.docker,org.keycloak.services.util
org.keycloak.protocol.docker,org.keycloak.sessions
org.keycloak.protocol.docker,org.keycloak.util
org.keycloak.protocol.docker,org.keycloak.utils
org.keycloak.protocol.docker.installation,org.keycloak
org.keycloak.protocol.docker.installation,org.keycloak.models
org.keycloak.protocol.docker.installation,org.keycloak.protocol
org.keycloak.protocol.docker.installation,org.keycloak.protocol.docker
org.keycloak.protocol.docker.installation,org.keycloak.protocol.docker.installation.compose
org.keycloak.protocol.docker.installation.compose,org.keycloak.common.crypto
org.keycloak.protocol.docker.installation.compose,org.keycloak.common.util
org.keycloak.protocol.docker.installation.compose,org.keycloak.crypto
org.keycloak.protocol.docker.mapper,org.keycloak
org.keycloak.protocol.docker.mapper,org.keycloak.models
org.keycloak.protocol.docker.mapper,org.keycloak.protocol
org.keycloak.protocol.docker.mapper,org.keycloak.protocol.docker
org.keycloak.protocol.docker.mapper,org.keycloak.provider
org.keycloak.protocol.docker.mapper,org.keycloak.representations.docker
org.keycloak.protocol.oauth2.cimd.clientpolicy.condition,org.keycloak
org.keycloak.protocol.oauth2.cimd.clientpolicy.condition,org.keycloak.common
org.keycloak.protocol.oauth2.cimd.clientpolicy.condition,org.keycloak.models
org.keycloak.protocol.oauth2.cimd.clientpolicy.condition,org.keycloak.provider
org.keycloak.protocol.oauth2.cimd.clientpolicy.condition,org.keycloak.representations.idm
org.keycloak.protocol.oauth2.cimd.clientpolicy.condition,org.keycloak.services.clientpolicy
org.keycloak.protocol.oauth2.cimd.clientpolicy.condition,org.keycloak.services.clientpolicy.condition
org.keycloak.protocol.oauth2.cimd.clientpolicy.condition,org.keycloak.services.clientpolicy.context
org.keycloak.protocol.oauth2.cimd.clientpolicy.context,org.keycloak.models
org.keycloak.protocol.oauth2.cimd.clientpolicy.context,org.keycloak.representations.idm
org.keycloak.protocol.oauth2.cimd.clientpolicy.context,org.keycloak.services.clientpolicy
org.keycloak.protocol.oauth2.cimd.clientpolicy.context,org.keycloak.services.clientpolicy.context
org.keycloak.protocol.oauth2.cimd.clientpolicy.executor,org.keycloak
org.keycloak.protocol.oauth2.cimd.clientpolicy.executor,org.keycloak.common
org.keycloak.protocol.oauth2.cimd.clientpolicy.executor,org.keycloak.common.util
org.keycloak.protocol.oauth2.cimd.clientpolicy.executor,org.keycloak.http.simple
org.keycloak.protocol.oauth2.cimd.clientpolicy.executor,org.keycloak.models
org.keycloak.protocol.oauth2.cimd.clientpolicy.executor,org.keycloak.models.utils
org.keycloak.protocol.oauth2.cimd.clientpolicy.executor,org.keycloak.protocol.oauth2.cimd.provider
org.keycloak.protocol.oauth2.cimd.clientpolicy.executor,org.keycloak.protocol.oidc
org.keycloak.protocol.oauth2.cimd.clientpolicy.executor,org.keycloak.protocol.oidc.grants
org.keycloak.protocol.oauth2.cimd.clientpolicy.executor,org.keycloak.protocol.oidc.mappers
org.keycloak.protocol.oauth2.cimd.clientpolicy.executor,org.keycloak.protocol.oidc.resourceindicators
org.keycloak.protocol.oauth2.cimd.clientpolicy.executor,org.keycloak.protocol.oidc.utils
org.keycloak.protocol.oauth2.cimd.clientpolicy.executor,org.keycloak.provider
org.keycloak.protocol.oauth2.cimd.clientpolicy.executor,org.keycloak.representations.idm
org.keycloak.protocol.oauth2.cimd.clientpolicy.executor,org.keycloak.representations.oidc
org.keycloak.protocol.oauth2.cimd.clientpolicy.executor,org.keycloak.services.clientpolicy
org.keycloak.protocol.oauth2.cimd.clientpolicy.executor,org.keycloak.services.clientpolicy.context
org.keycloak.protocol.oauth2.cimd.clientpolicy.executor,org.keycloak.services.clientpolicy.executor
org.keycloak.protocol.oauth2.cimd.clientpolicy.executor,org.keycloak.util
org.keycloak.protocol.oauth2.cimd.provider,org.keycloak
org.keycloak.protocol.oauth2.cimd.provider,org.keycloak.common
org.keycloak.protocol.oauth2.cimd.provider,org.keycloak.common.util
org.keycloak.protocol.oauth2.cimd.provider,org.keycloak.events
org.keycloak.protocol.oauth2.cimd.provider,org.keycloak.models
org.keycloak.protocol.oauth2.cimd.provider,org.keycloak.models.utils
org.keycloak.protocol.oauth2.cimd.provider,org.keycloak.protocol.oauth2.cimd.clientpolicy.context
org.keycloak.protocol.oauth2.cimd.provider,org.keycloak.protocol.oauth2.cimd.clientpolicy.executor
org.keycloak.protocol.oauth2.cimd.provider,org.keycloak.protocol.oidc
org.keycloak.protocol.oauth2.cimd.provider,org.keycloak.protocol.oidc.mappers
org.keycloak.protocol.oauth2.cimd.provider,org.keycloak.protocol.oidc.utils
org.keycloak.protocol.oauth2.cimd.provider,org.keycloak.provider
org.keycloak.protocol.oauth2.cimd.provider,org.keycloak.representations.idm
org.keycloak.protocol.oauth2.cimd.provider,org.keycloak.representations.oidc
org.keycloak.protocol.oauth2.cimd.provider,org.keycloak.services.clientpolicy
org.keycloak.protocol.oauth2.cimd.provider,org.keycloak.services.clientregistration
org.keycloak.protocol.oauth2.cimd.provider,org.keycloak.services.clientregistration.oidc
org.keycloak.protocol.oauth2.cimd.provider,org.keycloak.services.managers
org.keycloak.protocol.oauth2.cimd.provider,org.keycloak.services.resources.admin
org.keycloak.protocol.oauth2.cimd.provider,org.keycloak.validation
org.keycloak.protocol.oid4vc,org.keycloak
org.keycloak.protocol.oid4vc,org.keycloak.common
org.keycloak.protocol.oid4vc,org.keycloak.constants
org.keycloak.protocol.oid4vc,org.keycloak.events
org.keycloak.protocol.oid4vc,org.keycloak.models
org.keycloak.protocol.oid4vc,org.keycloak.models.oid4vci
org.keycloak.protocol.oid4vc,org.keycloak.models.utils
org.keycloak.protocol.oid4vc,org.keycloak.protocol
org.keycloak.protocol.oid4vc,org.keycloak.protocol.oid4vc.issuance
org.keycloak.protocol.oid4vc,org.keycloak.protocol.oid4vc.issuance.credentialbuilder
org.keycloak.protocol.oid4vc,org.keycloak.protocol.oid4vc.issuance.keybinding
org.keycloak.protocol.oid4vc,org.keycloak.protocol.oid4vc.issuance.mappers
org.keycloak.protocol.oid4vc,org.keycloak.protocol.oid4vc.model
org.keycloak.protocol.oid4vc,org.keycloak.protocol.oid4vc.utils
org.keycloak.protocol.oid4vc,org.keycloak.protocol.oidc
org.keycloak.protocol.oid4vc,org.keycloak.provider
org.keycloak.protocol.oid4vc,org.keycloak.representations.idm
org.keycloak.protocol.oid4vc,org.keycloak.services
org.keycloak.protocol.oid4vc,org.keycloak.util
org.keycloak.protocol.oid4vc,org.keycloak.utils
org.keycloak.protocol.oid4vc.clientpolicy,org.keycloak
org.keycloak.protocol.oid4vc.clientpolicy,org.keycloak.common
org.keycloak.protocol.oid4vc.clientpolicy,org.keycloak.events
org.keycloak.protocol.oid4vc.clientpolicy,org.keycloak.models
org.keycloak.protocol.oid4vc.clientpolicy,org.keycloak.models.oid4vci
org.keycloak.protocol.oid4vc.clientpolicy,org.keycloak.protocol.oid4vc.issuance.credentialoffer
org.keycloak.protocol.oid4vc.clientpolicy,org.keycloak.protocol.oid4vc.model
org.keycloak.protocol.oid4vc.clientpolicy,org.keycloak.protocol.oid4vc.utils
org.keycloak.protocol.oid4vc.clientpolicy,org.keycloak.protocol.oidc.endpoints.request
org.keycloak.protocol.oid4vc.clientpolicy,org.keycloak.provider
org.keycloak.protocol.oid4vc.clientpolicy,org.keycloak.representations.idm
org.keycloak.protocol.oid4vc.clientpolicy,org.keycloak.services.clientpolicy
org.keycloak.protocol.oid4vc.clientpolicy,org.keycloak.services.clientpolicy.context
org.keycloak.protocol.oid4vc.clientpolicy,org.keycloak.services.clientpolicy.executor
org.keycloak.protocol.oid4vc.issuance,org.keycloak
org.keycloak.protocol.oid4vc.issuance,org.keycloak.common
org.keycloak.protocol.oid4vc.issuance,org.keycloak.common.util
org.keycloak.protocol.oid4vc.issuance,org.keycloak.constants
org.keycloak.protocol.oid4vc.issuance,org.keycloak.crypto
org.keycloak.protocol.oid4vc.issuance,org.keycloak.events
org.keycloak.protocol.oid4vc.issuance,org.keycloak.http
org.keycloak.protocol.oid4vc.issuance,org.keycloak.jose
org.keycloak.protocol.oid4vc.issuance,org.keycloak.jose.jwe
org.keycloak.protocol.oid4vc.issuance,org.keycloak.jose.jwk
org.keycloak.protocol.oid4vc.issuance,org.keycloak.jose.jws
org.keycloak.protocol.oid4vc.issuance,org.keycloak.models
org.keycloak.protocol.oid4vc.issuance,org.keycloak.models.oid4vci
org.keycloak.protocol.oid4vc.issuance,org.keycloak.protocol
org.keycloak.protocol.oid4vc.issuance,org.keycloak.protocol.oid4vc
org.keycloak.protocol.oid4vc.issuance,org.keycloak.protocol.oid4vc.clientpolicy
org.keycloak.protocol.oid4vc.issuance,org.keycloak.protocol.oid4vc.issuance.credentialbuilder
org.keycloak.protocol.oid4vc.issuance,org.keycloak.protocol.oid4vc.issuance.credentialoffer
org.keycloak.protocol.oid4vc.issuance,org.keycloak.protocol.oid4vc.issuance.keybinding
org.keycloak.protocol.oid4vc.issuance,org.keycloak.protocol.oid4vc.issuance.mappers
org.keycloak.protocol.oid4vc.issuance,org.keycloak.protocol.oid4vc.issuance.signing
org.keycloak.protocol.oid4vc.issuance,org.keycloak.protocol.oid4vc.model
org.keycloak.protocol.oid4vc.issuance,org.keycloak.protocol.oid4vc.utils
org.keycloak.protocol.oid4vc.issuance,org.keycloak.protocol.oidc.encode
org.keycloak.protocol.oid4vc.issuance,org.keycloak.protocol.oidc.endpoints
org.keycloak.protocol.oid4vc.issuance,org.keycloak.protocol.oidc.endpoints.request
org.keycloak.protocol.oid4vc.issuance,org.keycloak.protocol.oidc.grants
org.keycloak.protocol.oid4vc.issuance,org.keycloak.protocol.oidc.rar
org.keycloak.protocol.oid4vc.issuance,org.keycloak.protocol.oidc.utils
org.keycloak.protocol.oid4vc.issuance,org.keycloak.representations
org.keycloak.protocol.oid4vc.issuance,org.keycloak.representations.dpop
org.keycloak.protocol.oid4vc.issuance,org.keycloak.saml.processing.api.util
org.keycloak.protocol.oid4vc.issuance,org.keycloak.services
org.keycloak.protocol.oid4vc.issuance,org.keycloak.services.cors
org.keycloak.protocol.oid4vc.issuance,org.keycloak.services.managers
org.keycloak.protocol.oid4vc.issuance,org.keycloak.services.resources
org.keycloak.protocol.oid4vc.issuance,org.keycloak.services.util
org.keycloak.protocol.oid4vc.issuance,org.keycloak.urls
org.keycloak.protocol.oid4vc.issuance,org.keycloak.util
org.keycloak.protocol.oid4vc.issuance,org.keycloak.utils
org.keycloak.protocol.oid4vc.issuance,org.keycloak.wellknown
org.keycloak.protocol.oid4vc.issuance.credentialbuilder,org.keycloak
org.keycloak.protocol.oid4vc.issuance.credentialbuilder,org.keycloak.crypto
org.keycloak.protocol.oid4vc.issuance.credentialbuilder,org.keycloak.jose.jwk
org.keycloak.protocol.oid4vc.issuance.credentialbuilder,org.keycloak.jose.jws
org.keycloak.protocol.oid4vc.issuance.credentialbuilder,org.keycloak.mdoc
org.keycloak.protocol.oid4vc.issuance.credentialbuilder,org.keycloak.models
org.keycloak.protocol.oid4vc.issuance.credentialbuilder,org.keycloak.models.oid4vci
org.keycloak.protocol.oid4vc.issuance.credentialbuilder,org.keycloak.protocol.oid4vc
org.keycloak.protocol.oid4vc.issuance.credentialbuilder,org.keycloak.protocol.oid4vc.issuance
org.keycloak.protocol.oid4vc.issuance.credentialbuilder,org.keycloak.protocol.oid4vc.issuance.signing
org.keycloak.protocol.oid4vc.issuance.credentialbuilder,org.keycloak.protocol.oid4vc.model
org.keycloak.protocol.oid4vc.issuance.credentialbuilder,org.keycloak.provider
org.keycloak.protocol.oid4vc.issuance.credentialbuilder,org.keycloak.representations
org.keycloak.protocol.oid4vc.issuance.credentialbuilder,org.keycloak.sdjwt
org.keycloak.protocol.oid4vc.issuance.credentialbuilder,org.keycloak.util
org.keycloak.protocol.oid4vc.issuance.credentialbuilder,org.keycloak.utils
org.keycloak.protocol.oid4vc.issuance.credentialoffer,org.keycloak
org.keycloak.protocol.oid4vc.issuance.credentialoffer,org.keycloak.common
org.keycloak.protocol.oid4vc.issuance.credentialoffer,org.keycloak.common.util
org.keycloak.protocol.oid4vc.issuance.credentialoffer,org.keycloak.events
org.keycloak.protocol.oid4vc.issuance.credentialoffer,org.keycloak.models
org.keycloak.protocol.oid4vc.issuance.credentialoffer,org.keycloak.models.oid4vci
org.keycloak.protocol.oid4vc.issuance.credentialoffer,org.keycloak.protocol.oid4vc
org.keycloak.protocol.oid4vc.issuance.credentialoffer,org.keycloak.protocol.oid4vc.issuance
org.keycloak.protocol.oid4vc.issuance.credentialoffer,org.keycloak.protocol.oid4vc.issuance.credentialoffer.preauth
org.keycloak.protocol.oid4vc.issuance.credentialoffer,org.keycloak.protocol.oid4vc.model
org.keycloak.protocol.oid4vc.issuance.credentialoffer,org.keycloak.protocol.oid4vc.utils
org.keycloak.protocol.oid4vc.issuance.credentialoffer,org.keycloak.provider
org.keycloak.protocol.oid4vc.issuance.credentialoffer,org.keycloak.saml
org.keycloak.protocol.oid4vc.issuance.credentialoffer,org.keycloak.util
org.keycloak.protocol.oid4vc.issuance.credentialoffer.preauth,org.keycloak
org.keycloak.protocol.oid4vc.issuance.credentialoffer.preauth,org.keycloak.common
org.keycloak.protocol.oid4vc.issuance.credentialoffer.preauth,org.keycloak.common.util
org.keycloak.protocol.oid4vc.issuance.credentialoffer.preauth,org.keycloak.events
org.keycloak.protocol.oid4vc.issuance.credentialoffer.preauth,org.keycloak.models
org.keycloak.protocol.oid4vc.issuance.credentialoffer.preauth,org.keycloak.protocol.oid4vc.issuance
org.keycloak.protocol.oid4vc.issuance.credentialoffer.preauth,org.keycloak.protocol.oid4vc.model
org.keycloak.protocol.oid4vc.issuance.credentialoffer.preauth,org.keycloak.protocol.oidc
org.keycloak.protocol.oid4vc.issuance.credentialoffer.preauth,org.keycloak.protocol.oidc.representations
org.keycloak.protocol.oid4vc.issuance.credentialoffer.preauth,org.keycloak.provider
org.keycloak.protocol.oid4vc.issuance.credentialoffer.preauth,org.keycloak.wellknown
org.keycloak.protocol.oid4vc.issuance.keybinding,org.keycloak
org.keycloak.protocol.oid4vc.issuance.keybinding,org.keycloak.broker.provider
org.keycloak.protocol.oid4vc.issuance.keybinding,org.keycloak.common
org.keycloak.protocol.oid4vc.issuance.keybinding,org.keycloak.common.util
org.keycloak.protocol.oid4vc.issuance.keybinding,org.keycloak.constants
org.keycloak.protocol.oid4vc.issuance.keybinding,org.keycloak.crypto
org.keycloak.protocol.oid4vc.issuance.keybinding,org.keycloak.jose.jwk
org.keycloak.protocol.oid4vc.issuance.keybinding,org.keycloak.jose.jws
org.keycloak.protocol.oid4vc.issuance.keybinding,org.keycloak.jose.jws.crypto
org.keycloak.protocol.oid4vc.issuance.keybinding,org.keycloak.models
org.keycloak.protocol.oid4vc.issuance.keybinding,org.keycloak.protocol.oid4vc
org.keycloak.protocol.oid4vc.issuance.keybinding,org.keycloak.protocol.oid4vc.issuance
org.keycloak.protocol.oid4vc.issuance.keybinding,org.keycloak.protocol.oid4vc.model
org.keycloak.protocol.oid4vc.issuance.keybinding,org.keycloak.provider
org.keycloak.protocol.oid4vc.issuance.keybinding,org.keycloak.representations
org.keycloak.protocol.oid4vc.issuance.keybinding,org.keycloak.saml
org.keycloak.protocol.oid4vc.issuance.keybinding,org.keycloak.services.managers
org.keycloak.protocol.oid4vc.issuance.keybinding,org.keycloak.util
org.keycloak.protocol.oid4vc.issuance.keybinding,org.keycloak.utils
org.keycloak.protocol.oid4vc.issuance.mappers,org.keycloak
org.keycloak.protocol.oid4vc.issuance.mappers,org.keycloak.common.util
org.keycloak.protocol.oid4vc.issuance.mappers,org.keycloak.models
org.keycloak.protocol.oid4vc.issuance.mappers,org.keycloak.models.oid4vci
org.keycloak.protocol.oid4vc.issuance.mappers,org.keycloak.models.utils
org.keycloak.protocol.oid4vc.issuance.mappers,org.keycloak.protocol
org.keycloak.protocol.oid4vc.issuance.mappers,org.keycloak.protocol.oid4vc
org.keycloak.protocol.oid4vc.issuance.mappers,org.keycloak.protocol.oid4vc.issuance
org.keycloak.protocol.oid4vc.issuance.mappers,org.keycloak.protocol.oid4vc.model
org.keycloak.protocol.oid4vc.issuance.mappers,org.keycloak.protocol.oidc.mappers
org.keycloak.protocol.oid4vc.issuance.mappers,org.keycloak.provider
org.keycloak.protocol.oid4vc.issuance.mappers,org.keycloak.util
org.keycloak.protocol.oid4vc.issuance.mappers,org.keycloak.utils
org.keycloak.protocol.oid4vc.issuance.requiredactions,org.keycloak
org.keycloak.protocol.oid4vc.issuance.requiredactions,org.keycloak.authentication
org.keycloak.protocol.oid4vc.issuance.requiredactions,org.keycloak.authentication.actiontoken
org.keycloak.protocol.oid4vc.issuance.requiredactions,org.keycloak.common
org.keycloak.protocol.oid4vc.issuance.requiredactions,org.keycloak.events
org.keycloak.protocol.oid4vc.issuance.requiredactions,org.keycloak.forms.login
org.keycloak.protocol.oid4vc.issuance.requiredactions,org.keycloak.models
org.keycloak.protocol.oid4vc.issuance.requiredactions,org.keycloak.models.oid4vci
org.keycloak.protocol.oid4vc.issuance.requiredactions,org.keycloak.protocol.oid4vc
org.keycloak.protocol.oid4vc.issuance.requiredactions,org.keycloak.protocol.oid4vc.issuance
org.keycloak.protocol.oid4vc.issuance.requiredactions,org.keycloak.protocol.oid4vc.issuance.credentialoffer
org.keycloak.protocol.oid4vc.issuance.requiredactions,org.keycloak.protocol.oid4vc.utils
org.keycloak.protocol.oid4vc.issuance.requiredactions,org.keycloak.protocol.oidc
org.keycloak.protocol.oid4vc.issuance.requiredactions,org.keycloak.protocol.oidc.utils
org.keycloak.protocol.oid4vc.issuance.requiredactions,org.keycloak.representations.idm.oid4vc
org.keycloak.protocol.oid4vc.issuance.requiredactions,org.keycloak.services
org.keycloak.protocol.oid4vc.issuance.requiredactions,org.keycloak.services.managers
org.keycloak.protocol.oid4vc.issuance.requiredactions,org.keycloak.services.messages
org.keycloak.protocol.oid4vc.issuance.requiredactions,org.keycloak.sessions
org.keycloak.protocol.oid4vc.issuance.requiredactions,org.keycloak.utils
org.keycloak.protocol.oid4vc.issuance.signing,org.keycloak
org.keycloak.protocol.oid4vc.issuance.signing,org.keycloak.common.util
org.keycloak.protocol.oid4vc.issuance.signing,org.keycloak.crypto
org.keycloak.protocol.oid4vc.issuance.signing,org.keycloak.models
org.keycloak.protocol.oid4vc.issuance.signing,org.keycloak.protocol.oid4vc
org.keycloak.protocol.oid4vc.issuance.signing,org.keycloak.protocol.oid4vc.issuance
org.keycloak.protocol.oid4vc.issuance.signing,org.keycloak.protocol.oid4vc.issuance.credentialbuilder
org.keycloak.protocol.oid4vc.issuance.signing,org.keycloak.protocol.oid4vc.issuance.signing.vcdm
org.keycloak.protocol.oid4vc.issuance.signing,org.keycloak.protocol.oid4vc.model
org.keycloak.protocol.oid4vc.issuance.signing,org.keycloak.protocol.oid4vc.model.vcdm
org.keycloak.protocol.oid4vc.issuance.signing,org.keycloak.provider
org.keycloak.protocol.oid4vc.issuance.signing,org.keycloak.utils
org.keycloak.protocol.oid4vc.issuance.signing.vcdm,org.keycloak.connections.httpclient
org.keycloak.protocol.oid4vc.issuance.signing.vcdm,org.keycloak.crypto
org.keycloak.protocol.oid4vc.issuance.signing.vcdm,org.keycloak.models
org.keycloak.protocol.oid4vc.issuance.signing.vcdm,org.keycloak.protocol.oid4vc.issuance.signing
org.keycloak.protocol.oid4vc.issuance.signing.vcdm,org.keycloak.protocol.oid4vc.model
org.keycloak.protocol.oid4vc.issuance.signing.vcdm,org.keycloak.util
org.keycloak.protocol.oid4vc.model,org.keycloak
org.keycloak.protocol.oid4vc.model,org.keycloak.common.util
org.keycloak.protocol.oid4vc.model,org.keycloak.constants
org.keycloak.protocol.oid4vc.model,org.keycloak.crypto
org.keycloak.protocol.oid4vc.model,org.keycloak.jose.jwk
org.keycloak.protocol.oid4vc.model,org.keycloak.mdoc
org.keycloak.protocol.oid4vc.model,org.keycloak.models
org.keycloak.protocol.oid4vc.model,org.keycloak.models.oid4vci
org.keycloak.protocol.oid4vc.model,org.keycloak.models.utils
org.keycloak.protocol.oid4vc.model,org.keycloak.protocol
org.keycloak.protocol.oid4vc.model,org.keycloak.protocol.oid4vc.clientpolicy
org.keycloak.protocol.oid4vc.model,org.keycloak.protocol.oid4vc.issuance
org.keycloak.protocol.oid4vc.model,org.keycloak.protocol.oid4vc.issuance.credentialbuilder
org.keycloak.protocol.oid4vc.model,org.keycloak.protocol.oid4vc.issuance.credentialoffer
org.keycloak.protocol.oid4vc.model,org.keycloak.protocol.oid4vc.issuance.keybinding
org.keycloak.protocol.oid4vc.model,org.keycloak.protocol.oid4vc.issuance.mappers
org.keycloak.protocol.oid4vc.model,org.keycloak.representations
org.keycloak.protocol.oid4vc.model,org.keycloak.representations.idm
org.keycloak.protocol.oid4vc.model,org.keycloak.util
org.keycloak.protocol.oid4vc.model,org.keycloak.utils
org.keycloak.protocol.oid4vc.refresh,org.keycloak
org.keycloak.protocol.oid4vc.refresh,org.keycloak.common
org.keycloak.protocol.oid4vc.refresh,org.keycloak.common.util
org.keycloak.protocol.oid4vc.refresh,org.keycloak.events
org.keycloak.protocol.oid4vc.refresh,org.keycloak.jose.jws.crypto
org.keycloak.protocol.oid4vc.refresh,org.keycloak.models
org.keycloak.protocol.oid4vc.refresh,org.keycloak.models.oid4vci
org.keycloak.protocol.oid4vc.refresh,org.keycloak.protocol.oid4vc
org.keycloak.protocol.oid4vc.refresh,org.keycloak.protocol.oid4vc.issuance
org.keycloak.protocol.oid4vc.refresh,org.keycloak.protocol.oid4vc.model
org.keycloak.protocol.oid4vc.refresh,org.keycloak.protocol.oid4vc.utils
org.keycloak.protocol.oid4vc.refresh,org.keycloak.protocol.oidc
org.keycloak.protocol.oid4vc.refresh,org.keycloak.protocol.oidc.encode
org.keycloak.protocol.oid4vc.refresh,org.keycloak.protocol.oidc.refresh
org.keycloak.protocol.oid4vc.refresh,org.keycloak.protocol.oidc.token
org.keycloak.protocol.oid4vc.refresh,org.keycloak.representations
org.keycloak.protocol.oid4vc.refresh,org.keycloak.services
org.keycloak.protocol.oid4vc.refresh,org.keycloak.services.managers
org.keycloak.protocol.oid4vc.refresh,org.keycloak.sessions
org.keycloak.protocol.oid4vc.refresh,org.keycloak.util
org.keycloak.protocol.oid4vc.resources.admin,org.keycloak.common
org.keycloak.protocol.oid4vc.resources.admin,org.keycloak.common.util
org.keycloak.protocol.oid4vc.resources.admin,org.keycloak.constants
org.keycloak.protocol.oid4vc.resources.admin,org.keycloak.email
org.keycloak.protocol.oid4vc.resources.admin,org.keycloak.events.admin
org.keycloak.protocol.oid4vc.resources.admin,org.keycloak.models
org.keycloak.protocol.oid4vc.resources.admin,org.keycloak.models.oid4vci
org.keycloak.protocol.oid4vc.resources.admin,org.keycloak.models.utils
org.keycloak.protocol.oid4vc.resources.admin,org.keycloak.protocol.oid4vc.issuance.requiredactions
org.keycloak.protocol.oid4vc.resources.admin,org.keycloak.protocol.oid4vc.utils
org.keycloak.protocol.oid4vc.resources.admin,org.keycloak.representations.idm
org.keycloak.protocol.oid4vc.resources.admin,org.keycloak.representations.idm.oid4vc
org.keycloak.protocol.oid4vc.resources.admin,org.keycloak.services
org.keycloak.protocol.oid4vc.resources.admin,org.keycloak.services.resources
org.keycloak.protocol.oid4vc.resources.admin,org.keycloak.services.resources.admin
org.keycloak.protocol.oid4vc.resources.admin,org.keycloak.services.resources.admin.fgap
org.keycloak.protocol.oid4vc.utils,org.keycloak.common.util
org.keycloak.protocol.oid4vc.utils,org.keycloak.models
org.keycloak.protocol.oid4vc.utils,org.keycloak.models.credential
org.keycloak.protocol.oid4vc.utils,org.keycloak.models.light
org.keycloak.protocol.oid4vc.utils,org.keycloak.models.oid4vci
org.keycloak.protocol.oid4vc.utils,org.keycloak.protocol.oid4vc
org.keycloak.protocol.oid4vc.utils,org.keycloak.protocol.oid4vc.issuance
org.keycloak.protocol.oid4vc.utils,org.keycloak.protocol.oid4vc.model
org.keycloak.protocol.oid4vc.utils,org.keycloak.util
org.keycloak.protocol.oid4vc.utils,org.keycloak.utils
org.keycloak.protocol.oid4vc.verifier,org.keycloak
org.keycloak.protocol.oid4vc.verifier,org.keycloak.common
org.keycloak.protocol.oid4vc.verifier,org.keycloak.models
org.keycloak.protocol.oid4vc.verifier,org.keycloak.models.oid4vci
org.keycloak.protocol.oid4vc.verifier,org.keycloak.protocol.oid4vc.issuance
org.keycloak.protocol.oid4vc.verifier,org.keycloak.protocol.oid4vc.utils
org.keycloak.protocol.oid4vc.verifier,org.keycloak.protocol.oidc.verifier
org.keycloak.protocol.oid4vc.verifier,org.keycloak.representations
org.keycloak.protocol.oidc,org.keycloak
org.keycloak.protocol.oidc,org.keycloak.authentication
org.keycloak.protocol.oidc,org.keycloak.authentication.authenticators.client
org.keycloak.protocol.oidc,org.keycloak.authentication.authenticators.util
org.keycloak.protocol.oidc,org.keycloak.broker.oidc
org.keycloak.protocol.oidc,org.keycloak.broker.provider
org.keycloak.protocol.oidc,org.keycloak.cache
org.keycloak.protocol.oidc,org.keycloak.common
org.keycloak.protocol.oidc,org.keycloak.common.constants
org.keycloak.protocol.oidc,org.keycloak.common.util
org.keycloak.protocol.oidc,org.keycloak.connections.httpclient
org.keycloak.protocol.oidc,org.keycloak.constants
org.keycloak.protocol.oidc,org.keycloak.crypto
org.keycloak.protocol.oidc,org.keycloak.events
org.keycloak.protocol.oidc,org.keycloak.exportimport
org.keycloak.protocol.oidc,org.keycloak.forms.login
org.keycloak.protocol.oidc,org.keycloak.headers
org.keycloak.protocol.oidc,org.keycloak.http
org.keycloak.protocol.oidc,org.keycloak.jose.jwk
org.keycloak.protocol.oidc,org.keycloak.jose.jws
org.keycloak.protocol.oidc,org.keycloak.jose.jws.crypto
org.keycloak.protocol.oidc,org.keycloak.migration.migrators
org.keycloak.protocol.oidc,org.keycloak.models
org.keycloak.protocol.oidc,org.keycloak.models.delegate
org.keycloak.protocol.oidc,org.keycloak.models.light
org.keycloak.protocol.oidc,org.keycloak.models.utils
org.keycloak.protocol.oidc,org.keycloak.organization
org.keycloak.protocol.oidc,org.keycloak.organization.protocol.mappers.oidc
org.keycloak.protocol.oidc,org.keycloak.organization.utils
org.keycloak.protocol.oidc,org.keycloak.protocol
org.keycloak.protocol.oidc,org.keycloak.protocol.oidc.encode
org.keycloak.protocol.oidc,org.keycloak.protocol.oidc.endpoints
org.keycloak.protocol.oidc,org.keycloak.protocol.oidc.endpoints.request
org.keycloak.protocol.oidc,org.keycloak.protocol.oidc.ext
org.keycloak.protocol.oidc,org.keycloak.protocol.oidc.grants
org.keycloak.protocol.oidc,org.keycloak.protocol.oidc.grants.ciba
org.keycloak.protocol.oidc,org.keycloak.protocol.oidc.grants.device.endpoints
org.keycloak.protocol.oidc,org.keycloak.protocol.oidc.mappers
org.keycloak.protocol.oidc,org.keycloak.protocol.oidc.par.endpoints
org.keycloak.protocol.oidc,org.keycloak.protocol.oidc.par.endpoints.request
org.keycloak.protocol.oidc,org.keycloak.protocol.oidc.rar
org.keycloak.protocol.oidc,org.keycloak.protocol.oidc.refresh
org.keycloak.protocol.oidc,org.keycloak.protocol.oidc.representations
org.keycloak.protocol.oidc,org.keycloak.protocol.oidc.scope
org.keycloak.protocol.oidc,org.keycloak.protocol.oidc.token
org.keycloak.protocol.oidc,org.keycloak.protocol.oidc.utils
org.keycloak.protocol.oidc,org.keycloak.protocol.oidc.verifier
org.keycloak.protocol.oidc,org.keycloak.provider
org.keycloak.protocol.oidc,org.keycloak.rar
org.keycloak.protocol.oidc,org.keycloak.representations
org.keycloak.protocol.oidc,org.keycloak.representations.adapters.action
org.keycloak.protocol.oidc,org.keycloak.representations.dpop
org.keycloak.protocol.oidc,org.keycloak.representations.idm
org.keycloak.protocol.oidc,org.keycloak.representations.oidc
org.keycloak.protocol.oidc,org.keycloak.services
org.keycloak.protocol.oidc,org.keycloak.services.clientpolicy
org.keycloak.protocol.oidc,org.keycloak.services.clientpolicy.context
org.keycloak.protocol.oidc,org.keycloak.services.clientregistration
org.keycloak.protocol.oidc,org.keycloak.services.clientregistration.oidc
org.keycloak.protocol.oidc,org.keycloak.services.cors
org.keycloak.protocol.oidc,org.keycloak.services.managers
org.keycloak.protocol.oidc,org.keycloak.services.messages
org.keycloak.protocol.oidc,org.keycloak.services.resources
org.keycloak.protocol.oidc,org.keycloak.services.util
org.keycloak.protocol.oidc,org.keycloak.sessions
org.keycloak.protocol.oidc,org.keycloak.tracing
org.keycloak.protocol.oidc,org.keycloak.urls
org.keycloak.protocol.oidc,org.keycloak.util
org.keycloak.protocol.oidc,org.keycloak.utils
org.keycloak.protocol.oidc,org.keycloak.wellknown
org.keycloak.protocol.oidc.client.authentication,org.keycloak
org.keycloak.protocol.oidc.client.authentication,org.keycloak.common.util
org.keycloak.protocol.oidc.client.authentication,org.keycloak.crypto
org.keycloak.protocol.oidc.client.authentication,org.keycloak.jose.jws
org.keycloak.protocol.oidc.client.authentication,org.keycloak.representations
org.keycloak.protocol.oidc.client.authentication,org.keycloak.representations.adapters.config
org.keycloak.protocol.oidc.client.authentication,org.keycloak.representations.idm
org.keycloak.protocol.oidc.client.authentication,org.keycloak.util
org.keycloak.protocol.oidc.encode,org.keycloak
org.keycloak.protocol.oidc.encode,org.keycloak.models
org.keycloak.protocol.oidc.encode,org.keycloak.protocol.oidc.grants
org.keycloak.protocol.oidc.encode,org.keycloak.protocol.oidc.mappers
org.keycloak.protocol.oidc.encode,org.keycloak.provider
org.keycloak.protocol.oidc.endpoints,org.keycloak
org.keycloak.protocol.oidc.endpoints,org.keycloak.authentication
org.keycloak.protocol.oidc.endpoints,org.keycloak.common
org.keycloak.protocol.oidc.endpoints,org.keycloak.common.util
org.keycloak.protocol.oidc.endpoints,org.keycloak.constants
org.keycloak.protocol.oidc.endpoints,org.keycloak.crypto
org.keycloak.protocol.oidc.endpoints,org.keycloak.events
org.keycloak.protocol.oidc.endpoints,org.keycloak.forms.login
org.keycloak.protocol.oidc.endpoints,org.keycloak.headers
org.keycloak.protocol.oidc.endpoints,org.keycloak.http
org.keycloak.protocol.oidc.endpoints,org.keycloak.jose.jwe
org.keycloak.protocol.oidc.endpoints,org.keycloak.jose.jwe.alg
org.keycloak.protocol.oidc.endpoints,org.keycloak.jose.jwe.enc
org.keycloak.protocol.oidc.endpoints,org.keycloak.jose.jwk
org.keycloak.protocol.oidc.endpoints,org.keycloak.jose.jws
org.keycloak.protocol.oidc.endpoints,org.keycloak.keys.loader
org.keycloak.protocol.oidc.endpoints,org.keycloak.locale
org.keycloak.protocol.oidc.endpoints,org.keycloak.models
org.keycloak.protocol.oidc.endpoints,org.keycloak.models.utils
org.keycloak.protocol.oidc.endpoints,org.keycloak.organization.utils
org.keycloak.protocol.oidc.endpoints,org.keycloak.protocol
org.keycloak.protocol.oidc.endpoints,org.keycloak.protocol.oidc
org.keycloak.protocol.oidc.endpoints,org.keycloak.protocol.oidc.encode
org.keycloak.protocol.oidc.endpoints,org.keycloak.protocol.oidc.endpoints.request
org.keycloak.protocol.oidc.endpoints,org.keycloak.protocol.oidc.grants
org.keycloak.protocol.oidc.endpoints,org.keycloak.protocol.oidc.grants.device.endpoints
org.keycloak.protocol.oidc.endpoints,org.keycloak.protocol.oidc.rar
org.keycloak.protocol.oidc.endpoints,org.keycloak.protocol.oidc.refresh
org.keycloak.protocol.oidc.endpoints,org.keycloak.protocol.oidc.resourceindicators
org.keycloak.protocol.oidc.endpoints,org.keycloak.protocol.oidc.token
org.keycloak.protocol.oidc.endpoints,org.keycloak.protocol.oidc.utils
org.keycloak.protocol.oidc.endpoints,org.keycloak.protocol.oidc.verifier
org.keycloak.protocol.oidc.endpoints,org.keycloak.protocol.saml
org.keycloak.protocol.oidc.endpoints,org.keycloak.provider
org.keycloak.protocol.oidc.endpoints,org.keycloak.representations
org.keycloak.protocol.oidc.endpoints,org.keycloak.representations.dpop
org.keycloak.protocol.oidc.endpoints,org.keycloak.representations.idm
org.keycloak.protocol.oidc.endpoints,org.keycloak.saml.common.constants
org.keycloak.protocol.oidc.endpoints,org.keycloak.saml.common.exceptions
org.keycloak.protocol.oidc.endpoints,org.keycloak.saml.common.util
org.keycloak.protocol.oidc.endpoints,org.keycloak.services
org.keycloak.protocol.oidc.endpoints,org.keycloak.services.clientpolicy
org.keycloak.protocol.oidc.endpoints,org.keycloak.services.clientpolicy.context
org.keycloak.protocol.oidc.endpoints,org.keycloak.services.cors
org.keycloak.protocol.oidc.endpoints,org.keycloak.services.managers
org.keycloak.protocol.oidc.endpoints,org.keycloak.services.messages
org.keycloak.protocol.oidc.endpoints,org.keycloak.services.resources
org.keycloak.protocol.oidc.endpoints,org.keycloak.services.util
org.keycloak.protocol.oidc.endpoints,org.keycloak.sessions
org.keycloak.protocol.oidc.endpoints,org.keycloak.urls
org.keycloak.protocol.oidc.endpoints,org.keycloak.util
org.keycloak.protocol.oidc.endpoints,org.keycloak.utils
org.keycloak.protocol.oidc.endpoints.request,org.keycloak
org.keycloak.protocol.oidc.endpoints.request,org.keycloak.common
org.keycloak.protocol.oidc.endpoints.request,org.keycloak.connections.httpclient
org.keycloak.protocol.oidc.endpoints.request,org.keycloak.constants
org.keycloak.protocol.oidc.endpoints.request,org.keycloak.events
org.keycloak.protocol.oidc.endpoints.request,org.keycloak.jose
org.keycloak.protocol.oidc.endpoints.request,org.keycloak.jose.jwe
org.keycloak.protocol.oidc.endpoints.request,org.keycloak.jose.jws
org.keycloak.protocol.oidc.endpoints.request,org.keycloak.models
org.keycloak.protocol.oidc.endpoints.request,org.keycloak.protocol
org.keycloak.protocol.oidc.endpoints.request,org.keycloak.protocol.oidc
org.keycloak.protocol.oidc.endpoints.request,org.keycloak.protocol.oidc.par.endpoints.request
org.keycloak.protocol.oidc.endpoints.request,org.keycloak.protocol.oidc.utils
org.keycloak.protocol.oidc.endpoints.request,org.keycloak.rar
org.keycloak.protocol.oidc.endpoints.request,org.keycloak.services
org.keycloak.protocol.oidc.endpoints.request,org.keycloak.services.messages
org.keycloak.protocol.oidc.endpoints.request,org.keycloak.services.util
org.keycloak.protocol.oidc.endpoints.request,org.keycloak.util
org.keycloak.protocol.oidc.endpoints.request,org.keycloak.utils
org.keycloak.protocol.oidc.ext,org.keycloak
org.keycloak.protocol.oidc.ext,org.keycloak.events
org.keycloak.protocol.oidc.ext,org.keycloak.models
org.keycloak.protocol.oidc.ext,org.keycloak.provider
org.keycloak.protocol.oidc.grants,org.keycloak
org.keycloak.protocol.oidc.grants,org.keycloak.authentication
org.keycloak.protocol.oidc.grants,org.keycloak.authentication.authenticators.client
org.keycloak.protocol.oidc.grants,org.keycloak.authorization
org.keycloak.protocol.oidc.grants,org.keycloak.authorization.authorization
org.keycloak.protocol.oidc.grants,org.keycloak.authorization.util
org.keycloak.protocol.oidc.grants,org.keycloak.broker.provider
org.keycloak.protocol.oidc.grants,org.keycloak.cache
org.keycloak.protocol.oidc.grants,org.keycloak.common
org.keycloak.protocol.oidc.grants,org.keycloak.common.constants
org.keycloak.protocol.oidc.grants,org.keycloak.common.util
org.keycloak.protocol.oidc.grants,org.keycloak.constants
org.keycloak.protocol.oidc.grants,org.keycloak.events
org.keycloak.protocol.oidc.grants,org.keycloak.http
org.keycloak.protocol.oidc.grants,org.keycloak.jose.jws
org.keycloak.protocol.oidc.grants,org.keycloak.jose.jws.crypto
org.keycloak.protocol.oidc.grants,org.keycloak.models
org.keycloak.protocol.oidc.grants,org.keycloak.models.oid4vci
org.keycloak.protocol.oidc.grants,org.keycloak.models.utils
org.keycloak.protocol.oidc.grants,org.keycloak.protocol
org.keycloak.protocol.oidc.grants,org.keycloak.protocol.oid4vc.issuance
org.keycloak.protocol.oidc.grants,org.keycloak.protocol.oid4vc.issuance.credentialoffer
org.keycloak.protocol.oidc.grants,org.keycloak.protocol.oid4vc.issuance.credentialoffer.preauth
org.keycloak.protocol.oidc.grants,org.keycloak.protocol.oid4vc.model
org.keycloak.protocol.oidc.grants,org.keycloak.protocol.oid4vc.utils
org.keycloak.protocol.oidc.grants,org.keycloak.protocol.oidc
org.keycloak.protocol.oidc.grants,org.keycloak.protocol.oidc.encode
org.keycloak.protocol.oidc.grants,org.keycloak.protocol.oidc.rar
org.keycloak.protocol.oidc.grants,org.keycloak.protocol.oidc.refresh
org.keycloak.protocol.oidc.grants,org.keycloak.protocol.oidc.utils
org.keycloak.protocol.oidc.grants,org.keycloak.provider
org.keycloak.protocol.oidc.grants,org.keycloak.representations
org.keycloak.protocol.oidc.grants,org.keycloak.representations.idm.authorization
org.keycloak.protocol.oidc.grants,org.keycloak.services
org.keycloak.protocol.oidc.grants,org.keycloak.services.clientpolicy
org.keycloak.protocol.oidc.grants,org.keycloak.services.clientpolicy.context
org.keycloak.protocol.oidc.grants,org.keycloak.services.cors
org.keycloak.protocol.oidc.grants,org.keycloak.services.managers
org.keycloak.protocol.oidc.grants,org.keycloak.services.resources
org.keycloak.protocol.oidc.grants,org.keycloak.services.util
org.keycloak.protocol.oidc.grants,org.keycloak.sessions
org.keycloak.protocol.oidc.grants,org.keycloak.util
org.keycloak.protocol.oidc.grants,org.keycloak.utils
org.keycloak.protocol.oidc.grants.ciba,org.keycloak
org.keycloak.protocol.oidc.grants.ciba,org.keycloak.authentication
org.keycloak.protocol.oidc.grants.ciba,org.keycloak.authentication.authenticators.util
org.keycloak.protocol.oidc.grants.ciba,org.keycloak.common
org.keycloak.protocol.oidc.grants.ciba,org.keycloak.common.util
org.keycloak.protocol.oidc.grants.ciba,org.keycloak.crypto
org.keycloak.protocol.oidc.grants.ciba,org.keycloak.events
org.keycloak.protocol.oidc.grants.ciba,org.keycloak.jose.jws
org.keycloak.protocol.oidc.grants.ciba,org.keycloak.models
org.keycloak.protocol.oidc.grants.ciba,org.keycloak.protocol.oidc
org.keycloak.protocol.oidc.grants.ciba,org.keycloak.protocol.oidc.grants
org.keycloak.protocol.oidc.grants.ciba,org.keycloak.protocol.oidc.grants.ciba.channel
org.keycloak.protocol.oidc.grants.ciba,org.keycloak.protocol.oidc.grants.ciba.clientpolicy.context
org.keycloak.protocol.oidc.grants.ciba,org.keycloak.protocol.oidc.grants.ciba.endpoints
org.keycloak.protocol.oidc.grants.ciba,org.keycloak.protocol.oidc.grants.device
org.keycloak.protocol.oidc.grants.ciba,org.keycloak.provider
org.keycloak.protocol.oidc.grants.ciba,org.keycloak.rar
org.keycloak.protocol.oidc.grants.ciba,org.keycloak.services
org.keycloak.protocol.oidc.grants.ciba,org.keycloak.services.clientpolicy
org.keycloak.protocol.oidc.grants.ciba,org.keycloak.services.managers
org.keycloak.protocol.oidc.grants.ciba,org.keycloak.services.util
org.keycloak.protocol.oidc.grants.ciba,org.keycloak.sessions
org.keycloak.protocol.oidc.grants.ciba,org.keycloak.validation
org.keycloak.protocol.oidc.grants.ciba.channel,org.keycloak
org.keycloak.protocol.oidc.grants.ciba.channel,org.keycloak.common
org.keycloak.protocol.oidc.grants.ciba.channel,org.keycloak.crypto
org.keycloak.protocol.oidc.grants.ciba.channel,org.keycloak.http.simple
org.keycloak.protocol.oidc.grants.ciba.channel,org.keycloak.jose.jwe
org.keycloak.protocol.oidc.grants.ciba.channel,org.keycloak.jose.jws
org.keycloak.protocol.oidc.grants.ciba.channel,org.keycloak.models
org.keycloak.protocol.oidc.grants.ciba.channel,org.keycloak.models.utils
org.keycloak.protocol.oidc.grants.ciba.channel,org.keycloak.protocol.oidc.grants.ciba
org.keycloak.protocol.oidc.grants.ciba.channel,org.keycloak.provider
org.keycloak.protocol.oidc.grants.ciba.channel,org.keycloak.representations
org.keycloak.protocol.oidc.grants.ciba.channel,org.keycloak.services
org.keycloak.protocol.oidc.grants.ciba.channel,org.keycloak.services.cors
org.keycloak.protocol.oidc.grants.ciba.channel,org.keycloak.util
org.keycloak.protocol.oidc.grants.ciba.clientpolicy.context,org.keycloak.models
org.keycloak.protocol.oidc.grants.ciba.clientpolicy.context,org.keycloak.protocol.oidc
org.keycloak.protocol.oidc.grants.ciba.clientpolicy.context,org.keycloak.protocol.oidc.grants.ciba.channel
org.keycloak.protocol.oidc.grants.ciba.clientpolicy.context,org.keycloak.protocol.oidc.grants.ciba.endpoints.request
org.keycloak.protocol.oidc.grants.ciba.clientpolicy.context,org.keycloak.services.clientpolicy
org.keycloak.protocol.oidc.grants.ciba.clientpolicy.context,org.keycloak.services.clientpolicy.context
org.keycloak.protocol.oidc.grants.ciba.clientpolicy.executor,org.keycloak
org.keycloak.protocol.oidc.grants.ciba.clientpolicy.executor,org.keycloak.common.util
org.keycloak.protocol.oidc.grants.ciba.clientpolicy.executor,org.keycloak.crypto
org.keycloak.protocol.oidc.grants.ciba.clientpolicy.executor,org.keycloak.models
org.keycloak.protocol.oidc.grants.ciba.clientpolicy.executor,org.keycloak.protocol.oidc
org.keycloak.protocol.oidc.grants.ciba.clientpolicy.executor,org.keycloak.protocol.oidc.grants.ciba.clientpolicy.context
org.keycloak.protocol.oidc.grants.ciba.clientpolicy.executor,org.keycloak.protocol.oidc.grants.ciba.endpoints.request
org.keycloak.protocol.oidc.grants.ciba.clientpolicy.executor,org.keycloak.provider
org.keycloak.protocol.oidc.grants.ciba.clientpolicy.executor,org.keycloak.representations.idm
org.keycloak.protocol.oidc.grants.ciba.clientpolicy.executor,org.keycloak.services
org.keycloak.protocol.oidc.grants.ciba.clientpolicy.executor,org.keycloak.services.clientpolicy
org.keycloak.protocol.oidc.grants.ciba.clientpolicy.executor,org.keycloak.services.clientpolicy.context
org.keycloak.protocol.oidc.grants.ciba.clientpolicy.executor,org.keycloak.services.clientpolicy.executor
org.keycloak.protocol.oidc.grants.ciba.endpoints,org.keycloak
org.keycloak.protocol.oidc.grants.ciba.endpoints,org.keycloak.authentication.authenticators.util
org.keycloak.protocol.oidc.grants.ciba.endpoints,org.keycloak.common
org.keycloak.protocol.oidc.grants.ciba.endpoints,org.keycloak.events
org.keycloak.protocol.oidc.grants.ciba.endpoints,org.keycloak.http
org.keycloak.protocol.oidc.grants.ciba.endpoints,org.keycloak.http.simple
org.keycloak.protocol.oidc.grants.ciba.endpoints,org.keycloak.models
org.keycloak.protocol.oidc.grants.ciba.endpoints,org.keycloak.protocol.oidc
org.keycloak.protocol.oidc.grants.ciba.endpoints,org.keycloak.protocol.oidc.ext
org.keycloak.protocol.oidc.grants.ciba.endpoints,org.keycloak.protocol.oidc.grants.ciba
org.keycloak.protocol.oidc.grants.ciba.endpoints,org.keycloak.protocol.oidc.grants.ciba.channel
org.keycloak.protocol.oidc.grants.ciba.endpoints,org.keycloak.protocol.oidc.grants.ciba.clientpolicy.context
org.keycloak.protocol.oidc.grants.ciba.endpoints,org.keycloak.protocol.oidc.grants.ciba.endpoints.request
org.keycloak.protocol.oidc.grants.ciba.endpoints,org.keycloak.protocol.oidc.grants.ciba.resolvers
org.keycloak.protocol.oidc.grants.ciba.endpoints,org.keycloak.protocol.oidc.grants.device
org.keycloak.protocol.oidc.grants.ciba.endpoints,org.keycloak.protocol.oidc.grants.device.endpoints
org.keycloak.protocol.oidc.grants.ciba.endpoints,org.keycloak.protocol.oidc.utils
org.keycloak.protocol.oidc.grants.ciba.endpoints,org.keycloak.protocol.oidc.verifier
org.keycloak.protocol.oidc.grants.ciba.endpoints,org.keycloak.provider
org.keycloak.protocol.oidc.grants.ciba.endpoints,org.keycloak.representations
org.keycloak.protocol.oidc.grants.ciba.endpoints,org.keycloak.representations.idm
org.keycloak.protocol.oidc.grants.ciba.endpoints,org.keycloak.services
org.keycloak.protocol.oidc.grants.ciba.endpoints,org.keycloak.services.clientpolicy
org.keycloak.protocol.oidc.grants.ciba.endpoints,org.keycloak.services.managers
org.keycloak.protocol.oidc.grants.ciba.endpoints,org.keycloak.util
org.keycloak.protocol.oidc.grants.ciba.endpoints.request,org.keycloak
org.keycloak.protocol.oidc.grants.ciba.endpoints.request,org.keycloak.connections.httpclient
org.keycloak.protocol.oidc.grants.ciba.endpoints.request,org.keycloak.crypto
org.keycloak.protocol.oidc.grants.ciba.endpoints.request,org.keycloak.events
org.keycloak.protocol.oidc.grants.ciba.endpoints.request,org.keycloak.jose
org.keycloak.protocol.oidc.grants.ciba.endpoints.request,org.keycloak.jose.jwe
org.keycloak.protocol.oidc.grants.ciba.endpoints.request,org.keycloak.jose.jws
org.keycloak.protocol.oidc.grants.ciba.endpoints.request,org.keycloak.models
org.keycloak.protocol.oidc.grants.ciba.endpoints.request,org.keycloak.protocol.oidc
org.keycloak.protocol.oidc.grants.ciba.endpoints.request,org.keycloak.protocol.oidc.grants.ciba
org.keycloak.protocol.oidc.grants.ciba.endpoints.request,org.keycloak.protocol.oidc.utils
org.keycloak.protocol.oidc.grants.ciba.endpoints.request,org.keycloak.services
org.keycloak.protocol.oidc.grants.ciba.resolvers,org.keycloak
org.keycloak.protocol.oidc.grants.ciba.resolvers,org.keycloak.common
org.keycloak.protocol.oidc.grants.ciba.resolvers,org.keycloak.models
org.keycloak.protocol.oidc.grants.ciba.resolvers,org.keycloak.models.utils
org.keycloak.protocol.oidc.grants.ciba.resolvers,org.keycloak.provider
org.keycloak.protocol.oidc.grants.device,org.keycloak
org.keycloak.protocol.oidc.grants.device,org.keycloak.authentication.authenticators.util
org.keycloak.protocol.oidc.grants.device,org.keycloak.common
org.keycloak.protocol.oidc.grants.device,org.keycloak.events
org.keycloak.protocol.oidc.grants.device,org.keycloak.models
org.keycloak.protocol.oidc.grants.device,org.keycloak.protocol
org.keycloak.protocol.oidc.grants.device,org.keycloak.protocol.oidc
org.keycloak.protocol.oidc.grants.device,org.keycloak.protocol.oidc.endpoints
org.keycloak.protocol.oidc.grants.device,org.keycloak.protocol.oidc.grants
org.keycloak.protocol.oidc.grants.device,org.keycloak.protocol.oidc.grants.device.clientpolicy.context
org.keycloak.protocol.oidc.grants.device,org.keycloak.protocol.oidc.grants.device.endpoints
org.keycloak.protocol.oidc.grants.device,org.keycloak.protocol.oidc.utils
org.keycloak.protocol.oidc.grants.device,org.keycloak.provider
org.keycloak.protocol.oidc.grants.device,org.keycloak.services
org.keycloak.protocol.oidc.grants.device,org.keycloak.services.clientpolicy
org.keycloak.protocol.oidc.grants.device,org.keycloak.services.managers
org.keycloak.protocol.oidc.grants.device,org.keycloak.services.resources
org.keycloak.protocol.oidc.grants.device,org.keycloak.services.util
org.keycloak.protocol.oidc.grants.device,org.keycloak.sessions
org.keycloak.protocol.oidc.grants.device.clientpolicy.context,org.keycloak.models
org.keycloak.protocol.oidc.grants.device.clientpolicy.context,org.keycloak.protocol.oidc
org.keycloak.protocol.oidc.grants.device.clientpolicy.context,org.keycloak.protocol.oidc.endpoints.request
org.keycloak.protocol.oidc.grants.device.clientpolicy.context,org.keycloak.services.clientpolicy
org.keycloak.protocol.oidc.grants.device.clientpolicy.context,org.keycloak.services.clientpolicy.context
org.keycloak.protocol.oidc.grants.device.endpoints,org.keycloak
org.keycloak.protocol.oidc.grants.device.endpoints,org.keycloak.common
org.keycloak.protocol.oidc.grants.device.endpoints,org.keycloak.common.util
org.keycloak.protocol.oidc.grants.device.endpoints,org.keycloak.events
org.keycloak.protocol.oidc.grants.device.endpoints,org.keycloak.forms.login
org.keycloak.protocol.oidc.grants.device.endpoints,org.keycloak.http
org.keycloak.protocol.oidc.grants.device.endpoints,org.keycloak.models
org.keycloak.protocol.oidc.grants.device.endpoints,org.keycloak.protocol
org.keycloak.protocol.oidc.grants.device.endpoints,org.keycloak.protocol.oidc
org.keycloak.protocol.oidc.grants.device.endpoints,org.keycloak.protocol.oidc.endpoints
org.keycloak.protocol.oidc.grants.device.endpoints,org.keycloak.protocol.oidc.endpoints.request
org.keycloak.protocol.oidc.grants.device.endpoints,org.keycloak.protocol.oidc.grants.device
org.keycloak.protocol.oidc.grants.device.endpoints,org.keycloak.protocol.oidc.grants.device.clientpolicy.context
org.keycloak.protocol.oidc.grants.device.endpoints,org.keycloak.protocol.oidc.utils
org.keycloak.protocol.oidc.grants.device.endpoints,org.keycloak.provider
org.keycloak.protocol.oidc.grants.device.endpoints,org.keycloak.representations
org.keycloak.protocol.oidc.grants.device.endpoints,org.keycloak.representations.idm
org.keycloak.protocol.oidc.grants.device.endpoints,org.keycloak.saml.common.util
org.keycloak.protocol.oidc.grants.device.endpoints,org.keycloak.services
org.keycloak.protocol.oidc.grants.device.endpoints,org.keycloak.services.clientpolicy
org.keycloak.protocol.oidc.grants.device.endpoints,org.keycloak.services.cors
org.keycloak.protocol.oidc.grants.device.endpoints,org.keycloak.services.messages
org.keycloak.protocol.oidc.grants.device.endpoints,org.keycloak.services.resource
org.keycloak.protocol.oidc.grants.device.endpoints,org.keycloak.services.util
org.keycloak.protocol.oidc.grants.device.endpoints,org.keycloak.sessions
org.keycloak.protocol.oidc.grants.device.endpoints,org.keycloak.util
org.keycloak.protocol.oidc.installation,org.keycloak
org.keycloak.protocol.oidc.installation,org.keycloak.authentication
org.keycloak.protocol.oidc.installation,org.keycloak.authorization.admin
org.keycloak.protocol.oidc.installation,org.keycloak.common
org.keycloak.protocol.oidc.installation,org.keycloak.models
org.keycloak.protocol.oidc.installation,org.keycloak.protocol
org.keycloak.protocol.oidc.installation,org.keycloak.protocol.oidc
org.keycloak.protocol.oidc.installation,org.keycloak.protocol.oidc.mappers
org.keycloak.protocol.oidc.installation,org.keycloak.representations.adapters.config
org.keycloak.protocol.oidc.installation,org.keycloak.services.managers
org.keycloak.protocol.oidc.installation,org.keycloak.util
org.keycloak.protocol.oidc.mappers,org.keycloak
org.keycloak.protocol.oidc.mappers,org.keycloak.authentication.authenticators.util
org.keycloak.protocol.oidc.mappers,org.keycloak.common
org.keycloak.protocol.oidc.mappers,org.keycloak.common.util
org.keycloak.protocol.oidc.mappers,org.keycloak.models
org.keycloak.protocol.oidc.mappers,org.keycloak.models.utils
org.keycloak.protocol.oidc.mappers,org.keycloak.protocol
org.keycloak.protocol.oidc.mappers,org.keycloak.protocol.oidc
org.keycloak.protocol.oidc.mappers,org.keycloak.protocol.oidc.scope
org.keycloak.protocol.oidc.mappers,org.keycloak.protocol.oidc.utils
org.keycloak.protocol.oidc.mappers,org.keycloak.provider
org.keycloak.protocol.oidc.mappers,org.keycloak.rar
org.keycloak.protocol.oidc.mappers,org.keycloak.representations
org.keycloak.protocol.oidc.mappers,org.keycloak.representations.idm
org.keycloak.protocol.oidc.mappers,org.keycloak.representations.provider
org.keycloak.protocol.oidc.mappers,org.keycloak.scripting
org.keycloak.protocol.oidc.mappers,org.keycloak.services
org.keycloak.protocol.oidc.mappers,org.keycloak.services.managers
org.keycloak.protocol.oidc.mappers,org.keycloak.util
org.keycloak.protocol.oidc.mappers,org.keycloak.utils
org.keycloak.protocol.oidc.par.clientpolicy.context,org.keycloak.models
org.keycloak.protocol.oidc.par.clientpolicy.context,org.keycloak.protocol.oidc.endpoints.request
org.keycloak.protocol.oidc.par.clientpolicy.context,org.keycloak.services.clientpolicy
org.keycloak.protocol.oidc.par.clientpolicy.context,org.keycloak.services.clientpolicy.context
org.keycloak.protocol.oidc.par.endpoints,org.keycloak
org.keycloak.protocol.oidc.par.endpoints,org.keycloak.common
org.keycloak.protocol.oidc.par.endpoints,org.keycloak.common.util
org.keycloak.protocol.oidc.par.endpoints,org.keycloak.events
org.keycloak.protocol.oidc.par.endpoints,org.keycloak.headers
org.keycloak.protocol.oidc.par.endpoints,org.keycloak.http
org.keycloak.protocol.oidc.par.endpoints,org.keycloak.models
org.keycloak.protocol.oidc.par.endpoints,org.keycloak.models.utils
org.keycloak.protocol.oidc.par.endpoints,org.keycloak.protocol.oidc
org.keycloak.protocol.oidc.par.endpoints,org.keycloak.protocol.oidc.endpoints
org.keycloak.protocol.oidc.par.endpoints,org.keycloak.protocol.oidc.endpoints.request
org.keycloak.protocol.oidc.par.endpoints,org.keycloak.protocol.oidc.ext
org.keycloak.protocol.oidc.par.endpoints,org.keycloak.protocol.oidc.par
org.keycloak.protocol.oidc.par.endpoints,org.keycloak.protocol.oidc.par.clientpolicy.context
org.keycloak.protocol.oidc.par.endpoints,org.keycloak.protocol.oidc.par.endpoints.request
org.keycloak.protocol.oidc.par.endpoints,org.keycloak.protocol.oidc.utils
org.keycloak.protocol.oidc.par.endpoints,org.keycloak.provider
org.keycloak.protocol.oidc.par.endpoints,org.keycloak.representations.dpop
org.keycloak.protocol.oidc.par.endpoints,org.keycloak.services
org.keycloak.protocol.oidc.par.endpoints,org.keycloak.services.clientpolicy
org.keycloak.protocol.oidc.par.endpoints,org.keycloak.services.cors
org.keycloak.protocol.oidc.par.endpoints,org.keycloak.services.util
org.keycloak.protocol.oidc.par.endpoints,org.keycloak.utils
org.keycloak.protocol.oidc.par.endpoints.request,org.keycloak.common
org.keycloak.protocol.oidc.par.endpoints.request,org.keycloak.common.util
org.keycloak.protocol.oidc.par.endpoints.request,org.keycloak.events
org.keycloak.protocol.oidc.par.endpoints.request,org.keycloak.models
org.keycloak.protocol.oidc.par.endpoints.request,org.keycloak.protocol.oidc
org.keycloak.protocol.oidc.par.endpoints.request,org.keycloak.protocol.oidc.endpoints.request
org.keycloak.protocol.oidc.par.endpoints.request,org.keycloak.protocol.oidc.par.endpoints
org.keycloak.protocol.oidc.par.endpoints.request,org.keycloak.services
org.keycloak.protocol.oidc.par.endpoints.request,org.keycloak.services.messages
org.keycloak.protocol.oidc.par.endpoints.request,org.keycloak.services.util
org.keycloak.protocol.oidc.rar,org.keycloak.models
org.keycloak.protocol.oidc.rar,org.keycloak.provider
org.keycloak.protocol.oidc.rar,org.keycloak.rar
org.keycloak.protocol.oidc.rar,org.keycloak.representations
org.keycloak.protocol.oidc.rar,org.keycloak.util
org.keycloak.protocol.oidc.rar.model,org.keycloak.models
org.keycloak.protocol.oidc.rar.parsers,org.keycloak
org.keycloak.protocol.oidc.rar.parsers,org.keycloak.models
org.keycloak.protocol.oidc.rar.parsers,org.keycloak.protocol.oidc
org.keycloak.protocol.oidc.rar.parsers,org.keycloak.protocol.oidc.rar
org.keycloak.protocol.oidc.rar.parsers,org.keycloak.protocol.oidc.rar.model
org.keycloak.protocol.oidc.rar.parsers,org.keycloak.protocol.oidc.scope
org.keycloak.protocol.oidc.rar.parsers,org.keycloak.rar
org.keycloak.protocol.oidc.rar.parsers,org.keycloak.representations
org.keycloak.protocol.oidc.rar.parsers,org.keycloak.saml.common.util
org.keycloak.protocol.oidc.refresh,org.keycloak
org.keycloak.protocol.oidc.refresh,org.keycloak.common
org.keycloak.protocol.oidc.refresh,org.keycloak.common.util
org.keycloak.protocol.oidc.refresh,org.keycloak.events
org.keycloak.protocol.oidc.refresh,org.keycloak.models
org.keycloak.protocol.oidc.refresh,org.keycloak.models.utils
org.keycloak.protocol.oidc.refresh,org.keycloak.organization.protocol.mappers.oidc
org.keycloak.protocol.oidc.refresh,org.keycloak.protocol.oidc
org.keycloak.protocol.oidc.refresh,org.keycloak.protocol.oidc.grants
org.keycloak.protocol.oidc.refresh,org.keycloak.provider
org.keycloak.protocol.oidc.refresh,org.keycloak.representations
org.keycloak.protocol.oidc.refresh,org.keycloak.services.managers
org.keycloak.protocol.oidc.refresh,org.keycloak.services.util
org.keycloak.protocol.oidc.refresh,org.keycloak.util
org.keycloak.protocol.oidc.resourceindicators,org.keycloak
org.keycloak.protocol.oidc.resourceindicators,org.keycloak.common
org.keycloak.protocol.oidc.resourceindicators,org.keycloak.models
org.keycloak.protocol.oidc.resourceindicators,org.keycloak.protocol.oidc.token
org.keycloak.protocol.oidc.resourceindicators,org.keycloak.provider
org.keycloak.protocol.oidc.scope,org.keycloak
org.keycloak.protocol.oidc.scope,org.keycloak.common
org.keycloak.protocol.oidc.scope,org.keycloak.models
org.keycloak.protocol.oidc.scope,org.keycloak.provider
org.keycloak.protocol.oidc.scope,org.keycloak.saml.common.util
org.keycloak.protocol.oidc.scope,org.keycloak.services.resources.admin.fgap
org.keycloak.protocol.oidc.scope,org.keycloak.utils
org.keycloak.protocol.oidc.token,org.keycloak
org.keycloak.protocol.oidc.token,org.keycloak.models
org.keycloak.protocol.oidc.token,org.keycloak.protocol.oidc.utils
org.keycloak.protocol.oidc.token,org.keycloak.provider
org.keycloak.protocol.oidc.token,org.keycloak.representations
org.keycloak.protocol.oidc.tokenexchange,org.keycloak
org.keycloak.protocol.oidc.tokenexchange,org.keycloak.authentication.actiontoken
org.keycloak.protocol.oidc.tokenexchange,org.keycloak.broker.provider
org.keycloak.protocol.oidc.tokenexchange,org.keycloak.common
org.keycloak.protocol.oidc.tokenexchange,org.keycloak.common.constants
org.keycloak.protocol.oidc.tokenexchange,org.keycloak.common.util
org.keycloak.protocol.oidc.tokenexchange,org.keycloak.events
org.keycloak.protocol.oidc.tokenexchange,org.keycloak.jose.jws
org.keycloak.protocol.oidc.tokenexchange,org.keycloak.models
org.keycloak.protocol.oidc.tokenexchange,org.keycloak.models.light
org.keycloak.protocol.oidc.tokenexchange,org.keycloak.models.utils
org.keycloak.protocol.oidc.tokenexchange,org.keycloak.protocol
org.keycloak.protocol.oidc.tokenexchange,org.keycloak.protocol.oidc
org.keycloak.protocol.oidc.tokenexchange,org.keycloak.protocol.oidc.encode
org.keycloak.protocol.oidc.tokenexchange,org.keycloak.protocol.oidc.endpoints
org.keycloak.protocol.oidc.tokenexchange,org.keycloak.protocol.saml
org.keycloak.protocol.oidc.tokenexchange,org.keycloak.provider
org.keycloak.protocol.oidc.tokenexchange,org.keycloak.representations
org.keycloak.protocol.oidc.tokenexchange,org.keycloak.representations.dpop
org.keycloak.protocol.oidc.tokenexchange,org.keycloak.saml.common.constants
org.keycloak.protocol.oidc.tokenexchange,org.keycloak.services
org.keycloak.protocol.oidc.tokenexchange,org.keycloak.services.clientpolicy
org.keycloak.protocol.oidc.tokenexchange,org.keycloak.services.clientpolicy.context
org.keycloak.protocol.oidc.tokenexchange,org.keycloak.services.cors
org.keycloak.protocol.oidc.tokenexchange,org.keycloak.services.managers
org.keycloak.protocol.oidc.tokenexchange,org.keycloak.services.resources
org.keycloak.protocol.oidc.tokenexchange,org.keycloak.services.resources.admin
org.keycloak.protocol.oidc.tokenexchange,org.keycloak.services.resources.admin.fgap
org.keycloak.protocol.oidc.tokenexchange,org.keycloak.services.util
org.keycloak.protocol.oidc.tokenexchange,org.keycloak.services.validation
org.keycloak.protocol.oidc.tokenexchange,org.keycloak.sessions
org.keycloak.protocol.oidc.tokenexchange,org.keycloak.util
org.keycloak.protocol.oidc.utils,org.keycloak
org.keycloak.protocol.oidc.utils,org.keycloak.authentication
org.keycloak.protocol.oidc.utils,org.keycloak.authentication.authenticators.util
org.keycloak.protocol.oidc.utils,org.keycloak.common.util
org.keycloak.protocol.oidc.utils,org.keycloak.connections.httpclient
org.keycloak.protocol.oidc.utils,org.keycloak.crypto
org.keycloak.protocol.oidc.utils,org.keycloak.events
org.keycloak.protocol.oidc.utils,org.keycloak.forms.login
org.keycloak.protocol.oidc.utils,org.keycloak.jose.jwk
org.keycloak.protocol.oidc.utils,org.keycloak.jose.jws.crypto
org.keycloak.protocol.oidc.utils,org.keycloak.models
org.keycloak.protocol.oidc.utils,org.keycloak.models.utils
org.keycloak.protocol.oidc.utils,org.keycloak.protocol
org.keycloak.protocol.oidc.utils,org.keycloak.protocol.oidc
org.keycloak.protocol.oidc.utils,org.keycloak.protocol.oidc.mappers
org.keycloak.protocol.oidc.utils,org.keycloak.representations
org.keycloak.protocol.oidc.utils,org.keycloak.representations.idm
org.keycloak.protocol.oidc.utils,org.keycloak.services
org.keycloak.protocol.oidc.utils,org.keycloak.services.cors
org.keycloak.protocol.oidc.utils,org.keycloak.services.messages
org.keycloak.protocol.oidc.utils,org.keycloak.services.util
org.keycloak.protocol.oidc.utils,org.keycloak.sessions
org.keycloak.protocol.oidc.utils,org.keycloak.util
org.keycloak.protocol.oidc.verifier,org.keycloak
org.keycloak.protocol.oidc.verifier,org.keycloak.models
org.keycloak.protocol.oidc.verifier,org.keycloak.provider
org.keycloak.protocol.oidc.verifier,org.keycloak.representations
org.keycloak.protocol.saml,org.keycloak
org.keycloak.protocol.saml,org.keycloak.broker.saml
org.keycloak.protocol.saml,org.keycloak.common
org.keycloak.protocol.saml,org.keycloak.common.util
org.keycloak.protocol.saml,org.keycloak.connections.httpclient
org.keycloak.protocol.saml,org.keycloak.crypto
org.keycloak.protocol.saml,org.keycloak.dom.saml.v2
org.keycloak.protocol.saml,org.keycloak.dom.saml.v2.assertion
org.keycloak.protocol.saml,org.keycloak.dom.saml.v2.metadata
org.keycloak.protocol.saml,org.keycloak.dom.saml.v2.protocol
org.keycloak.protocol.saml,org.keycloak.events
org.keycloak.protocol.saml,org.keycloak.executors
org.keycloak.protocol.saml,org.keycloak.exportimport
org.keycloak.protocol.saml,org.keycloak.forms.login
org.keycloak.protocol.saml,org.keycloak.http
org.keycloak.protocol.saml,org.keycloak.keys
org.keycloak.protocol.saml,org.keycloak.models
org.keycloak.protocol.saml,org.keycloak.models.utils
org.keycloak.protocol.saml,org.keycloak.organization.protocol.mappers.saml
org.keycloak.protocol.saml,org.keycloak.protocol
org.keycloak.protocol.saml,org.keycloak.protocol.oidc
org.keycloak.protocol.saml,org.keycloak.protocol.oidc.utils
org.keycloak.protocol.saml,org.keycloak.protocol.saml.mappers
org.keycloak.protocol.saml,org.keycloak.protocol.saml.preprocessor
org.keycloak.protocol.saml,org.keycloak.protocol.saml.profile.ecp
org.keycloak.protocol.saml,org.keycloak.protocol.saml.profile.util
org.keycloak.protocol.saml,org.keycloak.protocol.saml.util
org.keycloak.protocol.saml,org.keycloak.provider
org.keycloak.protocol.saml,org.keycloak.representations.idm
org.keycloak.protocol.saml,org.keycloak.rotation
org.keycloak.protocol.saml,org.keycloak.saml
org.keycloak.protocol.saml,org.keycloak.saml.common.constants
org.keycloak.protocol.saml,org.keycloak.saml.common.exceptions
org.keycloak.protocol.saml,org.keycloak.saml.common.util
org.keycloak.protocol.saml,org.keycloak.saml.processing.api.saml.v2.request
org.keycloak.protocol.saml,org.keycloak.saml.processing.api.saml.v2.response
org.keycloak.protocol.saml,org.keycloak.saml.processing.api.saml.v2.sig
org.keycloak.protocol.saml,org.keycloak.saml.processing.api.util
org.keycloak.protocol.saml,org.keycloak.saml.processing.core.parsers.saml
org.keycloak.protocol.saml,org.keycloak.saml.processing.core.saml.v2.common
org.keycloak.protocol.saml,org.keycloak.saml.processing.core.saml.v2.constants
org.keycloak.protocol.saml,org.keycloak.saml.processing.core.saml.v2.util
org.keycloak.protocol.saml,org.keycloak.saml.processing.core.saml.v2.writers
org.keycloak.protocol.saml,org.keycloak.saml.processing.core.util
org.keycloak.protocol.saml,org.keycloak.saml.processing.web.util
org.keycloak.protocol.saml,org.keycloak.saml.validators
org.keycloak.protocol.saml,org.keycloak.services
org.keycloak.protocol.saml,org.keycloak.services.clientpolicy
org.keycloak.protocol.saml,org.keycloak.services.clientpolicy.context
org.keycloak.protocol.saml,org.keycloak.services.managers
org.keycloak.protocol.saml,org.keycloak.services.messages
org.keycloak.protocol.saml,org.keycloak.services.resources
org.keycloak.protocol.saml,org.keycloak.services.scheduled
org.keycloak.protocol.saml,org.keycloak.services.util
org.keycloak.protocol.saml,org.keycloak.sessions
org.keycloak.protocol.saml,org.keycloak.timer
org.keycloak.protocol.saml,org.keycloak.transaction
org.keycloak.protocol.saml,org.keycloak.utils
org.keycloak.protocol.saml.clientregistration,org.keycloak
org.keycloak.protocol.saml.clientregistration,org.keycloak.exportimport
org.keycloak.protocol.saml.clientregistration,org.keycloak.models
org.keycloak.protocol.saml.clientregistration,org.keycloak.protocol.saml
org.keycloak.protocol.saml.clientregistration,org.keycloak.representations.idm
org.keycloak.protocol.saml.clientregistration,org.keycloak.services.clientregistration
org.keycloak.protocol.saml.installation,org.keycloak
org.keycloak.protocol.saml.installation,org.keycloak.common.util
org.keycloak.protocol.saml.installation,org.keycloak.dom.saml.v2.metadata
org.keycloak.protocol.saml.installation,org.keycloak.models
org.keycloak.protocol.saml.installation,org.keycloak.protocol
org.keycloak.protocol.saml.installation,org.keycloak.protocol.saml
org.keycloak.protocol.saml.installation,org.keycloak.saml
org.keycloak.protocol.saml.installation,org.keycloak.saml.common.constants
org.keycloak.protocol.saml.installation,org.keycloak.saml.common.util
org.keycloak.protocol.saml.installation,org.keycloak.saml.processing.core.saml.v2.writers
org.keycloak.protocol.saml.installation,org.keycloak.services.resources
org.keycloak.protocol.saml.mappers,org.keycloak
org.keycloak.protocol.saml.mappers,org.keycloak.authentication.authenticators.util
org.keycloak.protocol.saml.mappers,org.keycloak.common
org.keycloak.protocol.saml.mappers,org.keycloak.dom.saml.v2.assertion
org.keycloak.protocol.saml.mappers,org.keycloak.dom.saml.v2.metadata
org.keycloak.protocol.saml.mappers,org.keycloak.dom.saml.v2.protocol
org.keycloak.protocol.saml.mappers,org.keycloak.models
org.keycloak.protocol.saml.mappers,org.keycloak.models.utils
org.keycloak.protocol.saml.mappers,org.keycloak.protocol
org.keycloak.protocol.saml.mappers,org.keycloak.protocol.oidc.utils
org.keycloak.protocol.saml.mappers,org.keycloak.protocol.saml
org.keycloak.protocol.saml.mappers,org.keycloak.provider
org.keycloak.protocol.saml.mappers,org.keycloak.representations.provider
org.keycloak.protocol.saml.mappers,org.keycloak.saml.common.constants
org.keycloak.protocol.saml.mappers,org.keycloak.scripting
org.keycloak.protocol.saml.mappers,org.keycloak.sessions
org.keycloak.protocol.saml.preprocessor,org.keycloak.dom.saml.v2.protocol
org.keycloak.protocol.saml.preprocessor,org.keycloak.models
org.keycloak.protocol.saml.preprocessor,org.keycloak.provider
org.keycloak.protocol.saml.preprocessor,org.keycloak.sessions
org.keycloak.protocol.saml.profile.ecp,org.keycloak.dom.saml.v2.protocol
org.keycloak.protocol.saml.profile.ecp,org.keycloak.events
org.keycloak.protocol.saml.profile.ecp,org.keycloak.models
org.keycloak.protocol.saml.profile.ecp,org.keycloak.models.utils
org.keycloak.protocol.saml.profile.ecp,org.keycloak.protocol.saml
org.keycloak.protocol.saml.profile.ecp,org.keycloak.protocol.saml.profile.util
org.keycloak.protocol.saml.profile.ecp,org.keycloak.saml
org.keycloak.protocol.saml.profile.ecp,org.keycloak.saml.common.constants
org.keycloak.protocol.saml.profile.ecp,org.keycloak.saml.common.exceptions
org.keycloak.protocol.saml.profile.ecp,org.keycloak.saml.validators
org.keycloak.protocol.saml.profile.ecp,org.keycloak.services.managers
org.keycloak.protocol.saml.profile.ecp,org.keycloak.sessions
org.keycloak.protocol.saml.profile.ecp.authenticator,org.keycloak
org.keycloak.protocol.saml.profile.ecp.authenticator,org.keycloak.authentication
org.keycloak.protocol.saml.profile.ecp.authenticator,org.keycloak.authentication.authenticators.browser
org.keycloak.protocol.saml.profile.ecp.authenticator,org.keycloak.events
org.keycloak.protocol.saml.profile.ecp.authenticator,org.keycloak.http
org.keycloak.protocol.saml.profile.ecp.authenticator,org.keycloak.models
org.keycloak.protocol.saml.profile.ecp.authenticator,org.keycloak.provider
org.keycloak.protocol.saml.profile.util,org.keycloak.http.simple
org.keycloak.protocol.saml.profile.util,org.keycloak.models
org.keycloak.protocol.saml.profile.util,org.keycloak.saml.processing.core.saml.v2.util
org.keycloak.protocol.saml.profile.util,org.keycloak.saml.processing.web.util
org.keycloak.provider,org.keycloak
org.keycloak.provider,org.keycloak.common.util
org.keycloak.provider,org.keycloak.component
org.keycloak.provider,org.keycloak.models
org.keycloak.provider,org.keycloak.services
org.keycloak.provider,org.keycloak.theme
org.keycloak.provider,org.keycloak.utils
org.keycloak.quarkus.deployment,org.keycloak
org.keycloak.quarkus.deployment,org.keycloak.authentication
org.keycloak.quarkus.deployment,org.keycloak.authentication.authenticators.browser
org.keycloak.quarkus.deployment,org.keycloak.authorization.policy.provider
org.keycloak.quarkus.deployment,org.keycloak.authorization.policy.provider.js
org.keycloak.quarkus.deployment,org.keycloak.common
org.keycloak.quarkus.deployment,org.keycloak.common.crypto
org.keycloak.quarkus.deployment,org.keycloak.common.util
org.keycloak.quarkus.deployment,org.keycloak.config
org.keycloak.quarkus.deployment,org.keycloak.config.database
org.keycloak.quarkus.deployment,org.keycloak.connections.jpa
org.keycloak.quarkus.deployment,org.keycloak.connections.jpa.updater.liquibase
org.keycloak.quarkus.deployment,org.keycloak.connections.jpa.updater.liquibase.conn
org.keycloak.quarkus.deployment,org.keycloak.connections.jpa.updater.liquibase.lock
org.keycloak.quarkus.deployment,org.keycloak.infinispan.util
org.keycloak.quarkus.deployment,org.keycloak.policy
org.keycloak.quarkus.deployment,org.keycloak.protocol
org.keycloak.quarkus.deployment,org.keycloak.protocol.oidc.mappers
org.keycloak.quarkus.deployment,org.keycloak.protocol.saml.mappers
org.keycloak.quarkus.deployment,org.keycloak.provider
org.keycloak.quarkus.deployment,org.keycloak.quarkus.runtime
org.keycloak.quarkus.deployment,org.keycloak.quarkus.runtime.cli
org.keycloak.quarkus.deployment,org.keycloak.quarkus.runtime.configuration
org.keycloak.quarkus.deployment,org.keycloak.quarkus.runtime.configuration.mappers
org.keycloak.quarkus.deployment,org.keycloak.quarkus.runtime.integration
org.keycloak.quarkus.deployment,org.keycloak.quarkus.runtime.integration.resteasy
org.keycloak.quarkus.deployment,org.keycloak.quarkus.runtime.logging
org.keycloak.quarkus.deployment,org.keycloak.quarkus.runtime.services
org.keycloak.quarkus.deployment,org.keycloak.quarkus.runtime.services.health
org.keycloak.quarkus.deployment,org.keycloak.quarkus.runtime.storage.database.jpa
org.keycloak.quarkus.deployment,org.keycloak.quarkus.runtime.themes
org.keycloak.quarkus.deployment,org.keycloak.representations.provider
org.keycloak.quarkus.deployment,org.keycloak.services
org.keycloak.quarkus.deployment,org.keycloak.services.resources
org.keycloak.quarkus.deployment,org.keycloak.services.resources.admin
org.keycloak.quarkus.deployment,org.keycloak.theme
org.keycloak.quarkus.deployment,org.keycloak.transaction
org.keycloak.quarkus.deployment,org.keycloak.userprofile.config
org.keycloak.quarkus.deployment,org.keycloak.util
org.keycloak.quarkus.deployment,org.keycloak.utils
org.keycloak.quarkus.deployment,org.keycloak.vault
org.keycloak.quarkus.runtime,org.keycloak
org.keycloak.quarkus.runtime,org.keycloak.authentication.authenticators.browser
org.keycloak.quarkus.runtime,org.keycloak.common
org.keycloak.quarkus.runtime,org.keycloak.common.crypto
org.keycloak.quarkus.runtime,org.keycloak.common.profile
org.keycloak.quarkus.runtime,org.keycloak.common.util
org.keycloak.quarkus.runtime,org.keycloak.config
org.keycloak.quarkus.runtime,org.keycloak.headers
org.keycloak.quarkus.runtime,org.keycloak.infinispan.util
org.keycloak.quarkus.runtime,org.keycloak.marshalling
org.keycloak.quarkus.runtime,org.keycloak.models
org.keycloak.quarkus.runtime,org.keycloak.provider
org.keycloak.quarkus.runtime,org.keycloak.quarkus.runtime.cli
org.keycloak.quarkus.runtime,org.keycloak.quarkus.runtime.cli.command
org.keycloak.quarkus.runtime,org.keycloak.quarkus.runtime.configuration
org.keycloak.quarkus.runtime,org.keycloak.quarkus.runtime.configuration.mappers
org.keycloak.quarkus.runtime,org.keycloak.quarkus.runtime.integration
org.keycloak.quarkus.runtime,org.keycloak.quarkus.runtime.integration.jaxrs
org.keycloak.quarkus.runtime,org.keycloak.quarkus.runtime.logging
org.keycloak.quarkus.runtime,org.keycloak.quarkus.runtime.services
org.keycloak.quarkus.runtime,org.keycloak.quarkus.runtime.storage.database.liquibase
org.keycloak.quarkus.runtime,org.keycloak.representations.userprofile.config
org.keycloak.quarkus.runtime,org.keycloak.theme
org.keycloak.quarkus.runtime,org.keycloak.truststore
org.keycloak.quarkus.runtime,org.keycloak.userprofile
org.keycloak.quarkus.runtime.cli,org.keycloak.common.profile
org.keycloak.quarkus.runtime.cli,org.keycloak.config
org.keycloak.quarkus.runtime.cli,org.keycloak.quarkus.runtime
org.keycloak.quarkus.runtime.cli,org.keycloak.quarkus.runtime.cli.command
org.keycloak.quarkus.runtime.cli,org.keycloak.quarkus.runtime.configuration
org.keycloak.quarkus.runtime.cli,org.keycloak.quarkus.runtime.configuration.mappers
org.keycloak.quarkus.runtime.cli,org.keycloak.utils
org.keycloak.quarkus.runtime.cli.command,org.keycloak
org.keycloak.quarkus.runtime.cli.command,org.keycloak.common.util
org.keycloak.quarkus.runtime.cli.command,org.keycloak.compatibility
org.keycloak.quarkus.runtime.cli.command,org.keycloak.config
org.keycloak.quarkus.runtime.cli.command,org.keycloak.exportimport
org.keycloak.quarkus.runtime.cli.command,org.keycloak.models.utils
org.keycloak.quarkus.runtime.cli.command,org.keycloak.policy
org.keycloak.quarkus.runtime.cli.command,org.keycloak.quarkus.runtime
org.keycloak.quarkus.runtime.cli.command,org.keycloak.quarkus.runtime.cli
org.keycloak.quarkus.runtime.cli.command,org.keycloak.quarkus.runtime.configuration
org.keycloak.quarkus.runtime.cli.command,org.keycloak.quarkus.runtime.configuration.mappers
org.keycloak.quarkus.runtime.cli.command,org.keycloak.quarkus.runtime.integration
org.keycloak.quarkus.runtime.cli.command,org.keycloak.quarkus.runtime.integration.jaxrs
org.keycloak.quarkus.runtime.cli.command,org.keycloak.util
org.keycloak.quarkus.runtime.configuration,org.keycloak
org.keycloak.quarkus.runtime.configuration,org.keycloak.common
org.keycloak.quarkus.runtime.configuration,org.keycloak.config
org.keycloak.quarkus.runtime.configuration,org.keycloak.config.database
org.keycloak.quarkus.runtime.configuration,org.keycloak.models.utils
org.keycloak.quarkus.runtime.configuration,org.keycloak.quarkus.runtime
org.keycloak.quarkus.runtime.configuration,org.keycloak.quarkus.runtime.cli
org.keycloak.quarkus.runtime.configuration,org.keycloak.quarkus.runtime.cli.command
org.keycloak.quarkus.runtime.configuration,org.keycloak.quarkus.runtime.configuration.mappers
org.keycloak.quarkus.runtime.configuration,org.keycloak.utils
org.keycloak.quarkus.runtime.configuration.compatibility,org.keycloak.compatibility
org.keycloak.quarkus.runtime.configuration.compatibility,org.keycloak.config
org.keycloak.quarkus.runtime.configuration.compatibility,org.keycloak.jose.jws.crypto
org.keycloak.quarkus.runtime.configuration.mappers,org.keycloak.common
org.keycloak.quarkus.runtime.configuration.mappers,org.keycloak.common.crypto
org.keycloak.quarkus.runtime.configuration.mappers,org.keycloak.common.util
org.keycloak.quarkus.runtime.configuration.mappers,org.keycloak.config
org.keycloak.quarkus.runtime.configuration.mappers,org.keycloak.config.database
org.keycloak.quarkus.runtime.configuration.mappers,org.keycloak.connections.jpa.util
org.keycloak.quarkus.runtime.configuration.mappers,org.keycloak.events
org.keycloak.quarkus.runtime.configuration.mappers,org.keycloak.exportimport
org.keycloak.quarkus.runtime.configuration.mappers,org.keycloak.infinispan.util
org.keycloak.quarkus.runtime.configuration.mappers,org.keycloak.quarkus.runtime
org.keycloak.quarkus.runtime.configuration.mappers,org.keycloak.quarkus.runtime.cli
org.keycloak.quarkus.runtime.configuration.mappers,org.keycloak.quarkus.runtime.cli.command
org.keycloak.quarkus.runtime.configuration.mappers,org.keycloak.quarkus.runtime.configuration
org.keycloak.quarkus.runtime.configuration.mappers,org.keycloak.utils
org.keycloak.quarkus.runtime.httpclient,org.keycloak
org.keycloak.quarkus.runtime.httpclient,org.keycloak.common
org.keycloak.quarkus.runtime.httpclient,org.keycloak.common.enums
org.keycloak.quarkus.runtime.httpclient,org.keycloak.common.util
org.keycloak.quarkus.runtime.httpclient,org.keycloak.connections.httpclient
org.keycloak.quarkus.runtime.httpclient,org.keycloak.models
org.keycloak.quarkus.runtime.httpclient,org.keycloak.provider
org.keycloak.quarkus.runtime.httpclient,org.keycloak.truststore
org.keycloak.quarkus.runtime.integration,org.keycloak
org.keycloak.quarkus.runtime.integration,org.keycloak.models
org.keycloak.quarkus.runtime.integration,org.keycloak.provider
org.keycloak.quarkus.runtime.integration,org.keycloak.quarkus.runtime.integration.resteasy
org.keycloak.quarkus.runtime.integration,org.keycloak.quarkus.runtime.themes
org.keycloak.quarkus.runtime.integration,org.keycloak.services
org.keycloak.quarkus.runtime.integration,org.keycloak.theme
org.keycloak.quarkus.runtime.integration.cdi,org.keycloak.models
org.keycloak.quarkus.runtime.integration.cdi,org.keycloak.quarkus.runtime.integration
org.keycloak.quarkus.runtime.integration.cdi,org.keycloak.quarkus.runtime.transaction
org.keycloak.quarkus.runtime.integration.jaxrs,org.keycloak.config
org.keycloak.quarkus.runtime.integration.jaxrs,org.keycloak.connections.jpa
org.keycloak.quarkus.runtime.integration.jaxrs,org.keycloak.models
org.keycloak.quarkus.runtime.integration.jaxrs,org.keycloak.quarkus.runtime
org.keycloak.quarkus.runtime.integration.jaxrs,org.keycloak.quarkus.runtime.configuration
org.keycloak.quarkus.runtime.integration.jaxrs,org.keycloak.quarkus.runtime.integration
org.keycloak.quarkus.runtime.integration.jaxrs,org.keycloak.quarkus.runtime.storage.database.jpa
org.keycloak.quarkus.runtime.integration.jaxrs,org.keycloak.services
org.keycloak.quarkus.runtime.integration.jaxrs,org.keycloak.services.managers
org.keycloak.quarkus.runtime.integration.jaxrs,org.keycloak.services.resources
org.keycloak.quarkus.runtime.integration.jaxrs,org.keycloak.services.util
org.keycloak.quarkus.runtime.integration.jaxrs,org.keycloak.utils
org.keycloak.quarkus.runtime.integration.resteasy,org.keycloak.common
org.keycloak.quarkus.runtime.integration.resteasy,org.keycloak.config
org.keycloak.quarkus.runtime.integration.resteasy,org.keycloak.http
org.keycloak.quarkus.runtime.integration.resteasy,org.keycloak.models
org.keycloak.quarkus.runtime.integration.resteasy,org.keycloak.quarkus.runtime.configuration
org.keycloak.quarkus.runtime.integration.resteasy,org.keycloak.quarkus.runtime.integration.jaxrs
org.keycloak.quarkus.runtime.integration.resteasy,org.keycloak.services
org.keycloak.quarkus.runtime.integration.resteasy,org.keycloak.utils
org.keycloak.quarkus.runtime.integration.web,org.keycloak
org.keycloak.quarkus.runtime.integration.web,org.keycloak.http
org.keycloak.quarkus.runtime.integration.web,org.keycloak.models
org.keycloak.quarkus.runtime.integration.web,org.keycloak.services.x509
org.keycloak.quarkus.runtime.logging,org.keycloak.common.util
org.keycloak.quarkus.runtime.logging,org.keycloak.config
org.keycloak.quarkus.runtime.logging,org.keycloak.connections.infinispan
org.keycloak.quarkus.runtime.logging,org.keycloak.logging
org.keycloak.quarkus.runtime.logging,org.keycloak.quarkus.runtime.configuration
org.keycloak.quarkus.runtime.logging,org.keycloak.quarkus.runtime.configuration.mappers
org.keycloak.quarkus.runtime.logging,org.keycloak.quarkus.runtime.storage.database.jpa
org.keycloak.quarkus.runtime.policy,org.keycloak.policy
org.keycloak.quarkus.runtime.policy,org.keycloak.quarkus.runtime
org.keycloak.quarkus.runtime.services,org.keycloak.config
org.keycloak.quarkus.runtime.services,org.keycloak.quarkus.runtime.configuration
org.keycloak.quarkus.runtime.services,org.keycloak.quarkus.runtime.configuration.mappers
org.keycloak.quarkus.runtime.services,org.keycloak.quarkus.runtime.integration
org.keycloak.quarkus.runtime.services,org.keycloak.representations.idm
org.keycloak.quarkus.runtime.services,org.keycloak.services.util
org.keycloak.quarkus.runtime.services.health,org.keycloak.connections.infinispan
org.keycloak.quarkus.runtime.services.health,org.keycloak.quarkus.runtime.integration
org.keycloak.quarkus.runtime.services.metrics,org.keycloak.config
org.keycloak.quarkus.runtime.services.metrics,org.keycloak.quarkus.runtime.configuration
org.keycloak.quarkus.runtime.services.metrics.events,org.keycloak
org.keycloak.quarkus.runtime.services.metrics.events,org.keycloak.events
org.keycloak.quarkus.runtime.services.metrics.events,org.keycloak.events.admin
org.keycloak.quarkus.runtime.services.metrics.events,org.keycloak.models
org.keycloak.quarkus.runtime.services.metrics.events,org.keycloak.provider
org.keycloak.quarkus.runtime.services.resources,org.keycloak.common.util
org.keycloak.quarkus.runtime.services.resources,org.keycloak.config
org.keycloak.quarkus.runtime.services.resources,org.keycloak.models
org.keycloak.quarkus.runtime.services.resources,org.keycloak.quarkus.runtime
org.keycloak.quarkus.runtime.services.resources,org.keycloak.quarkus.runtime.configuration
org.keycloak.quarkus.runtime.services.resources,org.keycloak.quarkus.runtime.configuration.mappers
org.keycloak.quarkus.runtime.services.resources,org.keycloak.services
org.keycloak.quarkus.runtime.services.resources,org.keycloak.services.cors
org.keycloak.quarkus.runtime.services.resources,org.keycloak.theme
org.keycloak.quarkus.runtime.services.resources,org.keycloak.theme.freemarker
org.keycloak.quarkus.runtime.services.resources,org.keycloak.urls
org.keycloak.quarkus.runtime.services.resources,org.keycloak.utils
org.keycloak.quarkus.runtime.storage.database.jpa,org.keycloak
org.keycloak.quarkus.runtime.storage.database.jpa,org.keycloak.cluster
org.keycloak.quarkus.runtime.storage.database.jpa,org.keycloak.common
org.keycloak.quarkus.runtime.storage.database.jpa,org.keycloak.common.util
org.keycloak.quarkus.runtime.storage.database.jpa,org.keycloak.config
org.keycloak.quarkus.runtime.storage.database.jpa,org.keycloak.config.database
org.keycloak.quarkus.runtime.storage.database.jpa,org.keycloak.connections.jpa
org.keycloak.quarkus.runtime.storage.database.jpa,org.keycloak.connections.jpa.support
org.keycloak.quarkus.runtime.storage.database.jpa,org.keycloak.connections.jpa.updater
org.keycloak.quarkus.runtime.storage.database.jpa,org.keycloak.connections.jpa.updater.liquibase.conn
org.keycloak.quarkus.runtime.storage.database.jpa,org.keycloak.connections.jpa.updater.liquibase.custom
org.keycloak.quarkus.runtime.storage.database.jpa,org.keycloak.connections.jpa.util
org.keycloak.quarkus.runtime.storage.database.jpa,org.keycloak.migration
org.keycloak.quarkus.runtime.storage.database.jpa,org.keycloak.models
org.keycloak.quarkus.runtime.storage.database.jpa,org.keycloak.models.dblock
org.keycloak.quarkus.runtime.storage.database.jpa,org.keycloak.models.utils
org.keycloak.quarkus.runtime.storage.database.jpa,org.keycloak.provider
org.keycloak.quarkus.runtime.storage.database.jpa,org.keycloak.quarkus.runtime.configuration
org.keycloak.quarkus.runtime.storage.database.liquibase,org.keycloak
org.keycloak.quarkus.runtime.storage.database.liquibase,org.keycloak.connections.jpa.entityprovider
org.keycloak.quarkus.runtime.storage.database.liquibase,org.keycloak.connections.jpa.updater
org.keycloak.quarkus.runtime.storage.database.liquibase,org.keycloak.connections.jpa.updater.liquibase
org.keycloak.quarkus.runtime.storage.database.liquibase,org.keycloak.connections.jpa.updater.liquibase.conn
org.keycloak.quarkus.runtime.storage.database.liquibase,org.keycloak.connections.jpa.util
org.keycloak.quarkus.runtime.storage.database.liquibase,org.keycloak.models
org.keycloak.quarkus.runtime.themes,org.keycloak
org.keycloak.quarkus.runtime.themes,org.keycloak.models
org.keycloak.quarkus.runtime.themes,org.keycloak.quarkus.runtime
org.keycloak.quarkus.runtime.themes,org.keycloak.theme
org.keycloak.quarkus.runtime.tracing,org.keycloak
org.keycloak.quarkus.runtime.tracing,org.keycloak.common
org.keycloak.quarkus.runtime.tracing,org.keycloak.config
org.keycloak.quarkus.runtime.tracing,org.keycloak.connections.httpclient
org.keycloak.quarkus.runtime.tracing,org.keycloak.models
org.keycloak.quarkus.runtime.tracing,org.keycloak.provider
org.keycloak.quarkus.runtime.tracing,org.keycloak.quarkus.runtime.configuration
org.keycloak.quarkus.runtime.tracing,org.keycloak.quarkus.runtime.httpclient
org.keycloak.quarkus.runtime.tracing,org.keycloak.tracing
org.keycloak.quarkus.runtime.transaction,org.keycloak
org.keycloak.quarkus.runtime.transaction,org.keycloak.models
org.keycloak.quarkus.runtime.transaction,org.keycloak.transaction
org.keycloak.quarkus.runtime.transaction,org.keycloak.utils
org.keycloak.quarkus.runtime.vault,org.keycloak
org.keycloak.quarkus.runtime.vault,org.keycloak.config
org.keycloak.quarkus.runtime.vault,org.keycloak.provider
org.keycloak.quarkus.runtime.vault,org.keycloak.quarkus.runtime.configuration
org.keycloak.rar,org.keycloak.models
org.keycloak.rar,org.keycloak.representations
org.keycloak.representations,org.keycloak
org.keycloak.representations,org.keycloak.common
org.keycloak.representations,org.keycloak.common.util
org.keycloak.representations,org.keycloak.json
org.keycloak.representations,org.keycloak.representations.idm.authorization
org.keycloak.representations,org.keycloak.util
org.keycloak.representations.account,org.keycloak.representations.idm
org.keycloak.representations.adapters.action,org.keycloak
org.keycloak.representations.adapters.action,org.keycloak.common.util
org.keycloak.representations.adapters.config,org.keycloak.representations.idm.authorization
org.keycloak.representations.admin.v2,org.keycloak.representations.admin.v2.validation
org.keycloak.representations.admin.v2.validation,org.keycloak.representations.admin.v2
org.keycloak.representations.admin.v2.validators,org.keycloak.authentication
org.keycloak.representations.admin.v2.validators,org.keycloak.authentication.authenticators.client
org.keycloak.representations.admin.v2.validators,org.keycloak.models
org.keycloak.representations.admin.v2.validators,org.keycloak.representations.admin.v2
org.keycloak.representations.admin.v2.validators,org.keycloak.representations.admin.v2.validation
org.keycloak.representations.admin.v2.validators,org.keycloak.services.client.scim
org.keycloak.representations.admin.v2.validators,org.keycloak.utils
org.keycloak.representations.admin.v2.validators,org.keycloak.validation.jakarta
org.keycloak.representations.docker,org.keycloak.representations
org.keycloak.representations.dpop,org.keycloak.representations
org.keycloak.representations.idm,org.keycloak
org.keycloak.representations.idm,org.keycloak.common.util
org.keycloak.representations.idm,org.keycloak.crypto
org.keycloak.representations.idm,org.keycloak.json
org.keycloak.representations.idm,org.keycloak.representations.idm.authorization
org.keycloak.representations.idm,org.keycloak.representations.idm.oid4vc
org.keycloak.representations.idm.authorization,org.keycloak
org.keycloak.representations.idm.authorization,org.keycloak.json
org.keycloak.representations.idm.authorization,org.keycloak.representations
org.keycloak.representations.idm.authorization,org.keycloak.util
org.keycloak.representations.idm.oid4vc,org.keycloak.common.util
org.keycloak.representations.idm.oid4vc,org.keycloak.json
org.keycloak.representations.info,org.keycloak.representations.idm
org.keycloak.representations.oidc,org.keycloak.jose.jwk
org.keycloak.representations.oidc,org.keycloak.representations
org.keycloak.representations.workflows,org.keycloak.common.util
org.keycloak.representations.workflows,org.keycloak.common.util.reflections
org.keycloak.representations.workflows,org.keycloak.json
org.keycloak.rest.admin.api,org.keycloak.admin.api
org.keycloak.rest.admin.api,org.keycloak.admin.api.client
org.keycloak.rest.admin.api,org.keycloak.common
org.keycloak.rest.admin.api,org.keycloak.models
org.keycloak.rest.admin.api,org.keycloak.rest.admin.api.client
org.keycloak.rest.admin.api,org.keycloak.services.resources.admin
org.keycloak.rest.admin.api.client,org.keycloak.admin.api
org.keycloak.rest.admin.api.client,org.keycloak.admin.api.client
org.keycloak.rest.admin.api.client,org.keycloak.authorization.fgap
org.keycloak.rest.admin.api.client,org.keycloak.models
org.keycloak.rest.admin.api.client,org.keycloak.representations.admin.v2
org.keycloak.rest.admin.api.client,org.keycloak.scim.protocol
org.keycloak.rest.admin.api.client,org.keycloak.scim.resource.spi
org.keycloak.rest.admin.api.client,org.keycloak.services
org.keycloak.rest.admin.api.client,org.keycloak.services.client.scim
org.keycloak.rest.admin.api.client,org.keycloak.services.clientpolicy
org.keycloak.rest.admin.api.client,org.keycloak.services.clientpolicy.context
org.keycloak.rest.admin.api.client,org.keycloak.services.util
org.keycloak.revoketokens.jpa,org.keycloak
org.keycloak.revoketokens.jpa,org.keycloak.cache
org.keycloak.revoketokens.jpa,org.keycloak.common
org.keycloak.revoketokens.jpa,org.keycloak.common.util
org.keycloak.revoketokens.jpa,org.keycloak.config
org.keycloak.revoketokens.jpa,org.keycloak.connections.jpa
org.keycloak.revoketokens.jpa,org.keycloak.connections.jpa.util
org.keycloak.revoketokens.jpa,org.keycloak.expiration.jpa
org.keycloak.revoketokens.jpa,org.keycloak.models
org.keycloak.revoketokens.jpa,org.keycloak.provider
org.keycloak.saml,org.keycloak.common.util
org.keycloak.saml,org.keycloak.dom.saml.v2.assertion
org.keycloak.saml,org.keycloak.dom.saml.v2.metadata
org.keycloak.saml,org.keycloak.dom.saml.v2.protocol
org.keycloak.saml,org.keycloak.dom.xmlsec.w3.xmlenc
org.keycloak.saml,org.keycloak.saml.common
org.keycloak.saml,org.keycloak.saml.common.constants
org.keycloak.saml,org.keycloak.saml.common.exceptions
org.keycloak.saml,org.keycloak.saml.common.util
org.keycloak.saml,org.keycloak.saml.processing.api.saml.v2.request
org.keycloak.saml,org.keycloak.saml.processing.api.saml.v2.response
org.keycloak.saml,org.keycloak.saml.processing.api.saml.v2.sig
org.keycloak.saml,org.keycloak.saml.processing.api.util
org.keycloak.saml,org.keycloak.saml.processing.core.saml.v2.common
org.keycloak.saml,org.keycloak.saml.processing.core.saml.v2.factories
org.keycloak.saml,org.keycloak.saml.processing.core.saml.v2.holders
org.keycloak.saml,org.keycloak.saml.processing.core.saml.v2.util
org.keycloak.saml,org.keycloak.saml.processing.core.util
org.keycloak.saml,org.keycloak.saml.processing.web.util
org.keycloak.saml.common,org.keycloak.saml.common.constants
org.keycloak.saml.common,org.keycloak.saml.common.exceptions
org.keycloak.saml.common,org.keycloak.saml.common.exceptions.fed
org.keycloak.saml.common.parsers,org.keycloak.common.util
org.keycloak.saml.common.parsers,org.keycloak.saml.common
org.keycloak.saml.common.parsers,org.keycloak.saml.common.constants
org.keycloak.saml.common.parsers,org.keycloak.saml.common.exceptions
org.keycloak.saml.common.parsers,org.keycloak.saml.common.util
org.keycloak.saml.common.util,org.keycloak.common.util
org.keycloak.saml.common.util,org.keycloak.saml.common
org.keycloak.saml.common.util,org.keycloak.saml.common.constants
org.keycloak.saml.common.util,org.keycloak.saml.common.exceptions
org.keycloak.saml.common.util,org.keycloak.saml.processing.core.parsers.util
org.keycloak.saml.common.util,org.keycloak.saml.processing.core.saml.v2.util
org.keycloak.saml.common.util,org.keycloak.saml.processing.core.util
org.keycloak.saml.processing.api.saml.v2.request,org.keycloak.dom.saml.v2
org.keycloak.saml.processing.api.saml.v2.request,org.keycloak.dom.saml.v2.assertion
org.keycloak.saml.processing.api.saml.v2.request,org.keycloak.dom.saml.v2.protocol
org.keycloak.saml.processing.api.saml.v2.request,org.keycloak.saml.common
org.keycloak.saml.processing.api.saml.v2.request,org.keycloak.saml.common.constants
org.keycloak.saml.processing.api.saml.v2.request,org.keycloak.saml.common.exceptions
org.keycloak.saml.processing.api.saml.v2.request,org.keycloak.saml.common.util
org.keycloak.saml.processing.api.saml.v2.request,org.keycloak.saml.processing.core.parsers.saml
org.keycloak.saml.processing.api.saml.v2.request,org.keycloak.saml.processing.core.saml.v2.common
org.keycloak.saml.processing.api.saml.v2.request,org.keycloak.saml.processing.core.saml.v2.util
org.keycloak.saml.processing.api.saml.v2.request,org.keycloak.saml.processing.core.saml.v2.writers
org.keycloak.saml.processing.api.saml.v2.request,org.keycloak.saml.processing.core.util
org.keycloak.saml.processing.api.saml.v2.response,org.keycloak.dom.saml.v2
org.keycloak.saml.processing.api.saml.v2.response,org.keycloak.dom.saml.v2.assertion
org.keycloak.saml.processing.api.saml.v2.response,org.keycloak.dom.saml.v2.protocol
org.keycloak.saml.processing.api.saml.v2.response,org.keycloak.saml.common
org.keycloak.saml.processing.api.saml.v2.response,org.keycloak.saml.common.constants
org.keycloak.saml.processing.api.saml.v2.response,org.keycloak.saml.common.exceptions
org.keycloak.saml.processing.api.saml.v2.response,org.keycloak.saml.common.exceptions.fed
org.keycloak.saml.processing.api.saml.v2.response,org.keycloak.saml.common.util
org.keycloak.saml.processing.api.saml.v2.response,org.keycloak.saml.processing.core.parsers.saml
org.keycloak.saml.processing.api.saml.v2.response,org.keycloak.saml.processing.core.saml.v2.common
org.keycloak.saml.processing.api.saml.v2.response,org.keycloak.saml.processing.core.saml.v2.factories
org.keycloak.saml.processing.api.saml.v2.response,org.keycloak.saml.processing.core.saml.v2.holders
org.keycloak.saml.processing.api.saml.v2.response,org.keycloak.saml.processing.core.saml.v2.util
org.keycloak.saml.processing.api.saml.v2.response,org.keycloak.saml.processing.core.saml.v2.writers
org.keycloak.saml.processing.api.saml.v2.response,org.keycloak.saml.processing.core.util
org.keycloak.saml.processing.api.saml.v2.sig,org.keycloak.rotation
org.keycloak.saml.processing.api.saml.v2.sig,org.keycloak.saml.common
org.keycloak.saml.processing.api.saml.v2.sig,org.keycloak.saml.common.constants
org.keycloak.saml.processing.api.saml.v2.sig,org.keycloak.saml.common.exceptions
org.keycloak.saml.processing.api.saml.v2.sig,org.keycloak.saml.processing.core.util
org.keycloak.saml.processing.api.util,org.keycloak.saml.common.constants
org.keycloak.saml.processing.core.parsers.saml,org.keycloak.dom.saml.v1.assertion
org.keycloak.saml.processing.core.parsers.saml,org.keycloak.dom.saml.v1.protocol
org.keycloak.saml.processing.core.parsers.saml,org.keycloak.dom.saml.v2.protocol
org.keycloak.saml.processing.core.parsers.saml,org.keycloak.saml.common
org.keycloak.saml.processing.core.parsers.saml,org.keycloak.saml.common.constants
org.keycloak.saml.processing.core.parsers.saml,org.keycloak.saml.common.exceptions
org.keycloak.saml.processing.core.parsers.saml,org.keycloak.saml.common.parsers
org.keycloak.saml.processing.core.parsers.saml,org.keycloak.saml.common.util
org.keycloak.saml.processing.core.parsers.saml,org.keycloak.saml.processing.core.parsers.saml.assertion
org.keycloak.saml.processing.core.parsers.saml,org.keycloak.saml.processing.core.parsers.saml.metadata
org.keycloak.saml.processing.core.parsers.saml,org.keycloak.saml.processing.core.parsers.saml.protocol
org.keycloak.saml.processing.core.parsers.saml,org.keycloak.saml.processing.core.parsers.util
org.keycloak.saml.processing.core.parsers.saml,org.keycloak.saml.processing.core.saml.v1
org.keycloak.saml.processing.core.parsers.saml,org.keycloak.saml.processing.core.saml.v2.util
org.keycloak.saml.processing.core.parsers.saml.assertion,org.keycloak.dom.saml.v2.assertion
org.keycloak.saml.processing.core.parsers.saml.assertion,org.keycloak.dom.xmlsec.w3.xmldsig
org.keycloak.saml.processing.core.parsers.saml.assertion,org.keycloak.saml.common
org.keycloak.saml.processing.core.parsers.saml.assertion,org.keycloak.saml.common.constants
org.keycloak.saml.processing.core.parsers.saml.assertion,org.keycloak.saml.common.exceptions
org.keycloak.saml.processing.core.parsers.saml.assertion,org.keycloak.saml.common.parsers
org.keycloak.saml.processing.core.parsers.saml.assertion,org.keycloak.saml.common.util
org.keycloak.saml.processing.core.parsers.saml.assertion,org.keycloak.saml.processing.core.parsers.saml.xmldsig
org.keycloak.saml.processing.core.parsers.saml.assertion,org.keycloak.saml.processing.core.parsers.util
org.keycloak.saml.processing.core.parsers.saml.assertion,org.keycloak.saml.processing.core.saml.v2.util
org.keycloak.saml.processing.core.parsers.saml.mdattr,org.keycloak.dom.saml.v2.mdattr
org.keycloak.saml.processing.core.parsers.saml.mdattr,org.keycloak.saml.common.exceptions
org.keycloak.saml.processing.core.parsers.saml.mdattr,org.keycloak.saml.common.util
org.keycloak.saml.processing.core.parsers.saml.mdattr,org.keycloak.saml.processing.core.parsers.saml.assertion
org.keycloak.saml.processing.core.parsers.saml.mdattr,org.keycloak.saml.processing.core.parsers.saml.metadata
org.keycloak.saml.processing.core.parsers.saml.mdui,org.keycloak.dom.saml.v2.mdui
org.keycloak.saml.processing.core.parsers.saml.mdui,org.keycloak.dom.saml.v2.metadata
org.keycloak.saml.processing.core.parsers.saml.mdui,org.keycloak.saml.common.exceptions
org.keycloak.saml.processing.core.parsers.saml.mdui,org.keycloak.saml.common.util
org.keycloak.saml.processing.core.parsers.saml.mdui,org.keycloak.saml.processing.core.parsers.saml.metadata
org.keycloak.saml.processing.core.parsers.saml.metadata,org.keycloak.dom.saml.v2.assertion
org.keycloak.saml.processing.core.parsers.saml.metadata,org.keycloak.dom.saml.v2.metadata
org.keycloak.saml.processing.core.parsers.saml.metadata,org.keycloak.dom.xmlsec.w3.xmlenc
org.keycloak.saml.processing.core.parsers.saml.metadata,org.keycloak.saml.common.constants
org.keycloak.saml.processing.core.parsers.saml.metadata,org.keycloak.saml.common.exceptions
org.keycloak.saml.processing.core.parsers.saml.metadata,org.keycloak.saml.common.parsers
org.keycloak.saml.processing.core.parsers.saml.metadata,org.keycloak.saml.common.util
org.keycloak.saml.processing.core.parsers.saml.metadata,org.keycloak.saml.processing.core.parsers.saml.assertion
org.keycloak.saml.processing.core.parsers.saml.metadata,org.keycloak.saml.processing.core.parsers.saml.mdattr
org.keycloak.saml.processing.core.parsers.saml.metadata,org.keycloak.saml.processing.core.parsers.saml.mdui
org.keycloak.saml.processing.core.parsers.saml.metadata,org.keycloak.saml.processing.core.parsers.saml.xmldsig
org.keycloak.saml.processing.core.parsers.saml.metadata,org.keycloak.saml.processing.core.parsers.util
org.keycloak.saml.processing.core.parsers.saml.protocol,org.keycloak.dom.saml.v2.assertion
org.keycloak.saml.processing.core.parsers.saml.protocol,org.keycloak.dom.saml.v2.protocol
org.keycloak.saml.processing.core.parsers.saml.protocol,org.keycloak.saml.common.constants
org.keycloak.saml.processing.core.parsers.saml.protocol,org.keycloak.saml.common.exceptions
org.keycloak.saml.processing.core.parsers.saml.protocol,org.keycloak.saml.common.parsers
org.keycloak.saml.processing.core.parsers.saml.protocol,org.keycloak.saml.common.util
org.keycloak.saml.processing.core.parsers.saml.protocol,org.keycloak.saml.processing.core.parsers.saml.assertion
org.keycloak.saml.processing.core.parsers.saml.protocol,org.keycloak.saml.processing.core.parsers.saml.xmldsig
org.keycloak.saml.processing.core.parsers.saml.protocol,org.keycloak.saml.processing.core.parsers.util
org.keycloak.saml.processing.core.parsers.saml.protocol,org.keycloak.saml.processing.core.saml.v2.util
org.keycloak.saml.processing.core.parsers.saml.xmldsig,org.keycloak.dom.xmlsec.w3.xmldsig
org.keycloak.saml.processing.core.parsers.saml.xmldsig,org.keycloak.saml.common.constants
org.keycloak.saml.processing.core.parsers.saml.xmldsig,org.keycloak.saml.common.exceptions
org.keycloak.saml.processing.core.parsers.saml.xmldsig,org.keycloak.saml.common.parsers
org.keycloak.saml.processing.core.parsers.saml.xmldsig,org.keycloak.saml.common.util
org.keycloak.saml.processing.core.parsers.saml.xmldsig,org.keycloak.saml.processing.core.parsers.util
org.keycloak.saml.processing.core.parsers.util,org.keycloak.dom.saml.v1.assertion
org.keycloak.saml.processing.core.parsers.util,org.keycloak.dom.saml.v1.protocol
org.keycloak.saml.processing.core.parsers.util,org.keycloak.dom.saml.v2.assertion
org.keycloak.saml.processing.core.parsers.util,org.keycloak.dom.xmlsec.w3.xmldsig
org.keycloak.saml.processing.core.parsers.util,org.keycloak.saml.common
org.keycloak.saml.processing.core.parsers.util,org.keycloak.saml.common.constants
org.keycloak.saml.processing.core.parsers.util,org.keycloak.saml.common.exceptions
org.keycloak.saml.processing.core.parsers.util,org.keycloak.saml.common.util
org.keycloak.saml.processing.core.parsers.util,org.keycloak.saml.processing.core.parsers.saml
org.keycloak.saml.processing.core.parsers.util,org.keycloak.saml.processing.core.parsers.saml.assertion
org.keycloak.saml.processing.core.parsers.util,org.keycloak.saml.processing.core.saml.v1
org.keycloak.saml.processing.core.parsers.util,org.keycloak.saml.processing.core.saml.v2.util
org.keycloak.saml.processing.core.saml.v1.writers,org.keycloak.dom.saml.common
org.keycloak.saml.processing.core.saml.v1.writers,org.keycloak.dom.saml.v1.assertion
org.keycloak.saml.processing.core.saml.v1.writers,org.keycloak.dom.saml.v1.protocol
org.keycloak.saml.processing.core.saml.v1.writers,org.keycloak.dom.saml.v2.assertion
org.keycloak.saml.processing.core.saml.v1.writers,org.keycloak.dom.saml.v2.metadata
org.keycloak.saml.processing.core.saml.v1.writers,org.keycloak.saml.common
org.keycloak.saml.processing.core.saml.v1.writers,org.keycloak.saml.common.constants
org.keycloak.saml.processing.core.saml.v1.writers,org.keycloak.saml.common.exceptions
org.keycloak.saml.processing.core.saml.v1.writers,org.keycloak.saml.common.util
org.keycloak.saml.processing.core.saml.v1.writers,org.keycloak.saml.processing.core.saml.v1
org.keycloak.saml.processing.core.saml.v2.common,org.keycloak.dom.saml.v2
org.keycloak.saml.processing.core.saml.v2.common,org.keycloak.saml.common
org.keycloak.saml.processing.core.saml.v2.constants,org.keycloak.dom.saml.v2.assertion
org.keycloak.saml.processing.core.saml.v2.factories,org.keycloak.dom.saml.v2.assertion
org.keycloak.saml.processing.core.saml.v2.factories,org.keycloak.dom.saml.v2.protocol
org.keycloak.saml.processing.core.saml.v2.factories,org.keycloak.dom.xmlsec.w3.xmldsig
org.keycloak.saml.processing.core.saml.v2.factories,org.keycloak.saml.common
org.keycloak.saml.processing.core.saml.v2.factories,org.keycloak.saml.common.constants
org.keycloak.saml.processing.core.saml.v2.factories,org.keycloak.saml.common.exceptions
org.keycloak.saml.processing.core.saml.v2.factories,org.keycloak.saml.processing.core.saml.v2.holders
org.keycloak.saml.processing.core.saml.v2.factories,org.keycloak.saml.processing.core.saml.v2.util
org.keycloak.saml.processing.core.saml.v2.holders,org.keycloak.dom.saml.v2.assertion
org.keycloak.saml.processing.core.saml.v2.holders,org.keycloak.saml.common
org.keycloak.saml.processing.core.saml.v2.holders,org.keycloak.saml.common.constants
org.keycloak.saml.processing.core.saml.v2.util,org.keycloak.common.util
org.keycloak.saml.processing.core.saml.v2.util,org.keycloak.dom.saml.v1.assertion
org.keycloak.saml.processing.core.saml.v2.util,org.keycloak.dom.saml.v2.assertion
org.keycloak.saml.processing.core.saml.v2.util,org.keycloak.dom.saml.v2.metadata
org.keycloak.saml.processing.core.saml.v2.util,org.keycloak.dom.saml.v2.protocol
org.keycloak.saml.processing.core.saml.v2.util,org.keycloak.dom.xmlsec.w3.xmldsig
org.keycloak.saml.processing.core.saml.v2.util,org.keycloak.rotation
org.keycloak.saml.processing.core.saml.v2.util,org.keycloak.saml
org.keycloak.saml.processing.core.saml.v2.util,org.keycloak.saml.common
org.keycloak.saml.processing.core.saml.v2.util,org.keycloak.saml.common.constants
org.keycloak.saml.processing.core.saml.v2.util,org.keycloak.saml.common.exceptions
org.keycloak.saml.processing.core.saml.v2.util,org.keycloak.saml.common.exceptions.fed
org.keycloak.saml.processing.core.saml.v2.util,org.keycloak.saml.common.util
org.keycloak.saml.processing.core.saml.v2.util,org.keycloak.saml.processing.api.saml.v2.sig
org.keycloak.saml.processing.core.saml.v2.util,org.keycloak.saml.processing.core.constants
org.keycloak.saml.processing.core.saml.v2.util,org.keycloak.saml.processing.core.parsers.saml
org.keycloak.saml.processing.core.saml.v2.util,org.keycloak.saml.processing.core.parsers.util
org.keycloak.saml.processing.core.saml.v2.util,org.keycloak.saml.processing.core.saml.v2.common
org.keycloak.saml.processing.core.saml.v2.util,org.keycloak.saml.processing.core.saml.v2.constants
org.keycloak.saml.processing.core.saml.v2.util,org.keycloak.saml.processing.core.saml.v2.writers
org.keycloak.saml.processing.core.saml.v2.util,org.keycloak.saml.processing.core.util
org.keycloak.saml.processing.core.saml.v2.writers,org.keycloak.dom.saml.v2.assertion
org.keycloak.saml.processing.core.saml.v2.writers,org.keycloak.dom.saml.v2.metadata
org.keycloak.saml.processing.core.saml.v2.writers,org.keycloak.dom.saml.v2.protocol
org.keycloak.saml.processing.core.saml.v2.writers,org.keycloak.dom.xmlsec.w3.xmldsig
org.keycloak.saml.processing.core.saml.v2.writers,org.keycloak.dom.xmlsec.w3.xmlenc
org.keycloak.saml.processing.core.saml.v2.writers,org.keycloak.saml
org.keycloak.saml.processing.core.saml.v2.writers,org.keycloak.saml.common
org.keycloak.saml.processing.core.saml.v2.writers,org.keycloak.saml.common.constants
org.keycloak.saml.processing.core.saml.v2.writers,org.keycloak.saml.common.exceptions
org.keycloak.saml.processing.core.saml.v2.writers,org.keycloak.saml.common.util
org.keycloak.saml.processing.core.saml.v2.writers,org.keycloak.saml.processing.core.parsers.saml.assertion
org.keycloak.saml.processing.core.saml.v2.writers,org.keycloak.saml.processing.core.saml.v2.util
org.keycloak.saml.processing.core.util,org.keycloak.common
org.keycloak.saml.processing.core.util,org.keycloak.common.util
org.keycloak.saml.processing.core.util,org.keycloak.dom.xmlsec.w3.xmldsig
org.keycloak.saml.processing.core.util,org.keycloak.rotation
org.keycloak.saml.processing.core.util,org.keycloak.saml
org.keycloak.saml.processing.core.util,org.keycloak.saml.common
org.keycloak.saml.processing.core.util,org.keycloak.saml.common.constants
org.keycloak.saml.processing.core.util,org.keycloak.saml.common.exceptions
org.keycloak.saml.processing.core.util,org.keycloak.saml.common.util
org.keycloak.saml.processing.web.util,org.keycloak.saml.common
org.keycloak.saml.processing.web.util,org.keycloak.saml.common.constants
org.keycloak.saml.processing.web.util,org.keycloak.saml.common.util
org.keycloak.saml.processing.web.util,org.keycloak.saml.processing.api.util
org.keycloak.saml.validators,org.keycloak.dom.saml.common
org.keycloak.saml.validators,org.keycloak.dom.saml.v2.assertion
org.keycloak.saml.validators,org.keycloak.saml.processing.core.saml.v2.util
org.keycloak.scim.client,org.keycloak.http.simple
org.keycloak.scim.client,org.keycloak.scim.client.authorization
org.keycloak.scim.client,org.keycloak.scim.protocol.request
org.keycloak.scim.client,org.keycloak.scim.protocol.response
org.keycloak.scim.client,org.keycloak.scim.resource
org.keycloak.scim.client,org.keycloak.scim.resource.config
org.keycloak.scim.client,org.keycloak.scim.resource.group
org.keycloak.scim.client,org.keycloak.scim.resource.resourcetype
org.keycloak.scim.client,org.keycloak.scim.resource.schema
org.keycloak.scim.client,org.keycloak.scim.resource.user
org.keycloak.scim.client.authorization,org.keycloak
org.keycloak.scim.client.authorization,org.keycloak.http.simple
org.keycloak.scim.client.authorization,org.keycloak.representations
org.keycloak.scim.filter,org.keycloak.utils
org.keycloak.scim.model.config,org.keycloak.common.util
org.keycloak.scim.model.config,org.keycloak.models
org.keycloak.scim.model.config,org.keycloak.scim.protocol
org.keycloak.scim.model.config,org.keycloak.scim.resource.config
org.keycloak.scim.model.config,org.keycloak.scim.resource.spi
org.keycloak.scim.model.filter,org.keycloak.common.util
org.keycloak.scim.model.filter,org.keycloak.scim.filter
org.keycloak.scim.model.filter,org.keycloak.scim.resource.schema
org.keycloak.scim.model.filter,org.keycloak.scim.resource.schema.attribute
org.keycloak.scim.model.filter,org.keycloak.scim.resource.spi
org.keycloak.scim.model.group,org.keycloak.authorization.fgap
org.keycloak.scim.model.group,org.keycloak.common.util
org.keycloak.scim.model.group,org.keycloak.connections.jpa
org.keycloak.scim.model.group,org.keycloak.models
org.keycloak.scim.model.group,org.keycloak.models.jpa.entities
org.keycloak.scim.model.group,org.keycloak.models.utils
org.keycloak.scim.model.group,org.keycloak.scim.model.filter
org.keycloak.scim.model.group,org.keycloak.scim.protocol
org.keycloak.scim.model.group,org.keycloak.scim.resource.group
org.keycloak.scim.model.group,org.keycloak.scim.resource.schema
org.keycloak.scim.model.group,org.keycloak.scim.resource.schema.attribute
org.keycloak.scim.model.group,org.keycloak.scim.resource.spi
org.keycloak.scim.model.group,org.keycloak.utils
org.keycloak.scim.model.resourcetype,org.keycloak.models
org.keycloak.scim.model.resourcetype,org.keycloak.scim.protocol
org.keycloak.scim.model.resourcetype,org.keycloak.scim.resource
org.keycloak.scim.model.resourcetype,org.keycloak.scim.resource.config
org.keycloak.scim.model.resourcetype,org.keycloak.scim.resource.resourcetype
org.keycloak.scim.model.resourcetype,org.keycloak.scim.resource.schema
org.keycloak.scim.model.resourcetype,org.keycloak.scim.resource.spi
org.keycloak.scim.model.resourcetype,org.keycloak.utils
org.keycloak.scim.model.schema,org.keycloak.models
org.keycloak.scim.model.schema,org.keycloak.provider
org.keycloak.scim.model.schema,org.keycloak.scim.model.config
org.keycloak.scim.model.schema,org.keycloak.scim.model.resourcetype
org.keycloak.scim.model.schema,org.keycloak.scim.protocol
org.keycloak.scim.model.schema,org.keycloak.scim.resource
org.keycloak.scim.model.schema,org.keycloak.scim.resource.schema
org.keycloak.scim.model.schema,org.keycloak.scim.resource.spi
org.keycloak.scim.model.schema,org.keycloak.utils
org.keycloak.scim.model.user,org.keycloak.authorization.fgap
org.keycloak.scim.model.user,org.keycloak.authorization.fgap.evaluation.partial
org.keycloak.scim.model.user,org.keycloak.common.util
org.keycloak.scim.model.user,org.keycloak.connections.jpa
org.keycloak.scim.model.user,org.keycloak.models
org.keycloak.scim.model.user,org.keycloak.models.jpa.entities
org.keycloak.scim.model.user,org.keycloak.models.utils
org.keycloak.scim.model.user,org.keycloak.scim.model.filter
org.keycloak.scim.model.user,org.keycloak.scim.protocol
org.keycloak.scim.model.user,org.keycloak.scim.resource
org.keycloak.scim.model.user,org.keycloak.scim.resource.schema
org.keycloak.scim.model.user,org.keycloak.scim.resource.schema.attribute
org.keycloak.scim.model.user,org.keycloak.scim.resource.spi
org.keycloak.scim.model.user,org.keycloak.scim.resource.user
org.keycloak.scim.model.user,org.keycloak.storage
org.keycloak.scim.model.user,org.keycloak.userprofile
org.keycloak.scim.model.user,org.keycloak.utils
org.keycloak.scim.protocol.request,org.keycloak.scim.filter
org.keycloak.scim.protocol.request,org.keycloak.util
org.keycloak.scim.protocol.request,org.keycloak.utils
org.keycloak.scim.protocol.response,org.keycloak.scim.resource
org.keycloak.scim.protocol.response,org.keycloak.scim.resource.group
org.keycloak.scim.protocol.response,org.keycloak.scim.resource.resourcetype
org.keycloak.scim.protocol.response,org.keycloak.scim.resource.schema
org.keycloak.scim.protocol.response,org.keycloak.scim.resource.user
org.keycloak.scim.resource,org.keycloak.authorization.fgap
org.keycloak.scim.resource,org.keycloak.models
org.keycloak.scim.resource,org.keycloak.scim.resource.common
org.keycloak.scim.resource.config,org.keycloak.scim.resource
org.keycloak.scim.resource.group,org.keycloak.scim.resource
org.keycloak.scim.resource.group,org.keycloak.scim.resource.common
org.keycloak.scim.resource.schema,org.keycloak.models
org.keycloak.scim.resource.schema,org.keycloak.scim.resource
org.keycloak.scim.resource.schema,org.keycloak.scim.resource.common
org.keycloak.scim.resource.schema,org.keycloak.scim.resource.schema.attribute
org.keycloak.scim.resource.schema,org.keycloak.scim.resource.schema.path
org.keycloak.scim.resource.schema,org.keycloak.scim.resource.spi
org.keycloak.scim.resource.schema,org.keycloak.util
org.keycloak.scim.resource.schema.attribute,org.keycloak.common.util
org.keycloak.scim.resource.schema.attribute,org.keycloak.models
org.keycloak.scim.resource.schema.attribute,org.keycloak.scim.resource.common
org.keycloak.scim.resource.schema.attribute,org.keycloak.scim.resource.schema
org.keycloak.scim.resource.schema.attribute,org.keycloak.util
org.keycloak.scim.resource.schema.path,org.keycloak.models
org.keycloak.scim.resource.schema.path,org.keycloak.scim.filter
org.keycloak.scim.resource.schema.path,org.keycloak.scim.resource
org.keycloak.scim.resource.schema.path,org.keycloak.scim.resource.schema
org.keycloak.scim.resource.schema.path,org.keycloak.scim.resource.schema.attribute
org.keycloak.scim.resource.schema.path,org.keycloak.util
org.keycloak.scim.resource.spi,org.keycloak.authorization.fgap
org.keycloak.scim.resource.spi,org.keycloak.common
org.keycloak.scim.resource.spi,org.keycloak.events.admin
org.keycloak.scim.resource.spi,org.keycloak.models
org.keycloak.scim.resource.spi,org.keycloak.provider
org.keycloak.scim.resource.spi,org.keycloak.scim.filter
org.keycloak.scim.resource.spi,org.keycloak.scim.protocol
org.keycloak.scim.resource.spi,org.keycloak.scim.resource
org.keycloak.scim.resource.spi,org.keycloak.scim.resource.schema
org.keycloak.scim.resource.spi,org.keycloak.utils
org.keycloak.scim.resource.user,org.keycloak.scim.resource
org.keycloak.scim.resource.user,org.keycloak.scim.resource.common
org.keycloak.scim.resource.user,org.keycloak.utils
org.keycloak.scim.services,org.keycloak
org.keycloak.scim.services,org.keycloak.common
org.keycloak.scim.services,org.keycloak.events.admin
org.keycloak.scim.services,org.keycloak.models
org.keycloak.scim.services,org.keycloak.models.utils
org.keycloak.scim.services,org.keycloak.provider
org.keycloak.scim.services,org.keycloak.representations
org.keycloak.scim.services,org.keycloak.scim.filter
org.keycloak.scim.services,org.keycloak.scim.protocol
org.keycloak.scim.services,org.keycloak.scim.protocol.request
org.keycloak.scim.services,org.keycloak.scim.protocol.response
org.keycloak.scim.services,org.keycloak.scim.resource
org.keycloak.scim.services,org.keycloak.scim.resource.common
org.keycloak.scim.services,org.keycloak.scim.resource.spi
org.keycloak.scim.services,org.keycloak.services
org.keycloak.scim.services,org.keycloak.services.resource
org.keycloak.scim.services,org.keycloak.services.resources.admin
org.keycloak.scim.services,org.keycloak.theme
org.keycloak.scim.services,org.keycloak.urls
org.keycloak.scim.services,org.keycloak.util
org.keycloak.scripting,org.keycloak
org.keycloak.scripting,org.keycloak.models
org.keycloak.scripting,org.keycloak.provider
org.keycloak.scripting,org.keycloak.services
org.keycloak.sdjwt,org.keycloak
org.keycloak.sdjwt,org.keycloak.common
org.keycloak.sdjwt,org.keycloak.common.util
org.keycloak.sdjwt,org.keycloak.crypto
org.keycloak.sdjwt,org.keycloak.jose.jwk
org.keycloak.sdjwt,org.keycloak.jose.jws
org.keycloak.sdjwt,org.keycloak.jose.jws.crypto
org.keycloak.sdjwt,org.keycloak.representations
org.keycloak.sdjwt,org.keycloak.sdjwt.consumer
org.keycloak.sdjwt,org.keycloak.sdjwt.vp
org.keycloak.sdjwt,org.keycloak.util
org.keycloak.sdjwt.consumer,org.keycloak.common
org.keycloak.sdjwt.consumer,org.keycloak.crypto
org.keycloak.sdjwt.consumer,org.keycloak.jose.jwk
org.keycloak.sdjwt.consumer,org.keycloak.sdjwt
org.keycloak.sdjwt.consumer,org.keycloak.sdjwt.vp
org.keycloak.sdjwt.vp,org.keycloak
org.keycloak.sdjwt.vp,org.keycloak.common
org.keycloak.sdjwt.vp,org.keycloak.common.util
org.keycloak.sdjwt.vp,org.keycloak.crypto
org.keycloak.sdjwt.vp,org.keycloak.jose.jws
org.keycloak.sdjwt.vp,org.keycloak.representations
org.keycloak.sdjwt.vp,org.keycloak.sdjwt
org.keycloak.sdjwt.vp,org.keycloak.sdjwt.consumer
org.keycloak.securityprofile,org.keycloak.provider
org.keycloak.securityprofile,org.keycloak.representations.idm
org.keycloak.services,org.keycloak
org.keycloak.services,org.keycloak.admin.api
org.keycloak.services,org.keycloak.authorization.fgap
org.keycloak.services,org.keycloak.broker.saml
org.keycloak.services,org.keycloak.cluster
org.keycloak.services,org.keycloak.common
org.keycloak.services,org.keycloak.common.util
org.keycloak.services,org.keycloak.component
org.keycloak.services,org.keycloak.email
org.keycloak.services,org.keycloak.events
org.keycloak.services,org.keycloak.forms.login
org.keycloak.services,org.keycloak.http
org.keycloak.services,org.keycloak.jose.jws
org.keycloak.services,org.keycloak.keys
org.keycloak.services,org.keycloak.locale
org.keycloak.services,org.keycloak.logging
org.keycloak.services,org.keycloak.models
org.keycloak.services,org.keycloak.models.utils
org.keycloak.services,org.keycloak.protocol.oidc
org.keycloak.services,org.keycloak.protocol.oidc.endpoints
org.keycloak.services,org.keycloak.protocol.saml
org.keycloak.services,org.keycloak.provider
org.keycloak.services,org.keycloak.representations
org.keycloak.services,org.keycloak.representations.idm
org.keycloak.services,org.keycloak.services.clientpolicy
org.keycloak.services,org.keycloak.services.clientregistration
org.keycloak.services,org.keycloak.services.clientregistration.oidc
org.keycloak.services,org.keycloak.services.cors
org.keycloak.services,org.keycloak.services.error
org.keycloak.services,org.keycloak.services.resources
org.keycloak.services,org.keycloak.services.resources.admin
org.keycloak.services,org.keycloak.services.resources.admin.fgap
org.keycloak.services,org.keycloak.sessions
org.keycloak.services,org.keycloak.storage
org.keycloak.services,org.keycloak.theme
org.keycloak.services,org.keycloak.tracing
org.keycloak.services,org.keycloak.transaction
org.keycloak.services,org.keycloak.urls
org.keycloak.services,org.keycloak.utils
org.keycloak.services,org.keycloak.vault
org.keycloak.services.client,org.keycloak.models
org.keycloak.services.client.query,org.keycloak.scim.filter
org.keycloak.services.client.query,org.keycloak.services.client.scim
org.keycloak.services.client.scim,org.keycloak.authorization.fgap
org.keycloak.services.client.scim,org.keycloak.common.util
org.keycloak.services.client.scim,org.keycloak.connections.jpa
org.keycloak.services.client.scim,org.keycloak.connections.jpa.support
org.keycloak.services.client.scim,org.keycloak.events.admin
org.keycloak.services.client.scim,org.keycloak.events.admin.v2
org.keycloak.services.client.scim,org.keycloak.models
org.keycloak.services.client.scim,org.keycloak.models.jpa.entities
org.keycloak.services.client.scim,org.keycloak.models.utils
org.keycloak.services.client.scim,org.keycloak.protocol
org.keycloak.services.client.scim,org.keycloak.protocol.oidc
org.keycloak.services.client.scim,org.keycloak.representations.admin.v2
org.keycloak.services.client.scim,org.keycloak.representations.admin.v2.validation
org.keycloak.services.client.scim,org.keycloak.representations.idm
org.keycloak.services.client.scim,org.keycloak.scim.filter
org.keycloak.services.client.scim,org.keycloak.scim.model.filter
org.keycloak.services.client.scim,org.keycloak.scim.protocol
org.keycloak.services.client.scim,org.keycloak.scim.resource.schema
org.keycloak.services.client.scim,org.keycloak.scim.resource.schema.attribute
org.keycloak.services.client.scim,org.keycloak.scim.resource.spi
org.keycloak.services.client.scim,org.keycloak.services
org.keycloak.services.client.scim,org.keycloak.services.client
org.keycloak.services.client.scim,org.keycloak.services.client.query
org.keycloak.services.client.scim,org.keycloak.services.clientpolicy
org.keycloak.services.client.scim,org.keycloak.services.clientpolicy.context
org.keycloak.services.client.scim,org.keycloak.services.managers
org.keycloak.services.client.scim,org.keycloak.services.resources.admin
org.keycloak.services.client.scim,org.keycloak.services.resources.admin.fgap
org.keycloak.services.client.scim,org.keycloak.utils
org.keycloak.services.client.scim,org.keycloak.validation
org.keycloak.services.client.scim,org.keycloak.validation.jakarta
org.keycloak.services.clientpolicy,org.keycloak
org.keycloak.services.clientpolicy,org.keycloak.common
org.keycloak.services.clientpolicy,org.keycloak.component
org.keycloak.services.clientpolicy,org.keycloak.json
org.keycloak.services.clientpolicy,org.keycloak.models
org.keycloak.services.clientpolicy,org.keycloak.provider
org.keycloak.services.clientpolicy,org.keycloak.representations.idm
org.keycloak.services.clientpolicy,org.keycloak.securityprofile
org.keycloak.services.clientpolicy,org.keycloak.services.clientpolicy.condition
org.keycloak.services.clientpolicy,org.keycloak.services.clientpolicy.executor
org.keycloak.services.clientpolicy,org.keycloak.util
org.keycloak.services.clientpolicy,org.keycloak.utils
org.keycloak.services.clientpolicy.condition,org.keycloak
org.keycloak.services.clientpolicy.condition,org.keycloak.authorization.fgap
org.keycloak.services.clientpolicy.condition,org.keycloak.common
org.keycloak.services.clientpolicy.condition,org.keycloak.models
org.keycloak.services.clientpolicy.condition,org.keycloak.models.utils
org.keycloak.services.clientpolicy.condition,org.keycloak.protocol
org.keycloak.services.clientpolicy.condition,org.keycloak.protocol.oidc
org.keycloak.services.clientpolicy.condition,org.keycloak.protocol.oidc.utils
org.keycloak.services.clientpolicy.condition,org.keycloak.provider
org.keycloak.services.clientpolicy.condition,org.keycloak.representations
org.keycloak.services.clientpolicy.condition,org.keycloak.representations.idm
org.keycloak.services.clientpolicy.condition,org.keycloak.services.clientpolicy
org.keycloak.services.clientpolicy.condition,org.keycloak.services.clientpolicy.context
org.keycloak.services.clientpolicy.condition,org.keycloak.services.clientregistration
org.keycloak.services.clientpolicy.condition,org.keycloak.util
org.keycloak.services.clientpolicy.context,org.keycloak
org.keycloak.services.clientpolicy.context,org.keycloak.dom.saml.v2.protocol
org.keycloak.services.clientpolicy.context,org.keycloak.models
org.keycloak.services.clientpolicy.context,org.keycloak.protocol.oidc
org.keycloak.services.clientpolicy.context,org.keycloak.protocol.oidc.endpoints
org.keycloak.services.clientpolicy.context,org.keycloak.protocol.oidc.endpoints.request
org.keycloak.services.clientpolicy.context,org.keycloak.protocol.oidc.utils
org.keycloak.services.clientpolicy.context,org.keycloak.representations
org.keycloak.services.clientpolicy.context,org.keycloak.representations.idm
org.keycloak.services.clientpolicy.context,org.keycloak.services.clientpolicy
org.keycloak.services.clientpolicy.context,org.keycloak.services.clientregistration
org.keycloak.services.clientpolicy.context,org.keycloak.services.resources.admin
org.keycloak.services.clientpolicy.context,org.keycloak.sessions
org.keycloak.services.clientpolicy.context,org.keycloak.utils
org.keycloak.services.clientpolicy.context.admin,org.keycloak.models
org.keycloak.services.clientpolicy.context.admin,org.keycloak.representations
org.keycloak.services.clientpolicy.context.admin,org.keycloak.representations.idm
org.keycloak.services.clientpolicy.context.admin,org.keycloak.services.clientpolicy
org.keycloak.services.clientpolicy.context.admin,org.keycloak.services.clientpolicy.context
org.keycloak.services.clientpolicy.context.admin,org.keycloak.services.resources.admin
org.keycloak.services.clientpolicy.executor,org.keycloak
org.keycloak.services.clientpolicy.executor,org.keycloak.authentication
org.keycloak.services.clientpolicy.executor,org.keycloak.authentication.authenticators.client
org.keycloak.services.clientpolicy.executor,org.keycloak.authentication.authenticators.x509
org.keycloak.services.clientpolicy.executor,org.keycloak.common
org.keycloak.services.clientpolicy.executor,org.keycloak.common.util
org.keycloak.services.clientpolicy.executor,org.keycloak.crypto
org.keycloak.services.clientpolicy.executor,org.keycloak.dom.saml.v2.protocol
org.keycloak.services.clientpolicy.executor,org.keycloak.events
org.keycloak.services.clientpolicy.executor,org.keycloak.http
org.keycloak.services.clientpolicy.executor,org.keycloak.http.simple
org.keycloak.services.clientpolicy.executor,org.keycloak.jose.jws
org.keycloak.services.clientpolicy.executor,org.keycloak.models
org.keycloak.services.clientpolicy.executor,org.keycloak.models.utils
org.keycloak.services.clientpolicy.executor,org.keycloak.protocol
org.keycloak.services.clientpolicy.executor,org.keycloak.protocol.oidc
org.keycloak.services.clientpolicy.executor,org.keycloak.protocol.oidc.endpoints
org.keycloak.services.clientpolicy.executor,org.keycloak.protocol.oidc.endpoints.request
org.keycloak.services.clientpolicy.executor,org.keycloak.protocol.oidc.par.clientpolicy.context
org.keycloak.services.clientpolicy.executor,org.keycloak.protocol.oidc.par.endpoints.request
org.keycloak.services.clientpolicy.executor,org.keycloak.protocol.oidc.scope
org.keycloak.services.clientpolicy.executor,org.keycloak.protocol.oidc.utils
org.keycloak.services.clientpolicy.executor,org.keycloak.protocol.saml
org.keycloak.services.clientpolicy.executor,org.keycloak.provider
org.keycloak.services.clientpolicy.executor,org.keycloak.representations
org.keycloak.services.clientpolicy.executor,org.keycloak.representations.dpop
org.keycloak.services.clientpolicy.executor,org.keycloak.representations.idm
org.keycloak.services.clientpolicy.executor,org.keycloak.saml.common.constants
org.keycloak.services.clientpolicy.executor,org.keycloak.services
org.keycloak.services.clientpolicy.executor,org.keycloak.services.clientpolicy
org.keycloak.services.clientpolicy.executor,org.keycloak.services.clientpolicy.context
org.keycloak.services.clientpolicy.executor,org.keycloak.services.clientpolicy.context.admin
org.keycloak.services.clientpolicy.executor,org.keycloak.services.resources.admin.fgap
org.keycloak.services.clientpolicy.executor,org.keycloak.services.util
org.keycloak.services.clientpolicy.executor,org.keycloak.sessions
org.keycloak.services.clientpolicy.executor,org.keycloak.util
org.keycloak.services.clientpolicy.executor,org.keycloak.utils
org.keycloak.services.clientregistration,org.keycloak
org.keycloak.services.clientregistration,org.keycloak.authentication
org.keycloak.services.clientregistration,org.keycloak.client.clienttype
org.keycloak.services.clientregistration,org.keycloak.common
org.keycloak.services.clientregistration,org.keycloak.common.util
org.keycloak.services.clientregistration,org.keycloak.crypto
org.keycloak.services.clientregistration,org.keycloak.events
org.keycloak.services.clientregistration,org.keycloak.jose.jws
org.keycloak.services.clientregistration,org.keycloak.models
org.keycloak.services.clientregistration,org.keycloak.models.utils
org.keycloak.services.clientregistration,org.keycloak.protocol.oidc
org.keycloak.services.clientregistration,org.keycloak.protocol.oidc.utils
org.keycloak.services.clientregistration,org.keycloak.protocol.oidc.verifier
org.keycloak.services.clientregistration,org.keycloak.provider
org.keycloak.services.clientregistration,org.keycloak.representations
org.keycloak.services.clientregistration,org.keycloak.representations.idm
org.keycloak.services.clientregistration,org.keycloak.representations.idm.authorization
org.keycloak.services.clientregistration,org.keycloak.representations.oidc
org.keycloak.services.clientregistration,org.keycloak.services
org.keycloak.services.clientregistration,org.keycloak.services.clientpolicy
org.keycloak.services.clientregistration,org.keycloak.services.clientpolicy.context
org.keycloak.services.clientregistration,org.keycloak.services.clientregistration.policy
org.keycloak.services.clientregistration,org.keycloak.services.managers
org.keycloak.services.clientregistration,org.keycloak.services.resources.admin
org.keycloak.services.clientregistration,org.keycloak.services.util
org.keycloak.services.clientregistration,org.keycloak.util
org.keycloak.services.clientregistration,org.keycloak.validation
org.keycloak.services.clientregistration.oidc,org.keycloak
org.keycloak.services.clientregistration.oidc,org.keycloak.authentication
org.keycloak.services.clientregistration.oidc,org.keycloak.authentication.authenticators.client
org.keycloak.services.clientregistration.oidc,org.keycloak.common.util
org.keycloak.services.clientregistration.oidc,org.keycloak.crypto
org.keycloak.services.clientregistration.oidc,org.keycloak.events
org.keycloak.services.clientregistration.oidc,org.keycloak.jose.jwk
org.keycloak.services.clientregistration.oidc,org.keycloak.models
org.keycloak.services.clientregistration.oidc,org.keycloak.models.utils
org.keycloak.services.clientregistration.oidc,org.keycloak.protocol.oidc
org.keycloak.services.clientregistration.oidc,org.keycloak.protocol.oidc.mappers
org.keycloak.services.clientregistration.oidc,org.keycloak.protocol.oidc.utils
org.keycloak.services.clientregistration.oidc,org.keycloak.provider
org.keycloak.services.clientregistration.oidc,org.keycloak.representations.idm
org.keycloak.services.clientregistration.oidc,org.keycloak.representations.oidc
org.keycloak.services.clientregistration.oidc,org.keycloak.services
org.keycloak.services.clientregistration.oidc,org.keycloak.services.clientregistration
org.keycloak.services.clientregistration.oidc,org.keycloak.services.cors
org.keycloak.services.clientregistration.oidc,org.keycloak.services.util
org.keycloak.services.clientregistration.oidc,org.keycloak.urls
org.keycloak.services.clientregistration.oidc,org.keycloak.util
org.keycloak.services.clientregistration.oidc,org.keycloak.utils
org.keycloak.services.clientregistration.policy,org.keycloak
org.keycloak.services.clientregistration.policy,org.keycloak.component
org.keycloak.services.clientregistration.policy,org.keycloak.events
org.keycloak.services.clientregistration.policy,org.keycloak.models
org.keycloak.services.clientregistration.policy,org.keycloak.protocol.oidc.mappers
org.keycloak.services.clientregistration.policy,org.keycloak.protocol.saml.mappers
org.keycloak.services.clientregistration.policy,org.keycloak.provider
org.keycloak.services.clientregistration.policy,org.keycloak.services
org.keycloak.services.clientregistration.policy,org.keycloak.services.clientregistration
org.keycloak.services.clientregistration.policy,org.keycloak.services.clientregistration.policy.impl
org.keycloak.services.clientregistration.policy.impl,org.keycloak
org.keycloak.services.clientregistration.policy.impl,org.keycloak.component
org.keycloak.services.clientregistration.policy.impl,org.keycloak.models
org.keycloak.services.clientregistration.policy.impl,org.keycloak.protocol
org.keycloak.services.clientregistration.policy.impl,org.keycloak.protocol.oidc.utils
org.keycloak.services.clientregistration.policy.impl,org.keycloak.provider
org.keycloak.services.clientregistration.policy.impl,org.keycloak.representations.idm
org.keycloak.services.clientregistration.policy.impl,org.keycloak.services
org.keycloak.services.clientregistration.policy.impl,org.keycloak.services.clientregistration
org.keycloak.services.clientregistration.policy.impl,org.keycloak.services.clientregistration.policy
org.keycloak.services.clienttype,org.keycloak
org.keycloak.services.clienttype,org.keycloak.client.clienttype
org.keycloak.services.clienttype,org.keycloak.common
org.keycloak.services.clienttype,org.keycloak.models
org.keycloak.services.clienttype,org.keycloak.representations.idm
org.keycloak.services.clienttype,org.keycloak.services.clienttype.client
org.keycloak.services.clienttype,org.keycloak.util
org.keycloak.services.clienttype.client,org.keycloak.client.clienttype
org.keycloak.services.clienttype.client,org.keycloak.models
org.keycloak.services.clienttype.client,org.keycloak.models.delegate
org.keycloak.services.clienttype.impl,org.keycloak
org.keycloak.services.clienttype.impl,org.keycloak.client.clienttype
org.keycloak.services.clienttype.impl,org.keycloak.common
org.keycloak.services.clienttype.impl,org.keycloak.models
org.keycloak.services.clienttype.impl,org.keycloak.provider
org.keycloak.services.clienttype.impl,org.keycloak.representations.idm
org.keycloak.services.clienttype.impl,org.keycloak.services.clienttype.client
org.keycloak.services.cors,org.keycloak
org.keycloak.services.cors,org.keycloak.common.util
org.keycloak.services.cors,org.keycloak.http
org.keycloak.services.cors,org.keycloak.models
org.keycloak.services.cors,org.keycloak.protocol.oidc.utils
org.keycloak.services.cors,org.keycloak.provider
org.keycloak.services.cors,org.keycloak.representations
org.keycloak.services.cors,org.keycloak.utils
org.keycloak.services.error,org.keycloak
org.keycloak.services.error,org.keycloak.forms.login
org.keycloak.services.error,org.keycloak.forms.login.freemarker.model
org.keycloak.services.error,org.keycloak.models
org.keycloak.services.error,org.keycloak.representations.idm
org.keycloak.services.error,org.keycloak.services.managers
org.keycloak.services.error,org.keycloak.services.messages
org.keycloak.services.error,org.keycloak.theme
org.keycloak.services.error,org.keycloak.theme.beans
org.keycloak.services.error,org.keycloak.theme.freemarker
org.keycloak.services.error,org.keycloak.utils
org.keycloak.services.filters,org.keycloak.headers
org.keycloak.services.filters,org.keycloak.models
org.keycloak.services.filters,org.keycloak.utils
org.keycloak.services.logging,org.keycloak
org.keycloak.services.logging,org.keycloak.common
org.keycloak.services.logging,org.keycloak.logging
org.keycloak.services.logging,org.keycloak.models
org.keycloak.services.logging,org.keycloak.provider
org.keycloak.services.logging,org.keycloak.sessions
org.keycloak.services.managers,org.keycloak
org.keycloak.services.managers,org.keycloak.authentication
org.keycloak.services.managers,org.keycloak.authentication.authenticators.browser
org.keycloak.services.managers,org.keycloak.authorization.fgap
org.keycloak.services.managers,org.keycloak.broker.provider
org.keycloak.services.managers,org.keycloak.common
org.keycloak.services.managers,org.keycloak.common.constants
org.keycloak.services.managers,org.keycloak.common.enums
org.keycloak.services.managers,org.keycloak.common.util
org.keycloak.services.managers,org.keycloak.component
org.keycloak.services.managers,org.keycloak.config
org.keycloak.services.managers,org.keycloak.connections.httpclient
org.keycloak.services.managers,org.keycloak.connections.jpa.support
org.keycloak.services.managers,org.keycloak.constants
org.keycloak.services.managers,org.keycloak.cookie
org.keycloak.services.managers,org.keycloak.crypto
org.keycloak.services.managers,org.keycloak.device
org.keycloak.services.managers,org.keycloak.email
org.keycloak.services.managers,org.keycloak.events
org.keycloak.services.managers,org.keycloak.executors
org.keycloak.services.managers,org.keycloak.forms.login
org.keycloak.services.managers,org.keycloak.http
org.keycloak.services.managers,org.keycloak.jose.jws.crypto
org.keycloak.services.managers,org.keycloak.models
org.keycloak.services.managers,org.keycloak.models.credential
org.keycloak.services.managers,org.keycloak.models.light
org.keycloak.services.managers,org.keycloak.models.utils
org.keycloak.services.managers,org.keycloak.partialimport
org.keycloak.services.managers,org.keycloak.protocol
org.keycloak.services.managers,org.keycloak.protocol.oidc
org.keycloak.services.managers,org.keycloak.protocol.oidc.encode
org.keycloak.services.managers,org.keycloak.protocol.oidc.mappers
org.keycloak.services.managers,org.keycloak.protocol.oidc.scope
org.keycloak.services.managers,org.keycloak.protocol.oidc.utils
org.keycloak.services.managers,org.keycloak.protocol.oidc.verifier
org.keycloak.services.managers,org.keycloak.protocol.saml
org.keycloak.services.managers,org.keycloak.provider
org.keycloak.services.managers,org.keycloak.rar
org.keycloak.services.managers,org.keycloak.representations
org.keycloak.services.managers,org.keycloak.representations.adapters.action
org.keycloak.services.managers,org.keycloak.representations.adapters.config
org.keycloak.services.managers,org.keycloak.representations.idm
org.keycloak.services.managers,org.keycloak.representations.userprofile.config
org.keycloak.services.managers,org.keycloak.services
org.keycloak.services.managers,org.keycloak.services.clientpolicy
org.keycloak.services.managers,org.keycloak.services.clientpolicy.context
org.keycloak.services.managers,org.keycloak.services.clientregistration.policy
org.keycloak.services.managers,org.keycloak.services.messages
org.keycloak.services.managers,org.keycloak.services.resources
org.keycloak.services.managers,org.keycloak.services.util
org.keycloak.services.managers,org.keycloak.sessions
org.keycloak.services.managers,org.keycloak.storage
org.keycloak.services.managers,org.keycloak.storage.ldap
org.keycloak.services.managers,org.keycloak.storage.ldap.idm.store.ldap
org.keycloak.services.managers,org.keycloak.storage.ldap.mappers.membership.group
org.keycloak.services.managers,org.keycloak.userprofile
org.keycloak.services.managers,org.keycloak.util
org.keycloak.services.managers,org.keycloak.utils
org.keycloak.services.migration,org.keycloak
org.keycloak.services.migration,org.keycloak.migration
org.keycloak.services.migration,org.keycloak.models
org.keycloak.services.migration,org.keycloak.protocol
org.keycloak.services.migration,org.keycloak.protocol.oidc
org.keycloak.services.migration,org.keycloak.protocol.saml
org.keycloak.services.migration,org.keycloak.representations.idm
org.keycloak.services.migration,org.keycloak.services.managers
org.keycloak.services.resource,org.keycloak
org.keycloak.services.resource,org.keycloak.common
org.keycloak.services.resource,org.keycloak.provider
org.keycloak.services.resources,org.keycloak
org.keycloak.services.resources,org.keycloak.authentication
org.keycloak.services.resources,org.keycloak.authentication.actiontoken
org.keycloak.services.resources,org.keycloak.authentication.actiontoken.resetcred
org.keycloak.services.resources,org.keycloak.authentication.authenticators.broker
org.keycloak.services.resources,org.keycloak.authentication.authenticators.broker.util
org.keycloak.services.resources,org.keycloak.authentication.authenticators.browser
org.keycloak.services.resources,org.keycloak.authorization
org.keycloak.services.resources,org.keycloak.broker.provider
org.keycloak.services.resources,org.keycloak.broker.provider.util
org.keycloak.services.resources,org.keycloak.broker.saml
org.keycloak.services.resources,org.keycloak.broker.social
org.keycloak.services.resources,org.keycloak.common
org.keycloak.services.resources,org.keycloak.common.crypto
org.keycloak.services.resources,org.keycloak.common.util
org.keycloak.services.resources,org.keycloak.config
org.keycloak.services.resources,org.keycloak.constants
org.keycloak.services.resources,org.keycloak.cookie
org.keycloak.services.resources,org.keycloak.crypto
org.keycloak.services.resources,org.keycloak.dom.saml.v2.protocol
org.keycloak.services.resources,org.keycloak.encoding
org.keycloak.services.resources,org.keycloak.events
org.keycloak.services.resources,org.keycloak.exceptions
org.keycloak.services.resources,org.keycloak.exportimport
org.keycloak.services.resources,org.keycloak.forms.login
org.keycloak.services.resources,org.keycloak.forms.login.freemarker
org.keycloak.services.resources,org.keycloak.health
org.keycloak.services.resources,org.keycloak.http
org.keycloak.services.resources,org.keycloak.locale
org.keycloak.services.resources,org.keycloak.models
org.keycloak.services.resources,org.keycloak.models.dblock
org.keycloak.services.resources,org.keycloak.models.light
org.keycloak.services.resources,org.keycloak.models.utils
org.keycloak.services.resources,org.keycloak.organization
org.keycloak.services.resources,org.keycloak.organization.utils
org.keycloak.services.resources,org.keycloak.protocol
org.keycloak.services.resources,org.keycloak.protocol.oidc
org.keycloak.services.resources,org.keycloak.protocol.oidc.grants.device
org.keycloak.services.resources,org.keycloak.protocol.oidc.utils
org.keycloak.services.resources,org.keycloak.protocol.saml
org.keycloak.services.resources,org.keycloak.protocol.saml.preprocessor
org.keycloak.services.resources,org.keycloak.provider
org.keycloak.services.resources,org.keycloak.rar
org.keycloak.services.resources,org.keycloak.representations
org.keycloak.services.resources,org.keycloak.representations.idm
org.keycloak.services.resources,org.keycloak.services
org.keycloak.services.resources,org.keycloak.services.clientpolicy
org.keycloak.services.resources,org.keycloak.services.clientpolicy.context
org.keycloak.services.resources,org.keycloak.services.clientregistration
org.keycloak.services.resources,org.keycloak.services.cors
org.keycloak.services.resources,org.keycloak.services.managers
org.keycloak.services.resources,org.keycloak.services.messages
org.keycloak.services.resources,org.keycloak.services.resource
org.keycloak.services.resources,org.keycloak.services.resources.account
org.keycloak.services.resources,org.keycloak.services.util
org.keycloak.services.resources,org.keycloak.services.validation
org.keycloak.services.resources,org.keycloak.sessions
org.keycloak.services.resources,org.keycloak.theme
org.keycloak.services.resources,org.keycloak.theme.freemarker
org.keycloak.services.resources,org.keycloak.urls
org.keycloak.services.resources,org.keycloak.util
org.keycloak.services.resources,org.keycloak.utils
org.keycloak.services.resources,org.keycloak.wellknown
org.keycloak.services.resources.account,org.keycloak.authentication
org.keycloak.services.resources.account,org.keycloak.authentication.requiredactions
org.keycloak.services.resources.account,org.keycloak.authentication.requiredactions.util
org.keycloak.services.resources.account,org.keycloak.broker.social
org.keycloak.services.resources.account,org.keycloak.common
org.keycloak.services.resources.account,org.keycloak.common.enums
org.keycloak.services.resources.account,org.keycloak.common.util
org.keycloak.services.resources.account,org.keycloak.credential
org.keycloak.services.resources.account,org.keycloak.device
org.keycloak.services.resources.account,org.keycloak.events
org.keycloak.services.resources.account,org.keycloak.http
org.keycloak.services.resources.account,org.keycloak.models
org.keycloak.services.resources.account,org.keycloak.models.credential
org.keycloak.services.resources.account,org.keycloak.models.utils
org.keycloak.services.resources.account,org.keycloak.organization
org.keycloak.services.resources.account,org.keycloak.organization.utils
org.keycloak.services.resources.account,org.keycloak.protocol
org.keycloak.services.resources.account,org.keycloak.protocol.oidc
org.keycloak.services.resources.account,org.keycloak.protocol.oidc.utils
org.keycloak.services.resources.account,org.keycloak.provider
org.keycloak.services.resources.account,org.keycloak.representations
org.keycloak.services.resources.account,org.keycloak.representations.account
org.keycloak.services.resources.account,org.keycloak.representations.idm
org.keycloak.services.resources.account,org.keycloak.representations.idm.oid4vc
org.keycloak.services.resources.account,org.keycloak.services
org.keycloak.services.resources.account,org.keycloak.services.cors
org.keycloak.services.resources.account,org.keycloak.services.managers
org.keycloak.services.resources.account,org.keycloak.services.messages
org.keycloak.services.resources.account,org.keycloak.services.resource
org.keycloak.services.resources.account,org.keycloak.services.resources
org.keycloak.services.resources.account,org.keycloak.services.resources.account.resources
org.keycloak.services.resources.account,org.keycloak.services.util
org.keycloak.services.resources.account,org.keycloak.services.validation
org.keycloak.services.resources.account,org.keycloak.storage
org.keycloak.services.resources.account,org.keycloak.theme
org.keycloak.services.resources.account,org.keycloak.theme.beans
org.keycloak.services.resources.account,org.keycloak.theme.freemarker
org.keycloak.services.resources.account,org.keycloak.urls
org.keycloak.services.resources.account,org.keycloak.userprofile
org.keycloak.services.resources.account,org.keycloak.util
org.keycloak.services.resources.account,org.keycloak.utils
org.keycloak.services.resources.account.resources,org.keycloak.authorization
org.keycloak.services.resources.account.resources,org.keycloak.authorization.model
org.keycloak.services.resources.account.resources,org.keycloak.authorization.store
org.keycloak.services.resources.account.resources,org.keycloak.common.util
org.keycloak.services.resources.account.resources,org.keycloak.http
org.keycloak.services.resources.account.resources,org.keycloak.models
org.keycloak.services.resources.account.resources,org.keycloak.representations.idm
org.keycloak.services.resources.account.resources,org.keycloak.representations.idm.authorization
org.keycloak.services.resources.account.resources,org.keycloak.services.managers
org.keycloak.services.resources.account.resources,org.keycloak.utils
org.keycloak.services.resources.admin,org.keycloak
org.keycloak.services.resources.admin,org.keycloak.authentication
org.keycloak.services.resources.admin,org.keycloak.authentication.actiontoken
org.keycloak.services.resources.admin,org.keycloak.authentication.actiontoken.execactions
org.keycloak.services.resources.admin,org.keycloak.authentication.actiontoken.verifyemail
org.keycloak.services.resources.admin,org.keycloak.authentication.requiredactions.util
org.keycloak.services.resources.admin,org.keycloak.authorization.admin
org.keycloak.services.resources.admin,org.keycloak.authorization.fgap
org.keycloak.services.resources.admin,org.keycloak.broker.provider
org.keycloak.services.resources.admin,org.keycloak.broker.social
org.keycloak.services.resources.admin,org.keycloak.client.clienttype
org.keycloak.services.resources.admin,org.keycloak.common
org.keycloak.services.resources.admin,org.keycloak.common.crypto
org.keycloak.services.resources.admin,org.keycloak.common.util
org.keycloak.services.resources.admin,org.keycloak.component
org.keycloak.services.resources.admin,org.keycloak.connections.httpclient
org.keycloak.services.resources.admin,org.keycloak.credential
org.keycloak.services.resources.admin,org.keycloak.crypto
org.keycloak.services.resources.admin,org.keycloak.deployment
org.keycloak.services.resources.admin,org.keycloak.email
org.keycloak.services.resources.admin,org.keycloak.events
org.keycloak.services.resources.admin,org.keycloak.events.admin
org.keycloak.services.resources.admin,org.keycloak.exportimport
org.keycloak.services.resources.admin,org.keycloak.headers
org.keycloak.services.resources.admin,org.keycloak.http
org.keycloak.services.resources.admin,org.keycloak.jose.jws
org.keycloak.services.resources.admin,org.keycloak.models
org.keycloak.services.resources.admin,org.keycloak.models.cache
org.keycloak.services.resources.admin,org.keycloak.models.light
org.keycloak.services.resources.admin,org.keycloak.models.utils
org.keycloak.services.resources.admin,org.keycloak.organization.admin.resource
org.keycloak.services.resources.admin,org.keycloak.organization.utils
org.keycloak.services.resources.admin,org.keycloak.partialimport
org.keycloak.services.resources.admin,org.keycloak.policy
org.keycloak.services.resources.admin,org.keycloak.protocol
org.keycloak.services.resources.admin,org.keycloak.protocol.oid4vc.resources.admin
org.keycloak.services.resources.admin,org.keycloak.protocol.oidc
org.keycloak.services.resources.admin,org.keycloak.protocol.oidc.scope
org.keycloak.services.resources.admin,org.keycloak.protocol.oidc.token
org.keycloak.services.resources.admin,org.keycloak.protocol.oidc.utils
org.keycloak.services.resources.admin,org.keycloak.protocol.saml
org.keycloak.services.resources.admin,org.keycloak.provider
org.keycloak.services.resources.admin,org.keycloak.representations
org.keycloak.services.resources.admin,org.keycloak.representations.adapters.action
org.keycloak.services.resources.admin,org.keycloak.representations.idm
org.keycloak.services.resources.admin,org.keycloak.representations.idm.authorization
org.keycloak.services.resources.admin,org.keycloak.representations.userprofile.config
org.keycloak.services.resources.admin,org.keycloak.saml.common.exceptions
org.keycloak.services.resources.admin,org.keycloak.saml.common.util
org.keycloak.services.resources.admin,org.keycloak.services
org.keycloak.services.resources.admin,org.keycloak.services.clientpolicy
org.keycloak.services.resources.admin,org.keycloak.services.clientpolicy.context
org.keycloak.services.resources.admin,org.keycloak.services.clientpolicy.context.admin
org.keycloak.services.resources.admin,org.keycloak.services.clientregistration
org.keycloak.services.resources.admin,org.keycloak.services.clientregistration.policy
org.keycloak.services.resources.admin,org.keycloak.services.cors
org.keycloak.services.resources.admin,org.keycloak.services.managers
org.keycloak.services.resources.admin,org.keycloak.services.messages
org.keycloak.services.resources.admin,org.keycloak.services.resources
org.keycloak.services.resources.admin,org.keycloak.services.resources.admin.ext
org.keycloak.services.resources.admin,org.keycloak.services.resources.admin.fgap
org.keycloak.services.resources.admin,org.keycloak.services.resources.admin.info
org.keycloak.services.resources.admin,org.keycloak.services.util
org.keycloak.services.resources.admin,org.keycloak.services.validation
org.keycloak.services.resources.admin,org.keycloak.sessions
org.keycloak.services.resources.admin,org.keycloak.storage
org.keycloak.services.resources.admin,org.keycloak.storage.ldap.mappers
org.keycloak.services.resources.admin,org.keycloak.storage.user
org.keycloak.services.resources.admin,org.keycloak.theme
org.keycloak.services.resources.admin,org.keycloak.theme.freemarker
org.keycloak.services.resources.admin,org.keycloak.urls
org.keycloak.services.resources.admin,org.keycloak.userprofile
org.keycloak.services.resources.admin,org.keycloak.util
org.keycloak.services.resources.admin,org.keycloak.utils
org.keycloak.services.resources.admin,org.keycloak.validation
org.keycloak.services.resources.admin,org.keycloak.workflow.admin.resource
org.keycloak.services.resources.admin.ext,org.keycloak.models
org.keycloak.services.resources.admin.ext,org.keycloak.provider
org.keycloak.services.resources.admin.ext,org.keycloak.services.resources.admin
org.keycloak.services.resources.admin.ext,org.keycloak.services.resources.admin.fgap
org.keycloak.services.resources.admin.fgap,org.keycloak
org.keycloak.services.resources.admin.fgap,org.keycloak.authorization
org.keycloak.services.resources.admin.fgap,org.keycloak.authorization.common
org.keycloak.services.resources.admin.fgap,org.keycloak.authorization.fgap
org.keycloak.services.resources.admin.fgap,org.keycloak.authorization.identity
org.keycloak.services.resources.admin.fgap,org.keycloak.authorization.model
org.keycloak.services.resources.admin.fgap,org.keycloak.authorization.permission
org.keycloak.services.resources.admin.fgap,org.keycloak.authorization.policy.evaluation
org.keycloak.services.resources.admin.fgap,org.keycloak.authorization.store
org.keycloak.services.resources.admin.fgap,org.keycloak.common
org.keycloak.services.resources.admin.fgap,org.keycloak.models
org.keycloak.services.resources.admin.fgap,org.keycloak.models.cache
org.keycloak.services.resources.admin.fgap,org.keycloak.protocol.oidc.mappers
org.keycloak.services.resources.admin.fgap,org.keycloak.provider
org.keycloak.services.resources.admin.fgap,org.keycloak.representations
org.keycloak.services.resources.admin.fgap,org.keycloak.representations.idm.authorization
org.keycloak.services.resources.admin.fgap,org.keycloak.services.managers
org.keycloak.services.resources.admin.fgap,org.keycloak.services.resources.admin
org.keycloak.services.resources.admin.fgap,org.keycloak.storage
org.keycloak.services.resources.admin.info,org.keycloak.broker.provider
org.keycloak.services.resources.admin.info,org.keycloak.broker.social
org.keycloak.services.resources.admin.info,org.keycloak.common
org.keycloak.services.resources.admin.info,org.keycloak.common.crypto
org.keycloak.services.resources.admin.info,org.keycloak.common.util
org.keycloak.services.resources.admin.info,org.keycloak.component
org.keycloak.services.resources.admin.info,org.keycloak.crypto
org.keycloak.services.resources.admin.info,org.keycloak.events
org.keycloak.services.resources.admin.info,org.keycloak.events.admin
org.keycloak.services.resources.admin.info,org.keycloak.models
org.keycloak.services.resources.admin.info,org.keycloak.models.utils
org.keycloak.services.resources.admin.info,org.keycloak.policy
org.keycloak.services.resources.admin.info,org.keycloak.protocol
org.keycloak.services.resources.admin.info,org.keycloak.protocol.oidc.scope
org.keycloak.services.resources.admin.info,org.keycloak.provider
org.keycloak.services.resources.admin.info,org.keycloak.representations.idm
org.keycloak.services.resources.admin.info,org.keycloak.representations.info
org.keycloak.services.resources.admin.info,org.keycloak.services.managers
org.keycloak.services.resources.admin.info,org.keycloak.services.resources
org.keycloak.services.resources.admin.info,org.keycloak.services.resources.admin
org.keycloak.services.resources.admin.info,org.keycloak.services.resources.admin.fgap
org.keycloak.services.resources.admin.info,org.keycloak.theme
org.keycloak.services.scheduled,org.keycloak.cluster
org.keycloak.services.scheduled,org.keycloak.common.util
org.keycloak.services.scheduled,org.keycloak.events
org.keycloak.services.scheduled,org.keycloak.logging
org.keycloak.services.scheduled,org.keycloak.models
org.keycloak.services.scheduled,org.keycloak.models.session
org.keycloak.services.scheduled,org.keycloak.models.utils
org.keycloak.services.scheduled,org.keycloak.storage.datastore
org.keycloak.services.scheduled,org.keycloak.timer
org.keycloak.services.scheduled,org.keycloak.tracing
org.keycloak.services.securityprofile,org.keycloak
org.keycloak.services.securityprofile,org.keycloak.models
org.keycloak.services.securityprofile,org.keycloak.provider
org.keycloak.services.securityprofile,org.keycloak.representations.idm
org.keycloak.services.securityprofile,org.keycloak.securityprofile
org.keycloak.services.securityprofile,org.keycloak.services.clientpolicy
org.keycloak.services.securityprofile,org.keycloak.util
org.keycloak.services.securityprofile,org.keycloak.utils
org.keycloak.services.ui.extend,org.keycloak.common
org.keycloak.services.ui.extend,org.keycloak.component
org.keycloak.services.ui.extend,org.keycloak.models
org.keycloak.services.ui.extend,org.keycloak.provider
org.keycloak.services.util,org.keycloak
org.keycloak.services.util,org.keycloak.authentication
org.keycloak.services.util,org.keycloak.common
org.keycloak.services.util,org.keycloak.common.constants
org.keycloak.services.util,org.keycloak.common.crypto
org.keycloak.services.util,org.keycloak.common.util
org.keycloak.services.util,org.keycloak.crypto
org.keycloak.services.util,org.keycloak.events
org.keycloak.services.util,org.keycloak.exceptions
org.keycloak.services.util,org.keycloak.forms.login
org.keycloak.services.util,org.keycloak.http
org.keycloak.services.util,org.keycloak.jose.jwk
org.keycloak.services.util,org.keycloak.jose.jws
org.keycloak.services.util,org.keycloak.jose.jws.crypto
org.keycloak.services.util,org.keycloak.locale
org.keycloak.services.util,org.keycloak.models
org.keycloak.services.util,org.keycloak.models.utils
org.keycloak.services.util,org.keycloak.protocol
org.keycloak.services.util,org.keycloak.protocol.oidc
org.keycloak.services.util,org.keycloak.protocol.oidc.encode
org.keycloak.services.util,org.keycloak.protocol.oidc.mappers
org.keycloak.services.util,org.keycloak.protocol.oidc.rar
org.keycloak.services.util,org.keycloak.protocol.oidc.rar.parsers
org.keycloak.services.util,org.keycloak.provider
org.keycloak.services.util,org.keycloak.rar
org.keycloak.services.util,org.keycloak.representations
org.keycloak.services.util,org.keycloak.representations.dpop
org.keycloak.services.util,org.keycloak.representations.idm
org.keycloak.services.util,org.keycloak.services
org.keycloak.services.util,org.keycloak.services.cors
org.keycloak.services.util,org.keycloak.services.managers
org.keycloak.services.util,org.keycloak.services.resources
org.keycloak.services.util,org.keycloak.services.x509
org.keycloak.services.util,org.keycloak.sessions
org.keycloak.services.util,org.keycloak.theme
org.keycloak.services.util,org.keycloak.urls
org.keycloak.services.util,org.keycloak.util
org.keycloak.services.util,org.keycloak.utils
org.keycloak.services.util,org.keycloak.wellknown
org.keycloak.services.validation,org.keycloak.models.utils
org.keycloak.services.validation,org.keycloak.userprofile
org.keycloak.services.validation,org.keycloak.utils
org.keycloak.services.x509,org.keycloak
org.keycloak.services.x509,org.keycloak.common.crypto
org.keycloak.services.x509,org.keycloak.common.util
org.keycloak.services.x509,org.keycloak.http
org.keycloak.services.x509,org.keycloak.models
org.keycloak.services.x509,org.keycloak.provider
org.keycloak.services.x509,org.keycloak.truststore
org.keycloak.sessions,org.keycloak.models
org.keycloak.sessions,org.keycloak.provider
org.keycloak.sessions,org.keycloak.util
org.keycloak.singleobject.jpa,org.keycloak
org.keycloak.singleobject.jpa,org.keycloak.common
org.keycloak.singleobject.jpa,org.keycloak.common.util
org.keycloak.singleobject.jpa,org.keycloak.config
org.keycloak.singleobject.jpa,org.keycloak.connections.jpa
org.keycloak.singleobject.jpa,org.keycloak.connections.jpa.util
org.keycloak.singleobject.jpa,org.keycloak.expiration.jpa
org.keycloak.singleobject.jpa,org.keycloak.models
org.keycloak.singleobject.jpa,org.keycloak.provider
org.keycloak.singleobject.jpa,org.keycloak.util
org.keycloak.social.bitbucket,org.keycloak
org.keycloak.social.bitbucket,org.keycloak.broker.oidc
org.keycloak.social.bitbucket,org.keycloak.broker.oidc.mappers
org.keycloak.social.bitbucket,org.keycloak.broker.provider
org.keycloak.social.bitbucket,org.keycloak.broker.social
org.keycloak.social.bitbucket,org.keycloak.events
org.keycloak.social.bitbucket,org.keycloak.http.simple
org.keycloak.social.bitbucket,org.keycloak.models
org.keycloak.social.bitbucket,org.keycloak.services
org.keycloak.social.facebook,org.keycloak.broker.oidc
org.keycloak.social.facebook,org.keycloak.broker.oidc.mappers
org.keycloak.social.facebook,org.keycloak.broker.provider
org.keycloak.social.facebook,org.keycloak.broker.social
org.keycloak.social.facebook,org.keycloak.events
org.keycloak.social.facebook,org.keycloak.http.simple
org.keycloak.social.facebook,org.keycloak.models
org.keycloak.social.facebook,org.keycloak.provider
org.keycloak.social.facebook,org.keycloak.saml.common.util
org.keycloak.social.github,org.keycloak.broker.oidc
org.keycloak.social.github,org.keycloak.broker.oidc.mappers
org.keycloak.social.github,org.keycloak.broker.provider
org.keycloak.social.github,org.keycloak.broker.social
org.keycloak.social.github,org.keycloak.events
org.keycloak.social.github,org.keycloak.http.simple
org.keycloak.social.github,org.keycloak.models
org.keycloak.social.github,org.keycloak.provider
org.keycloak.social.github,org.keycloak.util
org.keycloak.social.gitlab,org.keycloak
org.keycloak.social.gitlab,org.keycloak.broker.oidc
org.keycloak.social.gitlab,org.keycloak.broker.oidc.mappers
org.keycloak.social.gitlab,org.keycloak.broker.provider
org.keycloak.social.gitlab,org.keycloak.broker.social
org.keycloak.social.gitlab,org.keycloak.events
org.keycloak.social.gitlab,org.keycloak.http.simple
org.keycloak.social.gitlab,org.keycloak.models
org.keycloak.social.gitlab,org.keycloak.representations
org.keycloak.social.gitlab,org.keycloak.services
org.keycloak.social.google,org.keycloak
org.keycloak.social.google,org.keycloak.broker.jwtauthorizationgrant
org.keycloak.social.google,org.keycloak.broker.oidc
org.keycloak.social.google,org.keycloak.broker.oidc.mappers
org.keycloak.social.google,org.keycloak.broker.provider
org.keycloak.social.google,org.keycloak.broker.social
org.keycloak.social.google,org.keycloak.common
org.keycloak.social.google,org.keycloak.common.util
org.keycloak.social.google,org.keycloak.events
org.keycloak.social.google,org.keycloak.models
org.keycloak.social.google,org.keycloak.provider
org.keycloak.social.google,org.keycloak.representations
org.keycloak.social.instagram,org.keycloak.broker.oidc
org.keycloak.social.instagram,org.keycloak.broker.oidc.mappers
org.keycloak.social.instagram,org.keycloak.broker.provider
org.keycloak.social.instagram,org.keycloak.broker.social
org.keycloak.social.instagram,org.keycloak.common
org.keycloak.social.instagram,org.keycloak.http.simple
org.keycloak.social.instagram,org.keycloak.models
org.keycloak.social.instagram,org.keycloak.provider
org.keycloak.social.linkedin,org.keycloak.broker.oidc
org.keycloak.social.linkedin,org.keycloak.broker.oidc.mappers
org.keycloak.social.linkedin,org.keycloak.broker.provider
org.keycloak.social.linkedin,org.keycloak.broker.social
org.keycloak.social.linkedin,org.keycloak.crypto
org.keycloak.social.linkedin,org.keycloak.http.simple
org.keycloak.social.linkedin,org.keycloak.jose.jwk
org.keycloak.social.linkedin,org.keycloak.jose.jws
org.keycloak.social.linkedin,org.keycloak.keys
org.keycloak.social.linkedin,org.keycloak.models
org.keycloak.social.linkedin,org.keycloak.protocol.oidc.representations
org.keycloak.social.linkedin,org.keycloak.protocol.oidc.utils
org.keycloak.social.linkedin,org.keycloak.provider
org.keycloak.social.linkedin,org.keycloak.util
org.keycloak.social.microsoft,org.keycloak
org.keycloak.social.microsoft,org.keycloak.broker.oidc
org.keycloak.social.microsoft,org.keycloak.broker.oidc.mappers
org.keycloak.social.microsoft,org.keycloak.broker.provider
org.keycloak.social.microsoft,org.keycloak.broker.social
org.keycloak.social.microsoft,org.keycloak.events
org.keycloak.social.microsoft,org.keycloak.http.simple
org.keycloak.social.microsoft,org.keycloak.jose.jws
org.keycloak.social.microsoft,org.keycloak.models
org.keycloak.social.microsoft,org.keycloak.provider
org.keycloak.social.microsoft,org.keycloak.services
org.keycloak.social.microsoft,org.keycloak.services.validation
org.keycloak.social.microsoft,org.keycloak.util
org.keycloak.social.openshift,org.keycloak.broker.oidc
org.keycloak.social.openshift,org.keycloak.broker.oidc.mappers
org.keycloak.social.openshift,org.keycloak.broker.provider
org.keycloak.social.openshift,org.keycloak.broker.social
org.keycloak.social.openshift,org.keycloak.connections.httpclient
org.keycloak.social.openshift,org.keycloak.events
org.keycloak.social.openshift,org.keycloak.http.simple
org.keycloak.social.openshift,org.keycloak.models
org.keycloak.social.openshift,org.keycloak.provider
org.keycloak.social.paypal,org.keycloak.broker.oidc
org.keycloak.social.paypal,org.keycloak.broker.oidc.mappers
org.keycloak.social.paypal,org.keycloak.broker.provider
org.keycloak.social.paypal,org.keycloak.broker.social
org.keycloak.social.paypal,org.keycloak.events
org.keycloak.social.paypal,org.keycloak.http.simple
org.keycloak.social.paypal,org.keycloak.models
org.keycloak.social.paypal,org.keycloak.provider
org.keycloak.social.stackoverflow,org.keycloak.broker.oidc
org.keycloak.social.stackoverflow,org.keycloak.broker.oidc.mappers
org.keycloak.social.stackoverflow,org.keycloak.broker.provider
org.keycloak.social.stackoverflow,org.keycloak.broker.social
org.keycloak.social.stackoverflow,org.keycloak.events
org.keycloak.social.stackoverflow,org.keycloak.http.simple
org.keycloak.social.stackoverflow,org.keycloak.models
org.keycloak.social.stackoverflow,org.keycloak.provider
org.keycloak.social.twitter,org.keycloak
org.keycloak.social.twitter,org.keycloak.broker.oidc
org.keycloak.social.twitter,org.keycloak.broker.provider
org.keycloak.social.twitter,org.keycloak.broker.provider.util
org.keycloak.social.twitter,org.keycloak.broker.social
org.keycloak.social.twitter,org.keycloak.common
org.keycloak.social.twitter,org.keycloak.common.util
org.keycloak.social.twitter,org.keycloak.events
org.keycloak.social.twitter,org.keycloak.models
org.keycloak.social.twitter,org.keycloak.provider
org.keycloak.social.twitter,org.keycloak.representations
org.keycloak.social.twitter,org.keycloak.services
org.keycloak.social.twitter,org.keycloak.services.managers
org.keycloak.social.twitter,org.keycloak.services.messages
org.keycloak.social.twitter,org.keycloak.sessions
org.keycloak.social.twitter,org.keycloak.util
org.keycloak.social.twitter,org.keycloak.vault
org.keycloak.spi.infinispan,org.keycloak.provider
org.keycloak.spi.infinispan.impl,org.keycloak.config
org.keycloak.spi.infinispan.impl,org.keycloak.provider
org.keycloak.spi.infinispan.impl.embedded,org.keycloak
org.keycloak.spi.infinispan.impl.embedded,org.keycloak.cluster.infinispan
org.keycloak.spi.infinispan.impl.embedded,org.keycloak.common
org.keycloak.spi.infinispan.impl.embedded,org.keycloak.common.util
org.keycloak.spi.infinispan.impl.embedded,org.keycloak.config
org.keycloak.spi.infinispan.impl.embedded,org.keycloak.connections.infinispan
org.keycloak.spi.infinispan.impl.embedded,org.keycloak.connections.jpa
org.keycloak.spi.infinispan.impl.embedded,org.keycloak.connections.jpa.util
org.keycloak.spi.infinispan.impl.embedded,org.keycloak.infinispan.module.configuration.global
org.keycloak.spi.infinispan.impl.embedded,org.keycloak.infinispan.util
org.keycloak.spi.infinispan.impl.embedded,org.keycloak.jgroups.header
org.keycloak.spi.infinispan.impl.embedded,org.keycloak.jgroups.protocol
org.keycloak.spi.infinispan.impl.embedded,org.keycloak.marshalling
org.keycloak.spi.infinispan.impl.embedded,org.keycloak.models
org.keycloak.spi.infinispan.impl.embedded,org.keycloak.models.sessions.infinispan
org.keycloak.spi.infinispan.impl.embedded,org.keycloak.models.sessions.infinispan.entities
org.keycloak.spi.infinispan.impl.embedded,org.keycloak.models.utils
org.keycloak.spi.infinispan.impl.embedded,org.keycloak.provider
org.keycloak.spi.infinispan.impl.embedded,org.keycloak.spi.infinispan
org.keycloak.spi.infinispan.impl.embedded,org.keycloak.spi.infinispan.impl
org.keycloak.spi.infinispan.impl.embedded,org.keycloak.storage.configuration
org.keycloak.spi.infinispan.impl.remote,org.keycloak
org.keycloak.spi.infinispan.impl.remote,org.keycloak.config
org.keycloak.spi.infinispan.impl.remote,org.keycloak.infinispan.util
org.keycloak.spi.infinispan.impl.remote,org.keycloak.marshalling
org.keycloak.spi.infinispan.impl.remote,org.keycloak.models
org.keycloak.spi.infinispan.impl.remote,org.keycloak.provider
org.keycloak.spi.infinispan.impl.remote,org.keycloak.spi.infinispan
org.keycloak.spi.infinispan.impl.remote,org.keycloak.spi.infinispan.impl.embedded
org.keycloak.ssf,org.keycloak.models
org.keycloak.ssf,org.keycloak.ssf.event
org.keycloak.ssf.event,org.keycloak
org.keycloak.ssf.event,org.keycloak.common
org.keycloak.ssf.event,org.keycloak.models
org.keycloak.ssf.event,org.keycloak.provider
org.keycloak.ssf.event,org.keycloak.ssf
org.keycloak.ssf.event,org.keycloak.ssf.event.caep
org.keycloak.ssf.event,org.keycloak.ssf.event.risc
org.keycloak.ssf.event,org.keycloak.ssf.event.stream
org.keycloak.ssf.event.caep,org.keycloak.ssf.event
org.keycloak.ssf.event.caep,org.keycloak.ssf.subject
org.keycloak.ssf.event.risc,org.keycloak.ssf.event
org.keycloak.ssf.event.stream,org.keycloak.ssf.event
org.keycloak.ssf.event.stream,org.keycloak.ssf.stream
org.keycloak.ssf.event.token,org.keycloak
org.keycloak.ssf.event.token,org.keycloak.json
org.keycloak.ssf.event.token,org.keycloak.ssf
org.keycloak.ssf.event.token,org.keycloak.ssf.event
org.keycloak.ssf.event.token,org.keycloak.ssf.subject
org.keycloak.ssf.services,org.keycloak
org.keycloak.ssf.services,org.keycloak.common
org.keycloak.ssf.services,org.keycloak.models
org.keycloak.ssf.services,org.keycloak.provider
org.keycloak.ssf.services,org.keycloak.services.resource
org.keycloak.ssf.services,org.keycloak.ssf
org.keycloak.ssf.services,org.keycloak.ssf.transmitter
org.keycloak.ssf.services,org.keycloak.ssf.transmitter.resources
org.keycloak.ssf.services,org.keycloak.ssf.transmitter.support
org.keycloak.ssf.services.admin,org.keycloak
org.keycloak.ssf.services.admin,org.keycloak.common
org.keycloak.ssf.services.admin,org.keycloak.events.admin
org.keycloak.ssf.services.admin,org.keycloak.events.outbox
org.keycloak.ssf.services.admin,org.keycloak.jose.jws
org.keycloak.ssf.services.admin,org.keycloak.models
org.keycloak.ssf.services.admin,org.keycloak.models.jpa.entities
org.keycloak.ssf.services.admin,org.keycloak.provider
org.keycloak.ssf.services.admin,org.keycloak.services.resources
org.keycloak.ssf.services.admin,org.keycloak.services.resources.admin
org.keycloak.ssf.services.admin,org.keycloak.services.resources.admin.ext
org.keycloak.ssf.services.admin,org.keycloak.services.resources.admin.fgap
org.keycloak.ssf.services.admin,org.keycloak.ssf
org.keycloak.ssf.services.admin,org.keycloak.ssf.event
org.keycloak.ssf.services.admin,org.keycloak.ssf.stream
org.keycloak.ssf.services.admin,org.keycloak.ssf.subject
org.keycloak.ssf.services.admin,org.keycloak.ssf.transmitter
org.keycloak.ssf.services.admin,org.keycloak.ssf.transmitter.admin
org.keycloak.ssf.services.admin,org.keycloak.ssf.transmitter.delivery
org.keycloak.ssf.services.admin,org.keycloak.ssf.transmitter.emit
org.keycloak.ssf.services.admin,org.keycloak.ssf.transmitter.metrics
org.keycloak.ssf.services.admin,org.keycloak.ssf.transmitter.outbox
org.keycloak.ssf.services.admin,org.keycloak.ssf.transmitter.stream
org.keycloak.ssf.services.admin,org.keycloak.ssf.transmitter.stream.storage
org.keycloak.ssf.services.admin,org.keycloak.ssf.transmitter.stream.storage.client
org.keycloak.ssf.services.admin,org.keycloak.ssf.transmitter.subject
org.keycloak.ssf.services.admin,org.keycloak.ssf.transmitter.support
org.keycloak.ssf.services.admin,org.keycloak.util
org.keycloak.ssf.stream,org.keycloak.ssf
org.keycloak.ssf.stream,org.keycloak.ssf.subject
org.keycloak.ssf.subject,org.keycloak.common
org.keycloak.ssf.subject,org.keycloak.models
org.keycloak.ssf.subject,org.keycloak.organization
org.keycloak.ssf.subject,org.keycloak.organization.utils
org.keycloak.ssf.subject,org.keycloak.services
org.keycloak.ssf.subject,org.keycloak.ssf
org.keycloak.ssf.subject,org.keycloak.ssf.event.caep
org.keycloak.ssf.subject,org.keycloak.urls
org.keycloak.ssf.transmitter,org.keycloak
org.keycloak.ssf.transmitter,org.keycloak.common
org.keycloak.ssf.transmitter,org.keycloak.crypto
org.keycloak.ssf.transmitter,org.keycloak.events.outbox
org.keycloak.ssf.transmitter,org.keycloak.executors
org.keycloak.ssf.transmitter,org.keycloak.models
org.keycloak.ssf.transmitter,org.keycloak.models.utils
org.keycloak.ssf.transmitter,org.keycloak.provider
org.keycloak.ssf.transmitter,org.keycloak.services.scheduled
org.keycloak.ssf.transmitter,org.keycloak.ssf
org.keycloak.ssf.transmitter,org.keycloak.ssf.event
org.keycloak.ssf.transmitter,org.keycloak.ssf.metadata
org.keycloak.ssf.transmitter,org.keycloak.ssf.subject
org.keycloak.ssf.transmitter,org.keycloak.ssf.transmitter.delivery
org.keycloak.ssf.transmitter,org.keycloak.ssf.transmitter.delivery.poll
org.keycloak.ssf.transmitter,org.keycloak.ssf.transmitter.delivery.push
org.keycloak.ssf.transmitter,org.keycloak.ssf.transmitter.emit
org.keycloak.ssf.transmitter,org.keycloak.ssf.transmitter.event
org.keycloak.ssf.transmitter,org.keycloak.ssf.transmitter.metadata
org.keycloak.ssf.transmitter,org.keycloak.ssf.transmitter.metrics
org.keycloak.ssf.transmitter,org.keycloak.ssf.transmitter.outbox
org.keycloak.ssf.transmitter,org.keycloak.ssf.transmitter.resources
org.keycloak.ssf.transmitter,org.keycloak.ssf.transmitter.stream
org.keycloak.ssf.transmitter,org.keycloak.ssf.transmitter.stream.storage
org.keycloak.ssf.transmitter,org.keycloak.ssf.transmitter.stream.storage.client
org.keycloak.ssf.transmitter,org.keycloak.ssf.transmitter.subject
org.keycloak.ssf.transmitter,org.keycloak.ssf.transmitter.support
org.keycloak.ssf.transmitter,org.keycloak.timer
org.keycloak.ssf.transmitter.admin,org.keycloak.ssf.subject
org.keycloak.ssf.transmitter.admin,org.keycloak.ssf.transmitter.stream
org.keycloak.ssf.transmitter.delivery,org.keycloak.events.outbox
org.keycloak.ssf.transmitter.delivery,org.keycloak.models
org.keycloak.ssf.transmitter.delivery,org.keycloak.ssf
org.keycloak.ssf.transmitter.delivery,org.keycloak.ssf.event
org.keycloak.ssf.transmitter.delivery,org.keycloak.ssf.event.token
org.keycloak.ssf.transmitter.delivery,org.keycloak.ssf.stream
org.keycloak.ssf.transmitter.delivery,org.keycloak.ssf.subject
org.keycloak.ssf.transmitter.delivery,org.keycloak.ssf.transmitter
org.keycloak.ssf.transmitter.delivery,org.keycloak.ssf.transmitter.delivery.push
org.keycloak.ssf.transmitter.delivery,org.keycloak.ssf.transmitter.event
org.keycloak.ssf.transmitter.delivery,org.keycloak.ssf.transmitter.metrics
org.keycloak.ssf.transmitter.delivery,org.keycloak.ssf.transmitter.outbox
org.keycloak.ssf.transmitter.delivery,org.keycloak.ssf.transmitter.stream
org.keycloak.ssf.transmitter.delivery,org.keycloak.ssf.transmitter.subject
org.keycloak.ssf.transmitter.delivery,org.keycloak.ssf.transmitter.support
org.keycloak.ssf.transmitter.delivery.poll,org.keycloak.events.outbox
org.keycloak.ssf.transmitter.delivery.poll,org.keycloak.models
org.keycloak.ssf.transmitter.delivery.poll,org.keycloak.models.jpa.entities
org.keycloak.ssf.transmitter.delivery.poll,org.keycloak.ssf.transmitter.metrics
org.keycloak.ssf.transmitter.delivery.poll,org.keycloak.ssf.transmitter.outbox
org.keycloak.ssf.transmitter.delivery.push,org.keycloak.connections.httpclient
org.keycloak.ssf.transmitter.delivery.push,org.keycloak.http.simple
org.keycloak.ssf.transmitter.delivery.push,org.keycloak.models
org.keycloak.ssf.transmitter.delivery.push,org.keycloak.ssf
org.keycloak.ssf.transmitter.delivery.push,org.keycloak.ssf.event.token
org.keycloak.ssf.transmitter.delivery.push,org.keycloak.ssf.transmitter
org.keycloak.ssf.transmitter.delivery.push,org.keycloak.ssf.transmitter.stream
org.keycloak.ssf.transmitter.emit,org.keycloak.models
org.keycloak.ssf.transmitter.emit,org.keycloak.organization
org.keycloak.ssf.transmitter.emit,org.keycloak.ssf
org.keycloak.ssf.transmitter.emit,org.keycloak.ssf.event
org.keycloak.ssf.transmitter.emit,org.keycloak.ssf.event.token
org.keycloak.ssf.transmitter.emit,org.keycloak.ssf.metadata
org.keycloak.ssf.transmitter.emit,org.keycloak.ssf.subject
org.keycloak.ssf.transmitter.emit,org.keycloak.ssf.transmitter.delivery
org.keycloak.ssf.transmitter.emit,org.keycloak.ssf.transmitter.event
org.keycloak.ssf.transmitter.emit,org.keycloak.ssf.transmitter.stream
org.keycloak.ssf.transmitter.emit,org.keycloak.ssf.transmitter.stream.storage.client
org.keycloak.ssf.transmitter.emit,org.keycloak.ssf.transmitter.subject
org.keycloak.ssf.transmitter.emit,org.keycloak.ssf.transmitter.support
org.keycloak.ssf.transmitter.emit,org.keycloak.util
org.keycloak.ssf.transmitter.event,org.keycloak
org.keycloak.ssf.transmitter.event,org.keycloak.authorization.fgap
org.keycloak.ssf.transmitter.event,org.keycloak.common
org.keycloak.ssf.transmitter.event,org.keycloak.common.util
org.keycloak.ssf.transmitter.event,org.keycloak.credential
org.keycloak.ssf.transmitter.event,org.keycloak.crypto
org.keycloak.ssf.transmitter.event,org.keycloak.events
org.keycloak.ssf.transmitter.event,org.keycloak.events.admin
org.keycloak.ssf.transmitter.event,org.keycloak.jose.jws
org.keycloak.ssf.transmitter.event,org.keycloak.models
org.keycloak.ssf.transmitter.event,org.keycloak.models.credential
org.keycloak.ssf.transmitter.event,org.keycloak.organization
org.keycloak.ssf.transmitter.event,org.keycloak.organization.utils
org.keycloak.ssf.transmitter.event,org.keycloak.provider
org.keycloak.ssf.transmitter.event,org.keycloak.ssf
org.keycloak.ssf.transmitter.event,org.keycloak.ssf.event
org.keycloak.ssf.transmitter.event,org.keycloak.ssf.event.caep
org.keycloak.ssf.transmitter.event,org.keycloak.ssf.event.risc
org.keycloak.ssf.transmitter.event,org.keycloak.ssf.event.stream
org.keycloak.ssf.transmitter.event,org.keycloak.ssf.event.token
org.keycloak.ssf.transmitter.event,org.keycloak.ssf.metadata
org.keycloak.ssf.transmitter.event,org.keycloak.ssf.stream
org.keycloak.ssf.transmitter.event,org.keycloak.ssf.subject
org.keycloak.ssf.transmitter.event,org.keycloak.ssf.transmitter
org.keycloak.ssf.transmitter.event,org.keycloak.ssf.transmitter.stream
org.keycloak.ssf.transmitter.event,org.keycloak.ssf.transmitter.stream.storage.client
org.keycloak.ssf.transmitter.event,org.keycloak.ssf.transmitter.subject
org.keycloak.ssf.transmitter.event,org.keycloak.ssf.transmitter.support
org.keycloak.ssf.transmitter.event,org.keycloak.storage
org.keycloak.ssf.transmitter.metadata,org.keycloak
org.keycloak.ssf.transmitter.metadata,org.keycloak.common
org.keycloak.ssf.transmitter.metadata,org.keycloak.models
org.keycloak.ssf.transmitter.metadata,org.keycloak.provider
org.keycloak.ssf.transmitter.metadata,org.keycloak.ssf
org.keycloak.ssf.transmitter.metadata,org.keycloak.ssf.metadata
org.keycloak.ssf.transmitter.metadata,org.keycloak.ssf.transmitter
org.keycloak.ssf.transmitter.metadata,org.keycloak.ssf.transmitter.support
org.keycloak.ssf.transmitter.metadata,org.keycloak.wellknown
org.keycloak.ssf.transmitter.metrics,org.keycloak.common.util
org.keycloak.ssf.transmitter.metrics,org.keycloak.models.jpa.entities
org.keycloak.ssf.transmitter.outbox,org.keycloak.events.outbox
org.keycloak.ssf.transmitter.outbox,org.keycloak.models
org.keycloak.ssf.transmitter.outbox,org.keycloak.models.jpa.entities
org.keycloak.ssf.transmitter.outbox,org.keycloak.ssf.event.token
org.keycloak.ssf.transmitter.outbox,org.keycloak.ssf.transmitter
org.keycloak.ssf.transmitter.outbox,org.keycloak.ssf.transmitter.delivery.push
org.keycloak.ssf.transmitter.outbox,org.keycloak.ssf.transmitter.metrics
org.keycloak.ssf.transmitter.outbox,org.keycloak.ssf.transmitter.stream
org.keycloak.ssf.transmitter.resources,org.keycloak.common.util
org.keycloak.ssf.transmitter.resources,org.keycloak.models
org.keycloak.ssf.transmitter.resources,org.keycloak.services.managers
org.keycloak.ssf.transmitter.resources,org.keycloak.services.resources
org.keycloak.ssf.transmitter.resources,org.keycloak.ssf
org.keycloak.ssf.transmitter.resources,org.keycloak.ssf.stream
org.keycloak.ssf.transmitter.resources,org.keycloak.ssf.subject
org.keycloak.ssf.transmitter.resources,org.keycloak.ssf.transmitter
org.keycloak.ssf.transmitter.resources,org.keycloak.ssf.transmitter.delivery.poll
org.keycloak.ssf.transmitter.resources,org.keycloak.ssf.transmitter.metrics
org.keycloak.ssf.transmitter.resources,org.keycloak.ssf.transmitter.stream
org.keycloak.ssf.transmitter.resources,org.keycloak.ssf.transmitter.stream.storage
org.keycloak.ssf.transmitter.resources,org.keycloak.ssf.transmitter.stream.storage.client
org.keycloak.ssf.transmitter.resources,org.keycloak.ssf.transmitter.subject
org.keycloak.ssf.transmitter.resources,org.keycloak.ssf.transmitter.support
org.keycloak.ssf.transmitter.resources,org.keycloak.util
org.keycloak.ssf.transmitter.stream,org.keycloak.common.util
org.keycloak.ssf.transmitter.stream,org.keycloak.events.outbox
org.keycloak.ssf.transmitter.stream,org.keycloak.executors
org.keycloak.ssf.transmitter.stream,org.keycloak.http
org.keycloak.ssf.transmitter.stream,org.keycloak.models
org.keycloak.ssf.transmitter.stream,org.keycloak.ssf
org.keycloak.ssf.transmitter.stream,org.keycloak.ssf.event.token
org.keycloak.ssf.transmitter.stream,org.keycloak.ssf.metadata
org.keycloak.ssf.transmitter.stream,org.keycloak.ssf.stream
org.keycloak.ssf.transmitter.stream,org.keycloak.ssf.subject
org.keycloak.ssf.transmitter.stream,org.keycloak.ssf.transmitter
org.keycloak.ssf.transmitter.stream,org.keycloak.ssf.transmitter.admin
org.keycloak.ssf.transmitter.stream,org.keycloak.ssf.transmitter.delivery
org.keycloak.ssf.transmitter.stream,org.keycloak.ssf.transmitter.event
org.keycloak.ssf.transmitter.stream,org.keycloak.ssf.transmitter.metadata
org.keycloak.ssf.transmitter.stream,org.keycloak.ssf.transmitter.metrics
org.keycloak.ssf.transmitter.stream,org.keycloak.ssf.transmitter.outbox
org.keycloak.ssf.transmitter.stream,org.keycloak.ssf.transmitter.stream.storage
org.keycloak.ssf.transmitter.stream,org.keycloak.ssf.transmitter.stream.storage.client
org.keycloak.ssf.transmitter.stream,org.keycloak.ssf.transmitter.support
org.keycloak.ssf.transmitter.stream,org.keycloak.utils
org.keycloak.ssf.transmitter.stream.storage,org.keycloak.models
org.keycloak.ssf.transmitter.stream.storage,org.keycloak.ssf.stream
org.keycloak.ssf.transmitter.stream.storage,org.keycloak.ssf.transmitter.stream
org.keycloak.ssf.transmitter.stream.storage.client,org.keycloak.common.util
org.keycloak.ssf.transmitter.stream.storage.client,org.keycloak.models
org.keycloak.ssf.transmitter.stream.storage.client,org.keycloak.ssf
org.keycloak.ssf.transmitter.stream.storage.client,org.keycloak.ssf.event
org.keycloak.ssf.transmitter.stream.storage.client,org.keycloak.ssf.metadata
org.keycloak.ssf.transmitter.stream.storage.client,org.keycloak.ssf.stream
org.keycloak.ssf.transmitter.stream.storage.client,org.keycloak.ssf.transmitter
org.keycloak.ssf.transmitter.stream.storage.client,org.keycloak.ssf.transmitter.stream
org.keycloak.ssf.transmitter.stream.storage.client,org.keycloak.ssf.transmitter.stream.storage
org.keycloak.ssf.transmitter.stream.storage.client,org.keycloak.ssf.transmitter.support
org.keycloak.ssf.transmitter.stream.storage.client,org.keycloak.util
org.keycloak.ssf.transmitter.stream.storage.client,org.keycloak.vault
org.keycloak.ssf.transmitter.subject,org.keycloak.authorization.fgap
org.keycloak.ssf.transmitter.subject,org.keycloak.common.util
org.keycloak.ssf.transmitter.subject,org.keycloak.component
org.keycloak.ssf.transmitter.subject,org.keycloak.models
org.keycloak.ssf.transmitter.subject,org.keycloak.models.utils
org.keycloak.ssf.transmitter.subject,org.keycloak.organization
org.keycloak.ssf.transmitter.subject,org.keycloak.organization.utils
org.keycloak.ssf.transmitter.subject,org.keycloak.ssf
org.keycloak.ssf.transmitter.subject,org.keycloak.ssf.event.risc
org.keycloak.ssf.transmitter.subject,org.keycloak.ssf.event.stream
org.keycloak.ssf.transmitter.subject,org.keycloak.ssf.event.token
org.keycloak.ssf.transmitter.subject,org.keycloak.ssf.metadata
org.keycloak.ssf.transmitter.subject,org.keycloak.ssf.subject
org.keycloak.ssf.transmitter.subject,org.keycloak.ssf.transmitter
org.keycloak.ssf.transmitter.subject,org.keycloak.ssf.transmitter.resources
org.keycloak.ssf.transmitter.subject,org.keycloak.ssf.transmitter.stream
org.keycloak.ssf.transmitter.subject,org.keycloak.ssf.transmitter.stream.storage.client
org.keycloak.ssf.transmitter.subject,org.keycloak.ssf.transmitter.support
org.keycloak.ssf.transmitter.subject,org.keycloak.storage
org.keycloak.ssf.transmitter.subject,org.keycloak.storage.adapter
org.keycloak.ssf.transmitter.support,org.keycloak
org.keycloak.ssf.transmitter.support,org.keycloak.common.util
org.keycloak.ssf.transmitter.support,org.keycloak.events.admin
org.keycloak.ssf.transmitter.support,org.keycloak.models
org.keycloak.ssf.transmitter.support,org.keycloak.representations
org.keycloak.ssf.transmitter.support,org.keycloak.representations.idm
org.keycloak.ssf.transmitter.support,org.keycloak.services.managers
org.keycloak.ssf.transmitter.support,org.keycloak.ssf
org.keycloak.ssf.transmitter.support,org.keycloak.ssf.transmitter.stream.storage.client
org.keycloak.ssf.transmitter.support,org.keycloak.util
org.keycloak.ssf.transmitter.support,org.keycloak.utils
org.keycloak.storage,org.keycloak
org.keycloak.storage,org.keycloak.authorization.fgap
org.keycloak.storage,org.keycloak.authorization.fgap.evaluation.partial
org.keycloak.storage,org.keycloak.cluster
org.keycloak.storage,org.keycloak.common
org.keycloak.storage,org.keycloak.common.constants
org.keycloak.storage,org.keycloak.common.util
org.keycloak.storage,org.keycloak.common.util.reflections
org.keycloak.storage,org.keycloak.component
org.keycloak.storage,org.keycloak.credential
org.keycloak.storage,org.keycloak.exportimport
org.keycloak.storage,org.keycloak.models
org.keycloak.storage,org.keycloak.models.cache
org.keycloak.storage,org.keycloak.models.utils
org.keycloak.storage,org.keycloak.organization
org.keycloak.storage,org.keycloak.partialimport
org.keycloak.storage,org.keycloak.provider
org.keycloak.storage,org.keycloak.representations.idm
org.keycloak.storage,org.keycloak.sessions
org.keycloak.storage,org.keycloak.storage.client
org.keycloak.storage,org.keycloak.storage.clientscope
org.keycloak.storage,org.keycloak.storage.datastore
org.keycloak.storage,org.keycloak.storage.federated
org.keycloak.storage,org.keycloak.storage.group
org.keycloak.storage,org.keycloak.storage.role
org.keycloak.storage,org.keycloak.storage.user
org.keycloak.storage,org.keycloak.timer
org.keycloak.storage,org.keycloak.tracing
org.keycloak.storage,org.keycloak.userprofile
org.keycloak.storage,org.keycloak.utils
org.keycloak.storage.adapter,org.keycloak.common.util
org.keycloak.storage.adapter,org.keycloak.component
org.keycloak.storage.adapter,org.keycloak.models
org.keycloak.storage.adapter,org.keycloak.models.utils
org.keycloak.storage.adapter,org.keycloak.storage
org.keycloak.storage.adapter,org.keycloak.storage.federated
org.keycloak.storage.client,org.keycloak
org.keycloak.storage.client,org.keycloak.component
org.keycloak.storage.client,org.keycloak.models
org.keycloak.storage.client,org.keycloak.provider
org.keycloak.storage.client,org.keycloak.storage
org.keycloak.storage.clientscope,org.keycloak
org.keycloak.storage.clientscope,org.keycloak.component
org.keycloak.storage.clientscope,org.keycloak.models
org.keycloak.storage.clientscope,org.keycloak.provider
org.keycloak.storage.clientscope,org.keycloak.storage
org.keycloak.storage.configuration,org.keycloak.provider
org.keycloak.storage.configuration.jpa,org.keycloak
org.keycloak.storage.configuration.jpa,org.keycloak.connections.jpa
org.keycloak.storage.configuration.jpa,org.keycloak.models
org.keycloak.storage.configuration.jpa,org.keycloak.provider
org.keycloak.storage.configuration.jpa,org.keycloak.storage.configuration
org.keycloak.storage.configuration.jpa,org.keycloak.storage.configuration.jpa.entity
org.keycloak.storage.configuration.jpa,org.keycloak.utils
org.keycloak.storage.datastore,org.keycloak
org.keycloak.storage.datastore,org.keycloak.common
org.keycloak.storage.datastore,org.keycloak.common.enums
org.keycloak.storage.datastore,org.keycloak.common.util
org.keycloak.storage.datastore,org.keycloak.component
org.keycloak.storage.datastore,org.keycloak.connections.jpa.support
org.keycloak.storage.datastore,org.keycloak.deployment
org.keycloak.storage.datastore,org.keycloak.exportimport
org.keycloak.storage.datastore,org.keycloak.exportimport.util
org.keycloak.storage.datastore,org.keycloak.keys
org.keycloak.storage.datastore,org.keycloak.migration
org.keycloak.storage.datastore,org.keycloak.migration.migrators
org.keycloak.storage.datastore,org.keycloak.models
org.keycloak.storage.datastore,org.keycloak.models.cache
org.keycloak.storage.datastore,org.keycloak.models.utils
org.keycloak.storage.datastore,org.keycloak.organization
org.keycloak.storage.datastore,org.keycloak.organization.validation
org.keycloak.storage.datastore,org.keycloak.partialimport
org.keycloak.storage.datastore,org.keycloak.protocol
org.keycloak.storage.datastore,org.keycloak.protocol.oidc
org.keycloak.storage.datastore,org.keycloak.provider
org.keycloak.storage.datastore,org.keycloak.representations.idm
org.keycloak.storage.datastore,org.keycloak.services.scheduled
org.keycloak.storage.datastore,org.keycloak.sessions
org.keycloak.storage.datastore,org.keycloak.storage
org.keycloak.storage.datastore,org.keycloak.storage.federated
org.keycloak.storage.datastore,org.keycloak.timer
org.keycloak.storage.datastore,org.keycloak.util
org.keycloak.storage.datastore,org.keycloak.utils
org.keycloak.storage.datastore,org.keycloak.validation
org.keycloak.storage.federated,org.keycloak.common.util
org.keycloak.storage.federated,org.keycloak.component
org.keycloak.storage.federated,org.keycloak.credential
org.keycloak.storage.federated,org.keycloak.models
org.keycloak.storage.federated,org.keycloak.provider
org.keycloak.storage.group,org.keycloak
org.keycloak.storage.group,org.keycloak.component
org.keycloak.storage.group,org.keycloak.models
org.keycloak.storage.group,org.keycloak.provider
org.keycloak.storage.group,org.keycloak.storage
org.keycloak.storage.jpa,org.keycloak
org.keycloak.storage.jpa,org.keycloak.common.util
org.keycloak.storage.jpa,org.keycloak.component
org.keycloak.storage.jpa,org.keycloak.connections.jpa
org.keycloak.storage.jpa,org.keycloak.credential
org.keycloak.storage.jpa,org.keycloak.crypto
org.keycloak.storage.jpa,org.keycloak.models
org.keycloak.storage.jpa,org.keycloak.models.jpa
org.keycloak.storage.jpa,org.keycloak.models.jpa.entities
org.keycloak.storage.jpa,org.keycloak.models.light
org.keycloak.storage.jpa,org.keycloak.models.utils
org.keycloak.storage.jpa,org.keycloak.storage
org.keycloak.storage.jpa,org.keycloak.storage.client
org.keycloak.storage.jpa,org.keycloak.storage.federated
org.keycloak.storage.jpa,org.keycloak.storage.jpa.entity
org.keycloak.storage.jpa,org.keycloak.userprofile
org.keycloak.storage.jpa,org.keycloak.util
org.keycloak.storage.jpa.entity,org.keycloak.models.jpa.entities
org.keycloak.storage.jpa.entity,org.keycloak.storage.jpa
org.keycloak.storage.ldap,org.keycloak
org.keycloak.storage.ldap,org.keycloak.common
org.keycloak.storage.ldap,org.keycloak.common.constants
org.keycloak.storage.ldap,org.keycloak.common.util
org.keycloak.storage.ldap,org.keycloak.component
org.keycloak.storage.ldap,org.keycloak.config
org.keycloak.storage.ldap,org.keycloak.credential
org.keycloak.storage.ldap,org.keycloak.federation.kerberos
org.keycloak.storage.ldap,org.keycloak.federation.kerberos.impl
org.keycloak.storage.ldap,org.keycloak.models
org.keycloak.storage.ldap,org.keycloak.models.cache
org.keycloak.storage.ldap,org.keycloak.models.credential
org.keycloak.storage.ldap,org.keycloak.models.utils
org.keycloak.storage.ldap,org.keycloak.models.utils.reflection
org.keycloak.storage.ldap,org.keycloak.policy
org.keycloak.storage.ldap,org.keycloak.provider
org.keycloak.storage.ldap,org.keycloak.representations.idm
org.keycloak.storage.ldap,org.keycloak.services.resources.admin
org.keycloak.storage.ldap,org.keycloak.sessions
org.keycloak.storage.ldap,org.keycloak.storage
org.keycloak.storage.ldap,org.keycloak.storage.adapter
org.keycloak.storage.ldap,org.keycloak.storage.ldap.idm.model
org.keycloak.storage.ldap,org.keycloak.storage.ldap.idm.query
org.keycloak.storage.ldap,org.keycloak.storage.ldap.idm.query.internal
org.keycloak.storage.ldap,org.keycloak.storage.ldap.idm.store.ldap
org.keycloak.storage.ldap,org.keycloak.storage.ldap.idm.store.ldap.control
org.keycloak.storage.ldap,org.keycloak.storage.ldap.kerberos
org.keycloak.storage.ldap,org.keycloak.storage.ldap.mappers
org.keycloak.storage.ldap,org.keycloak.storage.ldap.mappers.membership
org.keycloak.storage.ldap,org.keycloak.storage.ldap.mappers.msad
org.keycloak.storage.ldap,org.keycloak.storage.user
org.keycloak.storage.ldap,org.keycloak.userprofile
org.keycloak.storage.ldap,org.keycloak.utils
org.keycloak.storage.ldap.idm.query.internal,org.keycloak.component
org.keycloak.storage.ldap.idm.query.internal,org.keycloak.models
org.keycloak.storage.ldap.idm.query.internal,org.keycloak.storage
org.keycloak.storage.ldap.idm.query.internal,org.keycloak.storage.ldap
org.keycloak.storage.ldap.idm.query.internal,org.keycloak.storage.ldap.idm.model
org.keycloak.storage.ldap.idm.query.internal,org.keycloak.storage.ldap.idm.query
org.keycloak.storage.ldap.idm.query.internal,org.keycloak.storage.ldap.idm.store.ldap
org.keycloak.storage.ldap.idm.query.internal,org.keycloak.storage.ldap.mappers
org.keycloak.storage.ldap.idm.store,org.keycloak.models
org.keycloak.storage.ldap.idm.store,org.keycloak.representations.idm
org.keycloak.storage.ldap.idm.store,org.keycloak.storage.ldap
org.keycloak.storage.ldap.idm.store,org.keycloak.storage.ldap.idm.model
org.keycloak.storage.ldap.idm.store,org.keycloak.storage.ldap.idm.query.internal
org.keycloak.storage.ldap.idm.store,org.keycloak.storage.ldap.mappers
org.keycloak.storage.ldap.idm.store.ldap,org.keycloak.common.util
org.keycloak.storage.ldap.idm.store.ldap,org.keycloak.models
org.keycloak.storage.ldap.idm.store.ldap,org.keycloak.representations.idm
org.keycloak.storage.ldap.idm.store.ldap,org.keycloak.storage.ldap
org.keycloak.storage.ldap.idm.store.ldap,org.keycloak.storage.ldap.idm.model
org.keycloak.storage.ldap.idm.store.ldap,org.keycloak.storage.ldap.idm.query
org.keycloak.storage.ldap.idm.store.ldap,org.keycloak.storage.ldap.idm.query.internal
org.keycloak.storage.ldap.idm.store.ldap,org.keycloak.storage.ldap.idm.store
org.keycloak.storage.ldap.idm.store.ldap,org.keycloak.storage.ldap.idm.store.ldap.control
org.keycloak.storage.ldap.idm.store.ldap,org.keycloak.storage.ldap.idm.store.ldap.extended
org.keycloak.storage.ldap.idm.store.ldap,org.keycloak.storage.ldap.mappers
org.keycloak.storage.ldap.idm.store.ldap,org.keycloak.tracing
org.keycloak.storage.ldap.idm.store.ldap,org.keycloak.truststore
org.keycloak.storage.ldap.idm.store.ldap,org.keycloak.vault
org.keycloak.storage.ldap.idm.store.ldap.control,org.keycloak.storage.ldap.idm.store.ldap
org.keycloak.storage.ldap.kerberos,org.keycloak.common.constants
org.keycloak.storage.ldap.kerberos,org.keycloak.component
org.keycloak.storage.ldap.kerberos,org.keycloak.federation.kerberos
org.keycloak.storage.ldap.kerberos,org.keycloak.representations.idm
org.keycloak.storage.ldap.kerberos,org.keycloak.storage.ldap
org.keycloak.storage.ldap.mappers,org.keycloak
org.keycloak.storage.ldap.mappers,org.keycloak.cache
org.keycloak.storage.ldap.mappers,org.keycloak.common.util
org.keycloak.storage.ldap.mappers,org.keycloak.component
org.keycloak.storage.ldap.mappers,org.keycloak.models
org.keycloak.storage.ldap.mappers,org.keycloak.models.utils
org.keycloak.storage.ldap.mappers,org.keycloak.models.utils.reflection
org.keycloak.storage.ldap.mappers,org.keycloak.provider
org.keycloak.storage.ldap.mappers,org.keycloak.storage
org.keycloak.storage.ldap.mappers,org.keycloak.storage.ldap
org.keycloak.storage.ldap.mappers,org.keycloak.storage.ldap.idm.model
org.keycloak.storage.ldap.mappers,org.keycloak.storage.ldap.idm.query
org.keycloak.storage.ldap.mappers,org.keycloak.storage.ldap.idm.query.internal
org.keycloak.storage.ldap.mappers,org.keycloak.storage.ldap.idm.store.ldap
org.keycloak.storage.ldap.mappers,org.keycloak.storage.user
org.keycloak.storage.ldap.mappers,org.keycloak.utils
org.keycloak.storage.ldap.mappers.membership,org.keycloak.component
org.keycloak.storage.ldap.mappers.membership,org.keycloak.models
org.keycloak.storage.ldap.mappers.membership,org.keycloak.storage.ldap
org.keycloak.storage.ldap.mappers.membership,org.keycloak.storage.ldap.idm.model
org.keycloak.storage.ldap.mappers.membership,org.keycloak.storage.ldap.idm.query
org.keycloak.storage.ldap.mappers.membership,org.keycloak.storage.ldap.idm.query.internal
org.keycloak.storage.ldap.mappers.membership,org.keycloak.storage.ldap.mappers
org.keycloak.storage.ldap.mappers.membership,org.keycloak.utils
org.keycloak.storage.ldap.mappers.membership.group,org.keycloak.common.util
org.keycloak.storage.ldap.mappers.membership.group,org.keycloak.component
org.keycloak.storage.ldap.mappers.membership.group,org.keycloak.models
org.keycloak.storage.ldap.mappers.membership.group,org.keycloak.models.utils
org.keycloak.storage.ldap.mappers.membership.group,org.keycloak.provider
org.keycloak.storage.ldap.mappers.membership.group,org.keycloak.storage
org.keycloak.storage.ldap.mappers.membership.group,org.keycloak.storage.ldap
org.keycloak.storage.ldap.mappers.membership.group,org.keycloak.storage.ldap.idm.model
org.keycloak.storage.ldap.mappers.membership.group,org.keycloak.storage.ldap.idm.query
org.keycloak.storage.ldap.mappers.membership.group,org.keycloak.storage.ldap.idm.query.internal
org.keycloak.storage.ldap.mappers.membership.group,org.keycloak.storage.ldap.idm.store.ldap
org.keycloak.storage.ldap.mappers.membership.group,org.keycloak.storage.ldap.mappers
org.keycloak.storage.ldap.mappers.membership.group,org.keycloak.storage.ldap.mappers.membership
org.keycloak.storage.ldap.mappers.membership.group,org.keycloak.storage.ldap.mappers.membership.role
org.keycloak.storage.ldap.mappers.membership.group,org.keycloak.storage.user
org.keycloak.storage.ldap.mappers.membership.role,org.keycloak.component
org.keycloak.storage.ldap.mappers.membership.role,org.keycloak.models
org.keycloak.storage.ldap.mappers.membership.role,org.keycloak.models.utils
org.keycloak.storage.ldap.mappers.membership.role,org.keycloak.provider
org.keycloak.storage.ldap.mappers.membership.role,org.keycloak.storage
org.keycloak.storage.ldap.mappers.membership.role,org.keycloak.storage.ldap
org.keycloak.storage.ldap.mappers.membership.role,org.keycloak.storage.ldap.idm.model
org.keycloak.storage.ldap.mappers.membership.role,org.keycloak.storage.ldap.idm.query
org.keycloak.storage.ldap.mappers.membership.role,org.keycloak.storage.ldap.idm.query.internal
org.keycloak.storage.ldap.mappers.membership.role,org.keycloak.storage.ldap.mappers
org.keycloak.storage.ldap.mappers.membership.role,org.keycloak.storage.ldap.mappers.membership
org.keycloak.storage.ldap.mappers.membership.role,org.keycloak.storage.ldap.mappers.membership.group
org.keycloak.storage.ldap.mappers.membership.role,org.keycloak.storage.user
org.keycloak.storage.ldap.mappers.msad,org.keycloak.component
org.keycloak.storage.ldap.mappers.msad,org.keycloak.models
org.keycloak.storage.ldap.mappers.msad,org.keycloak.provider
org.keycloak.storage.ldap.mappers.msad,org.keycloak.sessions
org.keycloak.storage.ldap.mappers.msad,org.keycloak.storage
org.keycloak.storage.ldap.mappers.msad,org.keycloak.storage.ldap
org.keycloak.storage.ldap.mappers.msad,org.keycloak.storage.ldap.idm.model
org.keycloak.storage.ldap.mappers.msad,org.keycloak.storage.ldap.idm.query.internal
org.keycloak.storage.ldap.mappers.msad,org.keycloak.storage.ldap.idm.store.ldap
org.keycloak.storage.ldap.mappers.msad,org.keycloak.storage.ldap.mappers
org.keycloak.storage.ldap.mappers.msadlds,org.keycloak.component
org.keycloak.storage.ldap.mappers.msadlds,org.keycloak.models
org.keycloak.storage.ldap.mappers.msadlds,org.keycloak.models.utils
org.keycloak.storage.ldap.mappers.msadlds,org.keycloak.provider
org.keycloak.storage.ldap.mappers.msadlds,org.keycloak.storage
org.keycloak.storage.ldap.mappers.msadlds,org.keycloak.storage.ldap
org.keycloak.storage.ldap.mappers.msadlds,org.keycloak.storage.ldap.idm.model
org.keycloak.storage.ldap.mappers.msadlds,org.keycloak.storage.ldap.idm.query.internal
org.keycloak.storage.ldap.mappers.msadlds,org.keycloak.storage.ldap.mappers
org.keycloak.storage.ldap.mappers.msadlds,org.keycloak.storage.ldap.mappers.msad
org.keycloak.storage.role,org.keycloak
org.keycloak.storage.role,org.keycloak.component
org.keycloak.storage.role,org.keycloak.models
org.keycloak.storage.role,org.keycloak.provider
org.keycloak.storage.role,org.keycloak.storage
org.keycloak.storage.user,org.keycloak.credential
org.keycloak.storage.user,org.keycloak.models
org.keycloak.storage.user,org.keycloak.storage
org.keycloak.storage.user,org.keycloak.utils
org.keycloak.subsystem.adapter.saml.extension,org.keycloak.adapters.saml
org.keycloak.subsystem.adapter.saml.extension,org.keycloak.adapters.saml.elytron
org.keycloak.subsystem.adapter.saml.extension,org.keycloak.subsystem.adapter.saml.extension.logging
org.keycloak.testsuite,org.keycloak.authentication
org.keycloak.testsuite,org.keycloak.authentication.authenticators.browser
org.keycloak.testsuite,org.keycloak.authorization.policy.provider
org.keycloak.testsuite,org.keycloak.authorization.policy.provider.js
org.keycloak.testsuite,org.keycloak.common
org.keycloak.testsuite,org.keycloak.common.util
org.keycloak.testsuite,org.keycloak.connections.infinispan
org.keycloak.testsuite,org.keycloak.models
org.keycloak.testsuite,org.keycloak.models.utils
org.keycloak.testsuite,org.keycloak.protocol
org.keycloak.testsuite,org.keycloak.protocol.oidc.mappers
org.keycloak.testsuite,org.keycloak.protocol.saml.mappers
org.keycloak.testsuite,org.keycloak.provider
org.keycloak.testsuite,org.keycloak.representations.idm
org.keycloak.testsuite,org.keycloak.representations.provider
org.keycloak.testsuite,org.keycloak.services
org.keycloak.testsuite,org.keycloak.services.managers
org.keycloak.testsuite,org.keycloak.services.resources
org.keycloak.testsuite,org.keycloak.testsuite.util.cli
org.keycloak.testsuite,org.keycloak.util
org.keycloak.testsuite,org.keycloak.util.ldap
org.keycloak.testsuite.actions,org.keycloak
org.keycloak.testsuite.actions,org.keycloak.authentication
org.keycloak.testsuite.actions,org.keycloak.models
org.keycloak.testsuite.actions,org.keycloak.provider
org.keycloak.testsuite.adapter.filter,org.keycloak.common.util
org.keycloak.testsuite.adapter.servlet,org.keycloak.adapters.saml
org.keycloak.testsuite.adapter.servlet,org.keycloak.adapters.saml.config.parsers
org.keycloak.testsuite.adapter.servlet,org.keycloak.adapters.spi
org.keycloak.testsuite.adapter.servlet,org.keycloak.dom.saml.v2.protocol
org.keycloak.testsuite.adapter.servlet,org.keycloak.saml
org.keycloak.testsuite.adapter.servlet,org.keycloak.saml.common.constants
org.keycloak.testsuite.adapter.servlet,org.keycloak.saml.common.exceptions
org.keycloak.testsuite.adapter.servlet,org.keycloak.saml.processing.api.saml.v2.request
org.keycloak.testsuite.arquillian.galleon,org.keycloak.testsuite.arquillian.galleon.container
org.keycloak.testsuite.arquillian.galleon.container,org.keycloak.testsuite.arquillian.container
org.keycloak.testsuite.arquillian.galleon.container,org.keycloak.testsuite.utils.arquillian
org.keycloak.testsuite.arquillian.undertow,org.keycloak.common.util.reflections
org.keycloak.testsuite.arquillian.undertow,org.keycloak.models
org.keycloak.testsuite.arquillian.undertow,org.keycloak.services
org.keycloak.testsuite.arquillian.undertow,org.keycloak.services.managers
org.keycloak.testsuite.arquillian.undertow,org.keycloak.services.resources
org.keycloak.testsuite.arquillian.undertow,org.keycloak.testsuite
org.keycloak.testsuite.arquillian.undertow,org.keycloak.testsuite.arquillian.undertow.lb
org.keycloak.testsuite.arquillian.undertow,org.keycloak.testsuite.utils.tls
org.keycloak.testsuite.arquillian.undertow,org.keycloak.testsuite.utils.undertow
org.keycloak.testsuite.arquillian.undertow.lb,org.keycloak.common.util.reflections
org.keycloak.testsuite.arquillian.undertow.lb,org.keycloak.cookie
org.keycloak.testsuite.arquillian.undertow.lb,org.keycloak.testsuite.arquillian
org.keycloak.testsuite.arquillian.undertow.lb,org.keycloak.testsuite.utils.tls
org.keycloak.testsuite.arquillian.wildfly,org.keycloak.testsuite.arquillian.wildfly.container
org.keycloak.testsuite.arquillian.wildfly.container,org.keycloak.testsuite.arquillian.container
org.keycloak.testsuite.arquillian.wildfly.container,org.keycloak.testsuite.utils.arquillian
org.keycloak.testsuite.authentication,org.keycloak
org.keycloak.testsuite.authentication,org.keycloak.authentication
org.keycloak.testsuite.authentication,org.keycloak.models
org.keycloak.testsuite.authentication,org.keycloak.protocol.oidc.endpoints
org.keycloak.testsuite.authentication,org.keycloak.protocol.oidc.grants.ciba.channel
org.keycloak.testsuite.authentication,org.keycloak.protocol.saml
org.keycloak.testsuite.authentication,org.keycloak.protocol.saml.util
org.keycloak.testsuite.authentication,org.keycloak.provider
org.keycloak.testsuite.authentication,org.keycloak.testsuite.util
org.keycloak.testsuite.authorization,org.keycloak
org.keycloak.testsuite.authorization,org.keycloak.authorization
org.keycloak.testsuite.authorization,org.keycloak.authorization.attribute
org.keycloak.testsuite.authorization,org.keycloak.authorization.identity
org.keycloak.testsuite.authorization,org.keycloak.authorization.model
org.keycloak.testsuite.authorization,org.keycloak.authorization.permission
org.keycloak.testsuite.authorization,org.keycloak.authorization.policy.evaluation
org.keycloak.testsuite.authorization,org.keycloak.authorization.policy.provider
org.keycloak.testsuite.authorization,org.keycloak.models
org.keycloak.testsuite.authorization,org.keycloak.representations.idm.authorization
org.keycloak.testsuite.broker.oidc,org.keycloak.broker.oidc
org.keycloak.testsuite.broker.oidc,org.keycloak.broker.provider
org.keycloak.testsuite.broker.oidc,org.keycloak.models
org.keycloak.testsuite.broker.oidc,org.keycloak.protocol.oidc
org.keycloak.testsuite.broker.oidc,org.keycloak.representations
org.keycloak.testsuite.broker.oidc,org.keycloak.representations.idm
org.keycloak.testsuite.broker.oidc,org.keycloak.sessions
org.keycloak.testsuite.broker.oidc,org.keycloak.util
org.keycloak.testsuite.broker.provider,org.keycloak.broker.provider
org.keycloak.testsuite.broker.provider,org.keycloak.provider
org.keycloak.testsuite.components.amphibian,org.keycloak
org.keycloak.testsuite.components.amphibian,org.keycloak.component
org.keycloak.testsuite.components.amphibian,org.keycloak.models
org.keycloak.testsuite.components.amphibian,org.keycloak.provider
org.keycloak.testsuite.domainextension,org.keycloak.testsuite.domainextension.jpa
org.keycloak.testsuite.domainextension.jpa,org.keycloak.connections.jpa.entityprovider
org.keycloak.testsuite.domainextension.jpa,org.keycloak.models
org.keycloak.testsuite.domainextension.rest,org.keycloak.models
org.keycloak.testsuite.domainextension.rest,org.keycloak.services.managers
org.keycloak.testsuite.domainextension.rest,org.keycloak.services.resource
org.keycloak.testsuite.domainextension.rest,org.keycloak.testsuite.domainextension
org.keycloak.testsuite.domainextension.rest,org.keycloak.testsuite.domainextension.spi
org.keycloak.testsuite.domainextension.spi,org.keycloak.provider
org.keycloak.testsuite.domainextension.spi,org.keycloak.testsuite.domainextension
org.keycloak.testsuite.domainextension.spi.impl,org.keycloak.connections.jpa
org.keycloak.testsuite.domainextension.spi.impl,org.keycloak.models
org.keycloak.testsuite.domainextension.spi.impl,org.keycloak.models.utils
org.keycloak.testsuite.domainextension.spi.impl,org.keycloak.testsuite.domainextension
org.keycloak.testsuite.domainextension.spi.impl,org.keycloak.testsuite.domainextension.jpa
org.keycloak.testsuite.domainextension.spi.impl,org.keycloak.testsuite.domainextension.spi
org.keycloak.testsuite.events,org.keycloak
org.keycloak.testsuite.events,org.keycloak.events
org.keycloak.testsuite.events,org.keycloak.events.admin
org.keycloak.testsuite.events,org.keycloak.models
org.keycloak.testsuite.federation,org.keycloak
org.keycloak.testsuite.federation,org.keycloak.common.util
org.keycloak.testsuite.federation,org.keycloak.component
org.keycloak.testsuite.federation,org.keycloak.credential
org.keycloak.testsuite.federation,org.keycloak.credential.hash
org.keycloak.testsuite.federation,org.keycloak.models
org.keycloak.testsuite.federation,org.keycloak.models.cache
org.keycloak.testsuite.federation,org.keycloak.models.credential
org.keycloak.testsuite.federation,org.keycloak.models.utils
org.keycloak.testsuite.federation,org.keycloak.protocol.oidc
org.keycloak.testsuite.federation,org.keycloak.provider
org.keycloak.testsuite.federation,org.keycloak.storage
org.keycloak.testsuite.federation,org.keycloak.storage.adapter
org.keycloak.testsuite.federation,org.keycloak.storage.client
org.keycloak.testsuite.federation,org.keycloak.storage.clientscope
org.keycloak.testsuite.federation,org.keycloak.storage.federated
org.keycloak.testsuite.federation,org.keycloak.storage.group
org.keycloak.testsuite.federation,org.keycloak.storage.role
org.keycloak.testsuite.federation,org.keycloak.storage.user
org.keycloak.testsuite.federation,org.keycloak.util
org.keycloak.testsuite.federation.sync,org.keycloak.models
org.keycloak.testsuite.federation.sync,org.keycloak.models.utils
org.keycloak.testsuite.federation.sync,org.keycloak.provider
org.keycloak.testsuite.federation.sync,org.keycloak.storage
org.keycloak.testsuite.federation.sync,org.keycloak.storage.user
org.keycloak.testsuite.federation.sync,org.keycloak.testsuite.federation
org.keycloak.testsuite.forms,org.keycloak
org.keycloak.testsuite.forms,org.keycloak.authentication
org.keycloak.testsuite.forms,org.keycloak.authentication.authenticators.client
org.keycloak.testsuite.forms,org.keycloak.events
org.keycloak.testsuite.forms,org.keycloak.models
org.keycloak.testsuite.forms,org.keycloak.models.utils
org.keycloak.testsuite.forms,org.keycloak.protocol.oidc
org.keycloak.testsuite.forms,org.keycloak.provider
org.keycloak.testsuite.forms,org.keycloak.sessions
org.keycloak.testsuite.model,org.keycloak
org.keycloak.testsuite.model,org.keycloak.common.util
org.keycloak.testsuite.model,org.keycloak.connections.infinispan
org.keycloak.testsuite.model,org.keycloak.marshalling
org.keycloak.testsuite.model,org.keycloak.provider
org.keycloak.testsuite.model.infinispan,org.keycloak.connections.infinispan
org.keycloak.testsuite.model.infinispan,org.keycloak.models
org.keycloak.testsuite.rest,org.keycloak
org.keycloak.testsuite.rest,org.keycloak.common
org.keycloak.testsuite.rest,org.keycloak.common.enums
org.keycloak.testsuite.rest,org.keycloak.common.profile
org.keycloak.testsuite.rest,org.keycloak.common.util
org.keycloak.testsuite.rest,org.keycloak.component
org.keycloak.testsuite.rest,org.keycloak.crypto
org.keycloak.testsuite.rest,org.keycloak.events
org.keycloak.testsuite.rest,org.keycloak.events.admin
org.keycloak.testsuite.rest,org.keycloak.http
org.keycloak.testsuite.rest,org.keycloak.jose.jws
org.keycloak.testsuite.rest,org.keycloak.models
org.keycloak.testsuite.rest,org.keycloak.models.utils
org.keycloak.testsuite.rest,org.keycloak.protocol.oidc.grants.ciba.endpoints
org.keycloak.testsuite.rest,org.keycloak.representations
org.keycloak.testsuite.rest,org.keycloak.representations.adapters.action
org.keycloak.testsuite.rest,org.keycloak.representations.idm
org.keycloak.testsuite.rest,org.keycloak.services.resource
org.keycloak.testsuite.rest,org.keycloak.services.resources
org.keycloak.testsuite.rest,org.keycloak.testsuite.components.amphibian
org.keycloak.testsuite.rest,org.keycloak.testsuite.events
org.keycloak.testsuite.rest,org.keycloak.testsuite.model.infinispan
org.keycloak.testsuite.rest,org.keycloak.testsuite.rest.representation
org.keycloak.testsuite.rest,org.keycloak.testsuite.rest.resource
org.keycloak.testsuite.rest,org.keycloak.testsuite.util
org.keycloak.testsuite.rest,org.keycloak.timer
org.keycloak.testsuite.rest,org.keycloak.truststore
org.keycloak.testsuite.rest,org.keycloak.util
org.keycloak.testsuite.rest,org.keycloak.utils
org.keycloak.testsuite.rest.representation,org.keycloak.protocol.oidc.grants.ciba.channel
org.keycloak.testsuite.rest.resource,org.keycloak
org.keycloak.testsuite.rest.resource,org.keycloak.common.util
org.keycloak.testsuite.rest.resource,org.keycloak.constants
org.keycloak.testsuite.rest.resource,org.keycloak.crypto
org.keycloak.testsuite.rest.resource,org.keycloak.jose.jwe
org.keycloak.testsuite.rest.resource,org.keycloak.jose.jwk
org.keycloak.testsuite.rest.resource,org.keycloak.jose.jws
org.keycloak.testsuite.rest.resource,org.keycloak.models
org.keycloak.testsuite.rest.resource,org.keycloak.protocol.oidc
org.keycloak.testsuite.rest.resource,org.keycloak.protocol.oidc.grants.ciba
org.keycloak.testsuite.rest.resource,org.keycloak.protocol.oidc.grants.ciba.channel
org.keycloak.testsuite.rest.resource,org.keycloak.protocol.oidc.grants.ciba.endpoints
org.keycloak.testsuite.rest.resource,org.keycloak.representations
org.keycloak.testsuite.rest.resource,org.keycloak.services
org.keycloak.testsuite.rest.resource,org.keycloak.services.clientpolicy.executor
org.keycloak.testsuite.rest.resource,org.keycloak.services.managers
org.keycloak.testsuite.rest.resource,org.keycloak.testsuite.rest
org.keycloak.testsuite.rest.resource,org.keycloak.testsuite.rest.representation
org.keycloak.testsuite.rest.resource,org.keycloak.util
org.keycloak.testsuite.services.clientpolicy.condition,org.keycloak
org.keycloak.testsuite.services.clientpolicy.condition,org.keycloak.models
org.keycloak.testsuite.services.clientpolicy.condition,org.keycloak.provider
org.keycloak.testsuite.services.clientpolicy.condition,org.keycloak.representations.idm
org.keycloak.testsuite.services.clientpolicy.condition,org.keycloak.services.clientpolicy
org.keycloak.testsuite.services.clientpolicy.condition,org.keycloak.services.clientpolicy.condition
org.keycloak.testsuite.services.clientpolicy.executor,org.keycloak
org.keycloak.testsuite.services.clientpolicy.executor,org.keycloak.models
org.keycloak.testsuite.services.clientpolicy.executor,org.keycloak.protocol.oidc
org.keycloak.testsuite.services.clientpolicy.executor,org.keycloak.provider
org.keycloak.testsuite.services.clientpolicy.executor,org.keycloak.representations.idm
org.keycloak.testsuite.services.clientpolicy.executor,org.keycloak.services.clientpolicy
org.keycloak.testsuite.services.clientpolicy.executor,org.keycloak.services.clientpolicy.context
org.keycloak.testsuite.services.clientpolicy.executor,org.keycloak.services.clientpolicy.executor
org.keycloak.testsuite.theme,org.keycloak
org.keycloak.testsuite.theme,org.keycloak.models
org.keycloak.testsuite.theme,org.keycloak.provider
org.keycloak.testsuite.theme,org.keycloak.services.resource
org.keycloak.testsuite.theme,org.keycloak.theme
org.keycloak.testsuite.user.profile,org.keycloak.models
org.keycloak.testsuite.user.profile,org.keycloak.representations.userprofile.config
org.keycloak.testsuite.user.profile,org.keycloak.userprofile
org.keycloak.testsuite.util,org.keycloak
org.keycloak.testsuite.util,org.keycloak.common
org.keycloak.testsuite.util,org.keycloak.provider
org.keycloak.testsuite.util,org.keycloak.services
org.keycloak.testsuite.util,org.keycloak.services.resources
org.keycloak.testsuite.util.cli,org.keycloak.cluster
org.keycloak.testsuite.util.cli,org.keycloak.common.util
org.keycloak.testsuite.util.cli,org.keycloak.component
org.keycloak.testsuite.util.cli,org.keycloak.connections.infinispan
org.keycloak.testsuite.util.cli,org.keycloak.models
org.keycloak.testsuite.util.cli,org.keycloak.models.session
org.keycloak.testsuite.util.cli,org.keycloak.models.sessions.infinispan.changes
org.keycloak.testsuite.util.cli,org.keycloak.models.sessions.infinispan.entities
org.keycloak.testsuite.util.cli,org.keycloak.models.utils
org.keycloak.testsuite.util.cli,org.keycloak.services.managers
org.keycloak.testsuite.util.cli,org.keycloak.storage
org.keycloak.testsuite.util.cli,org.keycloak.storage.ldap
org.keycloak.testsuite.util.cli,org.keycloak.storage.ldap.idm.model
org.keycloak.testsuite.util.cli,org.keycloak.storage.ldap.mappers
org.keycloak.testsuite.util.cli,org.keycloak.storage.ldap.mappers.membership.group
org.keycloak.testsuite.util.cli,org.keycloak.testsuite
org.keycloak.testsuite.utils.arquillian,org.keycloak.representations.adapters.config
org.keycloak.testsuite.utils.arquillian,org.keycloak.testsuite.utils.io
org.keycloak.testsuite.utils.arquillian,org.keycloak.util
org.keycloak.testsuite.utils.io,org.keycloak.representations.idm
org.keycloak.testsuite.utils.io,org.keycloak.util
org.keycloak.testsuite.validate,org.keycloak.provider
org.keycloak.testsuite.validate,org.keycloak.validate
org.keycloak.testsuite.wellknown,org.keycloak
org.keycloak.testsuite.wellknown,org.keycloak.models
org.keycloak.testsuite.wellknown,org.keycloak.protocol.oidc
org.keycloak.testsuite.wellknown,org.keycloak.protocol.oidc.representations
org.keycloak.testsuite.wellknown,org.keycloak.wellknown
org.keycloak.theme,org.keycloak
org.keycloak.theme,org.keycloak.common
org.keycloak.theme,org.keycloak.common.util
org.keycloak.theme,org.keycloak.models
org.keycloak.theme,org.keycloak.provider
org.keycloak.theme,org.keycloak.services.util
org.keycloak.theme,org.keycloak.util
org.keycloak.theme.beans,org.keycloak.forms.login
org.keycloak.theme.beans,org.keycloak.models
org.keycloak.theme.beans,org.keycloak.theme
org.keycloak.theme.freemarker,org.keycloak
org.keycloak.theme.freemarker,org.keycloak.models
org.keycloak.theme.freemarker,org.keycloak.provider
org.keycloak.theme.freemarker,org.keycloak.theme
org.keycloak.timer,org.keycloak.models
org.keycloak.timer,org.keycloak.provider
org.keycloak.timer.basic,org.keycloak
org.keycloak.timer.basic,org.keycloak.common.util
org.keycloak.timer.basic,org.keycloak.models
org.keycloak.timer.basic,org.keycloak.services.scheduled
org.keycloak.timer.basic,org.keycloak.timer
org.keycloak.tracing,org.keycloak
org.keycloak.tracing,org.keycloak.common
org.keycloak.tracing,org.keycloak.models
org.keycloak.tracing,org.keycloak.provider
org.keycloak.tracing,org.keycloak.utils
org.keycloak.transaction,org.keycloak
org.keycloak.transaction,org.keycloak.http
org.keycloak.transaction,org.keycloak.models
org.keycloak.transaction,org.keycloak.provider
org.keycloak.transaction,org.keycloak.services
org.keycloak.transaction,org.keycloak.services.messages
org.keycloak.truststore,org.keycloak
org.keycloak.truststore,org.keycloak.common.crypto
org.keycloak.truststore,org.keycloak.common.enums
org.keycloak.truststore,org.keycloak.common.util
org.keycloak.truststore,org.keycloak.config
org.keycloak.truststore,org.keycloak.models
org.keycloak.truststore,org.keycloak.provider
org.keycloak.url,org.keycloak
org.keycloak.url,org.keycloak.common
org.keycloak.url,org.keycloak.common.enums
org.keycloak.url,org.keycloak.common.util
org.keycloak.url,org.keycloak.models
org.keycloak.url,org.keycloak.provider
org.keycloak.url,org.keycloak.urls
org.keycloak.urls,org.keycloak
org.keycloak.urls,org.keycloak.models
org.keycloak.urls,org.keycloak.provider
org.keycloak.userprofile,org.keycloak
org.keycloak.userprofile,org.keycloak.authentication.requiredactions
org.keycloak.userprofile,org.keycloak.common
org.keycloak.userprofile,org.keycloak.common.util
org.keycloak.userprofile,org.keycloak.component
org.keycloak.userprofile,org.keycloak.events
org.keycloak.userprofile,org.keycloak.models
org.keycloak.userprofile,org.keycloak.models.utils
org.keycloak.userprofile,org.keycloak.organization.validator
org.keycloak.userprofile,org.keycloak.provider
org.keycloak.userprofile,org.keycloak.representations.idm
org.keycloak.userprofile,org.keycloak.representations.userprofile.config
org.keycloak.userprofile,org.keycloak.services.managers
org.keycloak.userprofile,org.keycloak.services.messages
org.keycloak.userprofile,org.keycloak.sessions
org.keycloak.userprofile,org.keycloak.storage
org.keycloak.userprofile,org.keycloak.userprofile.config
org.keycloak.userprofile,org.keycloak.userprofile.validator
org.keycloak.userprofile,org.keycloak.util
org.keycloak.userprofile,org.keycloak.utils
org.keycloak.userprofile,org.keycloak.validate
org.keycloak.userprofile,org.keycloak.validate.validators
org.keycloak.userprofile.config,org.keycloak.common.util
org.keycloak.userprofile.config,org.keycloak.component
org.keycloak.userprofile.config,org.keycloak.models
org.keycloak.userprofile.config,org.keycloak.representations.userprofile.config
org.keycloak.userprofile.config,org.keycloak.userprofile
org.keycloak.userprofile.config,org.keycloak.util
org.keycloak.userprofile.config,org.keycloak.validate
org.keycloak.userprofile.validator,org.keycloak.common.util
org.keycloak.userprofile.validator,org.keycloak.models
org.keycloak.userprofile.validator,org.keycloak.provider
org.keycloak.userprofile.validator,org.keycloak.services.messages
org.keycloak.userprofile.validator,org.keycloak.services.validation
org.keycloak.userprofile.validator,org.keycloak.userprofile
org.keycloak.userprofile.validator,org.keycloak.utils
org.keycloak.userprofile.validator,org.keycloak.validate
org.keycloak.userprofile.validator,org.keycloak.validate.validators
org.keycloak.util,org.keycloak
org.keycloak.util,org.keycloak.common.util
org.keycloak.util,org.keycloak.crypto
org.keycloak.util,org.keycloak.jose.jwe
org.keycloak.util,org.keycloak.jose.jwe.alg
org.keycloak.util,org.keycloak.jose.jwe.enc
org.keycloak.util,org.keycloak.jose.jwk
org.keycloak.util,org.keycloak.jose.jws
org.keycloak.util,org.keycloak.jose.jws.crypto
org.keycloak.util,org.keycloak.json
org.keycloak.util,org.keycloak.representations
org.keycloak.util,org.keycloak.representations.dpop
org.keycloak.util.ldap,org.keycloak.common.util
org.keycloak.utils,org.keycloak
org.keycloak.utils,org.keycloak.authentication
org.keycloak.utils,org.keycloak.authorization.fgap
org.keycloak.utils,org.keycloak.common
org.keycloak.utils,org.keycloak.common.util
org.keycloak.utils,org.keycloak.connections.httpclient
org.keycloak.utils,org.keycloak.credential
org.keycloak.utils,org.keycloak.device
org.keycloak.utils,org.keycloak.email
org.keycloak.utils,org.keycloak.executors
org.keycloak.utils,org.keycloak.models
org.keycloak.utils,org.keycloak.models.credential
org.keycloak.utils,org.keycloak.models.utils
org.keycloak.utils,org.keycloak.provider
org.keycloak.utils,org.keycloak.representations
org.keycloak.utils,org.keycloak.representations.account
org.keycloak.utils,org.keycloak.representations.idm
org.keycloak.utils,org.keycloak.services
org.keycloak.utils,org.keycloak.services.clientpolicy
org.keycloak.utils,org.keycloak.services.cors
org.keycloak.utils,org.keycloak.services.resources.admin.fgap
org.keycloak.utils,org.keycloak.services.util
org.keycloak.utils,org.keycloak.theme
org.keycloak.utils,org.keycloak.truststore
org.keycloak.utils,org.keycloak.util
org.keycloak.validate,org.keycloak
org.keycloak.validate,org.keycloak.models
org.keycloak.validate,org.keycloak.provider
org.keycloak.validate,org.keycloak.utils
org.keycloak.validate,org.keycloak.validate.validators
org.keycloak.validate.validators,org.keycloak.email
org.keycloak.validate.validators,org.keycloak.models
org.keycloak.validate.validators,org.keycloak.provider
org.keycloak.validate.validators,org.keycloak.utils
org.keycloak.validate.validators,org.keycloak.validate
org.keycloak.validation,org.keycloak
org.keycloak.validation,org.keycloak.authentication.authenticators.client
org.keycloak.validation,org.keycloak.authentication.authenticators.util
org.keycloak.validation,org.keycloak.models
org.keycloak.validation,org.keycloak.protocol
org.keycloak.validation,org.keycloak.protocol.oidc
org.keycloak.validation,org.keycloak.protocol.oidc.grants.ciba
org.keycloak.validation,org.keycloak.protocol.oidc.mappers
org.keycloak.validation,org.keycloak.protocol.oidc.utils
org.keycloak.validation,org.keycloak.protocol.saml
org.keycloak.validation,org.keycloak.provider
org.keycloak.validation,org.keycloak.representations.idm
org.keycloak.validation,org.keycloak.representations.oidc
org.keycloak.validation,org.keycloak.services.messages
org.keycloak.validation,org.keycloak.services.util
org.keycloak.validation,org.keycloak.utils
org.keycloak.validation.jakarta,org.keycloak.models
org.keycloak.vault,org.keycloak
org.keycloak.vault,org.keycloak.models
org.keycloak.vault,org.keycloak.provider
org.keycloak.wellknown,org.keycloak.provider
org.keycloak.workflow.admin.resource,org.keycloak.common
org.keycloak.workflow.admin.resource,org.keycloak.component
org.keycloak.workflow.admin.resource,org.keycloak.events.admin
org.keycloak.workflow.admin.resource,org.keycloak.models
org.keycloak.workflow.admin.resource,org.keycloak.models.workflow
org.keycloak.workflow.admin.resource,org.keycloak.representations.workflows
org.keycloak.workflow.admin.resource,org.keycloak.services
org.keycloak.workflow.admin.resource,org.keycloak.services.resources
org.keycloak.workflow.admin.resource,org.keycloak.services.resources.admin
org.keycloak.workflow.admin.resource,org.keycloak.services.resources.admin.fgap
