dataset,row_number,requirement,normalized_requirement
DS1.xlsx,316,"
					2.1.1     The network services necessary to meet the range of UIC requirements are detailed 
below.  These  services  are  to  be  considered  as  a  minimum  set  for  implementation 
within  each  UIC  standard  network.  Railways  may  implement  additional  network 
services as desired. (I) 
				",211 the network services necessary to meet the range of uic requirements are detailed below these services are to be considered as a minimum set for implementation within each uic standard network railways may implement additional network services as desired i
DS3.xlsx,869,2.1.1 The network services necessary to meet the range of UIC requirements are detailed below. These services are to be considered as a minimum set for implementation within each UIC standard network. Railways may implement additional network services as desired. (I),211 the network services necessary to meet the range of uic requirements are detailed below these services are to be considered as a minimum set for implementation within each uic standard network railways may implement additional network services as desired i
DS3.xlsx,879,2.2.10 The local area over which broadcast calls shall be implemented shall be able to be modified within the network. (M),2210 the local area over which broadcast calls shall be implemented shall be able to be modified within the network m
DS1.xlsx,326,"
					2.2.10     The local area over which broadcast calls shall be implemented shall be able to be 
modified within the network. (M) 
				",2210 the local area over which broadcast calls shall be implemented shall be able to be modified within the network m
DS3.xlsx,880,"2.2.11 It shall only be possible for the user who initiated the call to talk, other users can only listen. (M) Group voice calls",2211 it shall only be possible for the user who initiated the call to talk other users can only listen m group voice calls
DS1.xlsx,327,"
					2.2.11     It shall only be possible for the user who initiated the call to talk, other users can only 
listen. (M) 
Group voice calls   
				",2211 it shall only be possible for the user who initiated the call to talk other users can only listen m group voice calls
DS3.xlsx,881,2.2.12 The system shall support group voice calls. (M),2212 the system shall support group voice calls m
DS1.xlsx,328,"
					2.2.12     The system shall support group voice calls. (M) 
				",2212 the system shall support group voice calls m
DS3.xlsx,882,"2.2.13 Group voice calls provide voice communications between a number of users in a pre- defined local area, all of whom are members of the same call group. (I)",2213 group voice calls provide voice communications between a number of users in a pre defined local area all of whom are members of the same call group i
DS1.xlsx,329,"
					2.2.13     Group voice calls provide voice communications between a number of users in a pre-
defined local area, all of whom are members of the same call group. (I) 
				",2213 group voice calls provide voice communications between a number of users in a pre defined local area all of whom are members of the same call group i
DS3.xlsx,883,2.2.14 The composition of call groups shall be able to be modified within the network. A single user shall be able to be a member of one or more call groups. (M),2214 the composition of call groups shall be able to be modified within the network a single user shall be able to be a member of one or more call groups m
DS1.xlsx,330,"
					2.2.14     The composition of call groups shall be able to be modified within the network. A 
single user shall be able to be a member of one or more call groups. (M) 
				",2214 the composition of call groups shall be able to be modified within the network a single user shall be able to be a member of one or more call groups m
DS3.xlsx,884,2.2.15 The local area over which group calls are implemented shall be able to be modified within the network. (M),2215 the local area over which group calls are implemented shall be able to be modified within the network m
DS1.xlsx,331,"
					2.2.15     The local area over which group calls are implemented shall be able to be modified 
within the network. (M) 
				",2215 the local area over which group calls are implemented shall be able to be modified within the network m
DS3.xlsx,886,2.2.17 The system shall support multi-party voice communications between up to six different parties. (M),2217 the system shall support multiparty voice communications between up to six different parties m
DS1.xlsx,333,"
					2.2.17     The  system  shall  support  multi-party  voice  communications  between  up  to  six 
different parties. (M) 
				",2217 the system shall support multiparty voice communications between up to six different parties m
DS3.xlsx,887,2.2.18 Any of the parties involved in a multi-party voice call shall be able to talk simultaneously. (M),2218 any of the parties involved in a multiparty voice call shall be able to talk simultaneously m
DS1.xlsx,334,"
					2.2.18     Any  of  the  parties  involved  in  a  multi-party  voice  call  shall  be  able  to  talk 
simultaneously. (M) 
				",2218 any of the parties involved in a multiparty voice call shall be able to talk simultaneously m
DS1.xlsx,318,"
					2.2.2     All voice call services shall be able to operate between any combination of fixed and 
mobile equipment users. (M) 
Point-to-point voice calls   
				",222 all voice call services shall be able to operate between any combination of fixed and mobile equipment users m pointtopoint voice calls
DS3.xlsx,871,2.2.2 All voice call services shall be able to operate between any combination of fixed and mobile equipment users. (M) Point-to-point voice calls,222 all voice call services shall be able to operate between any combination of fixed and mobile equipment users m pointtopoint voice calls
DS3.xlsx,872,2.2.3 The system shall support point-to-point voice calls between any two call parties. (M),223 the system shall support pointtopoint voice calls between any two call parties m
DS1.xlsx,319,"
					2.2.3     The system shall support point-to-point voice calls between any two call parties. (M) 
				",223 the system shall support pointtopoint voice calls between any two call parties m
DS1.xlsx,320,"
					2.2.4     Such point-to-point calls shall allow both parties to talk simultaneously. (M) 
Public emergency voice calls   
				",224 such pointtopoint calls shall allow both parties to talk simultaneously m public emergency voice calls
DS3.xlsx,873,2.2.4 Such point-to-point calls shall allow both parties to talk simultaneously. (M) Public emergency voice calls,224 such pointtopoint calls shall allow both parties to talk simultaneously m public emergency voice calls
DS1.xlsx,321,"
					2.2.5     The system shall allow a user to make public emergency point-to-point voice calls. (M) 
				",225 the system shall allow a user to make public emergency pointtopoint voice calls m
DS3.xlsx,874,2.2.5 The system shall allow a user to make public emergency point-to-point voice calls. (M),225 the system shall allow a user to make public emergency pointtopoint voice calls m
DS1.xlsx,322,"
					2.2.6     Such emergency calls include 112 calls and may not be used for railway emergencies. 
(I) 
Broadcast voice calls   
				",226 such emergency calls include 112 calls and may not be used for railway emergencies i broadcast voice calls
DS3.xlsx,875,2.2.6 Such emergency calls include 112 calls and may not be used for railway emergencies. (I) Broadcast voice calls,226 such emergency calls include 112 calls and may not be used for railway emergencies i broadcast voice calls
DS3.xlsx,876,2.2.7 The system shall support broadcast voice calls. (M),227 the system shall support broadcast voice calls m
DS1.xlsx,323,"
					2.2.7     The system shall support broadcast voice calls. (M) 
				",227 the system shall support broadcast voice calls m
DS3.xlsx,877,"2.2.8 Broadcast voice calls provide one-way voice communications from a single user to multiple users in a pre-defined local area, all of whom are members of the same call group. (I)",228 broadcast voice calls provide oneway voice communications from a single user to multiple users in a predefined local area all of whom are members of the same call group i
DS1.xlsx,324,"
					2.2.8     Broadcast voice calls provide one-way voice communications from a single user to 
multiple users in a pre-defined local area, all of whom are members of the same call 
group. (I) 
				",228 broadcast voice calls provide oneway voice communications from a single user to multiple users in a predefined local area all of whom are members of the same call group i
DS1.xlsx,325,"					2.2.9     The composition of call groups shall be able to be modified within the network. A single user shall be able to be a member of one or more call groups. (M) 
				",229 the composition of call groups shall be able to be modified within the network a single user shall be able to be a member of one or more call groups m
DS3.xlsx,878,2.2.9 The composition of call groups shall be able to be modified within the network. A single user shall be able to be a member of one or more call groups. (M),229 the composition of call groups shall be able to be modified within the network a single user shall be able to be a member of one or more call groups m
DS3.xlsx,897,2.3.10 The priority scheme for calls described in section 10.2 is also valid for data applications. (I) Automatic fax,2310 the priority scheme for calls described in section 102 is also valid for data applications i automatic fax
DS1.xlsx,344,"
					2.3.10     The  priority  scheme  for  calls  described  in  section  10.2  is  also  valid  for  data 
applications. (I) 
Automatic fax 
				",2310 the priority scheme for calls described in section 102 is also valid for data applications i automatic fax
DS3.xlsx,898,2.3.11 The network should support fax transmissions between the ground and mobile users. (O),2311 the network should support fax transmissions between the ground and mobile users o
DS1.xlsx,345,"
					2.3.11     The network should support fax transmissions between the ground and mobile users. 
(O) 
				",2311 the network should support fax transmissions between the ground and mobile users o
DS3.xlsx,899,"2.3.12 Where fax functionality is provided, it shall be possible to interrupt the fax to make or receive a high priority voice or data call. (M) Train control applications",2312 where fax functionality is provided it shall be possible to interrupt the fax to make or receive a high priority voice or data call m train control applications
DS1.xlsx,346,"
					2.3.12     Where fax functionality is provided, it shall be possible to interrupt the fax to make or 
receive a high priority voice or data call. (M) 
Train control applications 
				",2312 where fax functionality is provided it shall be possible to interrupt the fax to make or receive a high priority voice or data call m train control applications
DS3.xlsx,900,"2.3.13 Where ERTMS/ETCS level 2 or 3 is implemented, the network shall be capable of supporting data communications for that train control system. (M)",2313 where ertmsetcs level 2 or 3 is implemented the network shall be capable of supporting data communications for that train control system m
DS1.xlsx,347,"
					2.3.13     Where ERTMS/ETCS level 2 or 3 is implemented, the network shall be capable of 
supporting data communications for that train control system. (M) 
				",2313 where ertmsetcs level 2 or 3 is implemented the network shall be capable of supporting data communications for that train control system m
DS1.xlsx,348,"
					2.3.15     Communications  for  train  control  may  be  characterised  as  low  data  rate  per  train; 
however, in some areas there will be a high density of trains requiring simultaneous 
communications. (I) 
				",2315 communications for train control may be characterised as low data rate per train however in some areas there will be a high density of trains requiring simultaneous communications i
DS3.xlsx,902,"2.3.15 Communications for train control may be characterised as low data rate per train; however, in some areas there will be a high density of trains requiring simultaneous communications. (I)",2315 communications for train control may be characterised as low data rate per train however in some areas there will be a high density of trains requiring simultaneous communications i
DS3.xlsx,903,2.3.16 The priority scheme for calls described in section 10.2 is also valid for train control applications. (I),2316 the priority scheme for calls described in section 102 is also valid for train control applications i
DS1.xlsx,349,"
					2.3.16     The priority scheme for calls described in section 10.2 is also valid for train control 
applications. (I) 
				",2316 the priority scheme for calls described in section 102 is also valid for train control applications i
DS1.xlsx,336,"
					2.3.2     The  network  should  support  the  transmission  of  point-to-point  and  point-to-
multipoint text messages from the ground to mobile users. (O) 
				",232 the network should support the transmission of pointtopoint and pointto multipoint text messages from the ground to mobile users o
DS3.xlsx,889,2.3.2 The network should support the transmission of point-to-point and point-to- multipoint text messages from the ground to mobile users. (O),232 the network should support the transmission of pointtopoint and pointto multipoint text messages from the ground to mobile users o
DS3.xlsx,890,2.3.3 The network should support the receipt of mobile-originated text messages by the ground. (O),233 the network should support the receipt of mobileoriginated text messages by the ground o
DS1.xlsx,337,"
					2.3.3     The  network  should  support  the  receipt  of  mobile-originated  text  messages  by  the 
ground. (O) 
				",233 the network should support the receipt of mobileoriginated text messages by the ground o
DS1.xlsx,338,"
					2.3.4     If the text message facility is implemented, it shall not interfere with the ability of users 
to make or receive high priority voice or data calls. (M) 
General data applications   
				",234 if the text message facility is implemented it shall not interfere with the ability of users to make or receive high priority voice or data calls m general data applications
DS3.xlsx,891,"2.3.4 If the text message facility is implemented, it shall not interfere with the ability of users to make or receive high priority voice or data calls. (M) General data applications",234 if the text message facility is implemented it shall not interfere with the ability of users to make or receive high priority voice or data calls m general data applications
DS1.xlsx,340,"
					2.3.6     The network shall support point-to-point data communications. (M) 
				",236 the network shall support pointtopoint data communications m
DS3.xlsx,893,2.3.6 The network shall support point-to-point data communications. (M),236 the network shall support pointtopoint data communications m
DS1.xlsx,341,"
					2.3.7     Deleted. 
				",237 deleted
DS3.xlsx,894,2.3.7 Deleted.,237 deleted
DS1.xlsx,342,"
					2.3.8     The network shall support data rates of at least 2.4 kbit/s. (M) 
				",238 the network shall support data rates of at least 24 kbits m
DS3.xlsx,895,2.3.8 The network shall support data rates of at least 2.4 kbit/s. (M),238 the network shall support data rates of at least 24 kbits m
DS3.xlsx,896,2.3.9 Higher data rates will be required by some data applications in order to provide the necessary performance and acceptable transmission times. (I),239 higher data rates will be required by some data applications in order to provide the necessary performance and acceptable transmission times i
DS1.xlsx,343,"
					2.3.9     Higher data rates will be required by some data applications in order to provide the 
necessary performance and acceptable transmission times. (I) 
				",239 higher data rates will be required by some data applications in order to provide the necessary performance and acceptable transmission times i
DS1.xlsx,359,"
					2.4.10     It shall be possible for an incoming call or data message for one user to be forwarded to 
another user using functionality provided by the network. (M) 
				",2410 it shall be possible for an incoming call or data message for one user to be forwarded to another user using functionality provided by the network m
DS3.xlsx,913,2.4.10 It shall be possible for an incoming call or data message for one user to be forwarded to another user using functionality provided by the network. (M),2410 it shall be possible for an incoming call or data message for one user to be forwarded to another user using functionality provided by the network m
DS1.xlsx,360,"
					2.4.11     In the case of voice calls, it shall be possible for the user who is attempting to forward a 
call to converse with the intended recipient prior to forwarding. (M) 
				",2411 in the case of voice calls it shall be possible for the user who is attempting to forward a call to converse with the intended recipient prior to forwarding m
DS3.xlsx,914,"2.4.11 In the case of voice calls, it shall be possible for the user who is attempting to forward a call to converse with the intended recipient prior to forwarding. (M)",2411 in the case of voice calls it shall be possible for the user who is attempting to forward a call to converse with the intended recipient prior to forwarding m
DS1.xlsx,361,"
					2.4.13     The network shall allow the user to temporarily exit from an existing call by putting 
the call on hold. (M) 
				",2413 the network shall allow the user to temporarily exit from an existing call by putting the call on hold m
DS3.xlsx,916,2.4.13 The network shall allow the user to temporarily exit from an existing call by putting the call on hold. (M),2413 the network shall allow the user to temporarily exit from an existing call by putting the call on hold m
DS1.xlsx,362,"
					2.4.14     It shall be possible for the user to re-join the call which is on hold at any time. (M) 
Call waiting   
				",2414 it shall be possible for the user to rejoin the call which is on hold at any time m call waiting
DS3.xlsx,917,2.4.14 It shall be possible for the user to re-join the call which is on hold at any time. (M) Call waiting,2414 it shall be possible for the user to rejoin the call which is on hold at any time m call waiting
DS1.xlsx,363,"
					2.4.15     The network shall provide the ability to inform a user, who is involved in an existing 
call, of attempts by other users to contact them. (M) 
Charging information   
				",2415 the network shall provide the ability to inform a user who is involved in an existing call of attempts by other users to contact them m charging information
DS3.xlsx,918,"2.4.15 The network shall provide the ability to inform a user, who is involved in an existing call, of attempts by other users to contact them. (M) Charging information",2415 the network shall provide the ability to inform a user who is involved in an existing call of attempts by other users to contact them m charging information
DS1.xlsx,364,"
					2.4.16     Where  network  services  are  chargeable,  it  should  be  possible  for  the  network  to 
provide information about call rates and on-going call charges. (O) 
Call barring   
				",2416 where network services are chargeable it should be possible for the network to provide information about call rates and ongoing call charges o call barring
DS3.xlsx,919,"2.4.16 Where network services are chargeable, it should be possible for the network to provide information about call rates and on-going call charges. (O) Call barring",2416 where network services are chargeable it should be possible for the network to provide information about call rates and ongoing call charges o call barring
DS1.xlsx,351,"
					2.4.2     It shall be possible for the equipment to display the identity of the called or calling 
party in the form of a standard telephone number. (M) 
				",242 it shall be possible for the equipment to display the identity of the called or calling party in the form of a standard telephone number m
DS3.xlsx,905,2.4.2 It shall be possible for the equipment to display the identity of the called or calling party in the form of a standard telephone number. (M),242 it shall be possible for the equipment to display the identity of the called or calling party in the form of a standard telephone number m
DS1.xlsx,352,"
					2.4.3     It shall be possible to display the identity of the called or calling party as a textual 
description of their function. (M)  
Restriction of display of identity   
				",243 it shall be possible to display the identity of the called or calling party as a textual description of their function m restriction of display of identity
DS3.xlsx,906,2.4.3 It shall be possible to display the identity of the called or calling party as a textual description of their function. (M) Restriction of display of identity,243 it shall be possible to display the identity of the called or calling party as a textual description of their function m restriction of display of identity
DS1.xlsx,353,"
					2.4.4     It should be possible for the network to prevent the identity of certain users from being 
displayed on the mobile, either when being called, calling or both. (O) 
Priority and pre-emption   
				",244 it should be possible for the network to prevent the identity of certain users from being displayed on the mobile either when being called calling or both o priority and preemption
DS3.xlsx,907,"2.4.4 It should be possible for the network to prevent the identity of certain users from being displayed on the mobile, either when being called, calling or both. (O) Priority and pre-emption",244 it should be possible for the network to prevent the identity of certain users from being displayed on the mobile either when being called calling or both o priority and preemption
DS1.xlsx,354,"
					2.4.5     The  network  shall  provide  a  mechanism  whereby  calls  may  be  assigned  one  of  a 
number of different priority levels. (M) 
				",245 the network shall provide a mechanism whereby calls may be assigned one of a number of different priority levels m
DS3.xlsx,908,2.4.5 The network shall provide a mechanism whereby calls may be assigned one of a number of different priority levels. (M),245 the network shall provide a mechanism whereby calls may be assigned one of a number of different priority levels m
DS1.xlsx,355,"
					2.4.6     This mechanism shall allow calls with a higher assigned priority to override (pre-empt) 
existing calls of a lower priority. (M) 
				",246 this mechanism shall allow calls with a higher assigned priority to override preempt existing calls of a lower priority m
DS3.xlsx,909,2.4.6 This mechanism shall allow calls with a higher assigned priority to override (pre-empt) existing calls of a lower priority. (M),246 this mechanism shall allow calls with a higher assigned priority to override preempt existing calls of a lower priority m
DS1.xlsx,356,"
					2.4.7     Pre-empted calls will be discontinued and the new call of a higher priority shall be 
connected instead. (M) 
Closed user group   
				",247 preempted calls will be discontinued and the new call of a higher priority shall be connected instead m closed user group
DS3.xlsx,910,2.4.7 Pre-empted calls will be discontinued and the new call of a higher priority shall be connected instead. (M) Closed user group,247 preempted calls will be discontinued and the new call of a higher priority shall be connected instead m closed user group
DS3.xlsx,911,2.4.8 The group of users who may access the facilities of the EIRENE network shall be limited. (M),248 the group of users who may access the facilities of the eirene network shall be limited m
DS1.xlsx,357,"
					2.4.8     The  group  of  users  who  may  access  the  facilities  of  the  EIRENE  network  shall  be 
limited. (M) 
				",248 the group of users who may access the facilities of the eirene network shall be limited m
DS1.xlsx,358,"
					2.4.9     Any user who is not within the list of allowed EIRENE users shall not be able to gain 
access to any of the functions and services provided by the network. (M) 
Call forwarding   
				",249 any user who is not within the list of allowed eirene users shall not be able to gain access to any of the functions and services provided by the network m call forwarding
DS3.xlsx,912,2.4.9 Any user who is not within the list of allowed EIRENE users shall not be able to gain access to any of the functions and services provided by the network. (M) Call forwarding,249 any user who is not within the list of allowed eirene users shall not be able to gain access to any of the functions and services provided by the network m call forwarding
DS1.xlsx,365,"
					3.1.2     It may be necessary to supplement this Functional Requirements Specification with 
special requirements for supporting the train control application. Further information 
on the communications requirements to support ERTMS can be found in the Summary of ERTMS Communication Requirements document .
				",312 it may be necessary to supplement this functional requirements specification with special requirements for supporting the train control application further information on the communications requirements to support ertms can be found in the summary of ertms communication requirements document 
DS3.xlsx,923,3.1.2 It may be necessary to supplement this Functional Requirements Specification with special requirements for supporting the train control application. Further information on the communications requirements to support ERTMS can be found in the Summary of ERTMS Communication Requirements document .,312 it may be necessary to supplement this functional requirements specification with special requirements for supporting the train control application further information on the communications requirements to support ertms can be found in the summary of ertms communication requirements document 
DS3.xlsx,924,"3.2.1 For network planning, the coverage level is defined in terms of time and area where the minimum signal criteria are achieved. (I)",321 for network planning the coverage level is defined in terms of time and area where the minimum signal criteria are achieved i
DS1.xlsx,366,"
					3.2.1     For network planning, the coverage level is defined in terms of time and area where 
the minimum signal criteria are achieved. (I)  
				",321 for network planning the coverage level is defined in terms of time and area where the minimum signal criteria are achieved i
DS3.xlsx,925,3.2.2 The level of coverage should be at least 95% of the time over 95% of the designated coverage area for a radio installed in a vehicle with an external antenna. (O),322 the level of coverage should be at least 95 of the time over 95 of the designated coverage area for a radio installed in a vehicle with an external antenna o
DS1.xlsx,367,"
					3.2.2     The level of coverage should be at least 95% of the time over 95% of the designated 
coverage area for a radio installed in a vehicle with an external antenna. (O) 
				",322 the level of coverage should be at least 95 of the time over 95 of the designated coverage area for a radio installed in a vehicle with an external antenna o
DS3.xlsx,926,3.2.3 The network shall support all EIRENE-compliant mobiles. (M),323 the network shall support all eirenecompliant mobiles m
DS1.xlsx,368,"
					3.2.3     The network shall support all EIRENE-compliant mobiles. (M) 
				",323 the network shall support all eirenecompliant mobiles m
DS1.xlsx,369,"
					3.2.4     The land-based part of the system shall provide communications for mobiles when 
stationary and when travelling at speeds up to the maximum allowable line speed or 
				",324 the landbased part of the system shall provide communications for mobiles when stationary and when travelling at speeds up to the maximum allowable line speed or
DS3.xlsx,927,3.2.4 The land-based part of the system shall provide communications for mobiles when stationary and when travelling at speeds up to the maximum allowable line speed or,324 the landbased part of the system shall provide communications for mobiles when stationary and when travelling at speeds up to the maximum allowable line speed or
DS1.xlsx,370,"
					3.3.3     Network  interconnection  is  subject  to  a  bilateral  agreement  between  network 
operators.  The  interconnection  between  the  networks  must,  as  a  minimum,  be 
compliant with applicable open specifications. (I) 
				",333 network interconnection is subject to a bilateral agreement between network operators the interconnection between the networks must as a minimum be compliant with applicable open specifications i
DS3.xlsx,930,"3.3.3 Network interconnection is subject to a bilateral agreement between network operators. The interconnection between the networks must, as a minimum, be compliant with applicable open specifications. (I)",333 network interconnection is subject to a bilateral agreement between network operators the interconnection between the networks must as a minimum be compliant with applicable open specifications i
DS1.xlsx,371,"
					3.3.4     During the process of moving from one GSM-R network to another, the system must 
minimise the inconvenience to the user. (I) 
				",334 during the process of moving from one gsmr network to another the system must minimise the inconvenience to the user i
DS3.xlsx,931,"3.3.4 During the process of moving from one GSM-R network to another, the system must minimise the inconvenience to the user. (I)",334 during the process of moving from one gsmr network to another the system must minimise the inconvenience to the user i
DS3.xlsx,932,3.4.1 Call set-up time requirements are dependent mainly upon priority (see section 10.2). (I),341 call setup time requirements are dependent mainly upon priority see section 102 i
DS1.xlsx,372,"
					3.4.1     Call set-up time requirements are dependent mainly upon priority (see section 10.2). (I) 
				",341 call setup time requirements are dependent mainly upon priority see section 102 i
DS3.xlsx,933,3.4.2 The required call set-up times shall be achieved in 95% of cases. (M),342 the required call setup times shall be achieved in 95 of cases m
DS1.xlsx,373,"
					3.4.2     The required call set-up times shall be achieved in 95% of cases. (M) 
				",342 the required call setup times shall be achieved in 95 of cases m
DS3.xlsx,936,"3.4.2i The requirements for end-to-end call set-up performance are indicated in table 3-1. (I) Call type Call set-up time Railway emergency calls <2s* (M) Group calls between drivers in the same area <5s (M) All operational mobile-to-fixed calls not <5s (O) covered by the above All operational fixed-to-mobile calls not <7s (O) covered by the above All operational mobile-to-mobile calls not <10s (O) covered by the above All low priority calls <10s (O) Table 3-1: Call set-up time requirements * This call set-up time refers to the beginning of the audible indication as part of Stage 1: Warning, specified in 13.2.2.",342i the requirements for endtoend call setup performance are indicated in table 31 i call type call setup time railway emergency calls 2s m group calls between drivers in the same area 5s m all operational mobiletofixed calls not 5s o covered by the above all operational fixedtomobile calls not 7s o covered by the above all operational mobiletomobile calls not 10s o covered by the above all low priority calls 10s o table 31 call setup time requirements  this call setup time refers to the beginning of the audible indication as part of stage 1 warning specified in 1322
DS1.xlsx,376,"
					3.4.2i   The requirements for end-to-end call set-up performance are indicated in table 3-1. (I) 
   Call type   Call set-up time    
   Railway emergency calls   <2s*   (M) 
   Group calls between drivers in the same area   <5s   (M) 
   All operational mobile-to-fixed calls not   <5s   (O) 
covered by the above 
   All operational fixed-to-mobile calls not   <7s   (O) 
covered by the above 
   All operational mobile-to-mobile calls not   <10s   (O) 
covered by the above 
   All low priority calls   <10s   (O) 
   Table 3-1: Call set-up time requirements 
* This call set-up time refers to the beginning of the audible indication as part of Stage 1: Warning, 
specified in 13.2.2. 
				",342i the requirements for endtoend call setup performance are indicated in table 31 i call type call setup time railway emergency calls 2s m group calls between drivers in the same area 5s m all operational mobiletofixed calls not 5s o covered by the above all operational fixedtomobile calls not 7s o covered by the above all operational mobiletomobile calls not 10s o covered by the above all low priority calls 10s o table 31 call setup time requirements  this call setup time refers to the beginning of the audible indication as part of stage 1 warning specified in 1322
DS1.xlsx,374,"
					3.4.3     Call set-up times for 99% of cases shall not be more than 1.5 times the required call set-
up time. (M) 
				",343 call setup times for 99 of cases shall not be more than 15 times the required call set up time m
DS3.xlsx,934,3.4.3 Call set-up times for 99% of cases shall not be more than 1.5 times the required call set- up time. (M),343 call setup times for 99 of cases shall not be more than 15 times the required call set up time m
DS1.xlsx,375,"
					3.4.4     Set-up times shall include the time required for any translation of functional numbers 
internal to the EIRENE network. (M) 
				",344 setup times shall include the time required for any translation of functional numbers internal to the eirene network m
DS3.xlsx,935,3.4.4 Set-up times shall include the time required for any translation of functional numbers internal to the EIRENE network. (M),344 setup times shall include the time required for any translation of functional numbers internal to the eirene network m
DS1.xlsx,377,"
					3.5.1     Where fixed network users are involved in a group or broadcast call, fixed network 
users will be pre-defined and will not change during the course of the call. (I) 
				",351 where fixed network users are involved in a group or broadcast call fixed network users will be predefined and will not change during the course of the call i
DS3.xlsx,937,"3.5.1 Where fixed network users are involved in a group or broadcast call, fixed network users will be pre-defined and will not change during the course of the call. (I)",351 where fixed network users are involved in a group or broadcast call fixed network users will be predefined and will not change during the course of the call i
DS1.xlsx,379,"
					3.5.3     Any group or broadcast calls initiated in a given location shall be broadcast over an 
associated  area  based  on  the  location  of  the  call  originator,  and  also  to  any  fixed 
network numbers associated with the originating location. (M) 
				",353 any group or broadcast calls initiated in a given location shall be broadcast over an associated area based on the location of the call originator and also to any fixed network numbers associated with the originating location m
DS3.xlsx,939,"3.5.3 Any group or broadcast calls initiated in a given location shall be broadcast over an associated area based on the location of the call originator, and also to any fixed network numbers associated with the originating location. (M)",353 any group or broadcast calls initiated in a given location shall be broadcast over an associated area based on the location of the call originator and also to any fixed network numbers associated with the originating location m
DS1.xlsx,380,"
					3.5.4     The definition of each broadcast or group call area should take into account factors 
such as the speed of trains on the line (stopping distance) and the operational control 
areas. (O) 
				",354 the definition of each broadcast or group call area should take into account factors such as the speed of trains on the line stopping distance and the operational control areas o
DS3.xlsx,940,3.5.4 The definition of each broadcast or group call area should take into account factors such as the speed of trains on the line (stopping distance) and the operational control areas. (O),354 the definition of each broadcast or group call area should take into account factors such as the speed of trains on the line stopping distance and the operational control areas o
DS3.xlsx,941,3.5.5 It is acceptable that mobiles which move out of the call area during the call be dropped from the call. (I),355 it is acceptable that mobiles which move out of the call area during the call be dropped from the call i
DS1.xlsx,381,"
					3.5.5     It is acceptable that mobiles which move out of the call area during the call be dropped 
from the call. (I) 
				",355 it is acceptable that mobiles which move out of the call area during the call be dropped from the call i
DS3.xlsx,942,3.5.6 Mobiles configured for reception of railway emergency calls entering into a call area where a railway emergency call is ongoing shall automatically join this call. (M),356 mobiles configured for reception of railway emergency calls entering into a call area where a railway emergency call is ongoing shall automatically join this call m
DS1.xlsx,382,"
					3.5.6     Mobiles configured for reception of railway emergency calls entering into a call area 
where a railway emergency call is ongoing shall automatically join this call. (M) 
				",356 mobiles configured for reception of railway emergency calls entering into a call area where a railway emergency call is ongoing shall automatically join this call m
DS1.xlsx,383,"
					3.5.7     Cab Radios configured for reception of a call to all drivers in the same area entering an 
area where a call to all drivers in the same area is ongoing shall automatically join this 
call unless involved in a higher priority call or involved in a call of the same priority. 
(M) 
				",357 cab radios configured for reception of a call to all drivers in the same area entering an area where a call to all drivers in the same area is ongoing shall automatically join this call unless involved in a higher priority call or involved in a call of the same priority m
DS3.xlsx,943,3.5.7 Cab Radios configured for reception of a call to all drivers in the same area entering an area where a call to all drivers in the same area is ongoing shall automatically join this call unless involved in a higher priority call or involved in a call of the same priority. (M),357 cab radios configured for reception of a call to all drivers in the same area entering an area where a call to all drivers in the same area is ongoing shall automatically join this call unless involved in a higher priority call or involved in a call of the same priority m
DS1.xlsx,384,"
					3.5.8     Requirement  3.5.7  needs  further  technical  specification  changes  before  field 
implementation can be achieved. (I) 
				",358 requirement 357 needs further technical specification changes before field implementation can be achieved i
DS3.xlsx,944,3.5.8 Requirement 3.5.7 needs further technical specification changes before field implementation can be achieved. (I),358 requirement 357 needs further technical specification changes before field implementation can be achieved i
DS4.xlsx,735,"4) targeting, and 5) C4I system interface.",4 targeting and 5 c4i system interface
DS4.xlsx,727,"4) targeting, and 5) C4I system interface.",4 targeting and 5 c4i system interface
DS3.xlsx,945,"4.1.1 All EIRENE mobiles are specified with a common level of basic services, facilities and features. This section of the specification gives details of these core requirements, while sections 5, 6 and 7 detail requirements specific to each of the radio types. (I)",411 all eirene mobiles are specified with a common level of basic services facilities and features this section of the specification gives details of these core requirements while sections 5 6 and 7 detail requirements specific to each of the radio types i
DS1.xlsx,385,"
					4.1.1     All EIRENE mobiles are specified with a common level of basic services, facilities and 
features. This section of the specification gives details of these core requirements, while 
sections 5, 6 and 7 detail requirements specific to each of the radio types. (I) 
				",411 all eirene mobiles are specified with a common level of basic services facilities and features this section of the specification gives details of these core requirements while sections 5 6 and 7 detail requirements specific to each of the radio types i
DS3.xlsx,949,"4.1.1i Where there are mandatory requirements for human-machine interface attributes that are not defined in this specification, the decision for the way of presentation is a national issue. In any case, these national solutions must not conflict with those of the CENELEC Standard, in particular for the actions required from the drivers of trains passing the borders. (I)",411i where there are mandatory requirements for humanmachine interface attributes that are not defined in this specification the decision for the way of presentation is a national issue in any case these national solutions must not conflict with those of the cenelec standard in particular for the actions required from the drivers of trains passing the borders i
DS1.xlsx,389,"
					4.1.1i   Where there are mandatory requirements for human-machine interface attributes that 
are  not  defined  in  this  specification,  the  decision  for  the  way  of  presentation  is  a 
national issue. In any case, these national solutions must not conflict with those of the 
CENELEC Standard, in particular for the actions required from the drivers of trains 
passing the borders. (I) 
				",411i where there are mandatory requirements for humanmachine interface attributes that are not defined in this specification the decision for the way of presentation is a national issue in any case these national solutions must not conflict with those of the cenelec standard in particular for the actions required from the drivers of trains passing the borders i
DS3.xlsx,946,"4.1.2 Three distinct mobile radio types are required, based on the type of role they will perform and the environment in which they will operate, as follows: (I) a) Cab radio for use by the driver of a train and/or by other on-train systems, eg ERTMS/ETCS; b) General purpose radio for general use by railway personnel; c) Operational radio for use by railway personnel involved in train operations such as shunting and trackside maintenance. Note: It is possible that the General purpose and Operational radios may have a number of variants to meet railway requirements (eg handheld and vehicle mounted).",412 three distinct mobile radio types are required based on the type of role they will perform and the environment in which they will operate as follows i a cab radio for use by the driver of a train andor by other ontrain systems eg ertmsetcs b general purpose radio for general use by railway personnel c operational radio for use by railway personnel involved in train operations such as shunting and trackside maintenance note it is possible that the general purpose and operational radios may have a number of variants to meet railway requirements eg handheld and vehicle mounted
DS1.xlsx,386,"
					4.1.2     Three distinct mobile radio types are required, based on the type of role they will 
perform and the environment in which they will operate, as follows: (I) 
a)     Cab radio  for use by the driver of a train and/or by other on-train systems, eg 
ERTMS/ETCS; 
b)     General purpose radio  for general use by railway personnel; 
c)     Operational radio  for use by railway personnel involved in train operations 
such as shunting and trackside maintenance. 
Note:  It  is  possible  that  the  General  purpose  and  Operational  radios  may  have  a 
number of variants to meet railway requirements (eg handheld and vehicle mounted). 
				",412 three distinct mobile radio types are required based on the type of role they will perform and the environment in which they will operate as follows i a cab radio for use by the driver of a train andor by other ontrain systems eg ertmsetcs b general purpose radio for general use by railway personnel c operational radio for use by railway personnel involved in train operations such as shunting and trackside maintenance note it is possible that the general purpose and operational radios may have a number of variants to meet railway requirements eg handheld and vehicle mounted
DS1.xlsx,387,"
					4.1.3     It shall be possible to operate all mobiles in the frequency bands around 900 MHz, 
allocated for use by the railways, and in the public GSM networks. (M) 
				",413 it shall be possible to operate all mobiles in the frequency bands around 900 mhz allocated for use by the railways and in the public gsm networks m
DS3.xlsx,947,"4.1.3 It shall be possible to operate all mobiles in the frequency bands around 900 MHz, allocated for use by the railways, and in the public GSM networks. (M)",413 it shall be possible to operate all mobiles in the frequency bands around 900 mhz allocated for use by the railways and in the public gsm networks m
DS1.xlsx,388,"
					4.1.4     Mobile equipment shall function correctly when travelling at speeds from 0 km/h to 
				",414 mobile equipment shall function correctly when travelling at speeds from 0 kmh to
DS3.xlsx,948,4.1.4 Mobile equipment shall function correctly when travelling at speeds from 0 km/h to,414 mobile equipment shall function correctly when travelling at speeds from 0 kmh to
DS3.xlsx,950,"4.2.1 The following voice telephony services, identified in section 2, are to be supported for each type of mobile radio: Cab radio General purpose Operational radio radio Point-to-point voice calls M M M Public emergency voice calls M M M Broadcast voice calls M M M Group voice calls M M M Multi-party voice calls M O O Table 4-1: Voice telephony services to be supported",421 the following voice telephony services identified in section 2 are to be supported for each type of mobile radio cab radio general purpose operational radio radio pointtopoint voice calls m m m public emergency voice calls m m m broadcast voice calls m m m group voice calls m m m multiparty voice calls m o o table 41 voice telephony services to be supported
DS1.xlsx,390,"
					4.2.1     The following voice telephony services, identified in section 2, are to be supported for 
each type of mobile radio: 
   Cab radio   General purpose   Operational radio 
radio 
Point-to-point voice calls   M   M   M 
Public emergency voice calls   M   M   M 
Broadcast voice calls   M   M   M 
Group voice calls   M   M   M 
Multi-party voice calls   M   O   O 
   Table 4-1: Voice telephony services to be supported 
				",421 the following voice telephony services identified in section 2 are to be supported for each type of mobile radio cab radio general purpose operational radio radio pointtopoint voice calls m m m public emergency voice calls m m m broadcast voice calls m m m group voice calls m m m multiparty voice calls m o o table 41 voice telephony services to be supported
DS1.xlsx,391,"
					4.2.2     The following data applications, identified in section 2, are to be supported for each 
type of mobile radio: 
   Cab radio   General purpose   Operational  
radio   radio 
Text message service   M   M   M 
General data applications   M   O   O 
Automatic fax   O   O   O 
Train control applications   O   O   O 
   Table 4-2: Data applications to be supported 
				",422 the following data applications identified in section 2 are to be supported for each type of mobile radio cab radio general purpose operational radio radio text message service m m m general data applications m o o automatic fax o o o train control applications o o o table 42 data applications to be supported
DS3.xlsx,951,"4.2.2 The following data applications, identified in section 2, are to be supported for each type of mobile radio: Cab radio General purpose Operational radio radio Text message service M M M General data applications M O O Automatic fax O O O Train control applications O O O Table 4-2: Data applications to be supported",422 the following data applications identified in section 2 are to be supported for each type of mobile radio cab radio general purpose operational radio radio text message service m m m general data applications m o o automatic fax o o o train control applications o o o table 42 data applications to be supported
DS1.xlsx,392,"
					4.2.3     The following call related services are to be supported for each type of mobile radio: 
   Cab radio   General purpose   Operational  
radio   radio 
Display of calling user identity   M   M   M 
Display of called user identity   M   M   M 
Restriction of display of user identity   O   O   O 
EIRENE closed user group   M   O   M 
Call forwarding:          
      - unconditional   M   O   O 
      - if user busy   O   O   O 
      - if no reply   O   O   O 
      - if not reachable   O   O   O 
Call hold   M   O   O 
Call waiting   M   M   M 
Display of call charging information   O   O   O 
Call barring   M   O   M 
Auto answer service   M   O   M 
Call supervisory information   M   O   O 
   Table 4-3: Call related features to be supported 
				",423 the following call related services are to be supported for each type of mobile radio cab radio general purpose operational radio radio display of calling user identity m m m display of called user identity m m m restriction of display of user identity o o o eirene closed user group m o m call forwarding  unconditional m o o  if user busy o o o  if no reply o o o  if not reachable o o o call hold m o o call waiting m m m display of call charging information o o o call barring m o m auto answer service m o m call supervisory information m o o table 43 call related features to be supported
DS3.xlsx,952,4.2.3 The following call related services are to be supported for each type of mobile radio: Cab radio General purpose Operational radio radio Display of calling user identity M M M Display of called user identity M M M Restriction of display of user identity O O O EIRENE closed user group M O M Call forwarding: - unconditional M O O - if user busy O O O - if no reply O O O - if not reachable O O O Call hold M O O Call waiting M M M Display of call charging information O O O Call barring M O M Auto answer service M O M Call supervisory information M O O Table 4-3: Call related features to be supported,423 the following call related services are to be supported for each type of mobile radio cab radio general purpose operational radio radio display of calling user identity m m m display of called user identity m m m restriction of display of user identity o o o eirene closed user group m o m call forwarding  unconditional m o o  if user busy o o o  if no reply o o o  if not reachable o o o call hold m o o call waiting m m m display of call charging information o o o call barring m o m auto answer service m o m call supervisory information m o o table 43 call related features to be supported
DS1.xlsx,393,"
					4.2.4     The following EIRENE features are to be supported for each type of mobile radio: 
   Cab radio   General purpose   Operational  
radio   radio 
Functional addressing (section 11)   M   M   M 
Location dependent addressing    M   O   O 
(section 11) 
Direct mode (section 15)   O   N/A   O 
Shunting mode (section 14)   M   N/A   O 
Multiple driver communications within the   M   N/A   N/A 
same train (section 5) 
Railway emergency calls   M   O   M 
(section 13) 
   Table 4-4: EIRENE specific features to be supported 
				",424 the following eirene features are to be supported for each type of mobile radio cab radio general purpose operational radio radio functional addressing section 11 m m m location dependent addressing m o o section 11 direct mode section 15 o na o shunting mode section 14 m na o multiple driver communications within the m na na same train section 5 railway emergency calls m o m section 13 table 44 eirene specific features to be supported
DS3.xlsx,953,4.2.4 The following EIRENE features are to be supported for each type of mobile radio: Cab radio General purpose Operational radio radio Functional addressing (section 11) M M M Location dependent addressing M O O (section 11) Direct mode (section 15) O N/A O Shunting mode (section 14) M N/A O Multiple driver communications within the M N/A N/A same train (section 5) Railway emergency calls M O M (section 13) Table 4-4: EIRENE specific features to be supported,424 the following eirene features are to be supported for each type of mobile radio cab radio general purpose operational radio radio functional addressing section 11 m m m location dependent addressing m o o section 11 direct mode section 15 o na o shunting mode section 14 m na o multiple driver communications within the m na na same train section 5 railway emergency calls m o m section 13 table 44 eirene specific features to be supported
DS1.xlsx,394,"
					4.3.1     This  sub-section  defines  the  core  environmental  and  physical  requirements  for  all 
EIRENE mobile equipment. The requirements provided in this section are augmented 
by those provided in later sections for each individual radio type, with each radio type 
being specified by the superset of the core plus specific requirements. (I) 
				",431 this subsection defines the core environmental and physical requirements for all eirene mobile equipment the requirements provided in this section are augmented by those provided in later sections for each individual radio type with each radio type being specified by the superset of the core plus specific requirements i
DS3.xlsx,954,"4.3.1 This sub-section defines the core environmental and physical requirements for all EIRENE mobile equipment. The requirements provided in this section are augmented by those provided in later sections for each individual radio type, with each radio type being specified by the superset of the core plus specific requirements. (I)",431 this subsection defines the core environmental and physical requirements for all eirene mobile equipment the requirements provided in this section are augmented by those provided in later sections for each individual radio type with each radio type being specified by the superset of the core plus specific requirements i
DS1.xlsx,402,"
					4.3.10     EIRENE  mobiles  will  generate  electromagnetic  emissions.  It  is  the  responsibility  of 
national railways operating EIRENE networks to ensure that EIRENE equipment does 
not interfere with the normal operation of any on-train or ground-based systems. (I) 
				",4310 eirene mobiles will generate electromagnetic emissions it is the responsibility of national railways operating eirene networks to ensure that eirene equipment does not interfere with the normal operation of any ontrain or groundbased systems i
DS3.xlsx,963,4.3.10 EIRENE mobiles will generate electromagnetic emissions. It is the responsibility of national railways operating EIRENE networks to ensure that EIRENE equipment does not interfere with the normal operation of any on-train or ground-based systems. (I),4310 eirene mobiles will generate electromagnetic emissions it is the responsibility of national railways operating eirene networks to ensure that eirene equipment does not interfere with the normal operation of any ontrain or groundbased systems i
DS3.xlsx,956,"4.3.3 In normal operation of a mobile radio unit, it is expected that a combination of the above environmental conditions will be experienced. (I)",433 in normal operation of a mobile radio unit it is expected that a combination of the above environmental conditions will be experienced i
DS1.xlsx,395,"
					4.3.3     In normal operation of a mobile radio unit, it is expected that a combination of the 
above environmental conditions will be experienced. (I) 
				",433 in normal operation of a mobile radio unit it is expected that a combination of the above environmental conditions will be experienced i
DS3.xlsx,957,"4.3.4 Any environmental and physical requirements stated may be superseded by national requirements if the national standards provide a higher level of environmental and physical protection. However, stricter national standards shall not prevent the use of other EIRENE mobiles in that country. (M)",434 any environmental and physical requirements stated may be superseded by national requirements if the national standards provide a higher level of environmental and physical protection however stricter national standards shall not prevent the use of other eirene mobiles in that country m
DS1.xlsx,396,"
					4.3.4     Any environmental and physical requirements stated may be superseded by national 
requirements if the national standards provide a higher level of environmental and 
physical protection. However, stricter national standards shall not prevent the use of 
other EIRENE mobiles in that country. (M) 
				",434 any environmental and physical requirements stated may be superseded by national requirements if the national standards provide a higher level of environmental and physical protection however stricter national standards shall not prevent the use of other eirene mobiles in that country m
DS3.xlsx,958,"4.3.5 All design, testing and installation of EIRENE mobile radio equipment shall comply with the quality procedures defined in ISO 9001 . (M) Climatic conditions",435 all design testing and installation of eirene mobile radio equipment shall comply with the quality procedures defined in iso 9001  m climatic conditions
DS1.xlsx,397,"
					4.3.5     All design, testing and installation of EIRENE mobile radio equipment shall comply 
with the quality procedures defined in ISO 9001 . (M) 
Climatic conditions   
				",435 all design testing and installation of eirene mobile radio equipment shall comply with the quality procedures defined in iso 9001  m climatic conditions
DS3.xlsx,959,"4.3.6 Any pressure pulses caused by vehicles passing, entering or leaving tunnels shall not affect the normal operation of EIRENE mobile equipment. (M) Physical conditions",436 any pressure pulses caused by vehicles passing entering or leaving tunnels shall not affect the normal operation of eirene mobile equipment m physical conditions
DS1.xlsx,398,"
					4.3.6     Any pressure pulses caused by vehicles passing, entering or leaving tunnels shall not 
affect the normal operation of EIRENE mobile equipment. (M) 
Physical conditions   
				",436 any pressure pulses caused by vehicles passing entering or leaving tunnels shall not affect the normal operation of eirene mobile equipment m physical conditions
DS1.xlsx,400,"
					4.3.8     All EIRENE mobile equipment shall be capable of being operated on board rolling 
stock. (M) 
Electrical   
				",438 all eirene mobile equipment shall be capable of being operated on board rolling stock m electrical
DS3.xlsx,961,4.3.8 All EIRENE mobile equipment shall be capable of being operated on board rolling stock. (M) Electrical,438 all eirene mobile equipment shall be capable of being operated on board rolling stock m electrical
DS3.xlsx,962,4.3.9 The batteries to be used in the mobile equipment shall have sufficient capacity to support typical railway use. (M) Electromagnetic Compatibility,439 the batteries to be used in the mobile equipment shall have sufficient capacity to support typical railway use m electromagnetic compatibility
DS1.xlsx,401,"
					4.3.9     The  batteries  to  be  used  in  the  mobile  equipment  shall  have  sufficient  capacity  to 
support typical railway use. (M) 
Electromagnetic Compatibility   
				",439 the batteries to be used in the mobile equipment shall have sufficient capacity to support typical railway use m electromagnetic compatibility
DS3.xlsx,1157,5.10.1 Other interfaces may be provided in the Cab radio system. (O),5101 other interfaces may be provided in the cab radio system o
DS1.xlsx,586,"
				5.10.1     Other interfaces may be provided in the Cab radio system. (O)
				",5101 other interfaces may be provided in the cab radio system o
DS1.xlsx,403,"
					5.1.1     This section identifies the functional requirements for the EIRENE Cab radio. It covers 
the functionality provided by the Cab radio, driver MMI and support to other on-train 
systems. (I) 
				",511 this section identifies the functional requirements for the eirene cab radio it covers the functionality provided by the cab radio driver mmi and support to other ontrain systems i
DS3.xlsx,965,"5.1.1 This section identifies the functional requirements for the EIRENE Cab radio. It covers the functionality provided by the Cab radio, driver MMI and support to other on-train systems. (I)",511 this section identifies the functional requirements for the eirene cab radio it covers the functionality provided by the cab radio driver mmi and support to other ontrain systems i
DS3.xlsx,966,"5.1.2 Moreover, a driver may be provided with a handheld portable to allow communications whilst the driver is outside the train. (O)",512 moreover a driver may be provided with a handheld portable to allow communications whilst the driver is outside the train o
DS1.xlsx,404,"
					5.1.2     Moreover,  a  driver  may  be  provided  with  a  handheld  portable  to  allow 
communications whilst the driver is outside the train. (O) 
				",512 moreover a driver may be provided with a handheld portable to allow communications whilst the driver is outside the train o
DS1.xlsx,419,"
						5.2.2.10 A driver shall be able to initiate the establishment of a call to other drivers with a    
minimum of action (eg a single keystroke). (M) 
					",52210 a driver shall be able to initiate the establishment of a call to other drivers with a minimum of action eg a single keystroke m
DS3.xlsx,984,5.2.2.10 A driver shall be able to initiate the establishment of a call to other drivers with a minimum of action (eg a single keystroke). (M),52210 a driver shall be able to initiate the establishment of a call to other drivers with a minimum of action eg a single keystroke m
DS1.xlsx,420,"
						5.2.2.11 The group identity shall be displayed on the Cab radios of the participating drivers.    
(M) 
					",52211 the group identity shall be displayed on the cab radios of the participating drivers m
DS3.xlsx,985,5.2.2.11 The group identity shall be displayed on the Cab radios of the participating drivers. (M),52211 the group identity shall be displayed on the cab radios of the participating drivers m
DS1.xlsx,421,"
						5.2.2.12 An  audible  and  visual  indication  shall  be  provided  to  the  driver  that  the  call  is    
proceeding. (M) 
					",52212 an audible and visual indication shall be provided to the driver that the call is proceeding m
DS3.xlsx,986,5.2.2.12 An audible and visual indication shall be provided to the driver that the call is proceeding. (M),52212 an audible and visual indication shall be provided to the driver that the call is proceeding m
DS3.xlsx,987,"5.2.2.13 Once connected, the driver shall be able to communicate with other driver(s) by using the Push-To-Talk button on the handset. An indication shall be provided to the driver as a reminder of the need to use the Push-To-Talk button on the handset if he wants to talk. (M)",52213 once connected the driver shall be able to communicate with other drivers by using the pushtotalk button on the handset an indication shall be provided to the driver as a reminder of the need to use the pushtotalk button on the handset if he wants to talk m
DS1.xlsx,422,"
						5.2.2.13 Once connected, the driver shall be able to communicate with other driver(s) by using    
the Push-To-Talk button on the handset. An indication shall be provided to the driver 
as a reminder of the need to use the Push-To-Talk button on the handset if he wants to 
talk. (M) 
					",52213 once connected the driver shall be able to communicate with other drivers by using the pushtotalk button on the handset an indication shall be provided to the driver as a reminder of the need to use the pushtotalk button on the handset if he wants to talk m
DS1.xlsx,423,"
						5.2.2.14 The call shall be connected to the loudspeaker until the driver picks up the handset.    
(M) 
					",52214 the call shall be connected to the loudspeaker until the driver picks up the handset m
DS3.xlsx,988,5.2.2.14 The call shall be connected to the loudspeaker until the driver picks up the handset. (M),52214 the call shall be connected to the loudspeaker until the driver picks up the handset m
DS3.xlsx,989,"5.2.2.15 The call shall continue until terminated by the calling driver, an authorised controller or the network. (M)",52215 the call shall continue until terminated by the calling driver an authorised controller or the network m
DS1.xlsx,424,"
						5.2.2.15 The call shall continue until terminated by the calling driver, an authorised controller    
or the network. (M) 
					",52215 the call shall continue until terminated by the calling driver an authorised controller or the network m
DS1.xlsx,425,"
						5.2.2.16 If the train moves out of the group call area whilst the call is in progress, an audible    
and visual indication of the loss of call shall be provided to the driver. (M) 
					",52216 if the train moves out of the group call area whilst the call is in progress an audible and visual indication of the loss of call shall be provided to the driver m
DS3.xlsx,990,"5.2.2.16 If the train moves out of the group call area whilst the call is in progress, an audible and visual indication of the loss of call shall be provided to the driver. (M)",52216 if the train moves out of the group call area whilst the call is in progress an audible and visual indication of the loss of call shall be provided to the driver m
DS1.xlsx,426,"
						5.2.2.17 If the system is not able to connect the call, an audible and visual indication shall be    
provided to the driver. (M) 
Send Railway emergency call  
					",52217 if the system is not able to connect the call an audible and visual indication shall be provided to the driver m send railway emergency call
DS3.xlsx,991,"5.2.2.17 If the system is not able to connect the call, an audible and visual indication shall be provided to the driver. (M) Send Railway emergency call",52217 if the system is not able to connect the call an audible and visual indication shall be provided to the driver m send railway emergency call
DS3.xlsx,992,5.2.2.18 It shall be possible for a driver to initiate Railway emergency calls (see section 13). (M),52218 it shall be possible for a driver to initiate railway emergency calls see section 13 m
DS1.xlsx,427,"
						5.2.2.18 It shall be possible for a driver to initiate Railway emergency calls (see section 13). (M)    
					",52218 it shall be possible for a driver to initiate railway emergency calls see section 13 m
DS3.xlsx,993,"5.2.2.19 If a train-borne recorder is connected to the Cab radio, details of the activation, termination and any failures of the emergency function shall be sent to the train-borne recorder as each event occurs. (M)",52219 if a trainborne recorder is connected to the cab radio details of the activation termination and any failures of the emergency function shall be sent to the trainborne recorder as each event occurs m
DS1.xlsx,428,"
						5.2.2.19 If  a  train-borne  recorder  is  connected  to  the  Cab  radio,  details  of  the  activation,    
termination and any failures of the emergency function shall be sent to the train-borne 
recorder as each event occurs. (M) 
					",52219 if a trainborne recorder is connected to the cab radio details of the activation termination and any failures of the emergency function shall be sent to the trainborne recorder as each event occurs m
DS1.xlsx,411,"
						5.2.2.2     If the radio system cannot give a unique identity for a given type of controller, the 
identity could be obtained using external systems as defined in 11.4.7. (I) 
					",5222 if the radio system cannot give a unique identity for a given type of controller the identity could be obtained using external systems as defined in 1147 i
DS3.xlsx,975,"5.2.2.2 If the radio system cannot give a unique identity for a given type of controller, the identity could be obtained using external systems as defined in 11.4.7. (I)",5222 if the radio system cannot give a unique identity for a given type of controller the identity could be obtained using external systems as defined in 1147 i
DS3.xlsx,994,"5.2.2.20 A continuous visual and short audible indication (from 0 to 20 seconds, for trials: 5 seconds) that the emergency function has been activated shall be provided in the cab. (Note that when the handset is off-hook, the audible indication shall be sounded from the loudspeaker at a low volume, but shall not be sounded from the handset.) (M)",52220 a continuous visual and short audible indication from 0 to 20 seconds for trials 5 seconds that the emergency function has been activated shall be provided in the cab note that when the handset is offhook the audible indication shall be sounded from the loudspeaker at a low volume but shall not be sounded from the handset m
DS1.xlsx,429,"
						5.2.2.20 A continuous visual and short audible indication (from 0 to 20 seconds, for trials: 5    
seconds) that the emergency function has been activated shall be provided in the cab. 
(Note that when the handset is off-hook, the audible indication shall be sounded from 
the loudspeaker at a low volume, but shall not be sounded from the handset.) (M) 
					",52220 a continuous visual and short audible indication from 0 to 20 seconds for trials 5 seconds that the emergency function has been activated shall be provided in the cab note that when the handset is offhook the audible indication shall be sounded from the loudspeaker at a low volume but shall not be sounded from the handset m
DS1.xlsx,430,"
						5.2.2.21 Once the Railway emergency call is connected and the audible indication is finished,    
an indication shall be provided to the driver as a reminder of the need to use the Push-
To-Talk button on the handset if he wants to speak. (M) 
					",52221 once the railway emergency call is connected and the audible indication is finished an indication shall be provided to the driver as a reminder of the need to use the push totalk button on the handset if he wants to speak m
DS3.xlsx,995,"5.2.2.21 Once the Railway emergency call is connected and the audible indication is finished, an indication shall be provided to the driver as a reminder of the need to use the Push- To-Talk button on the handset if he wants to speak. (M)",52221 once the railway emergency call is connected and the audible indication is finished an indication shall be provided to the driver as a reminder of the need to use the push totalk button on the handset if he wants to speak m
DS3.xlsx,996,5.2.2.22 The call shall be connected to the loudspeaker until the driver picks up the handset. (M),52222 the call shall be connected to the loudspeaker until the driver picks up the handset m
DS1.xlsx,431,"
						5.2.2.22 The call shall be connected to the loudspeaker until the driver picks up the handset.    
(M) 
					",52222 the call shall be connected to the loudspeaker until the driver picks up the handset m
DS1.xlsx,432,"
						5.2.2.23 If the train moves out of the call area whilst the call is in progress, it will leave the call    
and an audible and visual indication of the loss of call shall be provided to the driver. 
(M) 
					",52223 if the train moves out of the call area whilst the call is in progress it will leave the call and an audible and visual indication of the loss of call shall be provided to the driver m
DS3.xlsx,997,"5.2.2.23 If the train moves out of the call area whilst the call is in progress, it will leave the call and an audible and visual indication of the loss of call shall be provided to the driver. (M)",52223 if the train moves out of the call area whilst the call is in progress it will leave the call and an audible and visual indication of the loss of call shall be provided to the driver m
DS3.xlsx,998,"5.2.2.24 Once the call is terminated, the continuous visual alarm indication in the cab shall cease. (M)",52224 once the call is terminated the continuous visual alarm indication in the cab shall cease m
DS1.xlsx,433,"
						5.2.2.24 Once the call is terminated, the continuous visual alarm indication in the cab shall    
cease. (M) 
					",52224 once the call is terminated the continuous visual alarm indication in the cab shall cease m
DS3.xlsx,999,"5.2.2.25 If the system is not able to connect the call, an audible and visual indication shall be provided to the driver. (M) Communicate with other drivers on same train",52225 if the system is not able to connect the call an audible and visual indication shall be provided to the driver m communicate with other drivers on same train
DS1.xlsx,434,"
						5.2.2.25 If the system is not able to connect the call, an audible and visual indication shall be    
provided to the driver. (M) 
Communicate with other drivers on same train 
					",52225 if the system is not able to connect the call an audible and visual indication shall be provided to the driver m communicate with other drivers on same train
DS3.xlsx,1000,"5.2.2.26 Many trains employ multiple active traction vehicles. Where these vehicles are not connected by on-train wire connections, it shall be possible for the lead driver to establish a permanent radio connection between each of the active cabs. (M)",52226 many trains employ multiple active traction vehicles where these vehicles are not connected by ontrain wire connections it shall be possible for the lead driver to establish a permanent radio connection between each of the active cabs m
DS1.xlsx,435,"
						5.2.2.26 Many trains employ multiple active traction vehicles. Where these vehicles are not    
connected  by  on-train  wire  connections,  it  shall  be  possible  for  the  lead  driver  to 
establish a permanent radio connection between each of the active cabs. (M) 
					",52226 many trains employ multiple active traction vehicles where these vehicles are not connected by ontrain wire connections it shall be possible for the lead driver to establish a permanent radio connection between each of the active cabs m
DS1.xlsx,436,"
						5.2.2.27 The call will be established from the active cab of the lead traction vehicle. (I)    
					",52227 the call will be established from the active cab of the lead traction vehicle i
DS3.xlsx,1001,5.2.2.27 The call will be established from the active cab of the lead traction vehicle. (I),52227 the call will be established from the active cab of the lead traction vehicle i
DS3.xlsx,1002,"5.2.2.28 Whilst on-going, a multi-drivers indication shall be displayed permanently at all Cab radios. (M)",52228 whilst ongoing a multidrivers indication shall be displayed permanently at all cab radios m
DS1.xlsx,437,"
						5.2.2.28 Whilst on-going, a multi-drivers indication shall be displayed permanently at all Cab    
radios. (M) 
					",52228 whilst ongoing a multidrivers indication shall be displayed permanently at all cab radios m
DS1.xlsx,438,"
						5.2.2.29 The lead driver shall be notified if a member of the group has placed the call on hold,    
although this shall not affect communications between the remaining members of the 
group. (M) 
					",52229 the lead driver shall be notified if a member of the group has placed the call on hold although this shall not affect communications between the remaining members of the group m
DS3.xlsx,1003,"5.2.2.29 The lead driver shall be notified if a member of the group has placed the call on hold, although this shall not affect communications between the remaining members of the group. (M)",52229 the lead driver shall be notified if a member of the group has placed the call on hold although this shall not affect communications between the remaining members of the group m
DS3.xlsx,976,"5.2.2.3 Once an appropriate destination has been obtained, the radio shall attempt to establish a call to this destination. The functional identity shall be displayed to the controller. (M)",5223 once an appropriate destination has been obtained the radio shall attempt to establish a call to this destination the functional identity shall be displayed to the controller m
DS1.xlsx,412,"
						5.2.2.3     Once an appropriate destination has been obtained, the radio shall attempt to establish 
a call to this destination. The functional identity shall be displayed to the controller. 
(M) 
					",5223 once an appropriate destination has been obtained the radio shall attempt to establish a call to this destination the functional identity shall be displayed to the controller m
DS1.xlsx,439,"
						5.2.2.30 At any time during the call, the lead driver shall be able to remove a member of the    
group. (M) 
					",52230 at any time during the call the lead driver shall be able to remove a member of the group m
DS3.xlsx,1004,"5.2.2.30 At any time during the call, the lead driver shall be able to remove a member of the group. (M)",52230 at any time during the call the lead driver shall be able to remove a member of the group m
DS1.xlsx,440,"
						5.2.2.31 The lead driver shall be able to terminate the entire call. (M)    
					",52231 the lead driver shall be able to terminate the entire call m
DS3.xlsx,1005,5.2.2.31 The lead driver shall be able to terminate the entire call. (M),52231 the lead driver shall be able to terminate the entire call m
DS3.xlsx,1006,"5.2.2.32 If a driver is disconnected from the multi-driver call, a clear indication shall be given. (M)",52232 if a driver is disconnected from the multidriver call a clear indication shall be given m
DS1.xlsx,441,"
						5.2.2.32 If a driver is disconnected from the multi-driver call, a clear indication shall be given.    
(M) 
					",52232 if a driver is disconnected from the multidriver call a clear indication shall be given m
DS3.xlsx,1007,5.2.2.33 The setting up and closing down of a multi-driver call shall be simplified using automation or guidance through the steps required. (M),52233 the setting up and closing down of a multidriver call shall be simplified using automation or guidance through the steps required m
DS1.xlsx,442,"
						5.2.2.33 The  setting  up  and  closing  down  of  a  multi-driver  call  shall  be  simplified  using    
automation or guidance through the steps required. (M) 
					",52233 the setting up and closing down of a multidriver call shall be simplified using automation or guidance through the steps required m
DS3.xlsx,1008,"5.2.2.34 In each cab, the call shall be connected to the loudspeaker whilst the handset is on- hook. (M)",52234 in each cab the call shall be connected to the loudspeaker whilst the handset is on hook m
DS1.xlsx,443,"
						5.2.2.34 In each cab, the call shall be connected to the loudspeaker whilst the handset is on-   
hook. (M) 
					",52234 in each cab the call shall be connected to the loudspeaker whilst the handset is on hook m
DS3.xlsx,1009,"5.2.2.35 If any part of the call fails, an audible and visual indication shall be provided in the appropriate cab. (M)",52235 if any part of the call fails an audible and visual indication shall be provided in the appropriate cab m
DS1.xlsx,444,"
						5.2.2.35 If any part of the call fails, an audible and visual indication shall be provided in the    
appropriate cab. (M) 
					",52235 if any part of the call fails an audible and visual indication shall be provided in the appropriate cab m
DS1.xlsx,445,"
						5.2.2.36 If the call fails in the lead traction vehicle, the lead driver will be responsible for re-   
establishing the call. If the call fails to any other cab, the driver in that cab will call the 
lead cab and request re-establishment of the call. (I) 
					",52236 if the call fails in the lead traction vehicle the lead driver will be responsible for re establishing the call if the call fails to any other cab the driver in that cab will call the lead cab and request reestablishment of the call i
DS3.xlsx,1010,"5.2.2.36 If the call fails in the lead traction vehicle, the lead driver will be responsible for re- establishing the call. If the call fails to any other cab, the driver in that cab will call the lead cab and request re-establishment of the call. (I)",52236 if the call fails in the lead traction vehicle the lead driver will be responsible for re establishing the call if the call fails to any other cab the driver in that cab will call the lead cab and request reestablishment of the call i
DS1.xlsx,446,"
						5.2.2.37 For calls between a controller and the lead cab, it shall be possible to add the controller    
to the multi-driver call. Either the lead driver calls the controller or the controller calls 
the lead driver. In the latter case, the controller is automatically added into the multi-
driver call. Functional identity of the controller shall be displayed in the leading cab.   
(M) 
Call train staff 
					",52237 for calls between a controller and the lead cab it shall be possible to add the controller to the multidriver call either the lead driver calls the controller or the controller calls the lead driver in the latter case the controller is automatically added into the multi driver call functional identity of the controller shall be displayed in the leading cab m call train staff
DS3.xlsx,1011,"5.2.2.37 For calls between a controller and the lead cab, it shall be possible to add the controller to the multi-driver call. Either the lead driver calls the controller or the controller calls the lead driver. In the latter case, the controller is automatically added into the multi- driver call. Functional identity of the controller shall be displayed in the leading cab. (M) Call train staff",52237 for calls between a controller and the lead cab it shall be possible to add the controller to the multidriver call either the lead driver calls the controller or the controller calls the lead driver in the latter case the controller is automatically added into the multi driver call functional identity of the controller shall be displayed in the leading cab m call train staff
DS1.xlsx,447,"
						5.2.2.38 It shall be possible for the driver to contact members of on-board train staff using a    
point-to-point voice call. (M) 
					",52238 it shall be possible for the driver to contact members of onboard train staff using a pointtopoint voice call m
DS3.xlsx,1012,5.2.2.38 It shall be possible for the driver to contact members of on-board train staff using a point-to-point voice call. (M),52238 it shall be possible for the driver to contact members of onboard train staff using a pointtopoint voice call m
DS1.xlsx,413,"
						5.2.2.4     An  audible  and  visual  indication  shall  be  provided  to  the  driver  that  the  call  is 
proceeding. (M) 
					",5224 an audible and visual indication shall be provided to the driver that the call is proceeding m
DS3.xlsx,978,5.2.2.4 An audible and visual indication shall be provided to the driver that the call is proceeding. (M),5224 an audible and visual indication shall be provided to the driver that the call is proceeding m
DS1.xlsx,449,"
						5.2.2.40 The driver shall then be prompted to select the train staff with which he wishes to    
communicate. (M) 
					",52240 the driver shall then be prompted to select the train staff with which he wishes to communicate m
DS3.xlsx,1014,5.2.2.40 The driver shall then be prompted to select the train staff with which he wishes to communicate. (M),52240 the driver shall then be prompted to select the train staff with which he wishes to communicate m
DS1.xlsx,450,"
						5.2.2.41 On many trains, staff may be connected by intercom or internal telephone rather than    
by  radio.  It  is  required  that,  in  these  cases,  the  Cab  radio  shall be  integrated  with 
internal communication systems such that the appropriate means of connection (wire 
or radio) will be determined automatically. (M) 
Call other authorised users 
					",52241 on many trains staff may be connected by intercom or internal telephone rather than by radio it is required that in these cases the cab radio shall be integrated with internal communication systems such that the appropriate means of connection wire or radio will be determined automatically m call other authorised users
DS3.xlsx,1015,"5.2.2.41 On many trains, staff may be connected by intercom or internal telephone rather than by radio. It is required that, in these cases, the Cab radio shall be integrated with internal communication systems such that the appropriate means of connection (wire or radio) will be determined automatically. (M) Call other authorised users",52241 on many trains staff may be connected by intercom or internal telephone rather than by radio it is required that in these cases the cab radio shall be integrated with internal communication systems such that the appropriate means of connection wire or radio will be determined automatically m call other authorised users
DS1.xlsx,452,"
						5.2.2.43 An audible and visual indication of an incoming call shall be provided. (M)    
					",52243 an audible and visual indication of an incoming call shall be provided m
DS3.xlsx,1017,5.2.2.43 An audible and visual indication of an incoming call shall be provided. (M),52243 an audible and visual indication of an incoming call shall be provided m
DS3.xlsx,1018,"5.2.2.44 The functional identity (which may contain an alphanumeric description) of the calling party, when available, shall be displayed. (M)",52244 the functional identity which may contain an alphanumeric description of the calling party when available shall be displayed m
DS1.xlsx,453,"
						5.2.2.44 The functional identity (which may contain an alphanumeric description) of the calling    
party, when available, shall be displayed. (M) 
					",52244 the functional identity which may contain an alphanumeric description of the calling party when available shall be displayed m
DS3.xlsx,1019,5.2.2.45 Point-to-point calls that are not automatically answered (see table 10-1) shall only be answered once the driver accepts the call. (M),52245 pointtopoint calls that are not automatically answered see table 101 shall only be answered once the driver accepts the call m
DS1.xlsx,454,"					5.2.2.45 Point-to-point calls that are not automatically answered (see table 10-1) shall only be    
answered once the driver accepts the call. (M) 
					",52245 pointtopoint calls that are not automatically answered see table 101 shall only be answered once the driver accepts the call m
DS1.xlsx,455,"
						5.2.2.46 Once the driver has accepted the standard point-to-point call, it shall be connected    
appropriately, eg if the driver has accepted the call by lifting the handset, then the call 
shall be routed to the handset. (M) 
Receive incoming group or broadcast voice call 
					",52246 once the driver has accepted the standard pointtopoint call it shall be connected appropriately eg if the driver has accepted the call by lifting the handset then the call shall be routed to the handset m receive incoming group or broadcast voice call
DS3.xlsx,1020,"5.2.2.46 Once the driver has accepted the standard point-to-point call, it shall be connected appropriately, eg if the driver has accepted the call by lifting the handset, then the call shall be routed to the handset. (M) Receive incoming group or broadcast voice call",52246 once the driver has accepted the standard pointtopoint call it shall be connected appropriately eg if the driver has accepted the call by lifting the handset then the call shall be routed to the handset m receive incoming group or broadcast voice call
DS3.xlsx,1021,5.2.2.47 An audible and visual indication of the incoming call shall be provided when a Cab radio receives a group or broadcast call. (M),52247 an audible and visual indication of the incoming call shall be provided when a cab radio receives a group or broadcast call m
DS1.xlsx,456,"
						5.2.2.47 An audible and visual indication of the incoming call shall be provided when a Cab    
radio receives a group or broadcast call. (M)  
					",52247 an audible and visual indication of the incoming call shall be provided when a cab radio receives a group or broadcast call m
DS1.xlsx,457,"
						5.2.2.48 The group identity of the voice group call (VBS or VGCS) shall be displayed. (M)    
					",52248 the group identity of the voice group call vbs or vgcs shall be displayed m
DS3.xlsx,1022,5.2.2.48 The group identity of the voice group call (VBS or VGCS) shall be displayed. (M),52248 the group identity of the voice group call vbs or vgcs shall be displayed m
DS1.xlsx,458,"
						5.2.2.49 Group or broadcast calls shall automatically be connected to the loudspeaker if the    
handset is not in use, or to the handset if the handset is off hook. (M) 
					",52249 group or broadcast calls shall automatically be connected to the loudspeaker if the handset is not in use or to the handset if the handset is off hook m
DS3.xlsx,1023,"5.2.2.49 Group or broadcast calls shall automatically be connected to the loudspeaker if the handset is not in use, or to the handset if the handset is off hook. (M)",52249 group or broadcast calls shall automatically be connected to the loudspeaker if the handset is not in use or to the handset if the handset is off hook m
DS1.xlsx,414,"
						5.2.2.5     When the call is connected to the controller, an audible and visual indication is to be 
provided to the driver. The call shall be connected to the loudspeaker at the pre-set 
value. (M) 
					",5225 when the call is connected to the controller an audible and visual indication is to be provided to the driver the call shall be connected to the loudspeaker at the preset value m
DS3.xlsx,979,"5.2.2.5 When the call is connected to the controller, an audible and visual indication is to be provided to the driver. The call shall be connected to the loudspeaker at the pre-set value. (M)",5225 when the call is connected to the controller an audible and visual indication is to be provided to the driver the call shall be connected to the loudspeaker at the preset value m
DS1.xlsx,459,"
						5.2.2.50 The  driver  shall  be  informed  if  a  broadcast  call  is  ongoing  by  a  visual  indication    
displayed on the MMI. (M) 
					",52250 the driver shall be informed if a broadcast call is ongoing by a visual indication displayed on the mmi m
DS3.xlsx,1024,5.2.2.50 The driver shall be informed if a broadcast call is ongoing by a visual indication displayed on the MMI. (M),52250 the driver shall be informed if a broadcast call is ongoing by a visual indication displayed on the mmi m
DS1.xlsx,460,"
						5.2.2.50i  It is not possible for the driver to speak as part of the call when receiving a broadcast 
call. (I) 
					",52250i it is not possible for the driver to speak as part of the call when receiving a broadcast call i
DS3.xlsx,1025,5.2.2.50i It is not possible for the driver to speak as part of the call when receiving a broadcast call. (I),52250i it is not possible for the driver to speak as part of the call when receiving a broadcast call i
DS1.xlsx,461,"
						5.2.2.51 If the call is a group call, the driver shall be required to request permission before    
being able to speak as part of the call by lifting the handset and pushing the Push-To-
Talk (PTT) button. (M) 
					",52251 if the call is a group call the driver shall be required to request permission before being able to speak as part of the call by lifting the handset and pushing the pushto talk ptt button m
DS3.xlsx,1026,"5.2.2.51 If the call is a group call, the driver shall be required to request permission before being able to speak as part of the call by lifting the handset and pushing the Push-To- Talk (PTT) button. (M)",52251 if the call is a group call the driver shall be required to request permission before being able to speak as part of the call by lifting the handset and pushing the pushto talk ptt button m
DS3.xlsx,1027,"5.2.2.52 During a group call, a visual indication shall be displayed on the drivers MMI to remind the driver of the need to use the PTT button. (M)",52252 during a group call a visual indication shall be displayed on the drivers mmi to remind the driver of the need to use the ptt button m
DS1.xlsx,462,"
						5.2.2.52 During a group call, a visual indication shall be displayed on the drivers MMI to    
remind the driver of the need to use the PTT button. (M) 
					",52252 during a group call a visual indication shall be displayed on the drivers mmi to remind the driver of the need to use the ptt button m
DS3.xlsx,1028,5.2.2.53 The driver can not speak in a group call until permission is granted by the network after pushing the PTT button. (I),52253 the driver can not speak in a group call until permission is granted by the network after pushing the ptt button i
DS1.xlsx,463,"
						5.2.2.53 The driver can not speak in a group call until permission is granted by the network    
after pushing the PTT button. (I) 
					",52253 the driver can not speak in a group call until permission is granted by the network after pushing the ptt button i
DS3.xlsx,1029,"5.2.2.54 In a group call, an audible and visual indication of whether the request to talk was successful shall be provided. The driver shall then be able to speak as part of the call whilst the PTT button is pressed. (M)",52254 in a group call an audible and visual indication of whether the request to talk was successful shall be provided the driver shall then be able to speak as part of the call whilst the ptt button is pressed m
DS1.xlsx,464,"
						5.2.2.54 In a group call, an audible and visual indication of whether the request to talk was    
successful shall be provided. The driver shall then be able to speak as part of the call 
whilst the PTT button is pressed. (M) 
					",52254 in a group call an audible and visual indication of whether the request to talk was successful shall be provided the driver shall then be able to speak as part of the call whilst the ptt button is pressed m
DS1.xlsx,465,"
						5.2.2.55 If the train moves out of the group or broadcast call area whilst the call is in progress,    
an audible and visual indication of the loss of call shall be provided to the driver. (M) 
Receive incoming Railway emergency call 
					",52255 if the train moves out of the group or broadcast call area whilst the call is in progress an audible and visual indication of the loss of call shall be provided to the driver m receive incoming railway emergency call
DS3.xlsx,1030,"5.2.2.55 If the train moves out of the group or broadcast call area whilst the call is in progress, an audible and visual indication of the loss of call shall be provided to the driver. (M) Receive incoming Railway emergency call",52255 if the train moves out of the group or broadcast call area whilst the call is in progress an audible and visual indication of the loss of call shall be provided to the driver m receive incoming railway emergency call
DS3.xlsx,1031,"5.2.2.56 Reception of this call proceeds as for a standard group or broadcast call, except that a distinctive audible and visual indication shall be provided in the cab. (M)",52256 reception of this call proceeds as for a standard group or broadcast call except that a distinctive audible and visual indication shall be provided in the cab m
DS1.xlsx,466,"
						5.2.2.56 Reception of this call proceeds as for a standard group or broadcast call, except that a    
distinctive audible and visual indication shall be provided in the cab. (M) 
					",52256 reception of this call proceeds as for a standard group or broadcast call except that a distinctive audible and visual indication shall be provided in the cab m
DS1.xlsx,467,"
						5.2.2.57 If a train-borne recorder is connected to the Cab radio, details of an incoming Railway    
emergency  call  shall  be  transmitted  to  the  train-borne  recorder  for  recording,  see 
section 5.8. (M) 
Confirm receipt of Railway emergency call 
					",52257 if a trainborne recorder is connected to the cab radio details of an incoming railway emergency call shall be transmitted to the trainborne recorder for recording see section 58 m confirm receipt of railway emergency call
DS3.xlsx,1032,"5.2.2.57 If a train-borne recorder is connected to the Cab radio, details of an incoming Railway emergency call shall be transmitted to the train-borne recorder for recording, see section 5.8. (M) Confirm receipt of Railway emergency call",52257 if a trainborne recorder is connected to the cab radio details of an incoming railway emergency call shall be transmitted to the trainborne recorder for recording see section 58 m confirm receipt of railway emergency call
DS3.xlsx,1033,5.2.2.58 An automatic confirmation shall be generated by the Cab radio at the end of the Railway emergency call as detailed in section 13. (M),52258 an automatic confirmation shall be generated by the cab radio at the end of the railway emergency call as detailed in section 13 m
DS1.xlsx,468,"
						5.2.2.58 An  automatic  confirmation  shall  be  generated  by  the  Cab  radio  at  the  end  of  the    
Railway emergency call as detailed in section 13. (M) 
					",52258 an automatic confirmation shall be generated by the cab radio at the end of the railway emergency call as detailed in section 13 m
DS3.xlsx,1034,5.2.2.59 Automatic confirmation of receipt of Railway emergency calls will be used to provide a means of determining which trains have received a Railway emergency call (see section 13). (I) Terminate calls,52259 automatic confirmation of receipt of railway emergency calls will be used to provide a means of determining which trains have received a railway emergency call see section 13 i terminate calls
DS1.xlsx,469,"
						5.2.2.59 Automatic confirmation of receipt of Railway emergency calls will be used to provide a    
means  of  determining  which  trains  have  received  a  Railway  emergency  call  (see 
section 13). (I) 
Terminate calls 
					",52259 automatic confirmation of receipt of railway emergency calls will be used to provide a means of determining which trains have received a railway emergency call see section 13 i terminate calls
DS3.xlsx,980,"5.2.2.6 The functional identity of the connected party, if available, shall be displayed to the driver. (M)",5226 the functional identity of the connected party if available shall be displayed to the driver m
DS1.xlsx,415,"
						5.2.2.6     The functional identity of the connected party, if available, shall be displayed to the 
driver. (M) 
					",5226 the functional identity of the connected party if available shall be displayed to the driver m
DS1.xlsx,470,"
						5.2.2.60 The  Cab  radio  shall  provide  a  means for  the driver  to  terminate  calls  which he  is    
authorised to terminate (ie all calls except Railway emergency calls not initiated by the 
driver and shunting group calls). (M) 
					",52260 the cab radio shall provide a means for the driver to terminate calls which he is authorised to terminate ie all calls except railway emergency calls not initiated by the driver and shunting group calls m
DS3.xlsx,1035,5.2.2.60 The Cab radio shall provide a means for the driver to terminate calls which he is authorised to terminate (ie all calls except Railway emergency calls not initiated by the driver and shunting group calls). (M),52260 the cab radio shall provide a means for the driver to terminate calls which he is authorised to terminate ie all calls except railway emergency calls not initiated by the driver and shunting group calls m
DS3.xlsx,1036,"5.2.2.61 For group or broadcast calls, a means to leave the call without terminating the call shall be provided. (M) Receive text messages",52261 for group or broadcast calls a means to leave the call without terminating the call shall be provided m receive text messages
DS1.xlsx,471,"
						5.2.2.61 For group or broadcast calls, a means to leave the call without terminating the call shall    
be provided. (M) 
Receive text messages 
					",52261 for group or broadcast calls a means to leave the call without terminating the call shall be provided m receive text messages
DS3.xlsx,1037,5.2.2.62 The Cab radio system shall be able to receive incoming text messages (see section 12 for details). (M) Enter/leave shunting mode,52262 the cab radio system shall be able to receive incoming text messages see section 12 for details m enterleave shunting mode
DS1.xlsx,472,"
						5.2.2.62 The Cab radio system shall be able to receive incoming text messages (see section 12    
for details). (M) 
Enter/leave shunting mode 
					",52262 the cab radio system shall be able to receive incoming text messages see section 12 for details m enterleave shunting mode
DS1.xlsx,473,"
						5.2.2.63 The  Cab  radio  shall  support  a  shunting  mode  of  operation  that  provides  a  link    
assurance  tone  to  reassure  users  of  the  integrity  of  the  communication  link  (see  
section 14). (M)  
					",52263 the cab radio shall support a shunting mode of operation that provides a link assurance tone to reassure users of the integrity of the communication link see section 14 m
DS3.xlsx,1038,5.2.2.63 The Cab radio shall support a shunting mode of operation that provides a link assurance tone to reassure users of the integrity of the communication link (see section 14). (M),52263 the cab radio shall support a shunting mode of operation that provides a link assurance tone to reassure users of the integrity of the communication link see section 14 m
DS1.xlsx,474,"
						5.2.2.64 A means to enter and leave shunting mode shall be provided. (M)    
					",52264 a means to enter and leave shunting mode shall be provided m
DS3.xlsx,1039,5.2.2.64 A means to enter and leave shunting mode shall be provided. (M),52264 a means to enter and leave shunting mode shall be provided m
DS1.xlsx,475,"
						5.2.2.65 The functionality to enter and leave shunting mode shall not be available when there    
are on-going calls involving the Cab radio. (M) 
					",52265 the functionality to enter and leave shunting mode shall not be available when there are ongoing calls involving the cab radio m
DS3.xlsx,1040,5.2.2.65 The functionality to enter and leave shunting mode shall not be available when there are on-going calls involving the Cab radio. (M),52265 the functionality to enter and leave shunting mode shall not be available when there are ongoing calls involving the cab radio m
DS3.xlsx,1041,5.2.2.66 The link assurance tone shall be provided via the loudspeaker. (M),52266 the link assurance tone shall be provided via the loudspeaker m
DS1.xlsx,476,"
						5.2.2.66 The link assurance tone shall be provided via the loudspeaker. (M)    
					",52266 the link assurance tone shall be provided via the loudspeaker m
DS3.xlsx,1042,"5.2.2.67 If the Cab radio is equipped with an additional security device, this audible indication may be muted for the drivers convenience. In this case, the security device alerts the driver if the link has failed or if it is cancelled. (I) Enter/leave direct mode",52267 if the cab radio is equipped with an additional security device this audible indication may be muted for the drivers convenience in this case the security device alerts the driver if the link has failed or if it is cancelled i enterleave direct mode
DS1.xlsx,477,"
						5.2.2.67 If the Cab radio is equipped with an additional security device, this audible indication    
may be muted for the drivers convenience. In this case, the security device alerts the 
driver if the link has failed or if it is cancelled. (I) 
Enter/leave direct mode 
					",52267 if the cab radio is equipped with an additional security device this audible indication may be muted for the drivers convenience in this case the security device alerts the driver if the link has failed or if it is cancelled i enterleave direct mode
DS3.xlsx,1043,"5.2.2.68 It should be possible for the Cab radio to be used without the network service (if it should fail or if there is no authorised network coverage), such that local open channel communications are still possible. This mode of operation is termed direct mode (see section 15). (O)",52268 it should be possible for the cab radio to be used without the network service if it should fail or if there is no authorised network coverage such that local open channel communications are still possible this mode of operation is termed direct mode see section 15 o
DS1.xlsx,478,"
						5.2.2.68 It should be possible for the Cab radio to be used without the network service (if it    
should fail or if there is no authorised network coverage), such that local open channel 
communications are still possible. This mode of operation is termed direct mode (see 
section 15). (O) 
					",52268 it should be possible for the cab radio to be used without the network service if it should fail or if there is no authorised network coverage such that local open channel communications are still possible this mode of operation is termed direct mode see section 15 o
DS3.xlsx,1044,"5.2.2.69 If direct mode is implemented, a means to enter and leave direct mode shall be provided. (M)",52269 if direct mode is implemented a means to enter and leave direct mode shall be provided m
DS1.xlsx,479,"
						5.2.2.69 If  direct  mode  is  implemented,  a  means  to  enter  and  leave  direct  mode  shall  be    
provided. (M) 
					",52269 if direct mode is implemented a means to enter and leave direct mode shall be provided m
DS3.xlsx,981,"5.2.2.7 If the functional identity of the connected party contains an alphanumeric description, this shall also be displayed. (M)",5227 if the functional identity of the connected party contains an alphanumeric description this shall also be displayed m
DS1.xlsx,416,"
						5.2.2.7     If the functional identity of the connected party contains an alphanumeric description, 
this shall also be displayed. (M) 
					",5227 if the functional identity of the connected party contains an alphanumeric description this shall also be displayed m
DS1.xlsx,480,"
						5.2.2.70 If the radio is in direct mode and the normal network service returns, the user shall be    
provided with an audible and visual indication. (M) 
Monitor calls to other on-train users/devices using the Cab radio 
					",52270 if the radio is in direct mode and the normal network service returns the user shall be provided with an audible and visual indication m monitor calls to other ontrain usersdevices using the cab radio
DS3.xlsx,1045,"5.2.2.70 If the radio is in direct mode and the normal network service returns, the user shall be provided with an audible and visual indication. (M) Monitor calls to other on-train users/devices using the Cab radio",52270 if the radio is in direct mode and the normal network service returns the user shall be provided with an audible and visual indication m monitor calls to other ontrain usersdevices using the cab radio
DS3.xlsx,1046,"5.2.2.71 Not all communications using the Cab radio will involve the driver. Where these calls involve the Cab radio, the driver shall be provided with an indication that the Cab radio is busy. (M)",52271 not all communications using the cab radio will involve the driver where these calls involve the cab radio the driver shall be provided with an indication that the cab radio is busy m
DS1.xlsx,481,"
						5.2.2.71 Not all communications using the Cab radio will involve the driver. Where these calls    
involve the Cab radio, the driver shall be provided with an indication that the Cab 
radio is busy. (M) 
					",52271 not all communications using the cab radio will involve the driver where these calls involve the cab radio the driver shall be provided with an indication that the cab radio is busy m
DS3.xlsx,1047,"5.2.2.72 For voice calls using the Cab radio not involving the driver as a called or calling party, the driver shall have the possibility to listen to the audio output of the communication. (M)",52272 for voice calls using the cab radio not involving the driver as a called or calling party the driver shall have the possibility to listen to the audio output of the communication m
DS1.xlsx,482,"
						5.2.2.72 For voice calls using the Cab radio not involving the driver as a called or calling party,    
the driver shall have the possibility to listen to the audio output of the communication. 
(M) 
					",52272 for voice calls using the cab radio not involving the driver as a called or calling party the driver shall have the possibility to listen to the audio output of the communication m
DS3.xlsx,1048,"5.2.2.73 For voice communications, if the driver picks up the handset, the radio shall allow him to join the communication. (M)",52273 for voice communications if the driver picks up the handset the radio shall allow him to join the communication m
DS1.xlsx,483,"
						5.2.2.73 For voice communications, if the driver picks up the handset, the radio shall allow him    
to join the communication. (M) 
					",52273 for voice communications if the driver picks up the handset the radio shall allow him to join the communication m
DS3.xlsx,1049,5.2.2.74 The driver shall be able to terminate communications (voice or data) by selecting another call. (M) Forward calls to driver handheld,52274 the driver shall be able to terminate communications voice or data by selecting another call m forward calls to driver handheld
DS1.xlsx,484,"
						5.2.2.74 The  driver  shall  be  able  to  terminate  communications  (voice  or  data)  by  selecting    
another call. (M) 
Forward calls to driver handheld 
					",52274 the driver shall be able to terminate communications voice or data by selecting another call m forward calls to driver handheld
DS1.xlsx,417,"
						5.2.2.8     If the system is not able to connect the call, an audible and visual indication shall be 
provided to the driver that the call was not received by the controller. This shall also 
indicate if the called party was busy or if the network could not connect the call. (M) 
Call other drivers in the area (on other trains) 
					",5228 if the system is not able to connect the call an audible and visual indication shall be provided to the driver that the call was not received by the controller this shall also indicate if the called party was busy or if the network could not connect the call m call other drivers in the area on other trains
DS3.xlsx,982,"5.2.2.8 If the system is not able to connect the call, an audible and visual indication shall be provided to the driver that the call was not received by the controller. This shall also indicate if the called party was busy or if the network could not connect the call. (M) Call other drivers in the area (on other trains)",5228 if the system is not able to connect the call an audible and visual indication shall be provided to the driver that the call was not received by the controller this shall also indicate if the called party was busy or if the network could not connect the call m call other drivers in the area on other trains
DS3.xlsx,983,5.2.2.9 It shall be possible for a driver to initiate and participate in group voice calls between drivers in a pre-defined geographical area. (M),5229 it shall be possible for a driver to initiate and participate in group voice calls between drivers in a predefined geographical area m
DS1.xlsx,418,"
						5.2.2.9     It shall be possible for a driver to initiate and participate in group voice calls between 
drivers in a pre-defined geographical area. (M) 
					",5229 it shall be possible for a driver to initiate and participate in group voice calls between drivers in a predefined geographical area m
DS3.xlsx,969,5.2.2i Once a call has been established the connected parties shall be able to communicate. (M) 5.2.2iv A Push-To-Talk function shall be provided for use during group calls. (M),522i once a call has been established the connected parties shall be able to communicate m 522iv a pushtotalk function shall be provided for use during group calls m
DS1.xlsx,405,"
					5.2.2i   Once a call has been established the connected parties shall be able to communicate. 
(M) 5.2.2iv  A Push-To-Talk function shall be provided for use during group calls. (M) 
					",522i once a call has been established the connected parties shall be able to communicate m 522iv a pushtotalk function shall be provided for use during group calls m
DS1.xlsx,406,"
					5.2.2ii   Picking up the handset shall transfer the communication to the handset and reduce the 
loudspeaker volume to its minimum level. (M) 
					",522ii picking up the handset shall transfer the communication to the handset and reduce the loudspeaker volume to its minimum level m
DS3.xlsx,970,5.2.2ii Picking up the handset shall transfer the communication to the handset and reduce the loudspeaker volume to its minimum level. (M),522ii picking up the handset shall transfer the communication to the handset and reduce the loudspeaker volume to its minimum level m
DS1.xlsx,408,"
						5.2.2iv   A Push-To-Talk function shall be provided for use during group calls. (M) 
					",522iv a pushtotalk function shall be provided for use during group calls m
DS3.xlsx,972,5.2.2iv A Push-To-Talk function shall be provided for use during group calls. (M),522iv a pushtotalk function shall be provided for use during group calls m
DS1.xlsx,409,"5.2.2v   The  use  of  Push-To-Talk  for  all  types  of  communications  is  acceptable  if  needed  for 
ergonomic reasons or to avoid the noise of the cab being transmitted to the other party. 
(I) 
					",522v the use of pushtotalk for all types of communications is acceptable if needed for ergonomic reasons or to avoid the noise of the cab being transmitted to the other party i
DS3.xlsx,973,5.2.2v The use of Push-To-Talk for all types of communications is acceptable if needed for ergonomic reasons or to avoid the noise of the cab being transmitted to the other party. (I),522v the use of pushtotalk for all types of communications is acceptable if needed for ergonomic reasons or to avoid the noise of the cab being transmitted to the other party i
DS1.xlsx,495,"
						5.2.3.10 As far as possible, the above procedure should also apply on power failure. (O)    
					",52310 as far as possible the above procedure should also apply on power failure o
DS3.xlsx,1060,"5.2.3.10 As far as possible, the above procedure should also apply on power failure. (O)",52310 as far as possible the above procedure should also apply on power failure o
DS3.xlsx,1062,5.2.3.12 It shall be possible to present radio related prompts and information in a number of different languages. (M),52312 it shall be possible to present radio related prompts and information in a number of different languages m
DS1.xlsx,497,"
						5.2.3.12 It shall be possible to present radio related prompts and information in a number of    
different languages. (M)  
					",52312 it shall be possible to present radio related prompts and information in a number of different languages m
DS3.xlsx,1063,"5.2.3.13 By default, prompts and information shall be displayed in the language selected by the train owner (as stored within the system). (M)",52313 by default prompts and information shall be displayed in the language selected by the train owner as stored within the system m
DS1.xlsx,498,"
						5.2.3.13 By default, prompts and information shall be displayed in the language selected by the    
train owner (as stored within the system). (M) 
					",52313 by default prompts and information shall be displayed in the language selected by the train owner as stored within the system m
DS3.xlsx,1064,5.2.3.14 It shall be possible for the user to display a list of available languages and select the language in which radio related prompts and information are displayed both at turn on and during a journey (eg where a change of drivers may occur). (M),52314 it shall be possible for the user to display a list of available languages and select the language in which radio related prompts and information are displayed both at turn on and during a journey eg where a change of drivers may occur m
DS1.xlsx,499,"
						5.2.3.14 It shall be possible for the user to display a list of available languages and select the    
language in which radio related prompts and information are displayed both at turn 
on and during a journey (eg where a change of drivers may occur). (M) 
					",52314 it shall be possible for the user to display a list of available languages and select the language in which radio related prompts and information are displayed both at turn on and during a journey eg where a change of drivers may occur m
DS3.xlsx,1065,5.2.3.15 The languages to be supported will be a matter for each national railway to decide. (I),52315 the languages to be supported will be a matter for each national railway to decide i
DS1.xlsx,500,"
						5.2.3.15 The languages to be supported will be a matter for each national railway to decide. (I)    
					",52315 the languages to be supported will be a matter for each national railway to decide i
DS3.xlsx,1066,5.2.3.16 The radio shall support at least ten different languages. (M) Adjust loudspeaker volume,52316 the radio shall support at least ten different languages m adjust loudspeaker volume
DS1.xlsx,501,"
						5.2.3.16 The radio shall support at least ten different languages. (M)    
Adjust loudspeaker volume 
					",52316 the radio shall support at least ten different languages m adjust loudspeaker volume
DS3.xlsx,1067,"5.2.3.17 By default, the loudspeaker volume shall be set to a pre-determined level suitable for the operating environment (as stored within the system). (M)",52317 by default the loudspeaker volume shall be set to a predetermined level suitable for the operating environment as stored within the system m
DS1.xlsx,502,"
						5.2.3.17 By default, the loudspeaker volume shall be set to a pre-determined level suitable for    
the operating environment (as stored within the system). (M) 
					",52317 by default the loudspeaker volume shall be set to a predetermined level suitable for the operating environment as stored within the system m
DS3.xlsx,1068,5.2.3.18 It shall be possible for the driver to increase and decrease the loudspeaker volume within the adjustment range selected. (M),52318 it shall be possible for the driver to increase and decrease the loudspeaker volume within the adjustment range selected m
DS1.xlsx,503,"
						5.2.3.18 It shall be possible for the driver to increase and decrease the loudspeaker volume    
within the adjustment range selected. (M) 
					",52318 it shall be possible for the driver to increase and decrease the loudspeaker volume within the adjustment range selected m
DS1.xlsx,504,"
						5.2.3.19 When the handset is picked up, the loudspeaker shall continue to operate, but at a    
reduced volume level. (M) 
					",52319 when the handset is picked up the loudspeaker shall continue to operate but at a reduced volume level m
DS3.xlsx,1069,"5.2.3.19 When the handset is picked up, the loudspeaker shall continue to operate, but at a reduced volume level. (M)",52319 when the handset is picked up the loudspeaker shall continue to operate but at a reduced volume level m
DS1.xlsx,487,"
						5.2.3.2     At the point of successful connection, the Cab radio will be able to receive all calls 
made using the Cab radios telephone number, engine number or appropriate group 
call numbers (including Railway emergency calls). (I) 
					",5232 at the point of successful connection the cab radio will be able to receive all calls made using the cab radios telephone number engine number or appropriate group call numbers including railway emergency calls i
DS3.xlsx,1052,"5.2.3.2 At the point of successful connection, the Cab radio will be able to receive all calls made using the Cab radios telephone number, engine number or appropriate group call numbers (including Railway emergency calls). (I)",5232 at the point of successful connection the cab radio will be able to receive all calls made using the cab radios telephone number engine number or appropriate group call numbers including railway emergency calls i
DS1.xlsx,506,"
						5.2.3.23i  When presented with this list, it shall be possible for the driver (using simple MMI 
actions) to select the required mobile radio network manually, whereupon the Cab 
radio shall attempt to attach to this selected network. (M) 
					",52323i when presented with this list it shall be possible for the driver using simple mmi actions to select the required mobile radio network manually whereupon the cab radio shall attempt to attach to this selected network m
DS3.xlsx,1074,"5.2.3.23i When presented with this list, it shall be possible for the driver (using simple MMI actions) to select the required mobile radio network manually, whereupon the Cab radio shall attempt to attach to this selected network. (M)",52323i when presented with this list it shall be possible for the driver using simple mmi actions to select the required mobile radio network manually whereupon the cab radio shall attempt to attach to this selected network m
DS1.xlsx,507,"
						5.2.3.24 The manual network selection function shall not be available when there are on-going    
voice calls involving the Cab radio. (M) 
					",52324 the manual network selection function shall not be available when there are ongoing voice calls involving the cab radio m
DS3.xlsx,1075,5.2.3.24 The manual network selection function shall not be available when there are on-going voice calls involving the Cab radio. (M),52324 the manual network selection function shall not be available when there are ongoing voice calls involving the cab radio m
DS1.xlsx,508,"
						5.2.3.25 A visual confirmation of the new network identity shall be given to the driver when a    
manually initiated network change has been completed successfully. (M) 5.2.3.25v Directed network selection is suitable for crossing international borders. (I) 
Automatic network selection 5.2.3.25vi The Cab radio should be capable of selecting the mobile radio network automatically 
from a list of suitable networks (see section 10.5). (O) 5.2.3.25vii If automatic network selection is implemented, it shall be possible for the driver to 
activate and deactivate automatic network selection. (M) 5.2.3.25viii Automatic network selection shall not be used for international border crossing. (M) 5.2.3.25x If directed network selection and/or automatic network selection are implemented, 
the driver shall be informed by means of an audible and visual indication of the new 
network identity whenever a network change takes place without user intervention. 
(M) 
Register and deregister train number  
					",52325 a visual confirmation of the new network identity shall be given to the driver when a manually initiated network change has been completed successfully m 52325v directed network selection is suitable for crossing international borders i automatic network selection 52325vi the cab radio should be capable of selecting the mobile radio network automatically from a list of suitable networks see section 105 o 52325vii if automatic network selection is implemented it shall be possible for the driver to activate and deactivate automatic network selection m 52325viii automatic network selection shall not be used for international border crossing m 52325x if directed network selection andor automatic network selection are implemented the driver shall be informed by means of an audible and visual indication of the new network identity whenever a network change takes place without user intervention m register and deregister train number
DS3.xlsx,1076,"5.2.3.25 A visual confirmation of the new network identity shall be given to the driver when a manually initiated network change has been completed successfully. (M) 5.2.3.25v Directed network selection is suitable for crossing international borders. (I) Automatic network selection 5.2.3.25vi The Cab radio should be capable of selecting the mobile radio network automatically from a list of suitable networks (see section 10.5). (O) 5.2.3.25vii If automatic network selection is implemented, it shall be possible for the driver to activate and deactivate automatic network selection. (M) 5.2.3.25viii Automatic network selection shall not be used for international border crossing. (M) 5.2.3.25x If directed network selection and/or automatic network selection are implemented, the driver shall be informed by means of an audible and visual indication of the new network identity whenever a network change takes place without user intervention. (M) Register and deregister train number",52325 a visual confirmation of the new network identity shall be given to the driver when a manually initiated network change has been completed successfully m 52325v directed network selection is suitable for crossing international borders i automatic network selection 52325vi the cab radio should be capable of selecting the mobile radio network automatically from a list of suitable networks see section 105 o 52325vii if automatic network selection is implemented it shall be possible for the driver to activate and deactivate automatic network selection m 52325viii automatic network selection shall not be used for international border crossing m 52325x if directed network selection andor automatic network selection are implemented the driver shall be informed by means of an audible and visual indication of the new network identity whenever a network change takes place without user intervention m register and deregister train number
DS1.xlsx,509,"
						5.2.3.25i Manual network selection is suitable for crossing international borders. (I) 
Directed network selection 5.2.3.25iv If directed network selection is implemented, input from the external device(s) shall 
initiate the network change regardless of the identity of the current network and how 
it was selected. (M) 5.2.3.25ix Automatic network selection is not suitable for use in areas where there is a risk that 
the Cab radio will change to a foreign network unpredictably. (I) 
					",52325i manual network selection is suitable for crossing international borders i directed network selection 52325iv if directed network selection is implemented input from the external devices shall initiate the network change regardless of the identity of the current network and how it was selected m 52325ix automatic network selection is not suitable for use in areas where there is a risk that the cab radio will change to a foreign network unpredictably i
DS3.xlsx,1077,"5.2.3.25i Manual network selection is suitable for crossing international borders. (I) Directed network selection 5.2.3.25iv If directed network selection is implemented, input from the external device(s) shall initiate the network change regardless of the identity of the current network and how it was selected. (M) 5.2.3.25ix Automatic network selection is not suitable for use in areas where there is a risk that the Cab radio will change to a foreign network unpredictably. (I)",52325i manual network selection is suitable for crossing international borders i directed network selection 52325iv if directed network selection is implemented input from the external devices shall initiate the network change regardless of the identity of the current network and how it was selected m 52325ix automatic network selection is not suitable for use in areas where there is a risk that the cab radio will change to a foreign network unpredictably i
DS3.xlsx,1078,5.2.3.25ii The Cab radio should be capable of selecting the mobile radio network as directed by input from an external device (eg a balise). (O),52325ii the cab radio should be capable of selecting the mobile radio network as directed by input from an external device eg a balise o
DS1.xlsx,510,"
						5.2.3.25ii The Cab radio should be capable of selecting the mobile radio network as directed by 
input from an external device (eg a balise). (O) 
					",52325ii the cab radio should be capable of selecting the mobile radio network as directed by input from an external device eg a balise o
DS3.xlsx,1079,"5.2.3.25iii If directed network selection is implemented and voice calls are ongoing at the time when the external device attempts to trigger a network change, an audible and visual indication shall be given to the driver and network change shall be deferred until the call is terminated or until coverage of the current network is lost. (M)",52325iii if directed network selection is implemented and voice calls are ongoing at the time when the external device attempts to trigger a network change an audible and visual indication shall be given to the driver and network change shall be deferred until the call is terminated or until coverage of the current network is lost m
DS1.xlsx,511,"
						5.2.3.25iii If directed network selection is implemented and voice calls are ongoing at the time 
when the external device attempts to trigger a network change, an audible and visual 
indication shall be given to the driver and network change shall be deferred until the 
call is terminated or until coverage of the current network is lost. (M) 
					",52325iii if directed network selection is implemented and voice calls are ongoing at the time when the external device attempts to trigger a network change an audible and visual indication shall be given to the driver and network change shall be deferred until the call is terminated or until coverage of the current network is lost m
DS1.xlsx,516,"
						5.2.3.25ix Automatic network selection is not suitable for use in areas where there is a risk that 
the Cab radio will change to a foreign network unpredictably. (I) 
					",52325ix automatic network selection is not suitable for use in areas where there is a risk that the cab radio will change to a foreign network unpredictably i
DS3.xlsx,1084,5.2.3.25ix Automatic network selection is not suitable for use in areas where there is a risk that the Cab radio will change to a foreign network unpredictably. (I),52325ix automatic network selection is not suitable for use in areas where there is a risk that the cab radio will change to a foreign network unpredictably i
DS3.xlsx,1080,5.2.3.25v Directed network selection is suitable for crossing international borders. (I) Automatic network selection,52325v directed network selection is suitable for crossing international borders i automatic network selection
DS1.xlsx,512,"
						5.2.3.25v Directed network selection is suitable for crossing international borders. (I) 
					Automatic network selection 
					",52325v directed network selection is suitable for crossing international borders i automatic network selection
DS3.xlsx,1081,5.2.3.25vi The Cab radio should be capable of selecting the mobile radio network automatically from a list of suitable networks (see section 10.5). (O),52325vi the cab radio should be capable of selecting the mobile radio network automatically from a list of suitable networks see section 105 o
DS1.xlsx,513,"
						5.2.3.25vi The Cab radio should be capable of selecting the mobile radio network automatically 
from a list of suitable networks (see section 10.5). (O) 
					",52325vi the cab radio should be capable of selecting the mobile radio network automatically from a list of suitable networks see section 105 o
DS1.xlsx,514,"
						5.2.3.25vii If automatic network selection is implemented, it shall be possible for the driver to 
activate and deactivate automatic network selection. (M) 
					",52325vii if automatic network selection is implemented it shall be possible for the driver to activate and deactivate automatic network selection m
DS3.xlsx,1082,"5.2.3.25vii If automatic network selection is implemented, it shall be possible for the driver to activate and deactivate automatic network selection. (M)",52325vii if automatic network selection is implemented it shall be possible for the driver to activate and deactivate automatic network selection m
DS3.xlsx,1083,5.2.3.25viii Automatic network selection shall not be used for international border crossing. (M),52325viii automatic network selection shall not be used for international border crossing m
DS1.xlsx,515,"
						5.2.3.25viii Automatic network selection shall not be used for international border crossing. (M) 
					",52325viii automatic network selection shall not be used for international border crossing m
DS1.xlsx,517,"
						5.2.3.25x  If  directed  network  selection  and/or  automatic  network  selection  are  implemented, 
the driver shall be informed by means of an audible and visual indication of the new 
network  identity  whenever  a  network  change  takes  place  without  user  intervention. 
(M) 
Register and deregister train number  
					",52325x if directed network selection andor automatic network selection are implemented the driver shall be informed by means of an audible and visual indication of the new network identity whenever a network change takes place without user intervention m register and deregister train number
DS3.xlsx,1085,"5.2.3.25x If directed network selection and/or automatic network selection are implemented, the driver shall be informed by means of an audible and visual indication of the new network identity whenever a network change takes place without user intervention. (M) Register and deregister train number",52325x if directed network selection andor automatic network selection are implemented the driver shall be informed by means of an audible and visual indication of the new network identity whenever a network change takes place without user intervention m register and deregister train number
DS1.xlsx,518,"
						5.2.3.26 It  shall  be  possible  for  the  driver  to  register  and  deregister  a  train  number  in  the    
following ways:  
1)  enter train number; (M) 
2)  initiate automated request (applicable only for leading driver). (O) 
					",52326 it shall be possible for the driver to register and deregister a train number in the following ways 1 enter train number m 2 initiate automated request applicable only for leading driver o
DS3.xlsx,1086,5.2.3.26 It shall be possible for the driver to register and deregister a train number in the following ways: 1) enter train number; (M) 2) initiate automated request (applicable only for leading driver). (O),52326 it shall be possible for the driver to register and deregister a train number in the following ways 1 enter train number m 2 initiate automated request applicable only for leading driver o
DS3.xlsx,1087,"5.2.3.27 Where the driver is required to enter the train number information, the information entered shall be shown on the display and require confirmation by the driver before further actions are possible. (M)",52327 where the driver is required to enter the train number information the information entered shall be shown on the display and require confirmation by the driver before further actions are possible m
DS1.xlsx,519,"
						5.2.3.27 Where the driver is required to enter the train number information, the information    
entered shall be shown on the display and require confirmation by the driver before 
further actions are possible. (M) 
					",52327 where the driver is required to enter the train number information the information entered shall be shown on the display and require confirmation by the driver before further actions are possible m
DS1.xlsx,520,"
						5.2.3.28 If an automated request is initiated (option 2), the driver shall be able to accept or reject    
the train number returned by the network. (M) 
					",52328 if an automated request is initiated option 2 the driver shall be able to accept or reject the train number returned by the network m
DS3.xlsx,1088,"5.2.3.28 If an automated request is initiated (option 2), the driver shall be able to accept or reject the train number returned by the network. (M)",52328 if an automated request is initiated option 2 the driver shall be able to accept or reject the train number returned by the network m
DS3.xlsx,1089,"5.2.3.28i Where ERTMS/ETCS and radio systems are available and the driver is required to enter the train number as part of the initialisation procedure, this task shall be carried out only once on the ERTMS/ETCS system and the entered number transmitted to the radio system. (M)",52328i where ertmsetcs and radio systems are available and the driver is required to enter the train number as part of the initialisation procedure this task shall be carried out only once on the ertmsetcs system and the entered number transmitted to the radio system m
DS1.xlsx,521,"
						5.2.3.28i Where ERTMS/ETCS and radio systems are available and the driver is required to 
enter the train number as part of the initialisation procedure, this task shall be carried 
out only once on the ERTMS/ETCS system and the entered number transmitted to the 
radio system. (M) 
					",52328i where ertmsetcs and radio systems are available and the driver is required to enter the train number as part of the initialisation procedure this task shall be carried out only once on the ertmsetcs system and the entered number transmitted to the radio system m
DS3.xlsx,1090,5.2.3.28ii Data entry may be from either system depending on the operating procedures agreed between the train operator and the railway infrastructure operator. (I),52328ii data entry may be from either system depending on the operating procedures agreed between the train operator and the railway infrastructure operator i
DS1.xlsx,522,"
						5.2.3.28ii  Data entry may be from either system depending on the operating procedures agreed 
between the train operator and the railway infrastructure operator. (I) 
					",52328ii data entry may be from either system depending on the operating procedures agreed between the train operator and the railway infrastructure operator i
DS3.xlsx,1091,5.2.3.29 The driver shall be warned (by audible and visual indications) if a train with the same train number is already registered on the same network. (M),52329 the driver shall be warned by audible and visual indications if a train with the same train number is already registered on the same network m
DS1.xlsx,523,"
						5.2.3.29 The driver shall be warned (by audible and visual indications) if a train with the same    
train number is already registered on the same network. (M) 
					",52329 the driver shall be warned by audible and visual indications if a train with the same train number is already registered on the same network m
DS3.xlsx,1053,5.2.3.3 Powering down the Cab radio shall cause the disconnection of the Cab radio from the mobile network. (M),5233 powering down the cab radio shall cause the disconnection of the cab radio from the mobile network m
DS1.xlsx,488,"
						5.2.3.3     Powering down the Cab radio shall cause the disconnection of the Cab radio from the 
mobile network. (M) 
					",5233 powering down the cab radio shall cause the disconnection of the cab radio from the mobile network m
DS3.xlsx,1092,5.2.3.30 A means to override the currently registered train number shall be provided to the newly registering driver. (M),52330 a means to override the currently registered train number shall be provided to the newly registering driver m
DS1.xlsx,524,"
						5.2.3.30 A means to override the currently registered train number shall be provided to the    
newly registering driver. (M) 
					",52330 a means to override the currently registered train number shall be provided to the newly registering driver m
DS3.xlsx,1093,5.2.3.31 The driver of the previously registered train shall be informed (by audible and visual indications) that his train number has been overridden by another driver. (M),52331 the driver of the previously registered train shall be informed by audible and visual indications that his train number has been overridden by another driver m
DS1.xlsx,525,"
						5.2.3.31 The driver of the previously registered train shall be informed (by audible and visual    
indications) that his train number has been overridden by another driver. (M) 
					",52331 the driver of the previously registered train shall be informed by audible and visual indications that his train number has been overridden by another driver m
DS3.xlsx,1094,"5.2.3.32 Where a change of train number is required during the course of a trains journey, it shall be possible for the driver to initiate the change or override the automatic change. This shall be carried out by entering the train number (option 1 in 5.2.3.26). (M)",52332 where a change of train number is required during the course of a trains journey it shall be possible for the driver to initiate the change or override the automatic change this shall be carried out by entering the train number option 1 in 52326 m
DS1.xlsx,526,"
						5.2.3.32 Where a change of train number is required during the course of a trains journey, it    
shall be possible for the driver to initiate the change or override the automatic change. 
This shall be carried out by entering the train number (option 1 in 5.2.3.26). (M) 
					",52332 where a change of train number is required during the course of a trains journey it shall be possible for the driver to initiate the change or override the automatic change this shall be carried out by entering the train number option 1 in 52326 m
DS1.xlsx,527,"
						5.2.3.33 Non leading drivers shall be able to indicate to the system their location in the train    
during the registration procedure (2nd driver, 3rd driver etc). (M) 
Register and deregister on-train users (on-train functions) 
					",52333 non leading drivers shall be able to indicate to the system their location in the train during the registration procedure 2nd driver 3rd driver etc m register and deregister ontrain users ontrain functions
DS3.xlsx,1095,"5.2.3.33 Non leading drivers shall be able to indicate to the system their location in the train during the registration procedure (2nd driver, 3rd driver etc). (M) Register and deregister on-train users (on-train functions)",52333 non leading drivers shall be able to indicate to the system their location in the train during the registration procedure 2nd driver 3rd driver etc m register and deregister ontrain users ontrain functions
DS1.xlsx,528,"
						5.2.3.34 The drivers functional number shall be automatically registered/deregistered when    
the train number is registered/deregistered. (M) 
					",52334 the drivers functional number shall be automatically registeredderegistered when the train number is registeredderegistered m
DS3.xlsx,1096,5.2.3.34 The drivers functional number shall be automatically registered/deregistered when the train number is registered/deregistered. (M),52334 the drivers functional number shall be automatically registeredderegistered when the train number is registeredderegistered m
DS1.xlsx,529,"
						5.2.3.35 The functional number of other on-train users who may be addressed through the Cab    
radio via the on-train bus shall be registered/deregistered automatically at the same 
time as the registration/deregistration of the drivers functional number. (M) 
					",52335 the functional number of other ontrain users who may be addressed through the cab radio via the ontrain bus shall be registeredderegistered automatically at the same time as the registrationderegistration of the drivers functional number m
DS3.xlsx,1097,5.2.3.35 The functional number of other on-train users who may be addressed through the Cab radio via the on-train bus shall be registered/deregistered automatically at the same time as the registration/deregistration of the drivers functional number. (M),52335 the functional number of other ontrain users who may be addressed through the cab radio via the ontrain bus shall be registeredderegistered automatically at the same time as the registrationderegistration of the drivers functional number m
DS1.xlsx,530,"
						5.2.3.36 Where  an  on-train  bus  is  connected  to  the  Cab  radio,  deregistration  of  functional    
numbers can be performed on an individual basis and also by the train driver, by one 
action for all users (including the driver), at the end of the journey when the train 
number is no longer associated with the train. (O) 
Register and deregister stock number (engine/coach number) 
					",52336 where an ontrain bus is connected to the cab radio deregistration of functional numbers can be performed on an individual basis and also by the train driver by one action for all users including the driver at the end of the journey when the train number is no longer associated with the train o register and deregister stock number enginecoach number
DS3.xlsx,1098,"5.2.3.36 Where an on-train bus is connected to the Cab radio, deregistration of functional numbers can be performed on an individual basis and also by the train driver, by one action for all users (including the driver), at the end of the journey when the train number is no longer associated with the train. (O) Register and deregister stock number (engine/coach number)",52336 where an ontrain bus is connected to the cab radio deregistration of functional numbers can be performed on an individual basis and also by the train driver by one action for all users including the driver at the end of the journey when the train number is no longer associated with the train o register and deregister stock number enginecoach number
DS3.xlsx,1099,"5.2.3.37 There shall be a fixed relationship between the telephone numbers of radios installed in the locomotive/coach and the stock number, which shall remain even if the radio is changed. (M)",52337 there shall be a fixed relationship between the telephone numbers of radios installed in the locomotivecoach and the stock number which shall remain even if the radio is changed m
DS1.xlsx,531,"
						5.2.3.37 There shall be a fixed relationship between the telephone numbers of radios installed    
in the locomotive/coach and the stock number, which shall remain even if the radio is 
changed. (M) 
					",52337 there shall be a fixed relationship between the telephone numbers of radios installed in the locomotivecoach and the stock number which shall remain even if the radio is changed m
DS3.xlsx,1101,5.2.3.39 The Cab radio shall have a reconfigurable list of stored numbers that may be used to perform abbreviated dialling to named user identities. (M),52339 the cab radio shall have a reconfigurable list of stored numbers that may be used to perform abbreviated dialling to named user identities m
DS1.xlsx,533,"
						5.2.3.39 The Cab radio shall have a reconfigurable list of stored numbers that may be used to    
perform abbreviated dialling to named user identities. (M) 
					",52339 the cab radio shall have a reconfigurable list of stored numbers that may be used to perform abbreviated dialling to named user identities m
DS3.xlsx,1054,"5.2.3.4 When switched off, the radio shall retain any numbers which are stored at the time the radio is switched off. (M) Switch radio MMI on/off",5234 when switched off the radio shall retain any numbers which are stored at the time the radio is switched off m switch radio mmi onoff
DS1.xlsx,489,"
						5.2.3.4     When switched off, the radio shall retain any numbers which are stored at the time the 
radio is switched off. (M) 
Switch radio MMI on/off 
					",5234 when switched off the radio shall retain any numbers which are stored at the time the radio is switched off m switch radio mmi onoff
DS1.xlsx,534,"
						5.2.3.40 It  shall  be  possible  for  the  driver  to  find  and  display  stored  numbers  and  their    
information. (M) 
					",52340 it shall be possible for the driver to find and display stored numbers and their information m
DS3.xlsx,1102,5.2.3.40 It shall be possible for the driver to find and display stored numbers and their information. (M),52340 it shall be possible for the driver to find and display stored numbers and their information m
DS1.xlsx,535,"
						5.2.3.41 It should be possible for the driver to store and overwrite numbers and their details in    
the Cab radio. (O) 
Invoke supplementary services 
					",52341 it should be possible for the driver to store and overwrite numbers and their details in the cab radio o invoke supplementary services
DS3.xlsx,1103,5.2.3.41 It should be possible for the driver to store and overwrite numbers and their details in the Cab radio. (O) Invoke supplementary services,52341 it should be possible for the driver to store and overwrite numbers and their details in the cab radio o invoke supplementary services
DS1.xlsx,537,"
						5.2.3.43 The actions required from the driver will be as simple as possible. (I)    
Invoke tests 
					",52343 the actions required from the driver will be as simple as possible i invoke tests
DS3.xlsx,1105,5.2.3.43 The actions required from the driver will be as simple as possible. (I) Invoke tests,52343 the actions required from the driver will be as simple as possible i invoke tests
DS1.xlsx,538,"
						5.2.3.44 It shall be possible to initiate tests of the radio to provide the driver with a reasonable    
level of certainty that the radio and MMI are working. (M) 
					",52344 it shall be possible to initiate tests of the radio to provide the driver with a reasonable level of certainty that the radio and mmi are working m
DS3.xlsx,1106,5.2.3.44 It shall be possible to initiate tests of the radio to provide the driver with a reasonable level of certainty that the radio and MMI are working. (M),52344 it shall be possible to initiate tests of the radio to provide the driver with a reasonable level of certainty that the radio and mmi are working m
DS1.xlsx,539,"
						5.2.3.45 Such tests shall not prevent calls. (M)    
					",52345 such tests shall not prevent calls m
DS3.xlsx,1107,5.2.3.45 Such tests shall not prevent calls. (M),52345 such tests shall not prevent calls m
DS3.xlsx,1108,5.2.3.46 The result of the tests shall be displayed in a similar format to the self-test when MMI is powered on. (M),52346 the result of the tests shall be displayed in a similar format to the selftest when mmi is powered on m
DS1.xlsx,540,"
						5.2.3.46 The result of the tests shall be displayed in a similar format to the self-test when MMI    
is powered on. (M) 
					",52346 the result of the tests shall be displayed in a similar format to the selftest when mmi is powered on m
DS1.xlsx,490,"
						5.2.3.5     The  MMI  on/off  control  shall  be  designed  to  prevent  accidental  activation/ 
deactivation. (M) 
					",5235 the mmi onoff control shall be designed to prevent accidental activation deactivation m
DS3.xlsx,1055,5.2.3.5 The MMI on/off control shall be designed to prevent accidental activation/ deactivation. (M),5235 the mmi onoff control shall be designed to prevent accidental activation deactivation m
DS1.xlsx,493,"
						5.2.3.8     The time   should be able to be varied between 0 and 240 minutes, as a maintenance   t
function,  allowing  the  radio  to  power  up  in  a  consistent  state  following  minor 
operational procedures or power interruptions. (O) 
					",5238 the time should be able to be varied between 0 and 240 minutes as a maintenance t function allowing the radio to power up in a consistent state following minor operational procedures or power interruptions o
DS3.xlsx,1058,"5.2.3.8 The time should be able to be varied between 0 and 240 minutes, as a maintenance t function, allowing the radio to power up in a consistent state following minor operational procedures or power interruptions. (O)",5238 the time should be able to be varied between 0 and 240 minutes as a maintenance t function allowing the radio to power up in a consistent state following minor operational procedures or power interruptions o
DS1.xlsx,541,"
						5.2.4.1     The Cab radio system may be required to be able to handle incoming and outgoing 
calls not only to and from the driver, but also to and from other on-train users and 
devices (conductor, public address system, data systems, etc) via appropriate interfaces 
and ports. (I) 
					",5241 the cab radio system may be required to be able to handle incoming and outgoing calls not only to and from the driver but also to and from other ontrain users and devices conductor public address system data systems etc via appropriate interfaces and ports i
DS3.xlsx,1109,"5.2.4.1 The Cab radio system may be required to be able to handle incoming and outgoing calls not only to and from the driver, but also to and from other on-train users and devices (conductor, public address system, data systems, etc) via appropriate interfaces and ports. (I)",5241 the cab radio system may be required to be able to handle incoming and outgoing calls not only to and from the driver but also to and from other ontrain users and devices conductor public address system data systems etc via appropriate interfaces and ports i
DS1.xlsx,550,"
						5.2.4.10 Upon the request of the driver, the Cab radio should be able to perform a suite of run-   
time diagnostic tests on all physical interfaces. (O) 
					",52410 upon the request of the driver the cab radio should be able to perform a suite of run time diagnostic tests on all physical interfaces o
DS3.xlsx,1118,"5.2.4.10 Upon the request of the driver, the Cab radio should be able to perform a suite of run- time diagnostic tests on all physical interfaces. (O)",52410 upon the request of the driver the cab radio should be able to perform a suite of run time diagnostic tests on all physical interfaces o
DS1.xlsx,551,"
						5.2.4.11 If run-time diagnostics are implemented, failure of an interface shall be reported to the    
driver via the display. (M) 
					",52411 if runtime diagnostics are implemented failure of an interface shall be reported to the driver via the display m
DS3.xlsx,1119,"5.2.4.11 If run-time diagnostics are implemented, failure of an interface shall be reported to the driver via the display. (M)",52411 if runtime diagnostics are implemented failure of an interface shall be reported to the driver via the display m
DS1.xlsx,552,"
						5.2.4.12 If run-time diagnostics are implemented, all failures should be available to be recorded    
in a train-borne recorder. (O) 
					",52412 if runtime diagnostics are implemented all failures should be available to be recorded in a trainborne recorder o
DS3.xlsx,1120,"5.2.4.12 If run-time diagnostics are implemented, all failures should be available to be recorded in a train-borne recorder. (O)",52412 if runtime diagnostics are implemented all failures should be available to be recorded in a trainborne recorder o
DS1.xlsx,553,"
						5.2.4.13 If  run-time  diagnostics  are  implemented,  diagnostic  tests  shall  not  interfere  with    
normal operation of the Cab radio. (M) 
					",52413 if runtime diagnostics are implemented diagnostic tests shall not interfere with normal operation of the cab radio m
DS3.xlsx,1121,"5.2.4.13 If run-time diagnostics are implemented, diagnostic tests shall not interfere with normal operation of the Cab radio. (M)",52413 if runtime diagnostics are implemented diagnostic tests shall not interfere with normal operation of the cab radio m
DS1.xlsx,554,"
						5.2.4.14 Railways will require facilities to support the use of automatic test equipment with    
mobile radios. (I) 
					",52414 railways will require facilities to support the use of automatic test equipment with mobile radios i
DS3.xlsx,1122,5.2.4.14 Railways will require facilities to support the use of automatic test equipment with mobile radios. (I),52414 railways will require facilities to support the use of automatic test equipment with mobile radios i
DS1.xlsx,542,"
						5.2.4.2     For data applications, calls shall be possible even if the driver MMI is switched off. (M) 
					",5242 for data applications calls shall be possible even if the driver mmi is switched off m
DS3.xlsx,1110,"5.2.4.2 For data applications, calls shall be possible even if the driver MMI is switched off. (M)",5242 for data applications calls shall be possible even if the driver mmi is switched off m
DS3.xlsx,1111,5.2.4.3 The Cab radio may need to conserve battery power when the radio is powered up but the MMI is switched off. (I) Handling of call priorities,5243 the cab radio may need to conserve battery power when the radio is powered up but the mmi is switched off i handling of call priorities
DS1.xlsx,543,"
						5.2.4.3     The Cab radio may need to conserve battery power when the radio is powered up but 
the MMI is switched off. (I) 
Handling of call priorities 
					",5243 the cab radio may need to conserve battery power when the radio is powered up but the mmi is switched off i handling of call priorities
DS3.xlsx,1112,"5.2.4.4 The Cab radio may be required to set up calls from a number of different sources. Therefore, the radio shall provide a priority function for calls from different sources in order to handle contention for the radio. (M)",5244 the cab radio may be required to set up calls from a number of different sources therefore the radio shall provide a priority function for calls from different sources in order to handle contention for the radio m
DS1.xlsx,544,"
						5.2.4.4     The Cab radio may be required to set up calls from a number of different sources. 
Therefore, the radio shall provide a priority function for calls from different sources in 
order to handle contention for the radio. (M) 
					",5244 the cab radio may be required to set up calls from a number of different sources therefore the radio shall provide a priority function for calls from different sources in order to handle contention for the radio m
DS3.xlsx,1113,"5.2.4.5 In order to meet other call priorities, established calls shall be able to be either put on hold or cleared down (pre-empted). (M)",5245 in order to meet other call priorities established calls shall be able to be either put on hold or cleared down preempted m
DS1.xlsx,545,"
						5.2.4.5     In order to meet other call priorities, established calls shall be able to be either put on 
hold or cleared down (pre-empted). (M) 
					",5245 in order to meet other call priorities established calls shall be able to be either put on hold or cleared down preempted m
DS3.xlsx,1114,5.2.4.6 The Cab radio shall be capable of handling contention between calls of differing priorities. (M),5246 the cab radio shall be capable of handling contention between calls of differing priorities m
DS1.xlsx,546,"
						5.2.4.6     The  Cab  radio  shall  be  capable  of  handling  contention  between  calls  of  differing 
priorities. (M) 
					",5246 the cab radio shall be capable of handling contention between calls of differing priorities m
DS1.xlsx,547,"
						5.2.4.7     An  outgoing  call  request  of  higher  priority  than  an  established  call  shall  take 
precedence over the established call. (M) 
					",5247 an outgoing call request of higher priority than an established call shall take precedence over the established call m
DS3.xlsx,1115,5.2.4.7 An outgoing call request of higher priority than an established call shall take precedence over the established call. (M),5247 an outgoing call request of higher priority than an established call shall take precedence over the established call m
DS1.xlsx,548,"
						5.2.4.8     Where pre-emption occurs, an advisory indication may be provided to the pre-empted 
parties. (O) 
					",5248 where preemption occurs an advisory indication may be provided to the preempted parties o
DS3.xlsx,1116,"5.2.4.8 Where pre-emption occurs, an advisory indication may be provided to the pre-empted parties. (O)",5248 where preemption occurs an advisory indication may be provided to the preempted parties o
DS1.xlsx,549,"
						5.2.4.9     Priority  call  handling  facilities  shall  be  provided  such  that  the  performance 
requirements defined in sections 3.4 and 10.2 can be met. (M) 
Run-time diagnostics 
					",5249 priority call handling facilities shall be provided such that the performance requirements defined in sections 34 and 102 can be met m runtime diagnostics
DS3.xlsx,1117,5.2.4.9 Priority call handling facilities shall be provided such that the performance requirements defined in sections 3.4 and 10.2 can be met. (M) Run-time diagnostics,5249 priority call handling facilities shall be provided such that the performance requirements defined in sections 34 and 102 can be met m runtime diagnostics
DS3.xlsx,1123,"5.3.1 Train-mounted equipment including the Cab radio terminal equipment, MMI and antenna shall comply with all specifications in section 4.3 and all of those defined in this section. (M)",531 trainmounted equipment including the cab radio terminal equipment mmi and antenna shall comply with all specifications in section 43 and all of those defined in this section m
DS1.xlsx,555,"
				5.3.1     Train-mounted  equipment  including  the  Cab  radio  terminal  equipment,  MMI  and 
antenna shall comply with all specifications in section 4.3 and all of those defined in 
this section. (M) 
				",531 trainmounted equipment including the cab radio terminal equipment mmi and antenna shall comply with all specifications in section 43 and all of those defined in this section m
DS1.xlsx,556,"
				5.3.2     The radio equipment that will be mounted in rolling stock can be split into two classes: 
in-cab  equipment  and  external  equipment.  Each  type  of  equipment  has  slightly 
different requirements placed upon it in terms of EMC and climate. (UIC fiche 651  is a 
useful reference concerning the layout of cab equipment.) (I) 
Physical conditions   
				",532 the radio equipment that will be mounted in rolling stock can be split into two classes incab equipment and external equipment each type of equipment has slightly different requirements placed upon it in terms of emc and climate uic fiche 651 is a useful reference concerning the layout of cab equipment i physical conditions
DS3.xlsx,1124,5.3.2 The radio equipment that will be mounted in rolling stock can be split into two classes: in-cab equipment and external equipment. Each type of equipment has slightly different requirements placed upon it in terms of EMC and climate. (UIC fiche 651 is a useful reference concerning the layout of cab equipment.) (I) Physical conditions,532 the radio equipment that will be mounted in rolling stock can be split into two classes incab equipment and external equipment each type of equipment has slightly different requirements placed upon it in terms of emc and climate uic fiche 651 is a useful reference concerning the layout of cab equipment i physical conditions
DS3.xlsx,1125,"5.3.3 Measures should be taken to reduce the risk of theft of radio equipment. Examples of such measures include physical protection, alarms and access control measures. (I)",533 measures should be taken to reduce the risk of theft of radio equipment examples of such measures include physical protection alarms and access control measures i
DS1.xlsx,557,"
				5.3.3     Measures should be taken to reduce the risk of theft of radio equipment. Examples of 
such measures include physical protection, alarms and access control measures. (I) 
				",533 measures should be taken to reduce the risk of theft of radio equipment examples of such measures include physical protection alarms and access control measures i
DS3.xlsx,1126,"5.3.4 Ease of maintenance should be taken into account in the design and installation of radio equipment. For example, maintenance access to antennas on vehicles should be provided. (I) Electrical",534 ease of maintenance should be taken into account in the design and installation of radio equipment for example maintenance access to antennas on vehicles should be provided i electrical
DS1.xlsx,558,"
				5.3.4     Ease of maintenance should be taken into account in the design and installation of 
radio equipment. For example, maintenance access to antennas on vehicles should be 
provided. (I) 
Electrical   
				",534 ease of maintenance should be taken into account in the design and installation of radio equipment for example maintenance access to antennas on vehicles should be provided i electrical
DS1.xlsx,560,"
				5.3.6     Requirements on electromagnetic emissions for the Cab radio are to be more stringent 
than those defined for other radio types due to close proximity to other train-mounted 
control and protection equipment, and higher transmission power. (I) 
				",536 requirements on electromagnetic emissions for the cab radio are to be more stringent than those defined for other radio types due to close proximity to other trainmounted control and protection equipment and higher transmission power i
DS3.xlsx,1128,"5.3.6 Requirements on electromagnetic emissions for the Cab radio are to be more stringent than those defined for other radio types due to close proximity to other train-mounted control and protection equipment, and higher transmission power. (I)",536 requirements on electromagnetic emissions for the cab radio are to be more stringent than those defined for other radio types due to close proximity to other trainmounted control and protection equipment and higher transmission power i
DS3.xlsx,1140,5.4.11 The standard set of audible and visual indications specified in the CENELEC Standard for the Driver-Machine Interface for ERTMS shall be implemented in the Cab radio system. (M),5411 the standard set of audible and visual indications specified in the cenelec standard for the drivermachine interface for ertms shall be implemented in the cab radio system m
DS1.xlsx,572,"
				5.4.11     The standard set of audible and visual indications specified in the CENELEC Standard 
for the Driver-Machine Interface for ERTMS shall be implemented in the Cab radio 
system. (M) 
				",5411 the standard set of audible and visual indications specified in the cenelec standard for the drivermachine interface for ertms shall be implemented in the cab radio system m
DS3.xlsx,1142,"5.4.13 Some Cab radios may need to be operated by staff wearing gloves and controls may need to be suitable for use in a wide range of conditions, eg splash proof and suitable for viewing in direct sunlight and in darkness. (O)",5413 some cab radios may need to be operated by staff wearing gloves and controls may need to be suitable for use in a wide range of conditions eg splash proof and suitable for viewing in direct sunlight and in darkness o
DS1.xlsx,573,"
				5.4.13     Some Cab radios may need to be operated by staff wearing gloves and controls may 
need to be suitable for use in a wide range of conditions, eg splash proof and suitable 
for viewing in direct sunlight and in darkness. (O) 
				",5413 some cab radios may need to be operated by staff wearing gloves and controls may need to be suitable for use in a wide range of conditions eg splash proof and suitable for viewing in direct sunlight and in darkness o
DS3.xlsx,1143,"5.4.14 Where there is a risk that stored numbers or other set-up details may be accidentally changed, facilities should be provided on the Cab radio in order to prevent this happening. (O)",5414 where there is a risk that stored numbers or other setup details may be accidentally changed facilities should be provided on the cab radio in order to prevent this happening o
DS1.xlsx,574,"
				5.4.14     Where there is a risk that stored numbers or other set-up details may be accidentally 
changed,  facilities  should  be  provided  on  the  Cab  radio  in  order  to  prevent  this 
happening. (O) 
				",5414 where there is a risk that stored numbers or other setup details may be accidentally changed facilities should be provided on the cab radio in order to prevent this happening o
DS3.xlsx,1144,5.4.15 Cab radios shall provide a means of preventing tampering. (M) Service availability,5415 cab radios shall provide a means of preventing tampering m service availability
DS1.xlsx,575,"
				5.4.15     Cab radios shall provide a means of preventing tampering. (M) 
Service availability 
				",5415 cab radios shall provide a means of preventing tampering m service availability
DS3.xlsx,1145,"5.4.16 If contact with the mobile radio network is lost, then the Cab radio shall give an audible and visual indication. (M)",5416 if contact with the mobile radio network is lost then the cab radio shall give an audible and visual indication m
DS1.xlsx,576,"
				5.4.16     If  contact  with  the  mobile  radio  network  is  lost,  then  the  Cab  radio  shall  give  an 
audible and visual indication. (M) 
				",5416 if contact with the mobile radio network is lost then the cab radio shall give an audible and visual indication m
DS3.xlsx,1130,5.4.2 Radio equipment installed in a drivers Cab shall not obstruct the drivers vision or otherwise hinder the safe driving of the train. (M),542 radio equipment installed in a drivers cab shall not obstruct the drivers vision or otherwise hinder the safe driving of the train m
DS1.xlsx,562,"
				5.4.2     Radio equipment installed in a drivers Cab shall not obstruct the drivers vision or 
otherwise hinder the safe driving of the train. (M) 
				",542 radio equipment installed in a drivers cab shall not obstruct the drivers vision or otherwise hinder the safe driving of the train m
DS1.xlsx,563,"
				5.4.2i   The design of the equipment shall make it possible to install it within a cab complying 
with the requirements of UIC fiche 651 concerning the layout of cab equipment . (M) 
				",542i the design of the equipment shall make it possible to install it within a cab complying with the requirements of uic fiche 651 concerning the layout of cab equipment  m
DS3.xlsx,1131,5.4.2i The design of the equipment shall make it possible to install it within a cab complying with the requirements of UIC fiche 651 concerning the layout of cab equipment . (M),542i the design of the equipment shall make it possible to install it within a cab complying with the requirements of uic fiche 651 concerning the layout of cab equipment  m
DS1.xlsx,564,"
				5.4.3     All call related functions shall be possible with the handset on or off the hook. (M) 
				",543 all call related functions shall be possible with the handset on or off the hook m
DS3.xlsx,1132,5.4.3 All call related functions shall be possible with the handset on or off the hook. (M),543 all call related functions shall be possible with the handset on or off the hook m
DS3.xlsx,1133,5.4.4 Note: there is no requirement for hands free operation. (I),544 note there is no requirement for hands free operation i
DS1.xlsx,565,"
				5.4.4     Note: there is no requirement for hands free operation. (I) 
				",544 note there is no requirement for hands free operation i
DS1.xlsx,566,"
				5.4.5     The  driver  shall  be  able  to  adjust  the  brightness  of  buttons,  indicator  lights  and 
displays according to the ambient lighting in the cab. (M) 
				",545 the driver shall be able to adjust the brightness of buttons indicator lights and displays according to the ambient lighting in the cab m
DS3.xlsx,1134,"5.4.5 The driver shall be able to adjust the brightness of buttons, indicator lights and displays according to the ambient lighting in the cab. (M)",545 the driver shall be able to adjust the brightness of buttons indicator lights and displays according to the ambient lighting in the cab m
DS1.xlsx,567,"
				5.4.6     The driver shall be able to adjust the contrast of the display. (M) 
				",546 the driver shall be able to adjust the contrast of the display m
DS3.xlsx,1135,5.4.6 The driver shall be able to adjust the contrast of the display. (M),546 the driver shall be able to adjust the contrast of the display m
DS1.xlsx,568,"
				5.4.7     The emergency call button shall be red and shall be protected against accidental use. 
(M) 
				",547 the emergency call button shall be red and shall be protected against accidental use m
DS3.xlsx,1136,5.4.7 The emergency call button shall be red and shall be protected against accidental use. (M),547 the emergency call button shall be red and shall be protected against accidental use m
DS3.xlsx,1137,"5.4.8 Any displays shall be clearly readable from a normal drivers position, assuming a normal reading distance. (M)",548 any displays shall be clearly readable from a normal drivers position assuming a normal reading distance m
DS1.xlsx,569,"
				5.4.8     Any displays shall be clearly readable from a normal drivers position, assuming a 
normal reading distance. (M)  
				",548 any displays shall be clearly readable from a normal drivers position assuming a normal reading distance m
DS1.xlsx,570,"
				5.4.9     Displayed characters shall have a minimum height of 5mm. (M) 
				",549 displayed characters shall have a minimum height of 5mm m
DS3.xlsx,1138,5.4.9 Displayed characters shall have a minimum height of 5mm. (M),549 displayed characters shall have a minimum height of 5mm m
DS3.xlsx,1148,5.7.1 A driver safety device (DSD) interface should be provided in traction units that are equipped with a DSD in order to support the transmission of a DSD alarm. (O),571 a driver safety device dsd interface should be provided in traction units that are equipped with a dsd in order to support the transmission of a dsd alarm o
DS1.xlsx,577,"
				5.7.1     A driver safety device (DSD) interface should be provided in traction units that are 
equipped with a DSD in order to support the transmission of a DSD alarm. (O)  
				",571 a driver safety device dsd interface should be provided in traction units that are equipped with a dsd in order to support the transmission of a dsd alarm o
DS3.xlsx,1149,"5.7.1i If such an interface is implemented, it shall be capable of being connected to a device complying with UIC fiche 641 concerning automatic vigilance devices used in international traffic. (M)",571i if such an interface is implemented it shall be capable of being connected to a device complying with uic fiche 641 concerning automatic vigilance devices used in international traffic m
DS1.xlsx,578,"
				5.7.1i   If such an interface is implemented, it shall be capable of being connected to a device 
complying  with  UIC  fiche  641   concerning  automatic  vigilance  devices  used  in 
international traffic. (M) 
				",571i if such an interface is implemented it shall be capable of being connected to a device complying with uic fiche 641 concerning automatic vigilance devices used in international traffic m
DS1.xlsx,579,"
				5.7.2     The activation of the driver safety device shall automatically trigger the Cab radio to 
send a data message. (M) 
				",572 the activation of the driver safety device shall automatically trigger the cab radio to send a data message m
DS3.xlsx,1150,5.7.2 The activation of the driver safety device shall automatically trigger the Cab radio to send a data message. (M),572 the activation of the driver safety device shall automatically trigger the cab radio to send a data message m
DS3.xlsx,1152,5.7.4 DSD alarm information shall be transmitted to the primary controller. (M),574 dsd alarm information shall be transmitted to the primary controller m
DS1.xlsx,581,"
				5.7.4     DSD alarm information shall be transmitted to the primary controller. (M) 
				",574 dsd alarm information shall be transmitted to the primary controller m
DS3.xlsx,1153,5.7.5 Additional information may also be provided if available from external systems. (O),575 additional information may also be provided if available from external systems o
DS1.xlsx,582,"
				5.7.5     Additional information may also be provided if available from external systems. (O) 
				",575 additional information may also be provided if available from external systems o
DS1.xlsx,584,"
				5.9.1     On-train mobiles shall provide a standardised interface to ERTMS/ETCS. (M)  
				",591 ontrain mobiles shall provide a standardised interface to ertmsetcs m
DS3.xlsx,1155,5.9.1 On-train mobiles shall provide a standardised interface to ERTMS/ETCS. (M),591 ontrain mobiles shall provide a standardised interface to ertmsetcs m
DS1.xlsx,585,"
				5.9.2     In  addition,  individual  railways  may  have  requirements  to  interface  to  national 
control/command systems. (I) 
				",592 in addition individual railways may have requirements to interface to national controlcommand systems i
DS3.xlsx,1156,"5.9.2 In addition, individual railways may have requirements to interface to national control/command systems. (I)",592 in addition individual railways may have requirements to interface to national controlcommand systems i
DS1.xlsx,587,"
					6.1.1     This section identifies the functional requirements for General purpose radio. It covers 
the functionality to be provided by the General purpose radio and the man-machine 
interface (MMI) is also defined. (I) 
				",611 this section identifies the functional requirements for general purpose radio it covers the functionality to be provided by the general purpose radio and the manmachine interface mmi is also defined i
DS3.xlsx,1158,6.1.1 This section identifies the functional requirements for General purpose radio. It covers the functionality to be provided by the General purpose radio and the man-machine interface (MMI) is also defined. (I),611 this section identifies the functional requirements for general purpose radio it covers the functionality to be provided by the general purpose radio and the manmachine interface mmi is also defined i
DS1.xlsx,588,"
						6.2.1.1     In  this  section,  the  functions  to  be  provided  by  the  General  purpose  radio  are 
described. (I) 
					",6211 in this section the functions to be provided by the general purpose radio are described i
DS3.xlsx,1159,"6.2.1.1 In this section, the functions to be provided by the General purpose radio are described. (I)",6211 in this section the functions to be provided by the general purpose radio are described i
DS3.xlsx,1161,"6.2.2.1 The General purpose radio shall be capable of use as a standard telephone, such that the user is able to call any valid number subject to call restrictions enforced by the network. (M) Send Railway emergency call",6221 the general purpose radio shall be capable of use as a standard telephone such that the user is able to call any valid number subject to call restrictions enforced by the network m send railway emergency call
DS1.xlsx,590,"
						6.2.2.1     The General purpose radio shall be capable of use as a standard telephone, such that 
the user is able to call any valid number subject to call restrictions enforced by the 
network. (M) 
Send Railway emergency call 
					",6221 the general purpose radio shall be capable of use as a standard telephone such that the user is able to call any valid number subject to call restrictions enforced by the network m send railway emergency call
DS1.xlsx,599,"
						6.2.2.10 If the call is a group call, the user has to request permission to speak during the call by    
using the Push-To-Talk (PTT) function. (M) 
					",62210 if the call is a group call the user has to request permission to speak during the call by using the pushtotalk ptt function m
DS3.xlsx,1170,"6.2.2.10 If the call is a group call, the user has to request permission to speak during the call by using the Push-To-Talk (PTT) function. (M)",62210 if the call is a group call the user has to request permission to speak during the call by using the pushtotalk ptt function m
DS3.xlsx,1171,"6.2.2.11 In a group call, a visual indication shall be provided to remind the user of the need to use the PTT function. (M)",62211 in a group call a visual indication shall be provided to remind the user of the need to use the ptt function m
DS1.xlsx,600,"
						6.2.2.11 In a group call, a visual indication shall be provided to remind the user of the need to    
use the PTT function. (M) 
			",62211 in a group call a visual indication shall be provided to remind the user of the need to use the ptt function m
DS3.xlsx,1172,6.2.2.12 The user may not speak in a group call until permission is granted by the network after using the PTT function. (I),62212 the user may not speak in a group call until permission is granted by the network after using the ptt function i
DS1.xlsx,601,"
						6.2.2.12 The user may not speak in a group call until permission is granted by the network after    
using the PTT function. (I) 
					",62212 the user may not speak in a group call until permission is granted by the network after using the ptt function i
DS1.xlsx,602,"
						6.2.2.13 In a group call, an audible and visual indication of whether the request was successful    
shall be provided. The user may then talk whilst the PTT function is used. (M) 
					",62213 in a group call an audible and visual indication of whether the request was successful shall be provided the user may then talk whilst the ptt function is used m
DS3.xlsx,1173,"6.2.2.13 In a group call, an audible and visual indication of whether the request was successful shall be provided. The user may then talk whilst the PTT function is used. (M)",62213 in a group call an audible and visual indication of whether the request was successful shall be provided the user may then talk whilst the ptt function is used m
DS1.xlsx,603,"
						6.2.2.14 If the user moves out of the group or broadcast call area whilst the call is in progress,    
an audible and visual indication of the loss of call shall be provided to the user. (M) 
Receive incoming Railway emergency call 
					",62214 if the user moves out of the group or broadcast call area whilst the call is in progress an audible and visual indication of the loss of call shall be provided to the user m receive incoming railway emergency call
DS3.xlsx,1174,"6.2.2.14 If the user moves out of the group or broadcast call area whilst the call is in progress, an audible and visual indication of the loss of call shall be provided to the user. (M) Receive incoming Railway emergency call",62214 if the user moves out of the group or broadcast call area whilst the call is in progress an audible and visual indication of the loss of call shall be provided to the user m receive incoming railway emergency call
DS1.xlsx,604,"
						6.2.2.15 Reception  of  this  call  (if  implemented)  shall  proceed  as  for  a  standard  group  or    
broadcast call except that a distinctive audible and visual indication shall be provided. 
(M) 
Terminate calls 
					",62215 reception of this call if implemented shall proceed as for a standard group or broadcast call except that a distinctive audible and visual indication shall be provided m terminate calls
DS3.xlsx,1175,6.2.2.15 Reception of this call (if implemented) shall proceed as for a standard group or broadcast call except that a distinctive audible and visual indication shall be provided. (M) Terminate calls,62215 reception of this call if implemented shall proceed as for a standard group or broadcast call except that a distinctive audible and visual indication shall be provided m terminate calls
DS1.xlsx,605,"
						6.2.2.16 The radio shall provide a means for the user to terminate calls which he is authorised    
to terminate (ie all calls except broadcast or group calls not initiated by the user). (M) 
					",62216 the radio shall provide a means for the user to terminate calls which he is authorised to terminate ie all calls except broadcast or group calls not initiated by the user m
DS3.xlsx,1176,6.2.2.16 The radio shall provide a means for the user to terminate calls which he is authorised to terminate (ie all calls except broadcast or group calls not initiated by the user). (M),62216 the radio shall provide a means for the user to terminate calls which he is authorised to terminate ie all calls except broadcast or group calls not initiated by the user m
DS1.xlsx,591,"
						6.2.2.2     The facility for a given General purpose radio to send a Railway emergency call (see 
section 13) shall be determined as a management function. (M) 
					",6222 the facility for a given general purpose radio to send a railway emergency call see section 13 shall be determined as a management function m
DS3.xlsx,1162,6.2.2.2 The facility for a given General purpose radio to send a Railway emergency call (see section 13) shall be determined as a management function. (M),6222 the facility for a given general purpose radio to send a railway emergency call see section 13 shall be determined as a management function m
DS3.xlsx,1163,6.2.2.3 A special MMI action shall be required for a General purpose radio user to send a Railway emergency call. (M),6223 a special mmi action shall be required for a general purpose radio user to send a railway emergency call m
DS1.xlsx,592,"
						6.2.2.3     A special MMI action shall be required for a General purpose radio user to send a 
Railway emergency call. (M) 
					",6223 a special mmi action shall be required for a general purpose radio user to send a railway emergency call m
DS3.xlsx,1164,6.2.2.4 It shall not be possible for any General purpose radio user to send a Railway emergency call by dialling a short code or telephone number. (M) Receive incoming point to point voice call,6224 it shall not be possible for any general purpose radio user to send a railway emergency call by dialling a short code or telephone number m receive incoming point to point voice call
DS1.xlsx,593,"
						6.2.2.4     It  shall  not  be  possible  for  any  General  purpose  radio  user  to  send  a  Railway 
emergency call by dialling a short code or telephone number. (M) 
Receive incoming point to point voice call 
					",6224 it shall not be possible for any general purpose radio user to send a railway emergency call by dialling a short code or telephone number m receive incoming point to point voice call
DS3.xlsx,1165,6.2.2.5 An audible and visual indication of an incoming call shall be provided. (M),6225 an audible and visual indication of an incoming call shall be provided m
DS1.xlsx,594,"
						6.2.2.5     An audible and visual indication of an incoming call shall be provided. (M) 
					",6225 an audible and visual indication of an incoming call shall be provided m
DS1.xlsx,595,"
						6.2.2.6     Where available, the functional identity of the calling party shall be displayed. (M) 
Receive incoming group or broadcast voice call 
					",6226 where available the functional identity of the calling party shall be displayed m receive incoming group or broadcast voice call
DS3.xlsx,1166,"6.2.2.6 Where available, the functional identity of the calling party shall be displayed. (M) Receive incoming group or broadcast voice call",6226 where available the functional identity of the calling party shall be displayed m receive incoming group or broadcast voice call
DS1.xlsx,596,"
						6.2.2.7     A short audible and visual indication of the incoming call shall be provided. (M) 
					",6227 a short audible and visual indication of the incoming call shall be provided m
DS3.xlsx,1167,6.2.2.7 A short audible and visual indication of the incoming call shall be provided. (M),6227 a short audible and visual indication of the incoming call shall be provided m
DS1.xlsx,597,"
						6.2.2.8     The group identity of the voice group call (VBS or VGCS) shall be displayed. (M) 
					",6228 the group identity of the voice group call vbs or vgcs shall be displayed m
DS3.xlsx,1168,6.2.2.8 The group identity of the voice group call (VBS or VGCS) shall be displayed. (M),6228 the group identity of the voice group call vbs or vgcs shall be displayed m
DS1.xlsx,598,"
						6.2.2.9     If the call is a broadcast call, the user shall be informed that he cannot speak as part of 
the broadcast call. (M) 
					",6229 if the call is a broadcast call the user shall be informed that he cannot speak as part of the broadcast call m
DS3.xlsx,1169,"6.2.2.9 If the call is a broadcast call, the user shall be informed that he cannot speak as part of the broadcast call. (M)",6229 if the call is a broadcast call the user shall be informed that he cannot speak as part of the broadcast call m
DS3.xlsx,1188,"6.2.3.11 Where a change of functional number is required, it shall be possible for the user to initiate the change. (M) Store/retrieve numbers and their details",62311 where a change of functional number is required it shall be possible for the user to initiate the change m storeretrieve numbers and their details
DS1.xlsx,617,"
						6.2.3.11 Where a change of functional number is required, it shall be possible for the user to    
initiate the change. (M) 
Store/retrieve numbers and their details 
					",62311 where a change of functional number is required it shall be possible for the user to initiate the change m storeretrieve numbers and their details
DS1.xlsx,618,"
						6.2.3.12 It  shall  be  possible  for  the  user  to  find  and  display  stored  numbers  and  their    
information. (M) 
					",62312 it shall be possible for the user to find and display stored numbers and their information m
DS3.xlsx,1189,6.2.3.12 It shall be possible for the user to find and display stored numbers and their information. (M),62312 it shall be possible for the user to find and display stored numbers and their information m
DS1.xlsx,619,"
						6.2.3.13 It shall be possible for the user to store and/or overwrite numbers and their details in    
the radio. (M) 
Computer interface 
					",62313 it shall be possible for the user to store andor overwrite numbers and their details in the radio m computer interface
DS3.xlsx,1190,6.2.3.13 It shall be possible for the user to store and/or overwrite numbers and their details in the radio. (M) Computer interface,62313 it shall be possible for the user to store andor overwrite numbers and their details in the radio m computer interface
DS3.xlsx,1191,6.2.3.14 A standard data interface should be provided to allow a computer to be connected to the radio. (O),62314 a standard data interface should be provided to allow a computer to be connected to the radio o
DS1.xlsx,620,"
						6.2.3.14 A standard data interface should be provided to allow a computer to be connected to    
the radio. (O) 
					",62314 a standard data interface should be provided to allow a computer to be connected to the radio o
DS1.xlsx,607,"
						6.2.3.2     At this point, the radio will be able to receive all calls initiated using the telephone 
number or appropriate group call number. (I) 
					",6232 at this point the radio will be able to receive all calls initiated using the telephone number or appropriate group call number i
DS3.xlsx,1178,"6.2.3.2 At this point, the radio will be able to receive all calls initiated using the telephone number or appropriate group call number. (I)",6232 at this point the radio will be able to receive all calls initiated using the telephone number or appropriate group call number i
DS3.xlsx,1180,"6.2.3.4 When switched off, the radio shall retain any settings and numbers which are stored at the time the radio is switched off. (M) Select language",6234 when switched off the radio shall retain any settings and numbers which are stored at the time the radio is switched off m select language
DS1.xlsx,609,"
						6.2.3.4     When switched off, the radio shall retain any settings and numbers which are stored at 
the time the radio is switched off. (M) 
Select language 
					",6234 when switched off the radio shall retain any settings and numbers which are stored at the time the radio is switched off m select language
DS1.xlsx,610,"
						6.2.3.5     Prompts and messages shall be capable of being displayed in at least 10 languages 
(each railway will choose which languages will be implemented). (M) 
					",6235 prompts and messages shall be capable of being displayed in at least 10 languages each railway will choose which languages will be implemented m
DS3.xlsx,1181,6.2.3.5 Prompts and messages shall be capable of being displayed in at least 10 languages (each railway will choose which languages will be implemented). (M),6235 prompts and messages shall be capable of being displayed in at least 10 languages each railway will choose which languages will be implemented m
DS1.xlsx,611,"
						6.2.3.6     The user shall be able to select his preferred language for the display; this setting shall 
be retained by the radio. (M) 
					",6236 the user shall be able to select his preferred language for the display this setting shall be retained by the radio m
DS3.xlsx,1182,6.2.3.6 The user shall be able to select his preferred language for the display; this setting shall be retained by the radio. (M),6236 the user shall be able to select his preferred language for the display this setting shall be retained by the radio m
DS3.xlsx,1183,"6.2.3.7 When the radio is first powered on, the language that appears on the display shall be the default one set by the national railway. (M) Select mobile radio network",6237 when the radio is first powered on the language that appears on the display shall be the default one set by the national railway m select mobile radio network
DS1.xlsx,612,"
						6.2.3.7     When the radio is first powered on, the language that appears on the display shall be 
the default one set by the national railway. (M) 
Select mobile radio network 
					",6237 when the radio is first powered on the language that appears on the display shall be the default one set by the national railway m select mobile radio network
DS1.xlsx,613,"
						6.2.3.8     Where  more  than  one  mobile  radio  network  is  available  for  use  by  a  mobile,  the 
selection of the network to use shall be automatic (see section 10.5). (M) 
					",6238 where more than one mobile radio network is available for use by a mobile the selection of the network to use shall be automatic see section 105 m
DS3.xlsx,1184,"6.2.3.8 Where more than one mobile radio network is available for use by a mobile, the selection of the network to use shall be automatic (see section 10.5). (M)",6238 where more than one mobile radio network is available for use by a mobile the selection of the network to use shall be automatic see section 105 m
DS1.xlsx,614,"
						6.2.3.9     When the mobile changes network automatically, a visual and audible indication shall 
be given. (M) 
					",6239 when the mobile changes network automatically a visual and audible indication shall be given m
DS3.xlsx,1185,"6.2.3.9 When the mobile changes network automatically, a visual and audible indication shall be given. (M)",6239 when the mobile changes network automatically a visual and audible indication shall be given m
DS3.xlsx,1186,6.2.3.9i It shall be possible for a user to override the automatic network selection manually. This function shall not be available during calls. (M) Register and deregister functional number,6239i it shall be possible for a user to override the automatic network selection manually this function shall not be available during calls m register and deregister functional number
DS1.xlsx,615,"
						6.2.3.9i  It shall be possible for a user to override the automatic network selection manually. 
This function shall not be available during calls. (M) 
Register and deregister functional number 
					",6239i it shall be possible for a user to override the automatic network selection manually this function shall not be available during calls m register and deregister functional number
DS3.xlsx,1192,6.3.1 The full environmental and physical specification of the General purpose radio is intended to be as close as possible to that of a Commercial-Off-The-Shelf (COTS) mobile whilst adhering to the specifications provided in section 4.3 and this section. (I) Physical conditions,631 the full environmental and physical specification of the general purpose radio is intended to be as close as possible to that of a commercialofftheshelf cots mobile whilst adhering to the specifications provided in section 43 and this section i physical conditions
DS1.xlsx,621,"
					6.3.1     The  full  environmental  and  physical  specification  of  the  General  purpose  radio  is 
intended  to  be  as  close  as  possible  to  that  of  a  Commercial-Off-The-Shelf  (COTS) 
mobile whilst adhering to the specifications provided in section 4.3 and this section. (I) 
Physical conditions   
				",631 the full environmental and physical specification of the general purpose radio is intended to be as close as possible to that of a commercialofftheshelf cots mobile whilst adhering to the specifications provided in section 43 and this section i physical conditions
DS1.xlsx,622,"
					6.3.2     The General purpose radio should be small, compact and easy to carry. (I) 
				",632 the general purpose radio should be small compact and easy to carry i
DS3.xlsx,1193,"6.3.2 The General purpose radio should be small, compact and easy to carry. (I)",632 the general purpose radio should be small compact and easy to carry i
DS1.xlsx,623,"
					6.3.3     It should be possible for a user to change the battery without the use of tools. (O) 
				",633 it should be possible for a user to change the battery without the use of tools o
DS3.xlsx,1194,6.3.3 It should be possible for a user to change the battery without the use of tools. (O),633 it should be possible for a user to change the battery without the use of tools o
DS3.xlsx,1195,6.3.4 The weight of the General purpose radio including battery should not exceed 250g. (O) Electrical,634 the weight of the general purpose radio including battery should not exceed 250g o electrical
DS1.xlsx,624,"
					6.3.4     The weight of the General purpose radio including battery should not exceed 250g. (O)  
Electrical   
				",634 the weight of the general purpose radio including battery should not exceed 250g o electrical
DS1.xlsx,626,"
					6.3.6     Changing the battery should not result in losing data stored in the radio. (O) 
				",636 changing the battery should not result in losing data stored in the radio o
DS3.xlsx,1197,6.3.6 Changing the battery should not result in losing data stored in the radio. (O),636 changing the battery should not result in losing data stored in the radio o
DS3.xlsx,1198,6.3.7 The General purpose radio should be suitable for use with a car adapter kit. (O),637 the general purpose radio should be suitable for use with a car adapter kit o
DS1.xlsx,627,"
					6.3.7     The General purpose radio should be suitable for use with a car adapter kit. (O) 
				",637 the general purpose radio should be suitable for use with a car adapter kit o
DS3.xlsx,1200,6.4.1.2 The MMI should be suitable for use both by day and night. (O),6412 the mmi should be suitable for use both by day and night o
DS1.xlsx,629,"
						6.4.1.2     The MMI should be suitable for use both by day and night. (O) 
					",6412 the mmi should be suitable for use both by day and night o
DS3.xlsx,1201,6.4.2.1 The on/off control should be designed to prevent accidental activation/deactivation. (O),6421 the onoff control should be designed to prevent accidental activationdeactivation o
DS1.xlsx,630,"
						6.4.2.1     The on/off control should be designed to prevent accidental activation/deactivation. 
(O) 
					",6421 the onoff control should be designed to prevent accidental activationdeactivation o
DS3.xlsx,1202,6.4.2.2 Facilities should be provided to adjust the loudspeaker volume. (O),6422 facilities should be provided to adjust the loudspeaker volume o
DS1.xlsx,631,"
						6.4.2.2     Facilities should be provided to adjust the loudspeaker volume. (O) 
					",6422 facilities should be provided to adjust the loudspeaker volume o
DS3.xlsx,1203,6.4.2.3 A Push-To-Talk function shall be provided. The Push-To-Talk function does not need to be a dedicated button. (M),6423 a pushtotalk function shall be provided the pushtotalk function does not need to be a dedicated button m
DS1.xlsx,632,"
						6.4.2.3     A Push-To-Talk function shall be provided. The Push-To-Talk function does not need 
to be a dedicated button. (M) 
					",6423 a pushtotalk function shall be provided the pushtotalk function does not need to be a dedicated button m
DS3.xlsx,1204,6.4.2.4 Four buttons should be provided for designated stored numbers. These buttons need not be dedicated buttons. (This facility is required to allow calls to specified users to be initiated quickly.) (O),6424 four buttons should be provided for designated stored numbers these buttons need not be dedicated buttons this facility is required to allow calls to specified users to be initiated quickly o
DS1.xlsx,633,"
						6.4.2.4     Four buttons should be provided for designated stored numbers. These buttons need 
not be dedicated buttons. (This facility is required to allow calls to specified users to be 
initiated quickly.) (O) 
					",6424 four buttons should be provided for designated stored numbers these buttons need not be dedicated buttons this facility is required to allow calls to specified users to be initiated quickly o
DS1.xlsx,634,"
						6.4.2.5     Stored  numbers  and  other  set-up  details  should  be  protected  against  accidental 
alteration. (O) 
					",6425 stored numbers and other setup details should be protected against accidental alteration o
DS3.xlsx,1205,6.4.2.5 Stored numbers and other set-up details should be protected against accidental alteration. (O),6425 stored numbers and other setup details should be protected against accidental alteration o
DS3.xlsx,1206,"6.4.2.6 If the ability to initiate Railway emergency calls is implemented in the radio, accidental initiation of a Railway emergency call shall be prevented. (M)",6426 if the ability to initiate railway emergency calls is implemented in the radio accidental initiation of a railway emergency call shall be prevented m
DS1.xlsx,635,"
						6.4.2.6     If the ability to initiate Railway emergency calls is implemented in the radio, accidental 
initiation of a Railway emergency call shall be prevented. (M) 
					",6426 if the ability to initiate railway emergency calls is implemented in the radio accidental initiation of a railway emergency call shall be prevented m
DS3.xlsx,1207,6.4.3.1 A visual and audible indication shall be given when the remaining capacity of the battery is such as to enable only 10 minutes of full duplex call time. (M),6431 a visual and audible indication shall be given when the remaining capacity of the battery is such as to enable only 10 minutes of full duplex call time m
DS1.xlsx,636,"
						6.4.3.1     A visual and audible indication shall be given when the remaining capacity of the 
battery is such as to enable only 10 minutes of full duplex call time. (M) 
					",6431 a visual and audible indication shall be given when the remaining capacity of the battery is such as to enable only 10 minutes of full duplex call time m
DS3.xlsx,1208,6.4.3.2 A network service availability indication shall be provided to the user. (M),6432 a network service availability indication shall be provided to the user m
DS1.xlsx,637,"
						6.4.3.2     A network service availability indication shall be provided to the user. (M) 
					",6432 a network service availability indication shall be provided to the user m
DS1.xlsx,638,"
						6.4.3.3     A visual indication shall be provided to the user if the network service is no longer 
available. (M) 
					",6433 a visual indication shall be provided to the user if the network service is no longer available m
DS3.xlsx,1209,6.4.3.3 A visual indication shall be provided to the user if the network service is no longer available. (M),6433 a visual indication shall be provided to the user if the network service is no longer available m
DS3.xlsx,1210,6.4.3.4 An audible indication should be provided to the user if the network service is no longer available. (O),6434 an audible indication should be provided to the user if the network service is no longer available o
DS1.xlsx,639,"
						6.4.3.4     An  audible  indication  should  be  provided  to  the  user  if  the  network  service  is  no 
longer available. (O) 
					",6434 an audible indication should be provided to the user if the network service is no longer available o
DS1.xlsx,640,"
					7.1.1     This section identifies the functional requirements for the EIRENE Operational radio. It 
covers the functionality to be provided by the Operational radio and the man-machine 
interface (MMI) is also defined. (I) 
				",711 this section identifies the functional requirements for the eirene operational radio it covers the functionality to be provided by the operational radio and the manmachine interface mmi is also defined i
DS3.xlsx,1211,7.1.1 This section identifies the functional requirements for the EIRENE Operational radio. It covers the functionality to be provided by the Operational radio and the man-machine interface (MMI) is also defined. (I),711 this section identifies the functional requirements for the eirene operational radio it covers the functionality to be provided by the operational radio and the manmachine interface mmi is also defined i
DS1.xlsx,641,"
						7.2.1.1     In this section, the functions to be provided by the Operational radio are described. (I) 
					",7211 in this section the functions to be provided by the operational radio are described i
DS3.xlsx,1212,"7.2.1.1 In this section, the functions to be provided by the Operational radio are described. (I)",7211 in this section the functions to be provided by the operational radio are described i
DS3.xlsx,1214,"7.2.2.1 The Operational radio shall be capable of use as a standard telephone, such that the user is able to call any valid number subject to call restrictions enforced by the network. (M) Call controllers",7221 the operational radio shall be capable of use as a standard telephone such that the user is able to call any valid number subject to call restrictions enforced by the network m call controllers
DS1.xlsx,643,"
						7.2.2.1     The Operational radio shall be capable of use as a standard telephone, such that the 
user  is  able  to  call  any  valid  number  subject  to  call  restrictions  enforced  by  the 
network. (M) 
Call controllers 
					",7221 the operational radio shall be capable of use as a standard telephone such that the user is able to call any valid number subject to call restrictions enforced by the network m call controllers
DS3.xlsx,1223,7.2.2.10 The Railway emergency call shall be able to be initiated using a single red button (see section 13). (M),72210 the railway emergency call shall be able to be initiated using a single red button see section 13 m
DS1.xlsx,652,"
						7.2.2.10 The Railway emergency call shall be able to be initiated using a single red button (see    
section 13). (M) 
					",72210 the railway emergency call shall be able to be initiated using a single red button see section 13 m
DS1.xlsx,653,"
						7.2.2.11 It should be possible, as a maintenance function, to enable/disable the emergency call    
function. (O) 
					",72211 it should be possible as a maintenance function to enabledisable the emergency call function o
DS3.xlsx,1224,"7.2.2.11 It should be possible, as a maintenance function, to enable/disable the emergency call function. (O)",72211 it should be possible as a maintenance function to enabledisable the emergency call function o
DS3.xlsx,1226,7.2.2.13 An audible and visual indication of an incoming call shall be provided. (M),72213 an audible and visual indication of an incoming call shall be provided m
DS1.xlsx,655,"
						7.2.2.13 An audible and visual indication of an incoming call shall be provided. (M)    
					",72213 an audible and visual indication of an incoming call shall be provided m
DS1.xlsx,656,"
						7.2.2.14 Where available, the functional identity of the calling party shall be displayed. (M)    
Receive incoming group or broadcast voice call 
					",72214 where available the functional identity of the calling party shall be displayed m receive incoming group or broadcast voice call
DS3.xlsx,1227,"7.2.2.14 Where available, the functional identity of the calling party shall be displayed. (M) Receive incoming group or broadcast voice call",72214 where available the functional identity of the calling party shall be displayed m receive incoming group or broadcast voice call
DS3.xlsx,1228,7.2.2.15 A short audible and visual indication of the incoming call shall be provided. (M),72215 a short audible and visual indication of the incoming call shall be provided m
DS1.xlsx,657,"
						7.2.2.15 A short audible and visual indication of the incoming call shall be provided. (M)    
					",72215 a short audible and visual indication of the incoming call shall be provided m
DS3.xlsx,1229,7.2.2.16 The group identity of the voice group call (VBS or VGCS) shall be displayed. (M),72216 the group identity of the voice group call vbs or vgcs shall be displayed m
DS1.xlsx,658,"
						7.2.2.16 The group identity of the voice group call (VBS or VGCS) shall be displayed. (M)    
					",72216 the group identity of the voice group call vbs or vgcs shall be displayed m
DS1.xlsx,659,"
						7.2.2.17 If the call is a broadcast call, the user shall be informed that he cannot speak as part of    
the broadcast call. (M) 
					",72217 if the call is a broadcast call the user shall be informed that he cannot speak as part of the broadcast call m
DS3.xlsx,1230,"7.2.2.17 If the call is a broadcast call, the user shall be informed that he cannot speak as part of the broadcast call. (M)",72217 if the call is a broadcast call the user shall be informed that he cannot speak as part of the broadcast call m
DS1.xlsx,660,"
						7.2.2.18 If the call is a group call, the user has to request permission to speak during the call by    
using the Push-To-Talk (PTT) function. (M) 
					",72218 if the call is a group call the user has to request permission to speak during the call by using the pushtotalk ptt function m
DS3.xlsx,1231,"7.2.2.18 If the call is a group call, the user has to request permission to speak during the call by using the Push-To-Talk (PTT) function. (M)",72218 if the call is a group call the user has to request permission to speak during the call by using the pushtotalk ptt function m
DS1.xlsx,661,"
						7.2.2.19 In a group call, a visual indication shall be provided to remind the user of the need to    
use the PTT function. (M) 
					",72219 in a group call a visual indication shall be provided to remind the user of the need to use the ptt function m
DS3.xlsx,1232,"7.2.2.19 In a group call, a visual indication shall be provided to remind the user of the need to use the PTT function. (M)",72219 in a group call a visual indication shall be provided to remind the user of the need to use the ptt function m
DS1.xlsx,662,"
						7.2.2.20 The user may not speak in a group call until permission is granted by the network after    
using the PTT function. (I) 
					",72220 the user may not speak in a group call until permission is granted by the network after using the ptt function i
DS3.xlsx,1233,7.2.2.20 The user may not speak in a group call until permission is granted by the network after using the PTT function. (I),72220 the user may not speak in a group call until permission is granted by the network after using the ptt function i
DS3.xlsx,1234,"7.2.2.21 In a group call, an audible and visual indication of whether the request was successful shall be provided. The user may then talk whilst the PTT function is used. (M)",72221 in a group call an audible and visual indication of whether the request was successful shall be provided the user may then talk whilst the ptt function is used m
DS1.xlsx,663,"
						7.2.2.21 In a group call, an audible and visual indication of whether the request was successful    
shall be provided. The user may then talk whilst the PTT function is used. (M) 
					",72221 in a group call an audible and visual indication of whether the request was successful shall be provided the user may then talk whilst the ptt function is used m
DS3.xlsx,1235,"7.2.2.22 If the user moves out of the group or broadcast call area whilst the call is in progress, an audible and visual indication of the loss of call shall be provided to the user. (M) Receive incoming Railway emergency call",72222 if the user moves out of the group or broadcast call area whilst the call is in progress an audible and visual indication of the loss of call shall be provided to the user m receive incoming railway emergency call
DS1.xlsx,664,"
						7.2.2.22 If the user moves out of the group or broadcast call area whilst the call is in progress,    
an audible and visual indication of the loss of call shall be provided to the user. (M) 
Receive incoming Railway emergency call 
					",72222 if the user moves out of the group or broadcast call area whilst the call is in progress an audible and visual indication of the loss of call shall be provided to the user m receive incoming railway emergency call
DS3.xlsx,1236,7.2.2.23 Reception of this call shall proceed as for a standard group or broadcast call except that a distinctive audible and visual indication shall be provided. (M) Terminate calls,72223 reception of this call shall proceed as for a standard group or broadcast call except that a distinctive audible and visual indication shall be provided m terminate calls
DS1.xlsx,665,"
						7.2.2.23 Reception of this call shall proceed as for a standard group or broadcast call except that    
a distinctive audible and visual indication shall be provided. (M) 
Terminate calls 
					",72223 reception of this call shall proceed as for a standard group or broadcast call except that a distinctive audible and visual indication shall be provided m terminate calls
DS1.xlsx,666,"
						7.2.2.24 The radio shall provide a means for the user to terminate calls which he is authorised    
to terminate (ie all calls except broadcast or group calls not initiated by the user). (M) 
Shunting mode communications 
					",72224 the radio shall provide a means for the user to terminate calls which he is authorised to terminate ie all calls except broadcast or group calls not initiated by the user m shunting mode communications
DS3.xlsx,1237,7.2.2.24 The radio shall provide a means for the user to terminate calls which he is authorised to terminate (ie all calls except broadcast or group calls not initiated by the user). (M) Shunting mode communications,72224 the radio shall provide a means for the user to terminate calls which he is authorised to terminate ie all calls except broadcast or group calls not initiated by the user m shunting mode communications
DS1.xlsx,667,"
						7.2.2.25 The Operational radio should provide facilities to support shunting mode as described    
in section 14. (O) 
					",72225 the operational radio should provide facilities to support shunting mode as described in section 14 o
DS3.xlsx,1238,7.2.2.25 The Operational radio should provide facilities to support shunting mode as described in section 14. (O),72225 the operational radio should provide facilities to support shunting mode as described in section 14 o
DS1.xlsx,668,"
						7.2.2.26 If shunting mode is implemented, a means to enter and leave shunting mode shall be    
provided. (M) 
					",72226 if shunting mode is implemented a means to enter and leave shunting mode shall be provided m
DS3.xlsx,1239,"7.2.2.26 If shunting mode is implemented, a means to enter and leave shunting mode shall be provided. (M)",72226 if shunting mode is implemented a means to enter and leave shunting mode shall be provided m
DS3.xlsx,1240,"7.2.2.27 If shunting mode is implemented, the functionality to enter or leave shunting mode shall not be available whilst there are on-going calls involving the Operational radio. (M)",72227 if shunting mode is implemented the functionality to enter or leave shunting mode shall not be available whilst there are ongoing calls involving the operational radio m
DS1.xlsx,669,"
						7.2.2.27 If shunting mode is implemented, the functionality to enter or leave shunting mode    
shall not be available whilst there are on-going calls involving the Operational radio. 
(M) 
					",72227 if shunting mode is implemented the functionality to enter or leave shunting mode shall not be available whilst there are ongoing calls involving the operational radio m
DS3.xlsx,1241,"7.2.2.28 If shunting mode is implemented, the link assurance tone shall be provided via the loudspeaker. (M) Direct mode",72228 if shunting mode is implemented the link assurance tone shall be provided via the loudspeaker m direct mode
DS1.xlsx,670,"
						7.2.2.28 If shunting mode is implemented, the link assurance tone shall be provided via the    
loudspeaker. (M) 
Direct mode 
					",72228 if shunting mode is implemented the link assurance tone shall be provided via the loudspeaker m direct mode
DS1.xlsx,671,"
						7.2.2.29 A means to enter/leave the direct mode of operation should be provided (see section    
15). (O) 
					",72229 a means to enterleave the direct mode of operation should be provided see section 15 o
DS3.xlsx,1242,7.2.2.29 A means to enter/leave the direct mode of operation should be provided (see section 15). (O),72229 a means to enterleave the direct mode of operation should be provided see section 15 o
DS1.xlsx,645,"
						7.2.2.3     For some users, particularly for shunting team leaders, up to twenty valid numbers 
may be stored for one controller type. In these cases, the identities of the controllers 
corresponding to these valid numbers shall be displayed with an audible and visual 
prompt for one to be selected. The number of the controller selected shall then be used 
to establish the call. If no selection is made by the user within 10 seconds the radio 
shall abandon the call attempt. (O) 
					",7223 for some users particularly for shunting team leaders up to twenty valid numbers may be stored for one controller type in these cases the identities of the controllers corresponding to these valid numbers shall be displayed with an audible and visual prompt for one to be selected the number of the controller selected shall then be used to establish the call if no selection is made by the user within 10 seconds the radio shall abandon the call attempt o
DS3.xlsx,1216,"7.2.2.3 For some users, particularly for shunting team leaders, up to twenty valid numbers may be stored for one controller type. In these cases, the identities of the controllers corresponding to these valid numbers shall be displayed with an audible and visual prompt for one to be selected. The number of the controller selected shall then be used to establish the call. If no selection is made by the user within 10 seconds the radio shall abandon the call attempt. (O)",7223 for some users particularly for shunting team leaders up to twenty valid numbers may be stored for one controller type in these cases the identities of the controllers corresponding to these valid numbers shall be displayed with an audible and visual prompt for one to be selected the number of the controller selected shall then be used to establish the call if no selection is made by the user within 10 seconds the radio shall abandon the call attempt o
DS3.xlsx,1217,"7.2.2.4 Once an appropriate number has been obtained, the radio shall attempt to establish a call to this number with railway operation priority. (M)",7224 once an appropriate number has been obtained the radio shall attempt to establish a call to this number with railway operation priority m
DS1.xlsx,646,"
						7.2.2.4     Once an appropriate number has been obtained, the radio shall attempt to establish a 
call to this number with railway operation priority. (M) 
					",7224 once an appropriate number has been obtained the radio shall attempt to establish a call to this number with railway operation priority m
DS3.xlsx,1218,7.2.2.5 An audible and visual indication shall be provided to the user that the call is proceeding. (M),7225 an audible and visual indication shall be provided to the user that the call is proceeding m
DS1.xlsx,647,"
						7.2.2.5     An  audible  and  visual  indication  shall  be  provided  to  the  user  that  the  call  is 
proceeding. (M) 
					",7225 an audible and visual indication shall be provided to the user that the call is proceeding m
DS1.xlsx,648,"
						7.2.2.6     When the call is connected to the controller, an audible and visual indication shall be 
provided to the user. (M) 
					",7226 when the call is connected to the controller an audible and visual indication shall be provided to the user m
DS3.xlsx,1219,"7.2.2.6 When the call is connected to the controller, an audible and visual indication shall be provided to the user. (M)",7226 when the call is connected to the controller an audible and visual indication shall be provided to the user m
DS1.xlsx,649,"
						7.2.2.7     The functional identity of the connected party, if available, shall be displayed to the 
user. (M) 
					",7227 the functional identity of the connected party if available shall be displayed to the user m
DS3.xlsx,1220,"7.2.2.7 The functional identity of the connected party, if available, shall be displayed to the user. (M)",7227 the functional identity of the connected party if available shall be displayed to the user m
DS3.xlsx,1221,"7.2.2.8 Where available, an alphanumeric description of the identity of the connected party shall be displayed. (M)",7228 where available an alphanumeric description of the identity of the connected party shall be displayed m
DS1.xlsx,650,"
						7.2.2.8     Where available, an alphanumeric description of the identity of the connected party 
shall be displayed. (M) 
					",7228 where available an alphanumeric description of the identity of the connected party shall be displayed m
DS1.xlsx,651,"
						7.2.2.9     If the system is not able to connect the call, an audible and visual indication shall be 
provided to the user. (M) 
Send Railway emergency call 
					",7229 if the system is not able to connect the call an audible and visual indication shall be provided to the user m send railway emergency call
DS3.xlsx,1222,"7.2.2.9 If the system is not able to connect the call, an audible and visual indication shall be provided to the user. (M) Send Railway emergency call",7229 if the system is not able to connect the call an audible and visual indication shall be provided to the user m send railway emergency call
DS1.xlsx,673,"
						7.2.3.2     At this point the radio should be able to receive all calls initiated using the telephone 
number or appropriate group call number. (I) 
					",7232 at this point the radio should be able to receive all calls initiated using the telephone number or appropriate group call number i
DS3.xlsx,1244,7.2.3.2 At this point the radio should be able to receive all calls initiated using the telephone number or appropriate group call number. (I),7232 at this point the radio should be able to receive all calls initiated using the telephone number or appropriate group call number i
DS1.xlsx,675,"
						7.2.3.4     When switched off, the radio shall retain any settings and numbers which are stored at 
the time the radio is switched off. (M) 
Select language 
					",7234 when switched off the radio shall retain any settings and numbers which are stored at the time the radio is switched off m select language
DS3.xlsx,1246,"7.2.3.4 When switched off, the radio shall retain any settings and numbers which are stored at the time the radio is switched off. (M) Select language",7234 when switched off the radio shall retain any settings and numbers which are stored at the time the radio is switched off m select language
DS1.xlsx,676,"7.2.3.5 Prompts and messages shall be capable of being displayed in at least 10 languages 
(each railway will choose which languages will be implemented). (M) 		",7235 prompts and messages shall be capable of being displayed in at least 10 languages each railway will choose which languages will be implemented m
DS3.xlsx,1247,7.2.3.5 Prompts and messages shall be capable of being displayed in at least 10 languages (each railway will choose which languages will be implemented). (M),7235 prompts and messages shall be capable of being displayed in at least 10 languages each railway will choose which languages will be implemented m
DS3.xlsx,815,A special indication shall be shown on the DMI.,a special indication shall be shown on the dmi
DS1.xlsx,147,"A special indication shall be shown on the DMI.
",a special indication shall be shown on the dmi
DS3.xlsx,787,A train shall be supervised to its static and dynamic train speed profiles.,a train shall be supervised to its static and dynamic train speed profiles
DS1.xlsx,119,A train shall be supervised to its static and dynamic train speed profiles.,a train shall be supervised to its static and dynamic train speed profiles
DS3.xlsx,603,"Acceptable opening / download times: Application pages should be designed and implemented so that there are acceptable opening times and download times for the expected range of technical contexts of use (e.g. bandwidth between the application and the user). This is particularly important for frequently accessed pages or pages that are important for user navigation and exploration, such as the home page.",acceptable opening  download times application pages should be designed and implemented so that there are acceptable opening times and download times for the expected range of technical contexts of use eg bandwidth between the application and the user this is particularly important for frequently accessed pages or pages that are important for user navigation and exploration such as the home page
DS1.xlsx,248,"
           Acceptable opening / download times: Application pages should be designed and implemented so that there are acceptable opening times and download times for the expected range of technical contexts of use (e.g. bandwidth between the application and the user). This is particularly important for frequently accessed pages or pages that are important for user navigation and exploration, such as the home page.
           ",acceptable opening  download times application pages should be designed and implemented so that there are acceptable opening times and download times for the expected range of technical contexts of use eg bandwidth between the application and the user this is particularly important for frequently accessed pages or pages that are important for user navigation and exploration such as the home page
DS1.xlsx,113,"Actual speed shall be indicated on the DMI
",actual speed shall be indicated on the dmi
DS3.xlsx,781,Actual speed shall be indicated on the DMI,actual speed shall be indicated on the dmi
DS1.xlsx,146,"Actual speed shall still be shown on the DMI.
",actual speed shall still be shown on the dmi
DS3.xlsx,814,Actual speed shall still be shown on the DMI.,actual speed shall still be shown on the dmi
DS4.xlsx,1066,"After emplacement at the operational site, the TCS shall be capable of planning and launching a mission  within 1 hour of tasking. [SSS441] Required activities include 1) mission planning of a minimum  1 waypoint mission, 2) preparing 2 AVs for flight, 3) data terminal set-up, 4) safety equipment emplaced, 5) and a single AV launched.",after emplacement at the operational site the tcs shall be capable of planning and launching a mission within 1 hour of tasking sss441 required activities include 1 mission planning of a minimum 1 waypoint mission 2 preparing 2 avs for flight 3 data terminal setup 4 safety equipment emplaced 5 and a single av launched
DS2.xlsx,301,"After emplacement at the operational site, the TCS shall be capable of planning and launching a mission within 1 hour of tasking. [SSS441] Required activities include 1) mission planning of a minimum 1 waypoint mission, 2) preparing 2 AVs for flight, 3) data terminal set-up, 4) safety equipment emplaced, 5) and a single AV launched.",after emplacement at the operational site the tcs shall be capable of planning and launching a mission within 1 hour of tasking sss441 required activities include 1 mission planning of a minimum 1 waypoint mission 2 preparing 2 avs for flight 3 data terminal setup 4 safety equipment emplaced 5 and a single av launched
DS3.xlsx,826,After overriding this function the movement authority shall be re-established.,after overriding this function the movement authority shall be reestablished
DS1.xlsx,158,"After overriding this function the movement authority shall be re-established.
",after overriding this function the movement authority shall be reestablished
DS3.xlsx,796,After releasing the emergency brake ETCS will provide the supervision appertaining when roll away protection was initiated,after releasing the emergency brake etcs will provide the supervision appertaining when roll away protection was initiated
DS1.xlsx,128,"After releasing the emergency brake ETCS will provide the supervision appertaining when roll away protection was initiated
",after releasing the emergency brake etcs will provide the supervision appertaining when roll away protection was initiated
DS3.xlsx,831,After the acknowledgement the driver shall be able to continue the movement,after the acknowledgement the driver shall be able to continue the movement
DS1.xlsx,163,"After the acknowledgement the driver shall be able to continue the movement
",after the acknowledgement the driver shall be able to continue the movement
DS3.xlsx,832,After the acknowledgement the train shall be able to be driven backwards for a certain distance defined by national value,after the acknowledgement the train shall be able to be driven backwards for a certain distance defined by national value
DS1.xlsx,164,"After the acknowledgement the train shall be able to be driven backwards for a certain distance defined by national value
",after the acknowledgement the train shall be able to be driven backwards for a certain distance defined by national value
DS1.xlsx,130,"All data entered, received or indicated to the driver shall be recorded onboard. All data shall be related to UTC (Universal Time Corrected) and a reference point.
",all data entered received or indicated to the driver shall be recorded onboard all data shall be related to utc universal time corrected and a reference point
DS3.xlsx,798,"All data entered, received or indicated to the driver shall be recorded onboard. All data shall be related to UTC (Universal Time Corrected) and a reference point.",all data entered received or indicated to the driver shall be recorded onboard all data shall be related to utc universal time corrected and a reference point
DS1.xlsx,226,"
            All error messages produced by the System must be meaningful, so that they can be appropriately acted upon by the users who are likely to see them. Ideally, each error message will be accompanied by explanatory text and an indication of the action(s) which the user can take in response to the error.
           ",all error messages produced by the system must be meaningful so that they can be appropriately acted upon by the users who are likely to see them ideally each error message will be accompanied by explanatory text and an indication of the actions which the user can take in response to the error
DS3.xlsx,581,"All error messages produced by the System must be meaningful, so that they can be appropriately acted upon by the users who are likely to see them. Ideally, each error message will be accompanied by explanatory text and an indication of the action(s) which the user can take in response to the error.",all error messages produced by the system must be meaningful so that they can be appropriately acted upon by the users who are likely to see them ideally each error message will be accompanied by explanatory text and an indication of the actions which the user can take in response to the error
DS3.xlsx,635,"Allowing users to see and change profiles: If user-specified profiles are used, users should be able to see, modify and delete that profile on demand.",allowing users to see and change profiles if userspecified profiles are used users should be able to see modify and delete that profile on demand
DS1.xlsx,280,"
           Allowing users to see and change profiles: If user-specified profiles are used, users should be able to see, modify and delete that profile on demand.
           ",allowing users to see and change profiles if userspecified profiles are used users should be able to see modify and delete that profile on demand
DS3.xlsx,713,"An ETCS equipped traction unit shall be capable of being moved in Shunting without train data, track data or movement authority.",an etcs equipped traction unit shall be capable of being moved in shunting without train data track data or movement authority
DS1.xlsx,44,"An ETCS equipped traction unit shall be capable of being moved in Shunting without train data, track data or movement authority.
",an etcs equipped traction unit shall be capable of being moved in shunting without train data track data or movement authority
DS3.xlsx,580,"Any access to cases, and all other activities involving the cases and related documents or data should also need to be stored in the audit trail to ensure legal admissibility and to assist in data recovery.",any access to cases and all other activities involving the cases and related documents or data should also need to be stored in the audit trail to ensure legal admissibility and to assist in data recovery
DS1.xlsx,225,"
            Any access to cases, and all other activities involving the cases and related documents or data should also need to be stored in the audit trail to ensure legal admissibility and to assist in data recovery.
            ",any access to cases and all other activities involving the cases and related documents or data should also need to be stored in the audit trail to ensure legal admissibility and to assist in data recovery
DS1.xlsx,13,"Any transition which occurs while the train is moving shall in principle occur automatically.
",any transition which occurs while the train is moving shall in principle occur automatically
DS3.xlsx,682,Any transition which occurs while the train is moving shall in principle occur automatically.,any transition which occurs while the train is moving shall in principle occur automatically
DS3.xlsx,1460,"Assume the delivery of development, test and evaluate samples of the USB system from Yoggie.",assume the delivery of development test and evaluate samples of the usb system from yoggie
DS1.xlsx,920,"Assume the delivery of development, test and evaluate samples of the USB system from Yoggie. ",assume the delivery of development test and evaluate samples of the usb system from yoggie
DS3.xlsx,1461,Assume Yoggie will freeze the baseline of the USB system after delivery.,assume yoggie will freeze the baseline of the usb system after delivery
DS1.xlsx,921,Assume Yoggie will freeze the baseline of the USB system after delivery.,assume yoggie will freeze the baseline of the usb system after delivery
DS3.xlsx,696,"At Start Up, the on board equipment shall perform an automatic self-test.",at start up the on board equipment shall perform an automatic selftest
DS1.xlsx,27,"At Start Up, the on board equipment shall perform an automatic self-test.
",at start up the on board equipment shall perform an automatic selftest
DS1.xlsx,49,"Automatic transfer to Shunting may be from Full Supervision operation and Partial Supervision operation status at any speed lower than or equal to the supervised shunting speed based on trackside information.
",automatic transfer to shunting may be from full supervision operation and partial supervision operation status at any speed lower than or equal to the supervised shunting speed based on trackside information
DS3.xlsx,718,Automatic transfer to Shunting may be from Full Supervision operation and Partial Supervision operation status at any speed lower than or equal to the supervised shunting speed based on trackside information.,automatic transfer to shunting may be from full supervision operation and partial supervision operation status at any speed lower than or equal to the supervised shunting speed based on trackside information
DS3.xlsx,613,Avoiding link overload: Text pages containing large proportions of links should be formatted so that the presence of links does not impede the readability of the text.,avoiding link overload text pages containing large proportions of links should be formatted so that the presence of links does not impede the readability of the text
DS1.xlsx,258,"
           Avoiding link overload: Text pages containing large proportions of links should be formatted so that the presence of links does not impede the readability of the text.
           ",avoiding link overload text pages containing large proportions of links should be formatted so that the presence of links does not impede the readability of the text
DS3.xlsx,599,"Avoiding opening unnecessary windows: Additional windows such as new browser windows or pop-up windows should only be opened if this supports the user's task. Opening new windows can distract, confuse or impede users for a variety of reasons. They can superimpose the primary window, hiding relevant information. They could make it cognitively more difficult to understand the navigation structure with negative effects on both usability and accessibility. They also require additional user actions for closing unwanted windows.",avoiding opening unnecessary windows additional windows such as new browser windows or popup windows should only be opened if this supports the users task opening new windows can distract confuse or impede users for a variety of reasons they can superimpose the primary window hiding relevant information they could make it cognitively more difficult to understand the navigation structure with negative effects on both usability and accessibility they also require additional user actions for closing unwanted windows
DS1.xlsx,244,"
            Avoiding opening unnecessary windows: Additional windows such as new browser windows or pop-up windows should only be opened if this supports the user’s task. Opening new windows can distract, confuse or impede users for a variety of reasons. They can superimpose the primary window, hiding relevant information. They could make it cognitively more difficult to understand the navigation structure with negative effects on both usability and accessibility. They also require additional user actions for closing unwanted windows.
           ",avoiding opening unnecessary windows additional windows such as new browser windows or popup windows should only be opened if this supports the users task opening new windows can distract confuse or impede users for a variety of reasons they can superimpose the primary window hiding relevant information they could make it cognitively more difficult to understand the navigation structure with negative effects on both usability and accessibility they also require additional user actions for closing unwanted windows
DS3.xlsx,767,"Based on all relevant data, the ETCS shall calculate an emergency braking curve and a service braking curve",based on all relevant data the etcs shall calculate an emergency braking curve and a service braking curve
DS1.xlsx,98,"Based on all relevant data, the ETCS shall calculate an emergency braking curve and a service braking curve
",based on all relevant data the etcs shall calculate an emergency braking curve and a service braking curve
DS1.xlsx,99,"Based on all relevant data, the ETCS shall calculate an emergency braking curve and a service braking curve
",based on all relevant data the etcs shall calculate an emergency braking curve and a service braking curve
DS1.xlsx,50,"Before authomatic transition to Shunting, ETCS shall request confirmation from the driver.
",before authomatic transition to shunting etcs shall request confirmation from the driver
DS3.xlsx,719,"Before authomatic transition to Shunting, ETCS shall request confirmation from the driver.",before authomatic transition to shunting etcs shall request confirmation from the driver
DS3.xlsx,758,"Before entering an occupied track, a driver acknowledgement shall be requested.",before entering an occupied track a driver acknowledgement shall be requested
DS1.xlsx,89,"Before entering an occupied track, a driver acknowledgement shall be requested.
",before entering an occupied track a driver acknowledgement shall be requested
DS1.xlsx,971,Both anticipated and unanticipated user requests (traffic) are considered.,both anticipated and unanticipated user requests traffic are considered
DS3.xlsx,1509,Both anticipated and unanticipated user requests (traffic) are considered.,both anticipated and unanticipated user requests traffic are considered
DS3.xlsx,1457,"Compatibility is only tested and verified for Microsoft Internet Explorer version 6 and 7, Netscape Communicator Version 4 and 5. Other versions may not be 100% compatible. Also other browsers such as Mozilla or Firefox may not be 100% compatible.",compatibility is only tested and verified for microsoft internet explorer version 6 and 7 netscape communicator version 4 and 5 other versions may not be 100 compatible also other browsers such as mozilla or firefox may not be 100 compatible
DS1.xlsx,917,"Compatibility is only tested and verified for Microsoft Internet Explorer version 6 and 7, Netscape Communicator Version 4 and 5. Other versions may not be 100% compatible. Also other browsers such as Mozilla or Firefox may not be 100% compatible.",compatibility is only tested and verified for microsoft internet explorer version 6 and 7 netscape communicator version 4 and 5 other versions may not be 100 compatible also other browsers such as mozilla or firefox may not be 100 compatible
DS1.xlsx,274,"
           Consistency between navigation components and content: If navigation components (or overviews) are shown in conjunction with associated content, consistency between the navigation component and the content shown should be maintained by indicating in the navigation component (e.g. highlighting) the topic currently visible in the content area.
           ",consistency between navigation components and content if navigation components or overviews are shown in conjunction with associated content consistency between the navigation component and the content shown should be maintained by indicating in the navigation component eg highlighting the topic currently visible in the content area
DS3.xlsx,629,"Consistency between navigation components and content: If navigation components (or overviews) are shown in conjunction with associated content, consistency between the navigation component and the content shown should be maintained by indicating in the navigation component (e.g. highlighting) the topic currently visible in the content area.",consistency between navigation components and content if navigation components or overviews are shown in conjunction with associated content consistency between the navigation component and the content shown should be maintained by indicating in the navigation component eg highlighting the topic currently visible in the content area
DS1.xlsx,269,"
          Consistent page layout: Pages should be designed using consistent layout schemes, supporting the user in finding similar information at the same position on different pages. Overall layout schemes apply to all pages and are preferable when all pages have a similar structure. Frequently, however, different pages have different purposes and types of content. In such cases, pages can usually be grouped in different categories, using one layout scheme for each category consistently.
           ",consistent page layout pages should be designed using consistent layout schemes supporting the user in finding similar information at the same position on different pages overall layout schemes apply to all pages and are preferable when all pages have a similar structure frequently however different pages have different purposes and types of content in such cases pages can usually be grouped in different categories using one layout scheme for each category consistently
DS3.xlsx,624,"Consistent page layout: Pages should be designed using consistent layout schemes, supporting the user in finding similar information at the same position on different pages. Overall layout schemes apply to all pages and are preferable when all pages have a similar structure. Frequently, however, different pages have different purposes and types of content. In such cases, pages can usually be grouped in different categories, using one layout scheme for each category consistently.",consistent page layout pages should be designed using consistent layout schemes supporting the user in finding similar information at the same position on different pages overall layout schemes apply to all pages and are preferable when all pages have a similar structure frequently however different pages have different purposes and types of content in such cases pages can usually be grouped in different categories using one layout scheme for each category consistently
DS3.xlsx,704,Current train data shall be stored (except at transition to shunting) in the ETCS equipment until the traction unit is not operative.,current train data shall be stored except at transition to shunting in the etcs equipment until the traction unit is not operative
DS1.xlsx,35,"Current train data shall be stored (except at transition to shunting) in the ETCS equipment until the traction unit is not operative.
",current train data shall be stored except at transition to shunting in the etcs equipment until the traction unit is not operative
DS3.xlsx,695,"Default values shall be harmonised values, permanently stored in all ERTMS/ETCS on board equipment",default values shall be harmonised values permanently stored in all ertmsetcs on board equipment
DS1.xlsx,26,"Default values shall be harmonised values, permanently stored in all ERTMS/ETCS on board equipment
",default values shall be harmonised values permanently stored in all ertmsetcs on board equipment
DS1.xlsx,857," Deleted.    
				",deleted
DS1.xlsx,762,Deleted.  ,deleted
DS3.xlsx,601,"Designing for input device independence: User interfaces should be designed to allow activation of controls by a variety of input devices. The ability to choose between different input devices for activating controls such as links, fields and buttons is important both for users who prefer a certain input mode, mobile users and users with disabilities. In general, device independence can be achieved if the functionality is operable via a keyboard.",designing for input device independence user interfaces should be designed to allow activation of controls by a variety of input devices the ability to choose between different input devices for activating controls such as links fields and buttons is important both for users who prefer a certain input mode mobile users and users with disabilities in general device independence can be achieved if the functionality is operable via a keyboard
DS1.xlsx,246,"
            Designing for input device independence: User interfaces should be designed to allow activation of controls by a variety of input devices. The ability to choose between different input devices for activating controls such as links, fields and buttons is important both for users who prefer a certain input mode, mobile users and users with disabilities. In general, device independence can be achieved if the functionality is operable via a keyboard.
           ",designing for input device independence user interfaces should be designed to allow activation of controls by a variety of input devices the ability to choose between different input devices for activating controls such as links fields and buttons is important both for users who prefer a certain input mode mobile users and users with disabilities in general device independence can be achieved if the functionality is operable via a keyboard
DS3.xlsx,612,Distinguishable within-page links: Within-page links should be clearly distinguishable from other links that lead to a different page. EX. Within-page links are shown with dashed rather than solid underlines,distinguishable withinpage links withinpage links should be clearly distinguishable from other links that lead to a different page ex withinpage links are shown with dashed rather than solid underlines
DS1.xlsx,257,"
           Distinguishable within-page links: Within-page links should be clearly distinguishable from other links that lead to a different page. EX. Within-page links are shown with dashed rather than solid underlines
           ",distinguishable withinpage links withinpage links should be clearly distinguishable from other links that lead to a different page ex withinpage links are shown with dashed rather than solid underlines
DS3.xlsx,617,"Distinguishing navigation links from controls: Navigation links should be clearly distinguishable from controls activating some action. Typical action types in user interfaces include manipulating application data, performing searches, communication actions, such as opening a new e-mail window or starting a chat function, and presentation-related actions, such as sorting a list of search results.",distinguishing navigation links from controls navigation links should be clearly distinguishable from controls activating some action typical action types in user interfaces include manipulating application data performing searches communication actions such as opening a new email window or starting a chat function and presentationrelated actions such as sorting a list of search results
DS1.xlsx,262,"
           Distinguishing navigation links from controls: Navigation links should be clearly distinguishable from controls activating some action. Typical action types in user interfaces include manipulating application data, performing searches, communication actions, such as opening a new e-mail window or starting a chat function, and presentation-related actions, such as sorting a list of search results.
           ",distinguishing navigation links from controls navigation links should be clearly distinguishable from controls activating some action typical action types in user interfaces include manipulating application data performing searches communication actions such as opening a new email window or starting a chat function and presentationrelated actions such as sorting a list of search results
DS3.xlsx,687,During the transition period between two operational states (including two different national operations) the supervision provided shall at least ensure the same protection provided by the least restrictive state.,during the transition period between two operational states including two different national operations the supervision provided shall at least ensure the same protection provided by the least restrictive state
DS1.xlsx,18,"During the transition period between two operational states (including two different national operations) the supervision provided shall at least ensure the same protection provided by the least restrictive state.
",during the transition period between two operational states including two different national operations the supervision provided shall at least ensure the same protection provided by the least restrictive state
DS3.xlsx,777,Each railway shall have the possibility of allowing a different release speed for every signal.,each railway shall have the possibility of allowing a different release speed for every signal
DS1.xlsx,109,"Each railway shall have the possibility of allowing a different release speed for every signal.
",each railway shall have the possibility of allowing a different release speed for every signal
DS3.xlsx,1521,Effective content delivery is ensured through SLA satisfaction.,effective content delivery is ensured through sla satisfaction
DS1.xlsx,983,Effective content delivery is ensured through SLA satisfaction.,effective content delivery is ensured through sla satisfaction
DS1.xlsx,32,"Entering or overwriting data manually by the driver shall be possible but only when stationary.
",entering or overwriting data manually by the driver shall be possible but only when stationary
DS3.xlsx,701,Entering or overwriting data manually by the driver shall be possible but only when stationary.,entering or overwriting data manually by the driver shall be possible but only when stationary
DS3.xlsx,674,ETCS is required to be functional to a maximum train speed of 500 km/h.,etcs is required to be functional to a maximum train speed of 500 kmh
DS1.xlsx,5,"ETCS is required to be functional to a maximum train speed of 500 km/h.
",etcs is required to be functional to a maximum train speed of 500 kmh
DS3.xlsx,672,ETCS shall be able to supervise train and shunting movements.,etcs shall be able to supervise train and shunting movements
DS1.xlsx,3,"ETCS shall be able to supervise train and shunting movements.
",etcs shall be able to supervise train and shunting movements
DS1.xlsx,11,"ETCS shall be compatible with existing national systems listed in the CCS TSI such that it does not interfere with the national systems and is not interfered with by the national systems.
",etcs shall be compatible with existing national systems listed in the ccs tsi such that it does not interfere with the national systems and is not interfered with by the national systems
DS3.xlsx,680,ETCS shall be compatible with existing national systems listed in the CCS TSI such that it does not interfere with the national systems and is not interfered with by the national systems.,etcs shall be compatible with existing national systems listed in the ccs tsi such that it does not interfere with the national systems and is not interfered with by the national systems
DS1.xlsx,95,"ETCS shall calculate the permitted speed for the train for all locations of the authorised movement.
",etcs shall calculate the permitted speed for the train for all locations of the authorised movement
DS3.xlsx,764,ETCS shall calculate the permitted speed for the train for all locations of the authorised movement.,etcs shall calculate the permitted speed for the train for all locations of the authorised movement
DS3.xlsx,763,ETCS shall collect all relevant information concerning train and line speed.,etcs shall collect all relevant information concerning train and line speed
DS1.xlsx,94,"ETCS shall collect all relevant information concerning train and line speed.
",etcs shall collect all relevant information concerning train and line speed
DS1.xlsx,2,"ETCS shall provide the driver with information to allow him to drive the train safely.
",etcs shall provide the driver with information to allow him to drive the train safely
DS3.xlsx,671,ETCS shall provide the driver with information to allow him to drive the train safely.,etcs shall provide the driver with information to allow him to drive the train safely
DS3.xlsx,720,ETCS shall supervise Shunting operation to a permitted national speed value.,etcs shall supervise shunting operation to a permitted national speed value
DS1.xlsx,51,"ETCS shall supervise Shunting operation to a permitted national speed value.
",etcs shall supervise shunting operation to a permitted national speed value
DS1.xlsx,54,"Exit from Shunting shall only be possible when the train is stationary.
",exit from shunting shall only be possible when the train is stationary
DS3.xlsx,723,Exit from Shunting shall only be possible when the train is stationary.,exit from shunting shall only be possible when the train is stationary
DS3.xlsx,724,Exit from Shunting shall take place when the driver selects exit from shunting.,exit from shunting shall take place when the driver selects exit from shunting
DS1.xlsx,55,"Exit from Shunting shall take place when the driver selects exit from shunting.
",exit from shunting shall take place when the driver selects exit from shunting
DS3.xlsx,845,Fixed text messages shall be provided in the language selected by the driver,fixed text messages shall be provided in the language selected by the driver
DS1.xlsx,177,"Fixed text messages shall be provided in the language selected by the driver
",fixed text messages shall be provided in the language selected by the driver
DS1.xlsx,40,"Following successful completion of Train Data Entry, the driver shall be able to perform shunting movements or train movements.",following successful completion of train data entry the driver shall be able to perform shunting movements or train movements
DS3.xlsx,709,"Following successful completion of Train Data Entry, the driver shall be able to perform shunting movements or train movements.",following successful completion of train data entry the driver shall be able to perform shunting movements or train movements
DS1.xlsx,940,"For returning customers, the system shall validate 'existing' credit card in system after each log in.",for returning customers the system shall validate existing credit card in system after each log in
DS3.xlsx,1480,"For returning customers, the system shall validate 'existing' credit card in system after each log in.",for returning customers the system shall validate existing credit card in system after each log in
DS1.xlsx,738,"For the purposes of defining common subscription profiles, a number of subscription 
types might be used, for example: (I)				",for the purposes of defining common subscription profiles a number of subscription types might be used for example i
DS2.xlsx,815,"For the purposes of defining common subscription profiles, a number of subscription types might be used, for example: (I)",for the purposes of defining common subscription profiles a number of subscription types might be used for example i
DS3.xlsx,685,"For transitions to and from National Operation (STM) the ETCS shall request, an acknowledgement by the driver.",for transitions to and from national operation stm the etcs shall request an acknowledgement by the driver
DS1.xlsx,16,"For transitions to and from National Operation (STM) the ETCS shall request, an acknowledgement by the driver.
",for transitions to and from national operation stm the etcs shall request an acknowledgement by the driver
DS3.xlsx,588,Frequently-executed System transactions must be designed so that they can be completed with a small number of interactions (e.g. mouse clicks).,frequentlyexecuted system transactions must be designed so that they can be completed with a small number of interactions eg mouse clicks
DS1.xlsx,233,"
           Frequently-executed System transactions must be designed so that they can be completed with a small number of interactions (e.g. mouse clicks).
           ",frequentlyexecuted system transactions must be designed so that they can be completed with a small number of interactions eg mouse clicks
DS4.xlsx,608,"FTSS shall (3.3.5.34) provide an API call which allows the application to notify FTSS that an FCP, ICP, or NE is intentionally being powered down.",ftss shall 33534 provide an api call which allows the application to notify ftss that an fcp icp or ne is intentionally being powered down
DS4.xlsx,610,"FTSS shall (3.3.5.34) provide an API call which allows the application to notify FTSS that an FCP, ICP, or NE is intentionally being powered down.",ftss shall 33534 provide an api call which allows the application to notify ftss that an fcp icp or ne is intentionally being powered down
DS3.xlsx,735,Full Supervision shall provide supervision of speed and distance.,full supervision shall provide supervision of speed and distance
DS1.xlsx,66,"Full Supervision shall provide supervision of speed and distance.
",full supervision shall provide supervision of speed and distance
DS3.xlsx,1520,Functional policies are identified and deployed.,functional policies are identified and deployed
DS1.xlsx,982,Functional policies are identified and deployed.,functional policies are identified and deployed
DS3.xlsx,592,ICT accessibility: ISO 9241-20 shall be the standard for guidance on ICT accessibility. Application user interfaces to meet its requirements and recommendations. Software accessibility ISO 9241-171 shall be the standard for guidance on software accessibility. User interfaces should meet its requirements and recommendations. Content accessibility WCAG 1.0 shall be the standard used for guidance on content accessibility. The application logo to be available on all pages as a link to the home page.,ict accessibility iso 924120 shall be the standard for guidance on ict accessibility application user interfaces to meet its requirements and recommendations software accessibility iso 9241171 shall be the standard for guidance on software accessibility user interfaces should meet its requirements and recommendations content accessibility wcag 10 shall be the standard used for guidance on content accessibility the application logo to be available on all pages as a link to the home page
DS1.xlsx,237,"
            ICT accessibility: ISO 9241-20 shall be the standard for guidance on ICT accessibility. Application user interfaces to meet its requirements and recommendations. Software accessibility ISO 9241-171 shall be the standard for guidance on software accessibility. User interfaces should meet its requirements and recommendations. Content accessibility WCAG 1.0 shall be the standard used for guidance on content accessibility. The application logo to be available on all pages as a link to the home page.
           ",ict accessibility iso 924120 shall be the standard for guidance on ict accessibility application user interfaces to meet its requirements and recommendations software accessibility iso 9241171 shall be the standard for guidance on software accessibility user interfaces should meet its requirements and recommendations content accessibility wcag 10 shall be the standard used for guidance on content accessibility the application logo to be available on all pages as a link to the home page
DS1.xlsx,187,"If a train cannot stop at the proposed new target location it shall reject the request and keep the old target location.
",if a train cannot stop at the proposed new target location it shall reject the request and keep the old target location
DS3.xlsx,855,If a train cannot stop at the proposed new target location it shall reject the request and keep the old target location.,if a train cannot stop at the proposed new target location it shall reject the request and keep the old target location
DS1.xlsx,223,"
            If a user performs a quick or advanced search, the System must never include in the search result list any record which the user does not have the right to access.
            ",if a user performs a quick or advanced search the system must never include in the search result list any record which the user does not have the right to access
DS3.xlsx,578,"If a user performs a quick or advanced search, the System must never include in the search result list any record which the user does not have the right to access.",if a user performs a quick or advanced search the system must never include in the search result list any record which the user does not have the right to access
DS3.xlsx,726,If acknowledgement is specified the driver shall acknowledge transfer from Full Supervision to Partial Supervision within 5 seconds,if acknowledgement is specified the driver shall acknowledge transfer from full supervision to partial supervision within 5 seconds
DS1.xlsx,57,"If acknowledgement is specified the driver shall acknowledge transfer from Full Supervision to Partial Supervision within 5 seconds
",if acknowledgement is specified the driver shall acknowledge transfer from full supervision to partial supervision within 5 seconds
DS3.xlsx,688,"If an ETCS equipped train passes a level transition to a line fitted with more than one level, the onboard shall switch to the highest level, according to the priority given by trackside, for which it is equipped.",if an etcs equipped train passes a level transition to a line fitted with more than one level the onboard shall switch to the highest level according to the priority given by trackside for which it is equipped
DS1.xlsx,19,"If an ETCS equipped train passes a level transition to a line fitted with more than one level, the onboard shall switch to the highest level, according to the priority given by trackside, for which it is equipped.
",if an etcs equipped train passes a level transition to a line fitted with more than one level the onboard shall switch to the highest level according to the priority given by trackside for which it is equipped
DS3.xlsx,689,"If an ETCS equipped train passes a level transition to one or more levels for which it is not equipped, ETCS shall initiate a brake application.",if an etcs equipped train passes a level transition to one or more levels for which it is not equipped etcs shall initiate a brake application
DS1.xlsx,20,"If an ETCS equipped train passes a level transition to one or more levels for which it is not equipped, ETCS shall initiate a brake application.
",if an etcs equipped train passes a level transition to one or more levels for which it is not equipped etcs shall initiate a brake application
DS1.xlsx,15,"If, as a result of an automatic transition, except for transitions to and from National Operation (STM), the responsibility for the driver increases, the ETCS shall seek an acknowledgement from the driver, whether the train is stationary or not.
",if as a result of an automatic transition except for transitions to and from national operation stm the responsibility for the driver increases the etcs shall seek an acknowledgement from the driver whether the train is stationary or not
DS3.xlsx,684,"If, as a result of an automatic transition, except for transitions to and from National Operation (STM), the responsibility for the driver increases, the ETCS shall seek an acknowledgement from the driver, whether the train is stationary or not.",if as a result of an automatic transition except for transitions to and from national operation stm the responsibility for the driver increases the etcs shall seek an acknowledgement from the driver whether the train is stationary or not
DS3.xlsx,791,"If decided by a national value, the driver may release the ETCS emergency brake when the actual speed is below the permitted speed.",if decided by a national value the driver may release the etcs emergency brake when the actual speed is below the permitted speed
DS1.xlsx,123,"If decided by a national value, the driver may release the ETCS emergency brake when the actual speed is below the permitted speed.
",if decided by a national value the driver may release the etcs emergency brake when the actual speed is below the permitted speed
DS3.xlsx,818,If supervised by an RBC it shall be possible to command an emergency stop to all trains in a particular area or to a specific train,if supervised by an rbc it shall be possible to command an emergency stop to all trains in a particular area or to a specific train
DS1.xlsx,150,"If supervised by an RBC it shall be possible to command an emergency stop to all trains in a particular area or to a specific train
",if supervised by an rbc it shall be possible to command an emergency stop to all trains in a particular area or to a specific train
DS3.xlsx,712,If the onboard fails to contact the RBC when awakening the driver shall be asked to enter the RBC contact details,if the onboard fails to contact the rbc when awakening the driver shall be asked to enter the rbc contact details
DS1.xlsx,43,"If the onboard fails to contact the RBC when awakening the driver shall be asked to enter the RBC contact details
",if the onboard fails to contact the rbc when awakening the driver shall be asked to enter the rbc contact details
DS3.xlsx,694,"If the on-board has no valid national values for the current location, default values shall be used by the onboard equipment.",if the onboard has no valid national values for the current location default values shall be used by the onboard equipment
DS1.xlsx,25,"If the on-board has no valid national values for the current location, default values shall be used by the onboard equipment.
",if the onboard has no valid national values for the current location default values shall be used by the onboard equipment
DS3.xlsx,775,If the release speed is calculated on board it shall ensure that the train will stop before reaching the danger point,if the release speed is calculated on board it shall ensure that the train will stop before reaching the danger point
DS1.xlsx,107,"If the release speed is calculated on board it shall ensure that the train will stop before reaching the danger point
",if the release speed is calculated on board it shall ensure that the train will stop before reaching the danger point
DS3.xlsx,673,If the supervision is performed by a RBC it shall be possible to prevent movements of a traction unit in its area if not authorised by the RBC.,if the supervision is performed by a rbc it shall be possible to prevent movements of a traction unit in its area if not authorised by the rbc
DS1.xlsx,4,"If the supervision is performed by a RBC it shall be possible to prevent movements of a traction unit in its area if not authorised by the RBC.
",if the supervision is performed by a rbc it shall be possible to prevent movements of a traction unit in its area if not authorised by the rbc
DS3.xlsx,579,"If the System allows users to make unauthorised attempts to access cases, it must log these in the audit trail.",if the system allows users to make unauthorised attempts to access cases it must log these in the audit trail
DS1.xlsx,224,"
            If the System allows users to make unauthorised attempts to access cases, it must log these in the audit trail.
            ",if the system allows users to make unauthorised attempts to access cases it must log these in the audit trail
DS1.xlsx,196,"If the train is equipped with only one operational radio, passing from one RBC to another shall still be possible but might result in a performance penalty.
",if the train is equipped with only one operational radio passing from one rbc to another shall still be possible but might result in a performance penalty
DS3.xlsx,864,"If the train is equipped with only one operational radio, passing from one RBC to another shall still be possible but might result in a performance penalty.",if the train is equipped with only one operational radio passing from one rbc to another shall still be possible but might result in a performance penalty
DS3.xlsx,863,If the train is equipped with two operational radios there shall be no performance penalty as a result of a transition from one RBC to another (train spacing and train speed).,if the train is equipped with two operational radios there shall be no performance penalty as a result of a transition from one rbc to another train spacing and train speed
DS1.xlsx,195,"If the train is equipped with two operational radios there shall be no performance penalty as a result of a transition from one RBC to another (train spacing and train speed).
",if the train is equipped with two operational radios there shall be no performance penalty as a result of a transition from one rbc to another train spacing and train speed
DS1.xlsx,121,"If the train or the shunting movement exceeds the permitted ceiling speed by a certain harmonised margin, the trainborne equipment shall execute a brake intervention until the actual speed does not exceed permitted speed; then the driver shall be able to release the brake
",if the train or the shunting movement exceeds the permitted ceiling speed by a certain harmonised margin the trainborne equipment shall execute a brake intervention until the actual speed does not exceed permitted speed then the driver shall be able to release the brake
DS3.xlsx,789,"If the train or the shunting movement exceeds the permitted ceiling speed by a certain harmonised margin, the trainborne equipment shall execute a brake intervention until the actual speed does not exceed permitted speed; then the driver shall be able to release the brake",if the train or the shunting movement exceeds the permitted ceiling speed by a certain harmonised margin the trainborne equipment shall execute a brake intervention until the actual speed does not exceed permitted speed then the driver shall be able to release the brake
DS1.xlsx,198,"If there are failures of the trainborne equipment which compromise the safety of train supervision, the ETCS trainborne equipment shall immediately command the brake and bring the train to a stop.
",if there are failures of the trainborne equipment which compromise the safety of train supervision the etcs trainborne equipment shall immediately command the brake and bring the train to a stop
DS3.xlsx,866,"If there are failures of the trainborne equipment which compromise the safety of train supervision, the ETCS trainborne equipment shall immediately command the brake and bring the train to a stop.",if there are failures of the trainborne equipment which compromise the safety of train supervision the etcs trainborne equipment shall immediately command the brake and bring the train to a stop
DS1.xlsx,82,"If track data at least to the location where the relevant movement authority ends are not available on-board, the movement authority shall be rejected.
",if track data at least to the location where the relevant movement authority ends are not available onboard the movement authority shall be rejected
DS3.xlsx,751,"If track data at least to the location where the relevant movement authority ends are not available on-board, the movement authority shall be rejected.",if track data at least to the location where the relevant movement authority ends are not available onboard the movement authority shall be rejected
DS1.xlsx,17,"In case the transition has to be acknowledged and the driver fails to acknowledge as required, the ETCS shall initiate a brake application
",in case the transition has to be acknowledged and the driver fails to acknowledge as required the etcs shall initiate a brake application
DS3.xlsx,686,"In case the transition has to be acknowledged and the driver fails to acknowledge as required, the ETCS shall initiate a brake application",in case the transition has to be acknowledged and the driver fails to acknowledge as required the etcs shall initiate a brake application
DS1.xlsx,200,"In ETCS with RBC this restriction on performance shall, if possible be transmitted to the RBC.
",in etcs with rbc this restriction on performance shall if possible be transmitted to the rbc
DS3.xlsx,868,"In ETCS with RBC this restriction on performance shall, if possible be transmitted to the RBC.",in etcs with rbc this restriction on performance shall if possible be transmitted to the rbc
DS1.xlsx,737,"In  order  to  provide  a  consistent  level  of  service  in  each  railway  network  and,  in 
particular, to ensure interoperability for train drivers and other users roaming between 
networks,  it  is  important  to  harmonise  subscription  details  and  other  information 
stored in the network. (I) 
				",in order to provide a consistent level of service in each railway network and in particular to ensure interoperability for train drivers and other users roaming between networks it is important to harmonise subscription details and other information stored in the network i
DS2.xlsx,601,"In order to provide a consistent level of service in each railway network and, in particular, to ensure interoperability for train drivers and other users roaming between networks, it is important to harmonise subscription details and other information stored in the network. (I)",in order to provide a consistent level of service in each railway network and in particular to ensure interoperability for train drivers and other users roaming between networks it is important to harmonise subscription details and other information stored in the network i
DS3.xlsx,728,In Partial Supervision the train shall be supervised according to train speed and distance data available.,in partial supervision the train shall be supervised according to train speed and distance data available
DS1.xlsx,59,"In Partial Supervision the train shall be supervised according to train speed and distance data available.
",in partial supervision the train shall be supervised according to train speed and distance data available
DS3.xlsx,641,"In the event of any software or hardware failure, it must be possible to restore the System (with inline synchronization) within no more than <xx> hours.",in the event of any software or hardware failure it must be possible to restore the system with inline synchronization within no more than xx hours
DS1.xlsx,286,"
           In the event of any software or hardware failure, it must be possible to restore the System (with inline synchronization) within no more than <xx> hours.
           ",in the event of any software or hardware failure it must be possible to restore the system with inline synchronization within no more than xx hours
DS4.xlsx,712,In the Normal Operations Mode the TCS shall support the following functions: [SSS037],in the normal operations mode the tcs shall support the following functions sss037
DS2.xlsx,352,In the Normal Operations Mode the TCS shall support the following functions: [SSS037],in the normal operations mode the tcs shall support the following functions sss037
DS1.xlsx,276,"
           Individualization and user adaptation : Adapting the content and the navigation of a user interface to individual users or user groups can be a useful mechanism for providing information that is of interest to the users and for making access to relevant information more efficient. User adaptation can also be important for making the user interface more accessible. Different approaches can be used for achieving these goals, like providing users with means for customizing the user interface to their personal needs i.e. individualization designing content and navigation differently for varying user groups or roles i.e. such as employees of different levels, citizens etc, monitoring the user’s behaviour and adapting to the user’s goals that are inferred from the behaviour observed, recommending information that is potentially more relevant or interesting to the specific user, based on the behaviour of all users or a user group.
           ",individualization and user adaptation  adapting the content and the navigation of a user interface to individual users or user groups can be a useful mechanism for providing information that is of interest to the users and for making access to relevant information more efficient user adaptation can also be important for making the user interface more accessible different approaches can be used for achieving these goals like providing users with means for customizing the user interface to their personal needs ie individualization designing content and navigation differently for varying user groups or roles ie such as employees of different levels citizens etc monitoring the users behaviour and adapting to the users goals that are inferred from the behaviour observed recommending information that is potentially more relevant or interesting to the specific user based on the behaviour of all users or a user group
DS3.xlsx,631,"Individualization and user adaptation : Adapting the content and the navigation of a user interface to individual users or user groups can be a useful mechanism for providing information that is of interest to the users and for making access to relevant information more efficient. User adaptation can also be important for making the user interface more accessible. Different approaches can be used for achieving these goals, like providing users with means for customizing the user interface to their personal needs i.e. individualization designing content and navigation differently for varying user groups or roles i.e. such as employees of different levels, citizens etc, monitoring the user's behaviour and adapting to the user's goals that are inferred from the behaviour observed, recommending information that is potentially more relevant or interesting to the specific user, based on the behaviour of all users or a user group.",individualization and user adaptation  adapting the content and the navigation of a user interface to individual users or user groups can be a useful mechanism for providing information that is of interest to the users and for making access to relevant information more efficient user adaptation can also be important for making the user interface more accessible different approaches can be used for achieving these goals like providing users with means for customizing the user interface to their personal needs ie individualization designing content and navigation differently for varying user groups or roles ie such as employees of different levels citizens etc monitoring the users behaviour and adapting to the users goals that are inferred from the behaviour observed recommending information that is potentially more relevant or interesting to the specific user based on the behaviour of all users or a user group
DS3.xlsx,804,Information received shall not influence the traction unit(s) with in-operative cabs.,information received shall not influence the traction units with inoperative cabs
DS1.xlsx,136,"Information received shall not influence the traction unit(s) with in-operative cabs.
",information received shall not influence the traction units with inoperative cabs
DS3.xlsx,799,Information shall be recorded to an accuracy which enables a clear view of the functioning of ETCS and way the traction unit has been driven.,information shall be recorded to an accuracy which enables a clear view of the functioning of etcs and way the traction unit has been driven
DS1.xlsx,131,"Information shall be recorded to an accuracy which enables a clear view of the functioning of ETCS and way the traction unit has been driven.
",information shall be recorded to an accuracy which enables a clear view of the functioning of etcs and way the traction unit has been driven
DS3.xlsx,847,Information shall be shown on the DMI,information shall be shown on the dmi
DS1.xlsx,179,"Information shall be shown on the DMI
",information shall be shown on the dmi
DS1.xlsx,976,Interaction protocols between PAs are identified.,interaction protocols between pas are identified
DS3.xlsx,1514,Interaction protocols between PAs are identified.,interaction protocols between pas are identified
DS1.xlsx,70,"Isolation of the ETCS trainborne equipment shall disconnect the ETCS trainborne equipment from the vehicle braking system.
",isolation of the etcs trainborne equipment shall disconnect the etcs trainborne equipment from the vehicle braking system
DS3.xlsx,739,Isolation of the ETCS trainborne equipment shall disconnect the ETCS trainborne equipment from the vehicle braking system.,isolation of the etcs trainborne equipment shall disconnect the etcs trainborne equipment from the vehicle braking system
DS4.xlsx,556,It shall (3.3.2.17) support normal synchronization following power on or reset.,it shall 33217 support normal synchronization following power on or reset
DS4.xlsx,555,It shall (3.3.2.17) support normal synchronization following power on or reset,it shall 33217 support normal synchronization following power on or reset
DS3.xlsx,749,"It shall also be possible, to allow the driver to change the adhesion conditions; in this case information from trackside has priority.",it shall also be possible to allow the driver to change the adhesion conditions in this case information from trackside has priority
DS1.xlsx,80,"It shall also be possible, to allow the driver to change the adhesion conditions; in this case information from trackside has priority.
",it shall also be possible to allow the driver to change the adhesion conditions in this case information from trackside has priority
DS1.xlsx,65,"It shall be possible for the trackside to ask a driver for confirmation about the occupancy of the track ahead before sending a Full Supervision movement authority.
",it shall be possible for the trackside to ask a driver for confirmation about the occupancy of the track ahead before sending a full supervision movement authority
DS3.xlsx,734,It shall be possible for the trackside to ask a driver for confirmation about the occupancy of the track ahead before sending a Full Supervision movement authority.,it shall be possible for the trackside to ask a driver for confirmation about the occupancy of the track ahead before sending a full supervision movement authority
DS3.xlsx,722,"It shall be possible to apply the train trip function, if the shunting movement passes a signal showing ""danger for shunting"".",it shall be possible to apply the train trip function if the shunting movement passes a signal showing danger for shunting
DS1.xlsx,53,"It shall be possible to apply the train trip function, if the shunting movement passes a signal showing ""danger for shunting"".
",it shall be possible to apply the train trip function if the shunting movement passes a signal showing danger for shunting
DS1.xlsx,152,"It shall be possible to command a conditional emergency stop. If the train has already passed the location for the emergency stop the command shall be ignored
",it shall be possible to command a conditional emergency stop if the train has already passed the location for the emergency stop the command shall be ignored
DS3.xlsx,820,It shall be possible to command a conditional emergency stop. If the train has already passed the location for the emergency stop the command shall be ignored,it shall be possible to command a conditional emergency stop if the train has already passed the location for the emergency stop the command shall be ignored
DS3.xlsx,819,It shall be possible to command an immediate train stop.,it shall be possible to command an immediate train stop
DS1.xlsx,151,"It shall be possible to command an immediate train stop.
",it shall be possible to command an immediate train stop
DS3.xlsx,770,It shall be possible to define certain locations (e.g. tunnels) where speed increase is related to the front of the train.,it shall be possible to define certain locations eg tunnels where speed increase is related to the front of the train
DS1.xlsx,102,"It shall be possible to define certain locations (e.g. tunnels) where speed increase is related to the front of the train.
",it shall be possible to define certain locations eg tunnels where speed increase is related to the front of the train
DS1.xlsx,141,"It shall be possible to drive the train backwards in a supervised way (speed and distance) according to information received from trackside
",it shall be possible to drive the train backwards in a supervised way speed and distance according to information received from trackside
DS3.xlsx,809,It shall be possible to drive the train backwards in a supervised way (speed and distance) according to information received from trackside,it shall be possible to drive the train backwards in a supervised way speed and distance according to information received from trackside
DS1.xlsx,7,"It shall be possible to implement one or more of the ETCS application levels on a line.
",it shall be possible to implement one or more of the etcs application levels on a line
DS3.xlsx,676,It shall be possible to implement one or more of the ETCS application levels on a line.,it shall be possible to implement one or more of the etcs application levels on a line
DS3.xlsx,717,"It shall be possible to manually select Shunting from Stand By operation, Full Supervision operation or Partial Supervision operation",it shall be possible to manually select shunting from stand by operation full supervision operation or partial supervision operation
DS1.xlsx,48,"It shall be possible to manually select Shunting from Stand By operation, Full Supervision operation or Partial Supervision operation
",it shall be possible to manually select shunting from stand by operation full supervision operation or partial supervision operation
DS3.xlsx,732,It shall be possible to order a train trip when passing a stop signal,it shall be possible to order a train trip when passing a stop signal
DS1.xlsx,63,"It shall be possible to order a train trip when passing a stop signal
",it shall be possible to order a train trip when passing a stop signal
DS3.xlsx,823,It shall be possible to prevent a train from entering a route for which it does not meet the required criteria.,it shall be possible to prevent a train from entering a route for which it does not meet the required criteria
DS1.xlsx,155,"It shall be possible to prevent a train from entering a route for which it does not meet the required criteria.
",it shall be possible to prevent a train from entering a route for which it does not meet the required criteria
DS3.xlsx,852,It shall be possible to revoke a Movement Authority that has already been issued to a train in a co-operative way between RBC and train.,it shall be possible to revoke a movement authority that has already been issued to a train in a cooperative way between rbc and train
DS1.xlsx,184,"It shall be possible to revoke a Movement Authority that has already been issued to a train in a co-operative way between RBC and train.
",it shall be possible to revoke a movement authority that has already been issued to a train in a cooperative way between rbc and train
DS3.xlsx,844,It shall be possible to send fixed text messages from track to train,it shall be possible to send fixed text messages from track to train
DS1.xlsx,176,"It shall be possible to send fixed text messages from track to train
",it shall be possible to send fixed text messages from track to train
DS1.xlsx,79,"It shall be possible to send information on adhesion conditions from trackside.
",it shall be possible to send information on adhesion conditions from trackside
DS3.xlsx,748,It shall be possible to send information on adhesion conditions from trackside.,it shall be possible to send information on adhesion conditions from trackside
DS3.xlsx,840,It shall be possible to send plain text messages from track to train.,it shall be possible to send plain text messages from track to train
DS1.xlsx,172,"It shall be possible to send plain text messages from track to train.
",it shall be possible to send plain text messages from track to train
DS1.xlsx,135,"It shall be possible to use multiple traction units without isolating the ETCS trainborne equipment on traction unit(s) with an in-operative cab.
",it shall be possible to use multiple traction units without isolating the etcs trainborne equipment on traction units with an inoperative cab
DS3.xlsx,803,It shall be possible to use multiple traction units without isolating the ETCS trainborne equipment on traction unit(s) with an in-operative cab.,it shall be possible to use multiple traction units without isolating the etcs trainborne equipment on traction units with an inoperative cab
DS1.xlsx,138,"It shall be possible to use tandem traction units without isolating the ETCS trainborne equipment on the tandem traction unit.
",it shall be possible to use tandem traction units without isolating the etcs trainborne equipment on the tandem traction unit
DS3.xlsx,806,It shall be possible to use tandem traction units without isolating the ETCS trainborne equipment on the tandem traction unit.,it shall be possible to use tandem traction units without isolating the etcs trainborne equipment on the tandem traction unit
DS1.xlsx,272,"
           Linking back to the home page or landmark pages: Each page should contain a link leading to the home page of the application or to a landmark page that is easy to recognize for the user.
           ",linking back to the home page or landmark pages each page should contain a link leading to the home page of the application or to a landmark page that is easy to recognize for the user
DS1.xlsx,277,"
           Linking back to the home page or landmark pages: Each page should contain a link leading to the home page of the application or to a landmark page that is easy to recognize for the user.
           ",linking back to the home page or landmark pages each page should contain a link leading to the home page of the application or to a landmark page that is easy to recognize for the user
DS3.xlsx,627,Linking back to the home page or landmark pages: Each page should contain a link leading to the home page of the application or to a landmark page that is easy to recognize for the user.,linking back to the home page or landmark pages each page should contain a link leading to the home page of the application or to a landmark page that is easy to recognize for the user
DS2.xlsx,324,"Links that provide communications between the TCS and other systems shall be secured in a manner appropriate for the sensitivities of the material passed through such links, in accordance with DoD Directive C-5200.5, “Communication Security (COMSEC)” dated 21 April 1990. [SSS365]",links that provide communications between the tcs and other systems shall be secured in a manner appropriate for the sensitivities of the material passed through such links in accordance with dod directive c52005 communication security comsec dated 21 april 1990 sss365
DS4.xlsx,999,"Links that provide communications between the TCS and other systems shall be secured in a manner appropriate for the sensitivities of the material passed through such links, in accordance with  DoD  Directive C-5200.5, “Communication Security (COMSEC)” dated 21 April 1990. [SSS365]",links that provide communications between the tcs and other systems shall be secured in a manner appropriate for the sensitivities of the material passed through such links in accordance with dod directive c52005 communication security comsec dated 21 april 1990 sss365
DS3.xlsx,633,Making individualization and adaptation evident: It should be made evident to the user when individualization and/or adaptation are used.,making individualization and adaptation evident it should be made evident to the user when individualization andor adaptation are used
DS1.xlsx,278,"
           Making individualization and adaptation evident: It should be made evident to the user when individualization and/or adaptation are used.
           ",making individualization and adaptation evident it should be made evident to the user when individualization andor adaptation are used
DS3.xlsx,594,"Making navigation self-descriptive: Navigation should be designed to help users understand where they are, where they have been and where they can go next. General guidance on achieving self-descriptiveness is given in ISO 9241-110.",making navigation selfdescriptive navigation should be designed to help users understand where they are where they have been and where they can go next general guidance on achieving selfdescriptiveness is given in iso 9241110
DS1.xlsx,239,"
            Making navigation self-descriptive: Navigation should be designed to help users understand where they are, where they have been and where they can go next. General guidance on achieving self-descriptiveness is given in ISO 9241-110.
           ",making navigation selfdescriptive navigation should be designed to help users understand where they are where they have been and where they can go next general guidance on achieving selfdescriptiveness is given in iso 9241110
DS1.xlsx,252,"
           Making text resizable by the user: Text should be able to be resized by the user, using functions provided by the user agent or other appropriate means i.e. see ISO 9241-171.
           ",making text resizable by the user text should be able to be resized by the user using functions provided by the user agent or other appropriate means ie see iso 9241171
DS3.xlsx,607,"Making text resizable by the user: Text should be able to be resized by the user, using functions provided by the user agent or other appropriate means i.e. see ISO 9241-171.",making text resizable by the user text should be able to be resized by the user using functions provided by the user agent or other appropriate means ie see iso 9241171
DS1.xlsx,247,"
           Making user interfaces robust: User interfaces should be designed to be as robust as possible in the face of changing technology. This encompasses being able to present content containing newer technologies by older user agents as well as designing content to be usable with future technologies.
           ",making user interfaces robust user interfaces should be designed to be as robust as possible in the face of changing technology this encompasses being able to present content containing newer technologies by older user agents as well as designing content to be usable with future technologies
DS3.xlsx,602,Making user interfaces robust: User interfaces should be designed to be as robust as possible in the face of changing technology. This encompasses being able to present content containing newer technologies by older user agents as well as designing content to be usable with future technologies.,making user interfaces robust user interfaces should be designed to be as robust as possible in the face of changing technology this encompasses being able to present content containing newer technologies by older user agents as well as designing content to be usable with future technologies
DS3.xlsx,634,"Making user profiles evident: If predefined user profiles or user-specified profiles are used for individualizing or adapting content, the profile currently used should be made evident. If profiles are used, it is important to provide users with information about this concept and its implications.",making user profiles evident if predefined user profiles or userspecified profiles are used for individualizing or adapting content the profile currently used should be made evident if profiles are used it is important to provide users with information about this concept and its implications
DS1.xlsx,279,"
           Making user profiles evident: If predefined user profiles or user-specified profiles are used for individualizing or adapting content, the profile currently used should be made evident. If profiles are used, it is important to provide users with information about this concept and its implications.
           ",making user profiles evident if predefined user profiles or userspecified profiles are used for individualizing or adapting content the profile currently used should be made evident if profiles are used it is important to provide users with information about this concept and its implications
DS1.xlsx,969,Malicious requests are detected and rejected.,malicious requests are detected and rejected
DS3.xlsx,1507,Malicious requests are detected and rejected.,malicious requests are detected and rejected
DS1.xlsx,977,Malicious requests are identified and acted upon.,malicious requests are identified and acted upon
DS3.xlsx,1515,Malicious requests are identified and acted upon.,malicious requests are identified and acted upon
DS1.xlsx,261,"
           Marking links opening new windows: Links that open new browser windows or pop-up windows should be clearly marked.
           ",marking links opening new windows links that open new browser windows or popup windows should be clearly marked
DS3.xlsx,616,Marking links opening new windows: Links that open new browser windows or pop-up windows should be clearly marked.,marking links opening new windows links that open new browser windows or popup windows should be clearly marked
DS3.xlsx,1513,Mediator works in conjunction with the PA to establish negotiation.,mediator works in conjunction with the pa to establish negotiation
DS1.xlsx,975,Mediator works in conjunction with the PA to establish negotiation.,mediator works in conjunction with the pa to establish negotiation
DS3.xlsx,1512,"Mediator-SR, mediator-PR, mediator-PA interaction protocols are defined.",mediatorsr mediatorpr mediatorpa interaction protocols are defined
DS1.xlsx,974,"Mediator-SR, mediator-PR, mediator-PA interaction protocols are defined.",mediatorsr mediatorpr mediatorpa interaction protocols are defined
DS1.xlsx,242,"
            Minimizing navigation effort: The number of navigation steps needed to reach a certain piece of content should be minimized as long as different mental models, navigation strategies and tasks of the user are taken into account.
           ",minimizing navigation effort the number of navigation steps needed to reach a certain piece of content should be minimized as long as different mental models navigation strategies and tasks of the user are taken into account
DS3.xlsx,597,"Minimizing navigation effort: The number of navigation steps needed to reach a certain piece of content should be minimized as long as different mental models, navigation strategies and tasks of the user are taken into account.",minimizing navigation effort the number of navigation steps needed to reach a certain piece of content should be minimized as long as different mental models navigation strategies and tasks of the user are taken into account
DS1.xlsx,249,"
           Minimizing user errors: Potential user errors as well as the effort needed to recover from errors should be minimized.
           ",minimizing user errors potential user errors as well as the effort needed to recover from errors should be minimized
DS3.xlsx,604,Minimizing user errors: Potential user errors as well as the effort needed to recover from errors should be minimized.,minimizing user errors potential user errors as well as the effort needed to recover from errors should be minimized
DS3.xlsx,1456,Must use a SQL based database. SQL standard is the most widely used database format. Restricting to SQL allows easy of use and compatibility for Web Store.,must use a sql based database sql standard is the most widely used database format restricting to sql allows easy of use and compatibility for web store
DS1.xlsx,916,"Must use a SQL based database. SQL standard is the most widely used database format. Restricting to SQL allows easy of use and compatibility for Web Store.
            ",must use a sql based database sql standard is the most widely used database format restricting to sql allows easy of use and compatibility for web store
DS1.xlsx,23,"National values shall be applicable to a defined area
",national values shall be applicable to a defined area
DS3.xlsx,692,National values shall be applicable to a defined area,national values shall be applicable to a defined area
DS3.xlsx,1518,Negotiation is established between selected CDN peers.,negotiation is established between selected cdn peers
DS1.xlsx,980,Negotiation is established between selected CDN peers.,negotiation is established between selected cdn peers
DS1.xlsx,271,"
           Observing principles of human perception When designing application pages, the general principles of human perception should be taken into account. The International Standards mentioned below shall be consulted for guidance. Practical guidelines for presenting information to the user are to be found in ISO 9241-12. Guidance on selecting and using different forms of interaction techniques is to be found in ISO 9241-14 to ISO 9241-17. ISO 9241-14 gives guidance about menus, ISO 9241-15 about command dialogues, ISO 9241-16 about direct manipulation and ISO 9241-17 about forms. In addition, when designing multimedia information presentations, the design principles and recommendations described in ISO 14915-1 to ISO 14915-3 should be taken into account. Appropriate content presentation also plays a key role in accessibility.
           ",observing principles of human perception when designing application pages the general principles of human perception should be taken into account the international standards mentioned below shall be consulted for guidance practical guidelines for presenting information to the user are to be found in iso 924112 guidance on selecting and using different forms of interaction techniques is to be found in iso 924114 to iso 924117 iso 924114 gives guidance about menus iso 924115 about command dialogues iso 924116 about direct manipulation and iso 924117 about forms in addition when designing multimedia information presentations the design principles and recommendations described in iso 149151 to iso 149153 should be taken into account appropriate content presentation also plays a key role in accessibility
DS3.xlsx,626,"Observing principles of human perception When designing application pages, the general principles of human perception should be taken into account. The International Standards mentioned below shall be consulted for guidance. Practical guidelines for presenting information to the user are to be found in ISO 9241-12. Guidance on selecting and using different forms of interaction techniques is to be found in ISO 9241-14 to ISO 9241-17. ISO 9241-14 gives guidance about menus, ISO 9241-15 about command dialogues, ISO 9241-16 about direct manipulation and ISO 9241-17 about forms. In addition, when designing multimedia information presentations, the design principles and recommendations described in ISO 14915-1 to ISO 14915-3 should be taken into account. Appropriate content presentation also plays a key role in accessibility.",observing principles of human perception when designing application pages the general principles of human perception should be taken into account the international standards mentioned below shall be consulted for guidance practical guidelines for presenting information to the user are to be found in iso 924112 guidance on selecting and using different forms of interaction techniques is to be found in iso 924114 to iso 924117 iso 924114 gives guidance about menus iso 924115 about command dialogues iso 924116 about direct manipulation and iso 924117 about forms in addition when designing multimedia information presentations the design principles and recommendations described in iso 149151 to iso 149153 should be taken into account appropriate content presentation also plays a key role in accessibility
DS1.xlsx,241,"
            Offering alternative access paths: Alternative access paths for navigating to a specific unit of content should be offered to support different navigation strategies.
           ",offering alternative access paths alternative access paths for navigating to a specific unit of content should be offered to support different navigation strategies
DS3.xlsx,596,Offering alternative access paths: Alternative access paths for navigating to a specific unit of content should be offered to support different navigation strategies.,offering alternative access paths alternative access paths for navigating to a specific unit of content should be offered to support different navigation strategies
DS3.xlsx,835,"On demand, the position of the front end of the train at the time of the demand shall be indicated on the DMI. This shall be possible while the train is moving or stationary.",on demand the position of the front end of the train at the time of the demand shall be indicated on the dmi this shall be possible while the train is moving or stationary
DS1.xlsx,167,"On demand, the position of the front end of the train at the time of the demand shall be indicated on the DMI. This shall be possible while the train is moving or stationary.
",on demand the position of the front end of the train at the time of the demand shall be indicated on the dmi this shall be possible while the train is moving or stationary
DS1.xlsx,111,"On lines fitted with RBC, the ETCS trainborne equipment shall be able to transmit the location of the entire train to the RBC.
",on lines fitted with rbc the etcs trainborne equipment shall be able to transmit the location of the entire train to the rbc
DS3.xlsx,779,"On lines fitted with RBC, the ETCS trainborne equipment shall be able to transmit the location of the entire train to the RBC.",on lines fitted with rbc the etcs trainborne equipment shall be able to transmit the location of the entire train to the rbc
DS1.xlsx,93,"On request of the RBC, the driver shall have the possibility to confirm that the track ahead of him until the end of the on sight section is clear
",on request of the rbc the driver shall have the possibility to confirm that the track ahead of him until the end of the on sight section is clear
DS3.xlsx,762,"On request of the RBC, the driver shall have the possibility to confirm that the track ahead of him until the end of the on sight section is clear",on request of the rbc the driver shall have the possibility to confirm that the track ahead of him until the end of the on sight section is clear
DS3.xlsx,693,Once received onboard the national values shall remain valid even if the onboard equipment is switched off,once received onboard the national values shall remain valid even if the onboard equipment is switched off
DS1.xlsx,24,"Once received onboard the national values shall remain valid even if the onboard equipment is switched off
",once received onboard the national values shall remain valid even if the onboard equipment is switched off
DS3.xlsx,564,"Once the audit trail functionality has been activated, the System must track events without manual intervention, and store in the audit trail information about them.",once the audit trail functionality has been activated the system must track events without manual intervention and store in the audit trail information about them
DS1.xlsx,209,"
             Once the audit trail functionality has been activated, the System must track events without manual intervention, and store in the audit trail information about them.
            ",once the audit trail functionality has been activated the system must track events without manual intervention and store in the audit trail information about them
DS1.xlsx,193,"Once the train starts reversing the MA shall be cancelled.
",once the train starts reversing the ma shall be cancelled
DS3.xlsx,861,Once the train starts reversing the MA shall be cancelled.,once the train starts reversing the ma shall be cancelled
DS3.xlsx,298,Only registered customers can purchase streaming movies.,only registered customers can purchase streaming movies
DS3.xlsx,264,Only registered customers can purchase streaming movies.,only registered customers can purchase streaming movies
DS3.xlsx,828,Operation of the train trip shall be indicated on the DMI.,operation of the train trip shall be indicated on the dmi
DS1.xlsx,160,"Operation of the train trip shall be indicated on the DMI.
",operation of the train trip shall be indicated on the dmi
DS1.xlsx,855,"Operational  radios  used  for  shunting  shall  be  able  to  be  switched  between  the 
following two operating modes by a maintenance function: (M)			",operational radios used for shunting shall be able to be switched between the following two operating modes by a maintenance function m
DS1.xlsx,872,"Operational  radios  used  for  shunting  shall  be  able  to  be  switched  between  the 
following two operating modes by a maintenance function: (M) 
					",operational radios used for shunting shall be able to be switched between the following two operating modes by a maintenance function m
DS1.xlsx,58,"Partial Supervision shall be indicated on the DMI.
",partial supervision shall be indicated on the dmi
DS3.xlsx,727,Partial Supervision shall be indicated on the DMI.,partial supervision shall be indicated on the dmi
DS1.xlsx,56,"Partial Supervision shall be selected either by the Driver, or by information received from track-to-train transmission.
",partial supervision shall be selected either by the driver or by information received from tracktotrain transmission
DS3.xlsx,725,"Partial Supervision shall be selected either by the Driver, or by information received from track-to-train transmission.",partial supervision shall be selected either by the driver or by information received from tracktotrain transmission
DS1.xlsx,47,"Permission received shall be indicated to the driver.
",permission received shall be indicated to the driver
DS3.xlsx,716,Permission received shall be indicated to the driver.,permission received shall be indicated to the driver
DS3.xlsx,630,Placing navigation components consistently: Navigation components should be placed consistently on the pages or in the framesets in the pages of the application.,placing navigation components consistently navigation components should be placed consistently on the pages or in the framesets in the pages of the application
DS1.xlsx,275,"
           Placing navigation components consistently: Navigation components should be placed consistently on the pages or in the framesets in the pages of the application.
           ",placing navigation components consistently navigation components should be placed consistently on the pages or in the framesets in the pages of the application
DS1.xlsx,270,"
           Placing title information consistently: Page titles should be placed in a consistent location on the different pages.
           ",placing title information consistently page titles should be placed in a consistent location on the different pages
DS3.xlsx,625,Placing title information consistently: Page titles should be placed in a consistent location on the different pages.,placing title information consistently page titles should be placed in a consistent location on the different pages
DS1.xlsx,985,Policies are in place to perform renegotiation for problem resolution.,policies are in place to perform renegotiation for problem resolution
DS3.xlsx,1523,Policies are in place to perform renegotiation for problem resolution.,policies are in place to perform renegotiation for problem resolution
DS1.xlsx,986,Policies are in place to perform renegotiation for problem resolution.,policies are in place to perform renegotiation for problem resolution
DS1.xlsx,984,Policies identifying the consequences of SLA violation are defined.,policies identifying the consequences of sla violation are defined
DS3.xlsx,1522,Policies identifying the consequences of SLA violation are defined.,policies identifying the consequences of sla violation are defined
DS3.xlsx,1519,Primary CDN has already acquired sufficient external resources.,primary cdn has already acquired sufficient external resources
DS1.xlsx,981,Primary CDN has already acquired sufficient external resources.,primary cdn has already acquired sufficient external resources
DS1.xlsx,273,"
           Providing a site map: A separate navigation overview such as a site map should be provided for application showing the structure of the site in an overview form.
           ",providing a site map a separate navigation overview such as a site map should be provided for application showing the structure of the site in an overview form
DS3.xlsx,628,Providing a site map: A separate navigation overview such as a site map should be provided for application showing the structure of the site in an overview form.,providing a site map a separate navigation overview such as a site map should be provided for application showing the structure of the site in an overview form
DS1.xlsx,268,"
           Providing alternatives to frame-based presentation: If frames are used, an alternative way of presenting relevant information without frames should be provided. Providing alternative text-only pages: When style sheets and/or frames are turned off it should be possible for the user to read and understand the page; alternatively, the user should be provided with an equivalent alternative text-only page.
           ",providing alternatives to framebased presentation if frames are used an alternative way of presenting relevant information without frames should be provided providing alternative textonly pages when style sheets andor frames are turned off it should be possible for the user to read and understand the page alternatively the user should be provided with an equivalent alternative textonly page
DS3.xlsx,623,"Providing alternatives to frame-based presentation: If frames are used, an alternative way of presenting relevant information without frames should be provided. Providing alternative text-only pages: When style sheets and/or frames are turned off it should be possible for the user to read and understand the page; alternatively, the user should be provided with an equivalent alternative text-only page.",providing alternatives to framebased presentation if frames are used an alternative way of presenting relevant information without frames should be provided providing alternative textonly pages when style sheets andor frames are turned off it should be possible for the user to read and understand the page alternatively the user should be provided with an equivalent alternative textonly page
DS3.xlsx,605,"Providing clear error messages: The content of error messages shown on the pages or special error pages should clearly state the reason why the error occurred and, if possible, actions the user can take to resolve the error. Users expect error messages to be in the same language as the user interface.",providing clear error messages the content of error messages shown on the pages or special error pages should clearly state the reason why the error occurred and if possible actions the user can take to resolve the error users expect error messages to be in the same language as the user interface
DS1.xlsx,250,"
           Providing clear error messages: The content of error messages shown on the pages or special error pages should clearly state the reason why the error occurred and, if possible, actions the user can take to resolve the error. Users expect error messages to be in the same language as the user interface.
           ",providing clear error messages the content of error messages shown on the pages or special error pages should clearly state the reason why the error occurred and if possible actions the user can take to resolve the error users expect error messages to be in the same language as the user interface
DS3.xlsx,618,"Providing printable document versions: If a document is either too long, dispersed over several pages or in a specific layout that is not suitable for online reading, a printer-friendly version of the document should be provided that prints the content in a form acceptable to the user (e.g. in the expected layout, paper format, or orientation).",providing printable document versions if a document is either too long dispersed over several pages or in a specific layout that is not suitable for online reading a printerfriendly version of the document should be provided that prints the content in a form acceptable to the user eg in the expected layout paper format or orientation
DS1.xlsx,263,"
           Providing printable document versions: If a document is either too long, dispersed over several pages or in a specific layout that is not suitable for online reading, a printer-friendly version of the document should be provided that prints the content in a form acceptable to the user (e.g. in the expected layout, paper format, or orientation).
           ",providing printable document versions if a document is either too long dispersed over several pages or in a specific layout that is not suitable for online reading a printerfriendly version of the document should be provided that prints the content in a form acceptable to the user eg in the expected layout paper format or orientation
DS3.xlsx,593,"Providing text equivalents for non-text media objects: All non-text media objects, such as graphical images or video, should be provided with alternative equivalent textual descriptions and/or with equivalent text-based functionality.",providing text equivalents for nontext media objects all nontext media objects such as graphical images or video should be provided with alternative equivalent textual descriptions andor with equivalent textbased functionality
DS1.xlsx,238,"
              Providing text equivalents for non-text media objects: All non-text media objects, such as graphical images or video, should be provided with alternative equivalent textual descriptions and/or with equivalent text-based functionality.
           ",providing text equivalents for nontext media objects all nontext media objects such as graphical images or video should be provided with alternative equivalent textual descriptions andor with equivalent textbased functionality
DS1.xlsx,256,"
           Readability of text: Text presented on the pages should be readable taking into account the expected display characteristics and spatial arrangement. ISO 9241-303 shall be consulted for screen text legibility requirements.
           ",readability of text text presented on the pages should be readable taking into account the expected display characteristics and spatial arrangement iso 9241303 shall be consulted for screen text legibility requirements
DS3.xlsx,611,Readability of text: Text presented on the pages should be readable taking into account the expected display characteristics and spatial arrangement. ISO 9241-303 shall be consulted for screen text legibility requirements.,readability of text text presented on the pages should be readable taking into account the expected display characteristics and spatial arrangement iso 9241303 shall be consulted for screen text legibility requirements
DS4.xlsx,955,Remotely hosted applications shall communicate in a client server relationship via the defined data server interface. [SSS329],remotely hosted applications shall communicate in a client server relationship via the defined data server interface sss329
DS2.xlsx,293,Remotely hosted applications shall communicate in a client server relationship via the defined data server interface. [SSS329],remotely hosted applications shall communicate in a client server relationship via the defined data server interface sss329
DS3.xlsx,1505,"Resource provisioning, delegation and reservation policies are in place",resource provisioning delegation and reservation policies are in place
DS1.xlsx,966,"Resource provisioning, delegation and reservation policies are in place",resource provisioning delegation and reservation policies are in place
DS1.xlsx,189,"Reversing shall be possible as defined by a value given with the MA
",reversing shall be possible as defined by a value given with the ma
DS3.xlsx,857,Reversing shall be possible as defined by a value given with the MA,reversing shall be possible as defined by a value given with the ma
DS3.xlsx,859,Reversing shall be supervised to a distance and speed set as National Values,reversing shall be supervised to a distance and speed set as national values
DS1.xlsx,191,"Reversing shall be supervised to a distance and speed set as National Values
",reversing shall be supervised to a distance and speed set as national values
DS3.xlsx,824,Route unsuitability shall be indicated on the DMI.,route unsuitability shall be indicated on the dmi
DS1.xlsx,156,"Route unsuitability shall be indicated on the DMI.
",route unsuitability shall be indicated on the dmi
DS3.xlsx,620,"Selecting appropriate page lengths The length of a page should be selected so as to support the primary purpose and use of the page. Short pages are generally more appropriate for homepages, navigation pages, or overview pages that need to be read quickly. Longer pages can be more appropriate when users want to read the content without interruptions or when the page needs to match a paper counterpart.",selecting appropriate page lengths the length of a page should be selected so as to support the primary purpose and use of the page short pages are generally more appropriate for homepages navigation pages or overview pages that need to be read quickly longer pages can be more appropriate when users want to read the content without interruptions or when the page needs to match a paper counterpart
DS1.xlsx,265,"
           Selecting appropriate page lengths The length of a page should be selected so as to support the primary purpose and use of the page. Short pages are generally more appropriate for homepages, navigation pages, or overview pages that need to be read quickly. Longer pages can be more appropriate when users want to read the content without interruptions or when the page needs to match a paper counterpart.
           ",selecting appropriate page lengths the length of a page should be selected so as to support the primary purpose and use of the page short pages are generally more appropriate for homepages navigation pages or overview pages that need to be read quickly longer pages can be more appropriate when users want to read the content without interruptions or when the page needs to match a paper counterpart
DS1.xlsx,919,"Shall deliver Operations and Maintenance manual, Users Guide book, and Installation Instructions for the Administrator.
            ",shall deliver operations and maintenance manual users guide book and installation instructions for the administrator
DS3.xlsx,1459,"Shall deliver Operations and Maintenance manual, Users Guide book, and Installation Instructions for the Administrator.",shall deliver operations and maintenance manual users guide book and installation instructions for the administrator
DS1.xlsx,918,Shall install online help for users via the web interface    ,shall install online help for users via the web interface
DS3.xlsx,1458,Shall install online help for users via the web interface,shall install online help for users via the web interface
DS3.xlsx,595,Showing users where they are: Each presentation segment (page or window) should provide the user with a clear and sufficient indication of where he or she is in the navigation structure and of the current segment position with respect to the overall structure.,showing users where they are each presentation segment page or window should provide the user with a clear and sufficient indication of where he or she is in the navigation structure and of the current segment position with respect to the overall structure
DS1.xlsx,240,"
            Showing users where they are: Each presentation segment (page or window) should provide the user with a clear and sufficient indication of where he or she is in the navigation structure and of the current segment position with respect to the overall structure.
           ",showing users where they are each presentation segment page or window should provide the user with a clear and sufficient indication of where he or she is in the navigation structure and of the current segment position with respect to the overall structure
DS4.xlsx,729,"Shutdown of the TCS shall include storage as well as deletion, as specified by the operator, of mission data files [SSS044], shutdown of appropriate functions [SSS045], shutdown of HCIs [SSS046], and proper termination of all active interfaces [SSS047].",shutdown of the tcs shall include storage as well as deletion as specified by the operator of mission data files sss044 shutdown of appropriate functions sss045 shutdown of hcis sss046 and proper termination of all active interfaces sss047
DS4.xlsx,721,"Shutdown of the TCS shall include storage as well as deletion, as specified by the operator, of mission data files [SSS044], shutdown of appropriate functions [SSS045], shutdown of HCIs [SSS046], and proper termination of all active interfaces [SSS047].",shutdown of the tcs shall include storage as well as deletion as specified by the operator of mission data files sss044 shutdown of appropriate functions sss045 shutdown of hcis sss046 and proper termination of all active interfaces sss047
DS3.xlsx,598,"Splash screens should be avoided unless they provide useful content or feedback about the application state to the user. If a splash screen is used, a navigation option to skip it should be offered.",splash screens should be avoided unless they provide useful content or feedback about the application state to the user if a splash screen is used a navigation option to skip it should be offered
DS1.xlsx,243,"
            Splash screens should be avoided unless they provide useful content or feedback about the application state to the user. If a splash screen is used, a navigation option to skip it should be offered.
           ",splash screens should be avoided unless they provide useful content or feedback about the application state to the user if a splash screen is used a navigation option to skip it should be offered
DS3.xlsx,800,Standardised output interfaces shall enable transmission of information recorded to other media for investigation,standardised output interfaces shall enable transmission of information recorded to other media for investigation
DS1.xlsx,132,"Standardised output interfaces shall enable transmission of information recorded to other media for investigation
",standardised output interfaces shall enable transmission of information recorded to other media for investigation
DS3.xlsx,705,Stored train data shall be offered to the driver to be confirmed when Data Entry starts.,stored train data shall be offered to the driver to be confirmed when data entry starts
DS1.xlsx,36,"Stored train data shall be offered to the driver to be confirmed when Data Entry starts.
",stored train data shall be offered to the driver to be confirmed when data entry starts
DS1.xlsx,255,"
           Supporting text skimming: Fast skimming of text should be supported by the provision of clear links, bulleted lists, highlighted keywords, logical headings, and short phrases and sentences.
           ",supporting text skimming fast skimming of text should be supported by the provision of clear links bulleted lists highlighted keywords logical headings and short phrases and sentences
DS3.xlsx,610,"Supporting text skimming: Fast skimming of text should be supported by the provision of clear links, bulleted lists, highlighted keywords, logical headings, and short phrases and sentences.",supporting text skimming fast skimming of text should be supported by the provision of clear links bulleted lists highlighted keywords logical headings and short phrases and sentences
DS2.xlsx,317,"TCS hardware flexibility and expansion shall be provided through use of GFE, NDI and COTS hardware designed to be upgraded and expanded. [SSS440]",tcs hardware flexibility and expansion shall be provided through use of gfe ndi and cots hardware designed to be upgraded and expanded sss440
DS4.xlsx,1065,"TCS hardware flexibility and expansion shall be provided through use of GFE, NDI and COTS hardware designed to be upgraded and expanded. [SSS440]",tcs hardware flexibility and expansion shall be provided through use of gfe ndi and cots hardware designed to be upgraded and expanded sss440
DS4.xlsx,882,TCS shall be capable of executing AV maintenance software and displaying appropriate status results. [SSS245],tcs shall be capable of executing av maintenance software and displaying appropriate status results sss245
DS2.xlsx,266,TCS shall be capable of executing AV maintenance software and displaying appropriate status results. [SSS245],tcs shall be capable of executing av maintenance software and displaying appropriate status results sss245
DS2.xlsx,245,TCS shall be capable of executing data terminal maintenance software and displaying appropriate status results. [SSS247],tcs shall be capable of executing data terminal maintenance software and displaying appropriate status results sss247
DS4.xlsx,884,TCS shall be capable of executing data terminal maintenance software and displaying appropriate status results. [SSS247],tcs shall be capable of executing data terminal maintenance software and displaying appropriate status results sss247
DS2.xlsx,329,TCS shall be capable of executing payload maintenance software and displaying appropriate status results. [SSS246],tcs shall be capable of executing payload maintenance software and displaying appropriate status results sss246
DS4.xlsx,883,TCS shall be capable of executing payload maintenance software and displaying appropriate status results. [SSS246],tcs shall be capable of executing payload maintenance software and displaying appropriate status results sss246
DS2.xlsx,229,TCS shall be capable of executing workstation and peripheral equipment maintenance software and displaying appropriate status results. [SSS248],tcs shall be capable of executing workstation and peripheral equipment maintenance software and displaying appropriate status results sss248
DS4.xlsx,885,TCS shall be capable of executing workstation and peripheral equipment maintenance software and displaying appropriate status results. [SSS248],tcs shall be capable of executing workstation and peripheral equipment maintenance software and displaying appropriate status results sss248
DS2.xlsx,200,TCS shall provide the capability to monitor payload adherence to the uplinked mission plan. [SSS155],tcs shall provide the capability to monitor payload adherence to the uplinked mission plan sss155
DS4.xlsx,813,TCS shall provide the capability to monitor payload adherence to the uplinked mission plan. [SSS155],tcs shall provide the capability to monitor payload adherence to the uplinked mission plan sss155
DS3.xlsx,608,Text quality: The quality of textual content with respect to spelling and grammar should be sufficient so as not to impede readability.,text quality the quality of textual content with respect to spelling and grammar should be sufficient so as not to impede readability
DS1.xlsx,253,"
           Text quality: The quality of textual content with respect to spelling and grammar should be sufficient so as not to impede readability.
           ",text quality the quality of textual content with respect to spelling and grammar should be sufficient so as not to impede readability
DS3.xlsx,771,The braking curves shall ensure that the train complies with its speed requirements.,the braking curves shall ensure that the train complies with its speed requirements
DS1.xlsx,103,"The braking curves shall ensure that the train complies with its speed requirements.
",the braking curves shall ensure that the train complies with its speed requirements
DS1.xlsx,88,"The ceiling speed level for the movement authority shall be defined as data National Value.
",the ceiling speed level for the movement authority shall be defined as data national value
DS3.xlsx,757,The ceiling speed level for the movement authority shall be defined as data National Value.,the ceiling speed level for the movement authority shall be defined as data national value
DS3.xlsx,708,The change of driver identification during a journey or a Train Running Number shall be possible,the change of driver identification during a journey or a train running number shall be possible
DS1.xlsx,39,The change of driver identification during a journey or a Train Running Number shall be possible,the change of driver identification during a journey or a train running number shall be possible
DS1.xlsx,175,"The character set used shall support different languages.
",the character set used shall support different languages
DS3.xlsx,843,The character set used shall support different languages.,the character set used shall support different languages
DS3.xlsx,853,"The co-operative revocation of the MA shall be possible to a new target location, proposed from RBC.",the cooperative revocation of the ma shall be possible to a new target location proposed from rbc
DS1.xlsx,185,"The co-operative revocation of the MA shall be possible to a new target location, proposed from RBC.
",the cooperative revocation of the ma shall be possible to a new target location proposed from rbc
DS1.xlsx,9,"The current application level shall be indicated on the DMI.
",the current application level shall be indicated on the dmi
DS3.xlsx,678,The current application level shall be indicated on the DMI.,the current application level shall be indicated on the dmi
DS1.xlsx,21,"The current operational status shall be indicated to the driver on the DMI
",the current operational status shall be indicated to the driver on the dmi
DS3.xlsx,690,The current operational status shall be indicated to the driver on the DMI,the current operational status shall be indicated to the driver on the dmi
DS3.xlsx,860,The distance supervised can be extended from the trackside.,the distance supervised can be extended from the trackside
DS1.xlsx,192,"The distance supervised can be extended from the trackside.
",the distance supervised can be extended from the trackside
DS3.xlsx,741,The DMI shall display or be compatible with information from national train control systems. This may mean displaying the information shown by the national system.,the dmi shall display or be compatible with information from national train control systems this may mean displaying the information shown by the national system
DS1.xlsx,72,"The DMI shall display or be compatible with information from national train control systems. This may mean displaying the information shown by the national system.
",the dmi shall display or be compatible with information from national train control systems this may mean displaying the information shown by the national system
DS1.xlsx,29,"The DMI shall indicate the result of the self-test.
",the dmi shall indicate the result of the selftest
DS3.xlsx,698,The DMI shall indicate the result of the self-test.,the dmi shall indicate the result of the selftest
DS1.xlsx,10,"The driver shall acknowledge the level transitions, if requested from trackside. If the driver does not acknowledge after the transition the brake shall be applied. If the driver acknowledges afterwards, the brake can be released
",the driver shall acknowledge the level transitions if requested from trackside if the driver does not acknowledge after the transition the brake shall be applied if the driver acknowledges afterwards the brake can be released
DS3.xlsx,679,"The driver shall acknowledge the level transitions, if requested from trackside. If the driver does not acknowledge after the transition the brake shall be applied. If the driver acknowledges afterwards, the brake can be released",the driver shall acknowledge the level transitions if requested from trackside if the driver does not acknowledge after the transition the brake shall be applied if the driver acknowledges afterwards the brake can be released
DS1.xlsx,181,"The driver shall be able to confirm the train integrity to the RBC manually. The confirmation requires the train to be stationary.
",the driver shall be able to confirm the train integrity to the rbc manually the confirmation requires the train to be stationary
DS3.xlsx,849,The driver shall be able to confirm the train integrity to the RBC manually. The confirmation requires the train to be stationary.,the driver shall be able to confirm the train integrity to the rbc manually the confirmation requires the train to be stationary
DS3.xlsx,703,The driver shall be able to consult train data when the train is stationary or moving.,the driver shall be able to consult train data when the train is stationary or moving
DS1.xlsx,34,The driver shall be able to consult train data when the train is stationary or moving.,the driver shall be able to consult train data when the train is stationary or moving
DS1.xlsx,157,"The driver shall be able to override the function when the train is stationary.
",the driver shall be able to override the function when the train is stationary
DS3.xlsx,825,The driver shall be able to override the function when the train is stationary.,the driver shall be able to override the function when the train is stationary
DS3.xlsx,790,The driver shall be able to release an ETCS emergency brake application when stationary.,the driver shall be able to release an etcs emergency brake application when stationary
DS1.xlsx,122,"The driver shall be able to release an ETCS emergency brake application when stationary.
",the driver shall be able to release an etcs emergency brake application when stationary
DS1.xlsx,31,"The driver shall be able to select Train Data Entry on the DMI.
",the driver shall be able to select train data entry on the dmi
DS3.xlsx,700,The driver shall be able to select Train Data Entry on the DMI.,the driver shall be able to select train data entry on the dmi
DS3.xlsx,858,The driver shall be able to use the Reversing function without needing to re-confirm the train data.,the driver shall be able to use the reversing function without needing to reconfirm the train data
DS1.xlsx,190,"The driver shall be able to use the Reversing function without needing to re-confirm the train data.
",the driver shall be able to use the reversing function without needing to reconfirm the train data
DS3.xlsx,808,The driver shall enter the driver ID,the driver shall enter the driver id
DS1.xlsx,140,"The driver shall enter the driver ID
",the driver shall enter the driver id
DS1.xlsx,118,"The driver shall have the possibility to select the language, this does not concern non pre-defined texts sent from the trackside.",the driver shall have the possibility to select the language this does not concern non predefined texts sent from the trackside
DS3.xlsx,786,"The driver shall have the possibility to select the language, this does not concern non pre-defined texts sent from the trackside.",the driver shall have the possibility to select the language this does not concern non predefined texts sent from the trackside
DS3.xlsx,784,The driver shall know the distance to the next point defining the indicated braking curve and the permitted speed allowed. This shall be shown to the driver in a way that is understandable and logical.,the driver shall know the distance to the next point defining the indicated braking curve and the permitted speed allowed this shall be shown to the driver in a way that is understandable and logical
DS1.xlsx,116,The driver shall know the distance to the next point defining the indicated braking curve and the permitted speed allowed. This shall be shown to the driver in a way that is understandable and logical.,the driver shall know the distance to the next point defining the indicated braking curve and the permitted speed allowed this shall be shown to the driver in a way that is understandable and logical
DS1.xlsx,143,"The driver shall select an override control according to the permission received.
",the driver shall select an override control according to the permission received
DS3.xlsx,811,The driver shall select an override control according to the permission received.,the driver shall select an override control according to the permission received
DS1.xlsx,161,"The emergency brake shall be applied until the traction unit is stationary.
",the emergency brake shall be applied until the traction unit is stationary
DS3.xlsx,829,The emergency brake shall be applied until the traction unit is stationary.,the emergency brake shall be applied until the traction unit is stationary
DS1.xlsx,154,"The emergency stop shall be indicated to the driver on the DMI.
",the emergency stop shall be indicated to the driver on the dmi
DS3.xlsx,822,The emergency stop shall be indicated to the driver on the DMI.,the emergency stop shall be indicated to the driver on the dmi
DS3.xlsx,707,The entry of driver identification and the selection of the language shall be possible.,the entry of driver identification and the selection of the language shall be possible
DS1.xlsx,38,The entry of driver identification and the selection of the language shall be possible.,the entry of driver identification and the selection of the language shall be possible
DS1.xlsx,168,"The ETCS on-board shall be capable of receiving information about pantograph and power supply from the trackside.
",the etcs onboard shall be capable of receiving information about pantograph and power supply from the trackside
DS3.xlsx,836,The ETCS on-board shall be capable of receiving information about pantograph and power supply from the trackside.,the etcs onboard shall be capable of receiving information about pantograph and power supply from the trackside
DS1.xlsx,171,"The ETCS on-board shall be capable of receiving information regarding air tightness from the trackside.
",the etcs onboard shall be capable of receiving information regarding air tightness from the trackside
DS3.xlsx,839,The ETCS on-board shall be capable of receiving information regarding air tightness from the trackside.,the etcs onboard shall be capable of receiving information regarding air tightness from the trackside
DS3.xlsx,691,The ETCS on-board shall be capable of receiving National values from the trackside to adapt to National requirements,the etcs onboard shall be capable of receiving national values from the trackside to adapt to national requirements
DS1.xlsx,22,"The ETCS on-board shall be capable of receiving National values from the trackside to adapt to National requirements
",the etcs onboard shall be capable of receiving national values from the trackside to adapt to national requirements
DS3.xlsx,747,The ETCS on-board shall be capable of receiving track description from the trackside.,the etcs onboard shall be capable of receiving track description from the trackside
DS1.xlsx,78,"The ETCS on-board shall be capable of receiving track description from the trackside.
",the etcs onboard shall be capable of receiving track description from the trackside
DS1.xlsx,180,"The ETCS on-board shall be capable of sending to the trackside train integrity information detected by a system outside ETCS
",the etcs onboard shall be capable of sending to the trackside train integrity information detected by a system outside etcs
DS3.xlsx,848,The ETCS on-board shall be capable of sending to the trackside train integrity information detected by a system outside ETCS,the etcs onboard shall be capable of sending to the trackside train integrity information detected by a system outside etcs
DS1.xlsx,97,"The ETCS trainborne equipment calculates the static train speed profile on the basis of infrastructure data and train data.
",the etcs trainborne equipment calculates the static train speed profile on the basis of infrastructure data and train data
DS3.xlsx,766,The ETCS trainborne equipment calculates the static train speed profile on the basis of infrastructure data and train data.,the etcs trainborne equipment calculates the static train speed profile on the basis of infrastructure data and train data
DS3.xlsx,778,The ETCS trainborne equipment shall be able to determine the location of the entire train.,the etcs trainborne equipment shall be able to determine the location of the entire train
DS1.xlsx,110,"The ETCS trainborne equipment shall be able to determine the location of the entire train.
",the etcs trainborne equipment shall be able to determine the location of the entire train
DS1.xlsx,68,"The ETCS trainborne equipment shall be capable of being isolated.
",the etcs trainborne equipment shall be capable of being isolated
DS3.xlsx,737,The ETCS trainborne equipment shall be capable of being isolated.,the etcs trainborne equipment shall be capable of being isolated
DS3.xlsx,740,The ETCS trainborne equipment shall be capable of receiving information from the national train control systems by means of the STM.,the etcs trainborne equipment shall be capable of receiving information from the national train control systems by means of the stm
DS1.xlsx,71,"The ETCS trainborne equipment shall be capable of receiving information from the national train control systems by means of the STM.
",the etcs trainborne equipment shall be capable of receiving information from the national train control systems by means of the stm
DS1.xlsx,169,"The ETCS trainborne equipment shall indicate on the DMI the information regarding pantograph and power supply.
",the etcs trainborne equipment shall indicate on the dmi the information regarding pantograph and power supply
DS3.xlsx,837,The ETCS trainborne equipment shall indicate on the DMI the information regarding pantograph and power supply.,the etcs trainborne equipment shall indicate on the dmi the information regarding pantograph and power supply
DS1.xlsx,84,"The ETCS trainborne equipment shall supervise the end of movement authority, if this information is available on-board.
",the etcs trainborne equipment shall supervise the end of movement authority if this information is available onboard
DS3.xlsx,753,"The ETCS trainborne equipment shall supervise the end of movement authority, if this information is available on-board.",the etcs trainborne equipment shall supervise the end of movement authority if this information is available onboard
DS3.xlsx,833,The ETCS trainborne equipment shall transmit its own train identification to the RBC.,the etcs trainborne equipment shall transmit its own train identification to the rbc
DS1.xlsx,165,"The ETCS trainborne equipment shall transmit its own train identification to the RBC.
",the etcs trainborne equipment shall transmit its own train identification to the rbc
DS1.xlsx,963,The format for service information description is defined,the format for service information description is defined
DS1.xlsx,964,"The format for service information description is defined
          ",the format for service information description is defined
DS1.xlsx,972,The format for service information description is defined,the format for service information description is defined
DS3.xlsx,1510,The format for service information description is defined,the format for service information description is defined
DS3.xlsx,1503,The format for service information description is defined,the format for service information description is defined
DS3.xlsx,1511,The format of service requirements is defined.,the format of service requirements is defined
DS1.xlsx,973,The format of service requirements is defined.,the format of service requirements is defined
DS1.xlsx,115,The indication provided shall enable the driver to drive at the permitted speed without receiving a warning and without intervention of ETCS.,the indication provided shall enable the driver to drive at the permitted speed without receiving a warning and without intervention of etcs
DS3.xlsx,783,The indication provided shall enable the driver to drive at the permitted speed without receiving a warning and without intervention of ETCS.,the indication provided shall enable the driver to drive at the permitted speed without receiving a warning and without intervention of etcs
DS1.xlsx,170,"The information regarding lowering and raising of the pantograph and opening/closing of the circuit breaker shall be provided separately and in combinations.
",the information regarding lowering and raising of the pantograph and openingclosing of the circuit breaker shall be provided separately and in combinations
DS3.xlsx,838,The information regarding lowering and raising of the pantograph and opening/closing of the circuit breaker shall be provided separately and in combinations.,the information regarding lowering and raising of the pantograph and openingclosing of the circuit breaker shall be provided separately and in combinations
DS1.xlsx,965,"The interaction protocol between Web Server-SR, SR-mediator is defined.",the interaction protocol between web serversr srmediator is defined
DS1.xlsx,968,"The interaction protocol between Web Server-SR, SR-mediator is defined.",the interaction protocol between web serversr srmediator is defined
DS3.xlsx,1504,"The interaction protocol between Web Server-SR, SR-mediator is defined.",the interaction protocol between web serversr srmediator is defined
DS4.xlsx,921,"The interface requirements and specifications will be defined in the TCS to JSIPS-AF IDD, TCS 211.",the interface requirements and specifications will be defined in the tcs to jsipsaf idd tcs 211
DS2.xlsx,274,"The interface requirements and specifications will be defined in the TCS to JSIPS-AF IDD, TCS 211.",the interface requirements and specifications will be defined in the tcs to jsipsaf idd tcs 211
DS4.xlsx,905,"The interface requirements and specifications will be defined in the TCS to JSIPS-AF IDD, TCS 211.",the interface requirements and specifications will be defined in the tcs to jsipsaf idd tcs 211
DS3.xlsx,584,"The interfaces must be made customizable or user-configurable to the extent possible. (e.g., the displayed columns in the table, move, resize, modify the appearance). Such configurations must be saved in the user profile.",the interfaces must be made customizable or userconfigurable to the extent possible eg the displayed columns in the table move resize modify the appearance such configurations must be saved in the user profile
DS1.xlsx,229,"
           The interfaces must be made customizable or user-configurable to the extent possible. (e.g., the displayed columns in the table, move, resize, modify the appearance). Such configurations must be saved in the user profile.
           ",the interfaces must be made customizable or userconfigurable to the extent possible eg the displayed columns in the table move resize modify the appearance such configurations must be saved in the user profile
DS1.xlsx,186,"The new target location shall be checked for acceptance by the on board.
",the new target location shall be checked for acceptance by the on board
DS3.xlsx,854,The new target location shall be checked for acceptance by the on board.,the new target location shall be checked for acceptance by the on board
DS1.xlsx,285,"
           The number of incidents of unplanned downtime for the System must not exceed <x> per <rolling three month period>.
           ",the number of incidents of unplanned downtime for the system must not exceed x per rolling three month period
DS3.xlsx,640,The number of incidents of unplanned downtime for the System must not exceed <x> per <rolling three month period>.,the number of incidents of unplanned downtime for the system must not exceed x per rolling three month period
DS3.xlsx,867,The occurrence of a failure shall be displayed on the DMI.,the occurrence of a failure shall be displayed on the dmi
DS1.xlsx,199,"The occurrence of a failure shall be displayed on the DMI.
",the occurrence of a failure shall be displayed on the dmi
DS1.xlsx,182,"The on board shall be capable of sending train data to the trackside after confirmation by the driver, or when entering the RBC area
",the on board shall be capable of sending train data to the trackside after confirmation by the driver or when entering the rbc area
DS3.xlsx,850,"The on board shall be capable of sending train data to the trackside after confirmation by the driver, or when entering the RBC area",the on board shall be capable of sending train data to the trackside after confirmation by the driver or when entering the rbc area
DS1.xlsx,75,"The on board shall supervise the train against a ceiling speed
",the on board shall supervise the train against a ceiling speed
DS3.xlsx,744,The on board shall supervise the train against a ceiling speed,the on board shall supervise the train against a ceiling speed
DS3.xlsx,842,The onboard equipment shall display plain text messages as received.,the onboard equipment shall display plain text messages as received
DS1.xlsx,174,"The onboard equipment shall display plain text messages as received.
",the onboard equipment shall display plain text messages as received
DS3.xlsx,746,The onboard shall be capable to switch to another ETCS status when transmitted from trackside,the onboard shall be capable to switch to another etcs status when transmitted from trackside
DS1.xlsx,77,"The onboard shall be capable to switch to another ETCS status when transmitted from trackside
",the onboard shall be capable to switch to another etcs status when transmitted from trackside
DS1.xlsx,144,"The override control shall be protected against inadvertent operation.
",the override control shall be protected against inadvertent operation
DS3.xlsx,812,The override control shall be protected against inadvertent operation.,the override control shall be protected against inadvertent operation
DS1.xlsx,283,"
           The planned downtime for the System must not exceed <xx> hours per <rolling three month period>.
           The System is considered to be down if any user is unable to perform any normal System function and if this failure is attributed to any component of the System other than the workstation.
           ",the planned downtime for the system must not exceed xx hours per rolling three month period the system is considered to be down if any user is unable to perform any normal system function and if this failure is attributed to any component of the system other than the workstation
DS3.xlsx,638,The planned downtime for the System must not exceed <xx> hours per <rolling three month period>. The System is considered to be down if any user is unable to perform any normal System function and if this failure is attributed to any component of the System other than the workstation.,the planned downtime for the system must not exceed xx hours per rolling three month period the system is considered to be down if any user is unable to perform any normal system function and if this failure is attributed to any component of the system other than the workstation
DS3.xlsx,774,The release speed shall be indicated on the DMI.,the release speed shall be indicated on the dmi
DS1.xlsx,106,"The release speed shall be indicated on the DMI.
",the release speed shall be indicated on the dmi
DS3.xlsx,343,The response time shall be fast enough to maintain the flow of the game. The response time shall be no more than 2 seconds for 95% of responses and no more than 4% for the remaining responses.,the response time shall be fast enough to maintain the flow of the game the response time shall be no more than 2 seconds for 95 of responses and no more than 4 for the remaining responses
DS3.xlsx,338,The response time shall be fast enough to maintain the flow of the game. The response time shall be no more than 2 seconds for 95% of responses and no more than 4% for the remaining responses.,the response time shall be fast enough to maintain the flow of the game the response time shall be no more than 2 seconds for 95 of responses and no more than 4 for the remaining responses
DS1.xlsx,188,"The Reversing function shall only be possible in one active cab which is not closed at any time during the procedure.
",the reversing function shall only be possible in one active cab which is not closed at any time during the procedure
DS3.xlsx,856,The Reversing function shall only be possible in one active cab which is not closed at any time during the procedure.,the reversing function shall only be possible in one active cab which is not closed at any time during the procedure
DS3.xlsx,794,The roll away/reverse movement intervention shall be indicated on the DMI.,the roll awayreverse movement intervention shall be indicated on the dmi
DS1.xlsx,126,"The roll away/reverse movement intervention shall be indicated on the DMI.
",the roll awayreverse movement intervention shall be indicated on the dmi
DS3.xlsx,561,"The solution should enable the help-desk user to view the reports on the submitted defects or enhancement requests category-wise, status-wise, and age- wise.",the solution should enable the helpdesk user to view the reports on the submitted defects or enhancement requests categorywise statuswise and age wise
DS1.xlsx,206,"
                The solution should enable the help-desk user to view the reports on the submitted defects or enhancement requests category-wise, status-wise, and age- wise.
            ",the solution should enable the helpdesk user to view the reports on the submitted defects or enhancement requests categorywise statuswise and age wise
DS3.xlsx,560,The solution should enable the user to track the submitted defect or enhancement request.,the solution should enable the user to track the submitted defect or enhancement request
DS1.xlsx,205,"
                The solution should enable the user to track the submitted defect or enhancement request.
            ",the solution should enable the user to track the submitted defect or enhancement request
DS1.xlsx,203,"
                The solution should provide an interface for the user to log any defects or enhancement requests on the application and track thereafter.
            ",the solution should provide an interface for the user to log any defects or enhancement requests on the application and track thereafter
DS3.xlsx,558,The solution should provide an interface for the user to log any defects or enhancement requests on the application and track thereafter.,the solution should provide an interface for the user to log any defects or enhancement requests on the application and track thereafter
DS1.xlsx,201,"
                The solution should provide detailed context-sensitive help material for all the possible actions and scenarios on all user interfaces in the application.
            ",the solution should provide detailed contextsensitive help material for all the possible actions and scenarios on all user interfaces in the application
DS3.xlsx,557,The solution should provide detailed context-sensitive help material for all the possible actions and scenarios on all user interfaces in the application.,the solution should provide detailed contextsensitive help material for all the possible actions and scenarios on all user interfaces in the application
DS1.xlsx,202,"
                The solution should provide detailed context-sensitive help material for all the possible actions and scenarios on all user interfaces in the application.
            ",the solution should provide detailed contextsensitive help material for all the possible actions and scenarios on all user interfaces in the application
DS3.xlsx,559,"The solution should send alerts (e.g., email, SMS) to the user if the user chooses to whenever any action has been taken on the alert.",the solution should send alerts eg email sms to the user if the user chooses to whenever any action has been taken on the alert
DS1.xlsx,204,"
                The solution should send alerts (e.g., email, SMS) to the user if the user chooses to whenever any action has been taken on the alert.
            ",the solution should send alerts eg email sms to the user if the user chooses to whenever any action has been taken on the alert
DS1.xlsx,52,"The supervised Shunting speed shall be indicated to the driver on request.
",the supervised shunting speed shall be indicated to the driver on request
DS3.xlsx,721,The supervised Shunting speed shall be indicated to the driver on request.,the supervised shunting speed shall be indicated to the driver on request
DS3.xlsx,816,The supervised speed shall not be shown on the DMI.,the supervised speed shall not be shown on the dmi
DS1.xlsx,148,"The supervised speed shall not be shown on the DMI.
",the supervised speed shall not be shown on the dmi
DS1.xlsx,207,"
                The support solution should be accessible to the users both from within the application and also outside the application through a browser interface.
            ",the support solution should be accessible to the users both from within the application and also outside the application through a browser interface
DS3.xlsx,562,The support solution should be accessible to the users both from within the application and also outside the application through a browser interface.,the support solution should be accessible to the users both from within the application and also outside the application through a browser interface
DS3.xlsx,646,"The System be scaleable and must not have any features which would preclude use in small or large police stations, with varying numbers of cases handled.",the system be scaleable and must not have any features which would preclude use in small or large police stations with varying numbers of cases handled
DS1.xlsx,291,"
           The System be scaleable and must not have any features which would preclude use in small or large police stations, with varying numbers of cases handled.
           ",the system be scaleable and must not have any features which would preclude use in small or large police stations with varying numbers of cases handled
DS1.xlsx,37,"The system for Train Data Entry shall provide for the input of other data required by STMs connected to ETCS. This may require additional items, not required for ETCS, to be entered.
",the system for train data entry shall provide for the input of other data required by stms connected to etcs this may require additional items not required for etcs to be entered
DS3.xlsx,706,"The system for Train Data Entry shall provide for the input of other data required by STMs connected to ETCS. This may require additional items, not required for ETCS, to be entered.",the system for train data entry shall provide for the input of other data required by stms connected to etcs this may require additional items not required for etcs to be entered
DS3.xlsx,1500,The system hardware shall be fixed and patched via an internet connection.,the system hardware shall be fixed and patched via an internet connection
DS1.xlsx,960,The system hardware shall be fixed and patched via an internet connection.,the system hardware shall be fixed and patched via an internet connection
DS3.xlsx,573,The System must allow a user to be a member of more than one group.,the system must allow a user to be a member of more than one group
DS1.xlsx,218,"
            The System must allow a user to be a member of more than one group.
            ",the system must allow a user to be a member of more than one group
DS3.xlsx,576,"The System must allow changes to security attributes for groups or users (such as access rights, security level, privileges, password allocation and management) to be made only by super-user.",the system must allow changes to security attributes for groups or users such as access rights security level privileges password allocation and management to be made only by superuser
DS1.xlsx,221,"
            The System must allow changes to security attributes for groups or users (such as access rights, security level, privileges, password allocation and management) to be made only by super-user.
            ",the system must allow changes to security attributes for groups or users such as access rights security level privileges password allocation and management to be made only by superuser
DS3.xlsx,574,The System must allow only admin-users to set up user profiles and allocate users to groups.,the system must allow only adminusers to set up user profiles and allocate users to groups
DS1.xlsx,219,"
             The System must allow only admin-users to set up user profiles and allocate users to groups.
            ",the system must allow only adminusers to set up user profiles and allocate users to groups
DS1.xlsx,216,"
            The System must allow the user to limit access to cases to specified users or user groups.
            ",the system must allow the user to limit access to cases to specified users or user groups
DS3.xlsx,571,The System must allow the user to limit access to cases to specified users or user groups.,the system must allow the user to limit access to cases to specified users or user groups
DS3.xlsx,568,"The System must be able to capture and store violations (i.e. A user's attempts to access a case to which he is denied access), and (where violations can validly be attempted) attempted violations, of access control mechanisms.",the system must be able to capture and store violations ie a users attempts to access a case to which he is denied access and where violations can validly be attempted attempted violations of access control mechanisms
DS1.xlsx,213,"
             The System must be able to capture and store violations (i.e. A user’s attempts to access a case to which he is denied access), and (where violations can validly be attempted) attempted violations, of access control mechanisms.
            ",the system must be able to capture and store violations ie a users attempts to access a case to which he is denied access and where violations can validly be attempted attempted violations of access control mechanisms
DS1.xlsx,228,"
            The System must be able to display several entities (cases, suspects) simultaneously.
           ",the system must be able to display several entities cases suspects simultaneously
DS3.xlsx,583,"The System must be able to display several entities (cases, suspects) simultaneously.",the system must be able to display several entities cases suspects simultaneously
DS3.xlsx,567,The System must be able to export audit trails for specified cases (without affecting the audit trail stored by the System). This functionality can be used by external auditors who wish to examine or analyse system activity.,the system must be able to export audit trails for specified cases without affecting the audit trail stored by the system this functionality can be used by external auditors who wish to examine or analyse system activity
DS1.xlsx,212,"
             The System must be able to export audit trails for specified cases (without affecting the audit trail stored by the System). This functionality can be used by external auditors who wish to examine or analyse system activity.
            ",the system must be able to export audit trails for specified cases without affecting the audit trail stored by the system this functionality can be used by external auditors who wish to examine or analyse system activity
DS3.xlsx,643,"The System must be able to perform a simple search within 5-8 seconds and a advanced search (multiple search criteria) within 10-15 seconds regardless of the storage capacity or number of cases in the system. In this context, performing a search means returning a result list. It does not include retrieving the records themselves.",the system must be able to perform a simple search within 58 seconds and a advanced search multiple search criteria within 1015 seconds regardless of the storage capacity or number of cases in the system in this context performing a search means returning a result list it does not include retrieving the records themselves
DS1.xlsx,288,"
           The System must be able to perform a simple search within 5-8 seconds and a advanced search (multiple search criteria) within 10-15 seconds regardless of the storage capacity or number of cases in the system. In this context, performing a search means returning a result list. It does not include retrieving the records themselves.
           ",the system must be able to perform a simple search within 58 seconds and a advanced search multiple search criteria within 1015 seconds regardless of the storage capacity or number of cases in the system in this context performing a search means returning a result list it does not include retrieving the records themselves
DS3.xlsx,645,"The System must be able to retrieve and display within 20 seconds the case which has not been accessed within the previous 2 months, regardless of storage capacity or number of cases in the system. This requirement is intended to allow for cases where cases used infrequently are stored on slower media than more active records.",the system must be able to retrieve and display within 20 seconds the case which has not been accessed within the previous 2 months regardless of storage capacity or number of cases in the system this requirement is intended to allow for cases where cases used infrequently are stored on slower media than more active records
DS1.xlsx,290,"
           The System must be able to retrieve and display within 20 seconds the case which has not been accessed within the previous 2 months, regardless of storage capacity or number of cases in the system. This requirement is intended to allow for cases where cases used infrequently are stored on slower media than more active records.
           ",the system must be able to retrieve and display within 20 seconds the case which has not been accessed within the previous 2 months regardless of storage capacity or number of cases in the system this requirement is intended to allow for cases where cases used infrequently are stored on slower media than more active records
DS3.xlsx,644,"The System must be able to retrieve and display within 5-8 seconds the case which has been accessed within the previous 2 months, regardless of storage capacity or number of cases in the system. This requirement is intended to allow for rapid retrieval of frequently-used cases, on the understanding that frequency of use is typically correlated with recent use.",the system must be able to retrieve and display within 58 seconds the case which has been accessed within the previous 2 months regardless of storage capacity or number of cases in the system this requirement is intended to allow for rapid retrieval of frequentlyused cases on the understanding that frequency of use is typically correlated with recent use
DS1.xlsx,289,"
           The System must be able to retrieve and display within 5-8 seconds the case which has been accessed within the previous 2 months, regardless of storage capacity or number of cases in the system. This requirement is intended to allow for rapid retrieval of frequently-used cases, on the understanding that frequency of use is typically correlated with recent use.
           ",the system must be able to retrieve and display within 58 seconds the case which has been accessed within the previous 2 months regardless of storage capacity or number of cases in the system this requirement is intended to allow for rapid retrieval of frequentlyused cases on the understanding that frequency of use is typically correlated with recent use
DS3.xlsx,582,"The System must employ a single set of user interface rules, or a small number of sets to provide a familiar and common look and feel for the application.",the system must employ a single set of user interface rules or a small number of sets to provide a familiar and common look and feel for the application
DS1.xlsx,227,"
            The System must employ a single set of user interface rules, or a small number of sets to provide a familiar and common look and feel for the application.
           ",the system must employ a single set of user interface rules or a small number of sets to provide a familiar and common look and feel for the application
DS3.xlsx,566,"The System must ensure that audit trail data is available for inspection on request, so that a specific event can be identified and all related data made accessible, and that this can be achieved by authorised external personnel who have little or no familiarity with the system.",the system must ensure that audit trail data is available for inspection on request so that a specific event can be identified and all related data made accessible and that this can be achieved by authorised external personnel who have little or no familiarity with the system
DS1.xlsx,211,"
             The System must ensure that audit trail data is available for inspection on request, so that a specific event can be identified and all related data made accessible, and that this can be achieved by authorised external personnel who have little or no familiarity with the system.
            ",the system must ensure that audit trail data is available for inspection on request so that a specific event can be identified and all related data made accessible and that this can be achieved by authorised external personnel who have little or no familiarity with the system
DS1.xlsx,210,"
            The System must maintain the audit trail for as long as required, which will be at least for the life of the case to which it refers.
            ",the system must maintain the audit trail for as long as required which will be at least for the life of the case to which it refers
DS3.xlsx,565,"The System must maintain the audit trail for as long as required, which will be at least for the life of the case to which it refers.",the system must maintain the audit trail for as long as required which will be at least for the life of the case to which it refers
DS3.xlsx,642,The System must provide adequate response times for commonly performed functions under both standard and peak conditions,the system must provide adequate response times for commonly performed functions under both standard and peak conditions
DS1.xlsx,287,"
           The System must provide adequate response times for commonly performed functions under both standard and peak conditions
           ",the system must provide adequate response times for commonly performed functions under both standard and peak conditions
DS1.xlsx,231,"
           The System must provide End User and Administrator functions which are easy to use and intuitive throughout.
           ",the system must provide end user and administrator functions which are easy to use and intuitive throughout
DS3.xlsx,586,The System must provide End User and Administrator functions which are easy to use and intuitive throughout.,the system must provide end user and administrator functions which are easy to use and intuitive throughout
DS1.xlsx,305,"
             The system must support multiple types of communication services for remote access
            ",the system must support multiple types of communication services for remote access
DS3.xlsx,660,The system must support multiple types of communication services for remote access,the system must support multiple types of communication services for remote access
DS4.xlsx,169, The system shall allow employees to view the owner of any product. An employee should be able to contact the correct owner in one phone call x% of the time.,the system shall allow employees to view the owner of any product an employee should be able to contact the correct owner in one phone call x of the time
DS4.xlsx,168,The system shall allow employees to view the owner of any product. An employee should be able to contact the correct owner in one phone call x% of the time.,the system shall allow employees to view the owner of any product an employee should be able to contact the correct owner in one phone call x of the time
DS1.xlsx,935, The system shall auto detect IP DOS attacks and block IP automatically.,the system shall auto detect ip dos attacks and block ip automatically
DS3.xlsx,1475,The system shall auto detect IP DOS attacks and block IP automatically.,the system shall auto detect ip dos attacks and block ip automatically
DS3.xlsx,1481,The system shall automatically compress image files that are too large in size.,the system shall automatically compress image files that are too large in size
DS1.xlsx,941,The system shall automatically compress image files that are too large in size.,the system shall automatically compress image files that are too large in size
DS1.xlsx,929,The system shall be able to acquire shipping charges in less than 2 seconds.,the system shall be able to acquire shipping charges in less than 2 seconds
DS3.xlsx,1469,The system shall be able to acquire shipping charges in less than 2 seconds.,the system shall be able to acquire shipping charges in less than 2 seconds
DS3.xlsx,1465,The system shall be able to add product to shopping cart in less than 2ms.,the system shall be able to add product to shopping cart in less than 2ms
DS1.xlsx,925,The system shall be able to add product to shopping cart in less than 2ms.,the system shall be able to add product to shopping cart in less than 2ms
DS3.xlsx,1467,The system shall be able to email customer and vendor in less than 1 second.,the system shall be able to email customer and vendor in less than 1 second
DS1.xlsx,927,The system shall be able to email customer and vendor in less than 1 second.,the system shall be able to email customer and vendor in less than 1 second
DS3.xlsx,1463,The system shall be able to handle 1000 customers logged in concurrently at the same time.,the system shall be able to handle 1000 customers logged in concurrently at the same time
DS1.xlsx,923,The system shall be able to handle 1000 customers logged in concurrently at the same time.,the system shall be able to handle 1000 customers logged in concurrently at the same time
DS1.xlsx,930,The system shall be able to restore 1000 records per second.  ,the system shall be able to restore 1000 records per second
DS3.xlsx,1470,The system shall be able to restore 1000 records per second.,the system shall be able to restore 1000 records per second
DS1.xlsx,924,The system shall be able to retrieve 200 products per second.,the system shall be able to retrieve 200 products per second
DS3.xlsx,1464,The system shall be able to retrieve 200 products per second.,the system shall be able to retrieve 200 products per second
DS3.xlsx,1466,The system shall be able to search for a specified product in less than 1 second.,the system shall be able to search for a specified product in less than 1 second
DS1.xlsx,926, The system shall be able to search for a specified product in less than 1 second.,the system shall be able to search for a specified product in less than 1 second
DS1.xlsx,928,The system shall be able to validate credit card in less than 2 seconds.,the system shall be able to validate credit card in less than 2 seconds
DS3.xlsx,1468,The system shall be able to validate credit card in less than 2 seconds.,the system shall be able to validate credit card in less than 2 seconds
DS1.xlsx,951,The system shall be easily updatable for fixes and patches.,the system shall be easily updatable for fixes and patches
DS3.xlsx,1491,The system shall be easily updatable for fixes and patches.,the system shall be easily updatable for fixes and patches
DS3.xlsx,1485,The system shall be easy to learn,the system shall be easy to learn
DS1.xlsx,945,The system shall be easy to learn,the system shall be easy to learn
DS1.xlsx,955,The system shall be easy to migrate or backed up via another usb drive.                         ,the system shall be easy to migrate or backed up via another usb drive
DS3.xlsx,1495,The system shall be easy to migrate or backed up via another usb drive.,the system shall be easy to migrate or backed up via another usb drive
DS3.xlsx,1493,The system shall be easy to upgrade.,the system shall be easy to upgrade
DS1.xlsx,953,The system shall be easy to upgrade.        ,the system shall be easy to upgrade
DS1.xlsx,944,The system shall be easy to use                    ,the system shall be easy to use
DS3.xlsx,1484,The system shall be easy to use,the system shall be easy to use
DS3.xlsx,1494,The system shall be extremely portable via the usb drive.,the system shall be extremely portable via the usb drive
DS1.xlsx,954,The system shall be extremely portable via the usb drive.                       ,the system shall be extremely portable via the usb drive
DS3.xlsx,1477,The system shall be protected by open source firewall called Firestarter. http://www.fs-security.com/,the system shall be protected by open source firewall called firestarter httpwwwfssecuritycom
DS1.xlsx,937,The system shall be protected by open source firewall called Firestarter. http://www.fs-security.com/ ,the system shall be protected by open source firewall called firestarter httpwwwfssecuritycom
DS3.xlsx,1492,"The system shall create logs of all changes, updates, or fixes that are done to the site.",the system shall create logs of all changes updates or fixes that are done to the site
DS1.xlsx,952,"The system shall create logs of all changes, updates, or fixes that are done to the site.",the system shall create logs of all changes updates or fixes that are done to the site
DS3.xlsx,1476,The system shall detect consecutive failed login attempts.,the system shall detect consecutive failed login attempts
DS1.xlsx,936,The system shall detect consecutive failed login attempts.,the system shall detect consecutive failed login attempts
DS1.xlsx,947,The system shall employ easy to locate buttons,the system shall employ easy to locate buttons
DS3.xlsx,1487,The system shall employ easy to locate buttons,the system shall employ easy to locate buttons
DS3.xlsx,1474,The system shall encrypt all customer data in database.,the system shall encrypt all customer data in database
DS1.xlsx,934,The system shall encrypt all customer data in database.,the system shall encrypt all customer data in database
DS3.xlsx,1473,The system shall encrypt all sensitive information via https.,the system shall encrypt all sensitive information via https
DS1.xlsx,933,The system shall encrypt all sensitive information via https.,the system shall encrypt all sensitive information via https
DS3.xlsx,1478,The system shall have an availability of 99.99%.,the system shall have an availability of 9999
DS1.xlsx,938, The system shall have an availability of 99.99%.           ,the system shall have an availability of 9999
DS3.xlsx,1479,The system shall perform searches via Dijkstra's shortest path algorithm.,the system shall perform searches via dijkstras shortest path algorithm
DS1.xlsx,939,The system shall perform searches via Dijkstra's shortest path algorithm.                ,the system shall perform searches via dijkstras shortest path algorithm
DS3.xlsx,1488,The system shall prompt customer with friend easy to read error messages.,the system shall prompt customer with friend easy to read error messages
DS1.xlsx,948,The system shall prompt customer with friend easy to read error messages.,the system shall prompt customer with friend easy to read error messages
DS1.xlsx,914,The system shall use SQL based database to store inventory information.,the system shall use sql based database to store inventory information
DS3.xlsx,1454,The system shall use SQL based database to store inventory information.,the system shall use sql based database to store inventory information
DS3.xlsx,1489,The system shall utilize consistent symbols and colors for clear notifications.,the system shall utilize consistent symbols and colors for clear notifications
DS1.xlsx,949,The system shall utilize consistent symbols and colors for clear notifications.,the system shall utilize consistent symbols and colors for clear notifications
DS3.xlsx,1486,"The system shall utilize help bubbles to assist managers, customers, and administrators",the system shall utilize help bubbles to assist managers customers and administrators
DS1.xlsx,946,"The system shall utilize help bubbles to assist managers, customers, and administrators                               ",the system shall utilize help bubbles to assist managers customers and administrators
DS1.xlsx,950,The system shall utilize interchangeable plugins.,the system shall utilize interchangeable plugins
DS3.xlsx,1490,The system shall utilize interchangeable plugins.,the system shall utilize interchangeable plugins
DS1.xlsx,932,The system shall validate credit cards against fraud                  ,the system shall validate credit cards against fraud
DS3.xlsx,1472,The system shall validate credit cards against fraud.,the system shall validate credit cards against fraud
DS3.xlsx,1483,The system shall validate email address existence.,the system shall validate email address existence
DS1.xlsx,943,The system shall validate email address existence.                       ,the system shall validate email address existence
DS1.xlsx,303,"
             The system should adopt standardized formats and common metadata elements
            ",the system should adopt standardized formats and common metadata elements
DS3.xlsx,658,The system should adopt standardized formats and common metadata elements,the system should adopt standardized formats and common metadata elements
DS3.xlsx,575,The System should allow a user to stipulate which other users or groups can access cases.,the system should allow a user to stipulate which other users or groups can access cases
DS1.xlsx,220,"
            The System should allow a user to stipulate which other users or groups can access cases.
            ",the system should allow a user to stipulate which other users or groups can access cases
DS1.xlsx,959,The system should be able to create test environment of weborder system.,the system should be able to create test environment of weborder system
DS3.xlsx,1499,The system should be able to create test environment of weborder system.,the system should be able to create test environment of weborder system
DS1.xlsx,215,"
            The System should be able to provide reports for actions on cases organised by workstation and (where technically appropriate) by network address.
            ",the system should be able to provide reports for actions on cases organised by workstation and where technically appropriate by network address
DS3.xlsx,570,The System should be able to provide reports for actions on cases organised by workstation and (where technically appropriate) by network address.,the system should be able to provide reports for actions on cases organised by workstation and where technically appropriate by network address
DS1.xlsx,957,The system should be able to run test credit card transactions.                     ,the system should be able to run test credit card transactions
DS3.xlsx,1497,The system should be able to run test credit card transactions.,the system should be able to run test credit card transactions
DS3.xlsx,1498,The system should be able to run test shipping orders.,the system should be able to run test shipping orders
DS1.xlsx,958,The system should be able to run test shipping orders.,the system should be able to run test shipping orders
DS3.xlsx,1496,The system should be able to run under debug mode.,the system should be able to run under debug mode
DS1.xlsx,956,The system should be able to run under debug mode.,the system should be able to run under debug mode
DS1.xlsx,298,"
            The system should be built on a common User Access and Authentication Service to
                ensure Single-Sign on for the end-user
            ",the system should be built on a common user access and authentication service to ensure singlesign on for the enduser
DS3.xlsx,653,The system should be built on a common User Access and Authentication Service to ensure Single-Sign on for the end-user,the system should be built on a common user access and authentication service to ensure singlesign on for the enduser
DS1.xlsx,304,"
                The system should be designed for access through browser-based systems and must
                impose minimal requirements on the client device
            ",the system should be designed for access through browserbased systems and must impose minimal requirements on the client device
DS3.xlsx,659,The system should be designed for access through browser-based systems and must impose minimal requirements on the client device,the system should be designed for access through browserbased systems and must impose minimal requirements on the client device
DS3.xlsx,648,The system should be designed in manner that operational data is not lost in case of any failure of equipment or communication network.,the system should be designed in manner that operational data is not lost in case of any failure of equipment or communication network
DS1.xlsx,293,"
                The system should be designed in manner that operational data is not lost in case of any
                failure of equipment or communication network.
            ",the system should be designed in manner that operational data is not lost in case of any failure of equipment or communication network
DS3.xlsx,656,The system should be designed to have a n-tier architecture with the presentation logic separated from the business logic that is again separated from the data-access logic,the system should be designed to have a ntier architecture with the presentation logic separated from the business logic that is again separated from the dataaccess logic
DS1.xlsx,301,"
                The system should be designed to have a n-tier architecture with the presentation logic
                separated from the business logic that is again separated from the data-access logic
            ",the system should be designed to have a ntier architecture with the presentation logic separated from the business logic that is again separated from the dataaccess logic
DS1.xlsx,295,"
            The system should be designed to have satisfactory performance even in Police Stations
                connected on low-bandwidth
            ",the system should be designed to have satisfactory performance even in police stations connected on lowbandwidth
DS3.xlsx,650,The system should be designed to have satisfactory performance even in Police Stations connected on low-bandwidth,the system should be designed to have satisfactory performance even in police stations connected on lowbandwidth
DS3.xlsx,654,The system should be developed for a centralized deployment and maintenance,the system should be developed for a centralized deployment and maintenance
DS1.xlsx,299,"
             The system should be developed for a centralized deployment and maintenance
            ",the system should be developed for a centralized deployment and maintenance
DS1.xlsx,297,"
             The system should be developed on Open Standards
            ",the system should be developed on open standards
DS3.xlsx,652,The system should be developed on Open Standards,the system should be developed on open standards
DS3.xlsx,655,The system should be developed to be deployed in a 3-tier datacenter architecture,the system should be developed to be deployed in a 3tier datacenter architecture
DS1.xlsx,300,"
             The system should be developed to be deployed in a 3-tier datacenter architecture
            ",the system should be developed to be deployed in a 3tier datacenter architecture
DS1.xlsx,302,"
                The system should be extensible to provide access to the interfaces through PDA’s and
                mobile data terminals
            ",the system should be extensible to provide access to the interfaces through pdas and mobile data terminals
DS3.xlsx,657,The system should be extensible to provide access to the interfaces through PDA's and mobile data terminals,the system should be extensible to provide access to the interfaces through pdas and mobile data terminals
DS1.xlsx,296,"
            The system should be implemented using Service Oriented Architecture (SOA) and have a
                modular design
            ",the system should be implemented using service oriented architecture soa and have a modular design
DS3.xlsx,651,The system should be implemented using Service Oriented Architecture (SOA) and have a modular design,the system should be implemented using service oriented architecture soa and have a modular design
DS1.xlsx,313,"
            The system should ensure secure transmission of data over the network and utilize SSL and 2-way digital signatures
            ",the system should ensure secure transmission of data over the network and utilize ssl and 2way digital signatures
DS3.xlsx,668,The system should ensure secure transmission of data over the network and utilize SSL and 2-way digital signatures,the system should ensure secure transmission of data over the network and utilize ssl and 2way digital signatures
DS3.xlsx,661,The system should have capability to support public access to a subset of data and functionality,the system should have capability to support public access to a subset of data and functionality
DS1.xlsx,306,"
            The system should have capability to support public access to a subset of data and
                functionality
            ",the system should have capability to support public access to a subset of data and functionality
DS1.xlsx,217,"
            The system should provide for role-based control for the functionality within the system
            ",the system should provide for rolebased control for the functionality within the system
DS3.xlsx,572,The system should provide for role-based control for the functionality within the system,the system should provide for rolebased control for the functionality within the system
DS3.xlsx,666,The system should run on multiple browsers,the system should run on multiple browsers
DS1.xlsx,311,"
            The system should run on multiple browsers
            ",the system should run on multiple browsers
DS1.xlsx,292,"
            The system should support multilingual interface
            ",the system should support multilingual interface
DS3.xlsx,647,The system should support multilingual interface,the system should support multilingual interface
DS3.xlsx,662,The system should support multi-tier authentication where required,the system should support multitier authentication where required
DS1.xlsx,307,"             The system should support multi-tier authentication where required
            ",the system should support multitier authentication where required
DS1.xlsx,309,"
             The system should support secure virtual private network connections
            ",the system should support secure virtual private network connections
DS3.xlsx,664,The system should support secure virtual private network connections,the system should support secure virtual private network connections
DS1.xlsx,312,"
            The system should support selective encryption of the stored data
            ",the system should support selective encryption of the stored data
DS3.xlsx,667,The system should support selective encryption of the stored data,the system should support selective encryption of the stored data
DS3.xlsx,663,The system should support SSL encrypted connections,the system should support ssl encrypted connections
DS1.xlsx,308,"
             The system should support SSL encrypted connections
            ",the system should support ssl encrypted connections
DS1.xlsx,310,"
             The system should use HTTPS as the communication protocol, i.e., HTTP over an encrypted secure socket layer (SSL)
            ",the system should use https as the communication protocol ie http over an encrypted secure socket layer ssl
DS3.xlsx,665,"The system should use HTTPS as the communication protocol, i.e., HTTP over an encrypted secure socket layer (SSL)",the system should use https as the communication protocol ie http over an encrypted secure socket layer ssl
DS1.xlsx,294,"
             The system should work even in an offline mode with the critical functionality
            ",the system should work even in an offline mode with the critical functionality
DS3.xlsx,649,The system should work even in an offline mode with the critical functionality,the system should work even in an offline mode with the critical functionality
DS3.xlsx,585,"The System user interface must be suitable for users with special needs; that is, compatible with specialist software that may be used and with appropriate interface guidelines",the system user interface must be suitable for users with special needs that is compatible with specialist software that may be used and with appropriate interface guidelines
DS1.xlsx,230,"
           The System user interface must be suitable for users with special needs; that is, compatible with specialist software that may be used and with appropriate interface guidelines
           ",the system user interface must be suitable for users with special needs that is compatible with specialist software that may be used and with appropriate interface guidelines
DS1.xlsx,931,The system will do periodic backups through a live internet connection.      ,the system will do periodic backups through a live internet connection
DS3.xlsx,1471,The system will do periodic backups through a live internet connection.,the system will do periodic backups through a live internet connection
DS1.xlsx,942,The system will employ on demand asynchronous loading for faster execution of pages.  ,the system will employ on demand asynchronous loading for faster execution of pages
DS3.xlsx,1482,The system will employ on demand asynchronous loading for faster execution of pages.,the system will employ on demand asynchronous loading for faster execution of pages
DS1.xlsx,92,"The target distance shall not be shown on the DMI unless selected by the driver.
",the target distance shall not be shown on the dmi unless selected by the driver
DS3.xlsx,761,The target distance shall not be shown on the DMI unless selected by the driver.,the target distance shall not be shown on the dmi unless selected by the driver
DS1.xlsx,85,"The target distance to be displayed on the DMI shall be based on the most restrictive braking curve.
",the target distance to be displayed on the dmi shall be based on the most restrictive braking curve
DS3.xlsx,754,The target distance to be displayed on the DMI shall be based on the most restrictive braking curve.,the target distance to be displayed on the dmi shall be based on the most restrictive braking curve
DS4.xlsx,1039,"The TCS data latency shall not be greater than that present in the Predator ground control station or Outrider ground control station, whichever is smaller. [SSS409]",the tcs data latency shall not be greater than that present in the predator ground control station or outrider ground control station whichever is smaller sss409
DS2.xlsx,217,"The TCS data latency shall not be greater than that present in the Predator ground control station or Outrider ground control station, whichever is smaller. [SSS409]",the tcs data latency shall not be greater than that present in the predator ground control station or outrider ground control station whichever is smaller sss409
DS4.xlsx,991,"The TCS design shall provide protection against injury to TCS operators and maintenance personnel. [SSS357] The system design shall use MIL-STD-2036, Section 5.1.3.11 as a guide, with regard to personnel hazards, and MIL-STD-1472D, Section 5.13, as a guide for safety from a human engineering viewpoint. [SSS358]",the tcs design shall provide protection against injury to tcs operators and maintenance personnel sss357 the system design shall use milstd2036 section 51311 as a guide with regard to personnel hazards and milstd1472d section 513 as a guide for safety from a human engineering viewpoint sss358
DS2.xlsx,334,"The TCS design shall provide protection against injury to TCS operators and maintenance personnel. [SSS357] The system design shall use MIL-STD-2036, Section 5.1.3.11 as a guide, with regard to personnel hazards, and MIL-STD-1472D, Section 5.13, as a guide for safety from a human engineering viewpoint. [SSS358]",the tcs design shall provide protection against injury to tcs operators and maintenance personnel sss357 the system design shall use milstd2036 section 51311 as a guide with regard to personnel hazards and milstd1472d section 513 as a guide for safety from a human engineering viewpoint sss358
DS4.xlsx,733,"The TCS Mission plan shall include all necessary information required to be interoperable with the service specific mission planning systems including the Tactical Aircraft Mission Planning System (TAMPS), Aviation Mission Planning System (AMPS), and Air Force Mission Support System (AFMSS). [SSS051",the tcs mission plan shall include all necessary information required to be interoperable with the service specific mission planning systems including the tactical aircraft mission planning system tamps aviation mission planning system amps and air force mission support system afmss sss051
DS4.xlsx,725,"The TCS Mission plan shall include all necessary information required to be interoperable with the service specific mission planning systems including the Tactical Aircraft Mission Planning System (TAMPS), Aviation Mission Planning System (AMPS), and Air Force Mission Support System (AFMSS). [SSS051",the tcs mission plan shall include all necessary information required to be interoperable with the service specific mission planning systems including the tactical aircraft mission planning system tamps aviation mission planning system amps and air force mission support system afmss sss051
DS2.xlsx,273,The TCS reliability will be considered in every phase of the design and development process and shall achieve a system reliability (Mean Time Between Failures MTBF) equal to or greater than that which is specified in the Predator and Outrider ORDs. [SSS410],the tcs reliability will be considered in every phase of the design and development process and shall achieve a system reliability mean time between failures mtbf equal to or greater than that which is specified in the predator and outrider ords sss410
DS4.xlsx,1040,The TCS reliability will be considered in every phase of the design and development process and shall achieve a system reliability (Mean Time Between Failures MTBF) equal to or greater than that which is specified in the Predator and Outrider ORDs. [SSS410],the tcs reliability will be considered in every phase of the design and development process and shall achieve a system reliability mean time between failures mtbf equal to or greater than that which is specified in the predator and outrider ords sss410
DS2.xlsx,337,"The TCS shall allow an Authorized Operator to execute a software debug capability and view the resulting debug diagnostic information. [SSS282] As a minimum, the TCS will restrict Operator access to this capability via password protection. [SSS283]",the tcs shall allow an authorized operator to execute a software debug capability and view the resulting debug diagnostic information sss282 as a minimum the tcs will restrict operator access to this capability via password protection sss283
DS4.xlsx,893,"The TCS shall allow an Authorized Operator to execute a software debug capability and view the resulting debug diagnostic information. [SSS282] As a minimum, the TCS will restrict Operator access to this capability via password protection. [SSS283]",the tcs shall allow an authorized operator to execute a software debug capability and view the resulting debug diagnostic information sss282 as a minimum the tcs will restrict operator access to this capability via password protection sss283
DS2.xlsx,221,"The TCS shall allow the operator to initiate the emergency recovery feature of the AV, if the AV has an emergency recovery feature. [SSS139]",the tcs shall allow the operator to initiate the emergency recovery feature of the av if the av has an emergency recovery feature sss139
DS4.xlsx,796,"The TCS shall allow the operator to initiate the emergency recovery feature of the AV, if the AV has an emergency recovery feature. [SSS139]",the tcs shall allow the operator to initiate the emergency recovery feature of the av if the av has an emergency recovery feature sss139
DS4.xlsx,878,"The TCS shall, as a minimum, have the functionality to provide the following analog data processing capabilities:
1. Prepare annotated as well as un-annotated analog imagery for transmission [SSS237]
2. Receive incoming annotated as well as un-annotated analog imagery [SSS238]
",the tcs shall as a minimum have the functionality to provide the following analog data processing capabilities 1 prepare annotated as well as unannotated analog imagery for transmission sss237 2 receive incoming annotated as well as unannotated analog imagery sss238
DS2.xlsx,216,"The TCS shall, as a minimum, have the functionality to provide the following analog data processing capabilities: 1. Prepare annotated as well as un-annotated analog imagery for transmission [SSS237] 2. Receive incoming annotated as well as un-annotated analog imagery [SSS238]",the tcs shall as a minimum have the functionality to provide the following analog data processing capabilities 1 prepare annotated as well as unannotated analog imagery for transmission sss237 2 receive incoming annotated as well as unannotated analog imagery sss238
DS4.xlsx,872,"The TCS shall, as a minimum, have the functionality to provide the following control capabilities:
1. Send and receive analog imagery in RS-170A format with as well as without overlay. [SSS226]
2. Establish and when completed terminate analog communication to C4I systems specified in Section 3.2.5. [SSS227]
3. Establish and when completed terminate analog communication to peripheral devices. [SSS228
",the tcs shall as a minimum have the functionality to provide the following control capabilities 1 send and receive analog imagery in rs170a format with as well as without overlay sss226 2 establish and when completed terminate analog communication to c4i systems specified in section 325 sss227 3 establish and when completed terminate analog communication to peripheral devices sss228
DS2.xlsx,351,"The TCS shall, as a minimum, have the functionality to provide the following control capabilities: 1. Send and receive analog imagery in RS-170A format with as well as without overlay. [SSS226] 2. Establish and when completed terminate analog communication to C4I systems specified in Section 3.2.5. [SSS227] 3. Establish and when completed terminate analog communication to peripheral devices. [SSS228]",the tcs shall as a minimum have the functionality to provide the following control capabilities 1 send and receive analog imagery in rs170a format with as well as without overlay sss226 2 establish and when completed terminate analog communication to c4i systems specified in section 325 sss227 3 establish and when completed terminate analog communication to peripheral devices sss228
DS2.xlsx,347,"The TCS shall, as a minimum, have the functionality to provide the following control capabilities: 1. Send and receive tactical communication messages. [SSS222] 2. Send and receive annotated and un-annotated digital imagery. [SSS223] 3. Establish digital communication and when completed terminate communications to the C4I systems specified in Section 3.2.5 [SSS224]. 4. Establish and when completed terminate digital communication to peripheral devices. [SSS225]",the tcs shall as a minimum have the functionality to provide the following control capabilities 1 send and receive tactical communication messages sss222 2 send and receive annotated and unannotated digital imagery sss223 3 establish digital communication and when completed terminate communications to the c4i systems specified in section 325 sss224 4 establish and when completed terminate digital communication to peripheral devices sss225
DS4.xlsx,871,"The TCS shall, as a minimum, have the functionality to provide the following control capabilities:
1. Send and receive tactical communication messages. [SSS222]
2. Send and receive annotated and un-annotated digital imagery. [SSS223]
3. Establish digital communication and when completed terminate communications to the C4I systems specified in Section 3.2.5 [SSS224].
4. Establish and when completed terminate digital communication to peripheral devices. [SSS225]

",the tcs shall as a minimum have the functionality to provide the following control capabilities 1 send and receive tactical communication messages sss222 2 send and receive annotated and unannotated digital imagery sss223 3 establish digital communication and when completed terminate communications to the c4i systems specified in section 325 sss224 4 establish and when completed terminate digital communication to peripheral devices sss225
DS4.xlsx,973,The TCS shall be able to access data storage devices. [SSS339],the tcs shall be able to access data storage devices sss339
DS4.xlsx,968,The TCS shall be able to access data storage devices. [SSS339],the tcs shall be able to access data storage devices sss339
DS2.xlsx,275,The TCS shall be air transportable by helicopter (CH-47/CH-53D) and C-130 drive-on/drive-off capable. [SSS522],the tcs shall be air transportable by helicopter ch47ch53d and c130 driveondriveoff capable sss522
DS4.xlsx,1143,The TCS shall be air transportable by helicopter (CH-47/CH-53D) and C-130 drive-on/drive-off capable. [SSS522],the tcs shall be air transportable by helicopter ch47ch53d and c130 driveondriveoff capable sss522
DS4.xlsx,1067,The TCS shall be capable of operating continuously in functional Operation Mode for a minimum of 72 hours. [SSS442],the tcs shall be capable of operating continuously in functional operation mode for a minimum of 72 hours sss442
DS2.xlsx,223,The TCS shall be capable of operating continuously in functional Operation Mode for a minimum of 72 hours. [SSS442],the tcs shall be capable of operating continuously in functional operation mode for a minimum of 72 hours sss442
DS2.xlsx,331,The TCS shall be ground transportable. [SSS521],the tcs shall be ground transportable sss521
DS4.xlsx,1142,The TCS shall be ground transportable. [SSS521],the tcs shall be ground transportable sss521
DS4.xlsx,1145,The TCS shall be rail transportable. [SSS524],the tcs shall be rail transportable sss524
DS2.xlsx,291,The TCS shall be rail transportable. [SSS524],the tcs shall be rail transportable sss524
DS4.xlsx,1144,The TCS shall be sea transportable. [SSS523],the tcs shall be sea transportable sss523
DS2.xlsx,210,The TCS shall be sea transportable. [SSS523],the tcs shall be sea transportable sss523
DS2.xlsx,340,The TCS shall display the current search footprint and the search history of the payload on the map. [SSS157],the tcs shall display the current search footprint and the search history of the payload on the map sss157
DS4.xlsx,814,The TCS shall display the current search footprint and the search history of the payload on the map. [SSS157],the tcs shall display the current search footprint and the search history of the payload on the map sss157
DS2.xlsx,250,The TCS shall have an interface to an uninterruptible power supply. [SSS344],the tcs shall have an interface to an uninterruptible power supply sss344
DS4.xlsx,978,The TCS shall have an interface to an uninterruptible power supply. [SSS344],the tcs shall have an interface to an uninterruptible power supply sss344
DS4.xlsx,1014,The TCS shall have sufficient throughput to support the processing requirements of the selected data link. [SSS382],the tcs shall have sufficient throughput to support the processing requirements of the selected data link sss382
DS2.xlsx,231,The TCS shall have sufficient throughput to support the processing requirements of the selected data link. [SSS382],the tcs shall have sufficient throughput to support the processing requirements of the selected data link sss382
DS4.xlsx,731,The TCS shall have the functionality to allow the operator to generate a UAV mission plan. [SSS050],the tcs shall have the functionality to allow the operator to generate a uav mission plan sss050
DS4.xlsx,723,The TCS shall have the functionality to allow the operator to generate a UAV mission plan. [SSS050],the tcs shall have the functionality to allow the operator to generate a uav mission plan sss050
DS4.xlsx,858,"The TCS shall have the functionality to determine the location of items of interest within the payload field  of view, and express these locations in coordinates acceptable for military applications. [SSS207]",the tcs shall have the functionality to determine the location of items of interest within the payload field of view and express these locations in coordinates acceptable for military applications sss207
DS2.xlsx,211,"The TCS shall have the functionality to determine the location of items of interest within the payload field of view, and express these locations in coordinates acceptable for military applications. [SSS207]",the tcs shall have the functionality to determine the location of items of interest within the payload field of view and express these locations in coordinates acceptable for military applications sss207
DS4.xlsx,724,The TCS shall have the functionality to receive and process UAV mission plans from service specific mission planning systems. [SSS053],the tcs shall have the functionality to receive and process uav mission plans from service specific mission planning systems sss053
DS4.xlsx,732,The TCS shall have the functionality to receive and process UAV mission plans from service specific mission planning systems. [SSS053],the tcs shall have the functionality to receive and process uav mission plans from service specific mission planning systems sss053
DS4.xlsx,969,The TCS shall have the functionality to transfer digital data as well as digital imagery to and from data storage devices. [SSS340],the tcs shall have the functionality to transfer digital data as well as digital imagery to and from data storage devices sss340
DS4.xlsx,974,The TCS shall have the functionality to transfer digital data as well as digital imagery to and from data storage devices. [SSS340],the tcs shall have the functionality to transfer digital data as well as digital imagery to and from data storage devices sss340
DS2.xlsx,201,The TCS shall provide a CD drive for the retrieval of TCS data. [SSS341],the tcs shall provide a cd drive for the retrieval of tcs data sss341
DS4.xlsx,970,The TCS shall provide a CD drive for the retrieval of TCS data. [SSS341],the tcs shall provide a cd drive for the retrieval of tcs data sss341
DS4.xlsx,975,The TCS shall provide a CD drive for the retrieval of TCS data. [SSS341],the tcs shall provide a cd drive for the retrieval of tcs data sss341
DS4.xlsx,977,"The TCS shall provide a RAID for storage and retrieval of TCS data, if required. [SSS343]",the tcs shall provide a raid for storage and retrieval of tcs data if required sss343
DS2.xlsx,306,"The TCS shall provide a RAID for storage and retrieval of TCS data, if required. [SSS343]",the tcs shall provide a raid for storage and retrieval of tcs data if required sss343
DS4.xlsx,976,The TCS shall provide a tape drive for storage and retrieval of TCS data. [SSS342],the tcs shall provide a tape drive for storage and retrieval of tcs data sss342
DS2.xlsx,348,The TCS shall provide a tape drive for storage and retrieval of TCS data. [SSS342],the tcs shall provide a tape drive for storage and retrieval of tcs data sss342
DS4.xlsx,967,The TCS shall provide a tape drive for storage and retrieval of TCS data. [SSS342],the tcs shall provide a tape drive for storage and retrieval of tcs data sss342
DS4.xlsx,899,The TCS shall provide external interfaces to launch and recovery systems. [SSS289],the tcs shall provide external interfaces to launch and recovery systems sss289
DS4.xlsx,915,The TCS shall provide external interfaces to launch and recovery systems. [SSS289],the tcs shall provide external interfaces to launch and recovery systems sss289
DS4.xlsx,767,The TCS shall provide the capability to display the payload swath for the selected payload for planning  purposes. [SSS541,the tcs shall provide the capability to display the payload swath for the selected payload for planning purposes sss541
DS2.xlsx,292,The TCS shall provide the capability to display the payload swath for the selected payload for planning purposes. [SSS541],the tcs shall provide the capability to display the payload swath for the selected payload for planning purposes sss541
DS2.xlsx,322,"The TCS shall provide the functionality to control, monitor, and display the operation of the Air Data Terminal (ADT). [SSS132] This control will include control of the ADT antenna and of the ADT transmitter and receiver.",the tcs shall provide the functionality to control monitor and display the operation of the air data terminal adt sss132 this control will include control of the adt antenna and of the adt transmitter and receiver
DS4.xlsx,790,"The TCS shall provide the functionality to control, monitor, and display the operation of the Air Data Terminal (ADT). [SSS132] This control will include control of the ADT antenna and of the ADT transmitter and receiver.",the tcs shall provide the functionality to control monitor and display the operation of the air data terminal adt sss132 this control will include control of the adt antenna and of the adt transmitter and receiver
DS4.xlsx,791,The TCS shall provide the functionality to control the ADT antenna. [SSS133] This control will including its pointing direction and mode of transmission (e.g. omni and directional).,the tcs shall provide the functionality to control the adt antenna sss133 this control will including its pointing direction and mode of transmission eg omni and directional
DS2.xlsx,264,The TCS shall provide the functionality to control the ADT antenna. [SSS133] This control will including its pointing direction and mode of transmission (e.g. omni and directional).,the tcs shall provide the functionality to control the adt antenna sss133 this control will including its pointing direction and mode of transmission eg omni and directional
DS2.xlsx,265,"The TCS shall provide the functionality to control the power, transmitter signal strength, and frequencies used by ADT for data link communication. [SSS134]",the tcs shall provide the functionality to control the power transmitter signal strength and frequencies used by adt for data link communication sss134
DS4.xlsx,792,"The TCS shall provide the functionality to control the power, transmitter signal strength, and frequencies used by ADT for data link communication. [SSS134]",the tcs shall provide the functionality to control the power transmitter signal strength and frequencies used by adt for data link communication sss134
DS4.xlsx,904,"The TCS shall provide the necessary hardware and software functionality to allow the TCS to integrate with AFATDS. [SSS295] The interface requirements and specifications will be defined in the TCS to AFTADS IDD, TCS 200.",the tcs shall provide the necessary hardware and software functionality to allow the tcs to integrate with afatds sss295 the interface requirements and specifications will be defined in the tcs to aftads idd tcs 200
DS2.xlsx,325,"The TCS shall provide the necessary hardware and software functionality to allow the TCS to integrate with AFATDS. [SSS295] The interface requirements and specifications will be defined in the TCS to AFTADS IDD, TCS 200.",the tcs shall provide the necessary hardware and software functionality to allow the tcs to integrate with afatds sss295 the interface requirements and specifications will be defined in the tcs to aftads idd tcs 200
DS4.xlsx,920,"The TCS shall provide the necessary hardware and software functionality to allow the TCS to integrate with AFATDS. [SSS295] The interface requirements and specifications will be defined in the TCS to AFTADS IDD, TCS 200.",the tcs shall provide the necessary hardware and software functionality to allow the tcs to integrate with afatds sss295 the interface requirements and specifications will be defined in the tcs to aftads idd tcs 200
DS2.xlsx,208,"The TCS shall provide the necessary hardware and software functionality to allow the TCS to integrate with AFMSS.[SSS564] The interface requirements and specifications will be defined in the TCS to AFMSS IDD, TCS 220.",the tcs shall provide the necessary hardware and software functionality to allow the tcs to integrate with afmsssss564 the interface requirements and specifications will be defined in the tcs to afmss idd tcs 220
DS4.xlsx,924,"The TCS shall provide the necessary hardware and software functionality to allow the TCS to integrate with AFMSS.[SSS564] The interface requirements and specifications will be defined in the  TCS  to AFMSS IDD, TCS 220.",the tcs shall provide the necessary hardware and software functionality to allow the tcs to integrate with afmsssss564 the interface requirements and specifications will be defined in the tcs to afmss idd tcs 220
DS4.xlsx,910,"The TCS shall provide the necessary hardware and software functionality to allow the TCS to integrate with AFMSS.[SSS564] The interface requirements and specifications will be defined in the  TCS  to AFMSS IDD, TCS 220.",the tcs shall provide the necessary hardware and software functionality to allow the tcs to integrate with afmsssss564 the interface requirements and specifications will be defined in the tcs to afmss idd tcs 220
DS4.xlsx,909,"The TCS shall provide the necessary hardware and software functionality to allow the TCS to integrate with AMPS.[SSS563] The interface requirements and specifications will be defined in the TCS to AMPS IDD, TCS 235.",the tcs shall provide the necessary hardware and software functionality to allow the tcs to integrate with ampssss563 the interface requirements and specifications will be defined in the tcs to amps idd tcs 235
DS4.xlsx,923,"The TCS shall provide the necessary hardware and software functionality to allow the TCS to integrate with AMPS.[SSS563] The interface requirements and specifications will be defined in the TCS to AMPS IDD, TCS 235.",the tcs shall provide the necessary hardware and software functionality to allow the tcs to integrate with ampssss563 the interface requirements and specifications will be defined in the tcs to amps idd tcs 235
DS2.xlsx,248,"The TCS shall provide the necessary hardware and software functionality to allow the TCS to integrate with AMPS.[SSS563] The interface requirements and specifications will be defined in the TCS to AMPS IDD, TCS 235.",the tcs shall provide the necessary hardware and software functionality to allow the tcs to integrate with ampssss563 the interface requirements and specifications will be defined in the tcs to amps idd tcs 235
DS4.xlsx,916,"The TCS shall provide the necessary hardware and software functionality to allow the TCS to integrate with ASAS. [SSS291] The interface requirements and specifications will be defined in the TCS to ASAS IDD, TCS 201.",the tcs shall provide the necessary hardware and software functionality to allow the tcs to integrate with asas sss291 the interface requirements and specifications will be defined in the tcs to asas idd tcs 201
DS4.xlsx,900,"The TCS shall provide the necessary hardware and software functionality to allow the TCS to integrate with ASAS. [SSS291] The interface requirements and specifications will be defined in the TCS to ASAS IDD, TCS 201.",the tcs shall provide the necessary hardware and software functionality to allow the tcs to integrate with asas sss291 the interface requirements and specifications will be defined in the tcs to asas idd tcs 201
DS2.xlsx,207,"The TCS shall provide the necessary hardware and software functionality to allow the TCS to integrate with ASAS. [SSS291] The interface requirements and specifications will be defined in the TCS to ASAS IDD, TCS 201.",the tcs shall provide the necessary hardware and software functionality to allow the tcs to integrate with asas sss291 the interface requirements and specifications will be defined in the tcs to asas idd tcs 201
DS2.xlsx,328,"The TCS shall provide the necessary hardware and software functionality to allow the TCS to integrate with ATWCS. [SSS305] The interface requirements and specifications will be defined in TCS ATWCS IDD, TCS203",the tcs shall provide the necessary hardware and software functionality to allow the tcs to integrate with atwcs sss305 the interface requirements and specifications will be defined in tcs atwcs idd tcs203
DS4.xlsx,929,"The TCS shall provide the necessary hardware and software functionality to allow the TCS to integrate with ATWCS. [SSS305] The interface requirements and specifications will be defined in TCS ATWCS IDD, TCS203",the tcs shall provide the necessary hardware and software functionality to allow the tcs to integrate with atwcs sss305 the interface requirements and specifications will be defined in tcs atwcs idd tcs203
DS4.xlsx,906,"The TCS shall provide the necessary hardware and software functionality to allow the TCS to integrate with CARS. [SSS297] The interface requirements and specifications will be defined in the TCS to CARS IDD, TCS 217.",the tcs shall provide the necessary hardware and software functionality to allow the tcs to integrate with cars sss297 the interface requirements and specifications will be defined in the tcs to cars idd tcs 217
DS2.xlsx,304,"The TCS shall provide the necessary hardware and software functionality to allow the TCS to integrate with CARS. [SSS297] The interface requirements and specifications will be defined in the TCS to CARS IDD, TCS 217.",the tcs shall provide the necessary hardware and software functionality to allow the tcs to integrate with cars sss297 the interface requirements and specifications will be defined in the tcs to cars idd tcs 217
DS4.xlsx,907,"The TCS shall provide the necessary hardware and software functionality to allow the TCS to integrate with CCTV. [SSS298] The interface requirements and specifications will be defined in the TCS to CCTV IDD, TCS 205.",the tcs shall provide the necessary hardware and software functionality to allow the tcs to integrate with cctv sss298 the interface requirements and specifications will be defined in the tcs to cctv idd tcs 205
DS2.xlsx,230,"The TCS shall provide the necessary hardware and software functionality to allow the TCS to integrate with CCTV. [SSS298] The interface requirements and specifications will be defined in the TCS to CCTV IDD, TCS 205.",the tcs shall provide the necessary hardware and software functionality to allow the tcs to integrate with cctv sss298 the interface requirements and specifications will be defined in the tcs to cctv idd tcs 205
DS4.xlsx,922,"The TCS shall provide the necessary hardware and software functionality to allow the TCS to integrate with CCTV. [SSS298] The interface requirements and specifications will be defined in the TCS to CCTV IDD, TCS 205.",the tcs shall provide the necessary hardware and software functionality to allow the tcs to integrate with cctv sss298 the interface requirements and specifications will be defined in the tcs to cctv idd tcs 205
DS4.xlsx,933,"The TCS shall provide the necessary hardware and software functionality to allow the TCS to integrate with ETRAC. [SSS309] The interface requirements and specifications will be defined in the TCS ETRAC IDD, TCS 218.",the tcs shall provide the necessary hardware and software functionality to allow the tcs to integrate with etrac sss309 the interface requirements and specifications will be defined in the tcs etrac idd tcs 218
DS2.xlsx,258,"The TCS shall provide the necessary hardware and software functionality to allow the TCS to integrate with ETRAC. [SSS309] The interface requirements and specifications will be defined in the TCS ETRAC IDD, TCS 218.",the tcs shall provide the necessary hardware and software functionality to allow the tcs to integrate with etrac sss309 the interface requirements and specifications will be defined in the tcs etrac idd tcs 218
DS4.xlsx,927,"The TCS shall provide the necessary hardware and software functionality to allow the TCS to integrate with GCS/ACS IPF. [SSS300] The interface requirements and specifications will be defined in the TCS to GCS/ACS IPF IDD, TCS 215.",the tcs shall provide the necessary hardware and software functionality to allow the tcs to integrate with gcsacs ipf sss300 the interface requirements and specifications will be defined in the tcs to gcsacs ipf idd tcs 215
DS4.xlsx,914,"The TCS shall provide the necessary hardware and software functionality to allow the TCS to integrate with GCS/ACS IPF. [SSS300] The interface requirements and specifications will be defined in the TCS to GCS/ACS IPF IDD, TCS 215.",the tcs shall provide the necessary hardware and software functionality to allow the tcs to integrate with gcsacs ipf sss300 the interface requirements and specifications will be defined in the tcs to gcsacs ipf idd tcs 215
DS2.xlsx,195,"The TCS shall provide the necessary hardware and software functionality to allow the TCS to integrate with GCS/ACS IPF. [SSS300] The interface requirements and specifications will be defined in the TCS to GCS/ACS IPF IDD, TCS 215.",the tcs shall provide the necessary hardware and software functionality to allow the tcs to integrate with gcsacs ipf sss300 the interface requirements and specifications will be defined in the tcs to gcsacs ipf idd tcs 215
DS2.xlsx,197,"The TCS shall provide the necessary hardware and software functionality to allow the TCS to integrate with IAS. [SSS303] The interface requirements and specifications will be defined in the TCS to IAS IDD, TCS 206.",the tcs shall provide the necessary hardware and software functionality to allow the tcs to integrate with ias sss303 the interface requirements and specifications will be defined in the tcs to ias idd tcs 206
DS4.xlsx,928,"The TCS shall provide the necessary hardware and software functionality to allow the TCS to integrate with IAS. [SSS303] The interface requirements and specifications will be defined in the TCS to IAS IDD, TCS 206.",the tcs shall provide the necessary hardware and software functionality to allow the tcs to integrate with ias sss303 the interface requirements and specifications will be defined in the tcs to ias idd tcs 206
DS4.xlsx,913,"The TCS shall provide the necessary hardware and software functionality to allow the TCS to integrate with JDISS. [SSS301] The interface requirements and specifications will be defined in the TCS to JDISS IDD, TCS 212.",the tcs shall provide the necessary hardware and software functionality to allow the tcs to integrate with jdiss sss301 the interface requirements and specifications will be defined in the tcs to jdiss idd tcs 212
DS4.xlsx,926,"The TCS shall provide the necessary hardware and software functionality to allow the TCS to integrate with JDISS. [SSS301] The interface requirements and specifications will be defined in the TCS to JDISS IDD, TCS 212.",the tcs shall provide the necessary hardware and software functionality to allow the tcs to integrate with jdiss sss301 the interface requirements and specifications will be defined in the tcs to jdiss idd tcs 212
DS2.xlsx,295,"The TCS shall provide the necessary hardware and software functionality to allow the TCS to integrate with JDISS. [SSS301] The interface requirements and specifications will be defined in the TCS to JDISS IDD, TCS 212.",the tcs shall provide the necessary hardware and software functionality to allow the tcs to integrate with jdiss sss301 the interface requirements and specifications will be defined in the tcs to jdiss idd tcs 212
DS4.xlsx,902,"The TCS shall provide the necessary hardware and software functionality to allow the TCS to integrate with JMCIS. [SSS293] The interface requirements and specifications will be defined in the TCS to JMCIS IDD, TCS 214.",the tcs shall provide the necessary hardware and software functionality to allow the tcs to integrate with jmcis sss293 the interface requirements and specifications will be defined in the tcs to jmcis idd tcs 214
DS4.xlsx,918,"The TCS shall provide the necessary hardware and software functionality to allow the TCS to integrate with JMCIS. [SSS293] The interface requirements and specifications will be defined in the TCS to JMCIS IDD, TCS 214.",the tcs shall provide the necessary hardware and software functionality to allow the tcs to integrate with jmcis sss293 the interface requirements and specifications will be defined in the tcs to jmcis idd tcs 214
DS2.xlsx,326,"The TCS shall provide the necessary hardware and software functionality to allow the TCS to integrate with JMCIS. [SSS293] The interface requirements and specifications will be defined in the TCS to JMCIS IDD, TCS 214.",the tcs shall provide the necessary hardware and software functionality to allow the tcs to integrate with jmcis sss293 the interface requirements and specifications will be defined in the tcs to jmcis idd tcs 214
DS2.xlsx,253,"The TCS shall provide the necessary hardware and software functionality to allow the TCS to integrate with JSIPS-N. [SSS294] The interface requirements and specifications will be defined in the TCS to JSIPS-N IDD, TCS 210.",the tcs shall provide the necessary hardware and software functionality to allow the tcs to integrate with jsipsn sss294 the interface requirements and specifications will be defined in the tcs to jsipsn idd tcs 210
DS4.xlsx,919,"The TCS shall provide the necessary hardware and software functionality to allow the TCS to integrate with JSIPS-N. [SSS294] The interface requirements and specifications will be defined in the TCS to JSIPS-N IDD, TCS 210.",the tcs shall provide the necessary hardware and software functionality to allow the tcs to integrate with jsipsn sss294 the interface requirements and specifications will be defined in the tcs to jsipsn idd tcs 210
DS4.xlsx,903,"The TCS shall provide the necessary hardware and software functionality to allow the TCS to integrate with JSIPS-N. [SSS294] The interface requirements and specifications will be defined in the TCS to JSIPS-N IDD, TCS 210.",the tcs shall provide the necessary hardware and software functionality to allow the tcs to integrate with jsipsn sss294 the interface requirements and specifications will be defined in the tcs to jsipsn idd tcs 210
DS4.xlsx,917,"The TCS shall provide the necessary hardware and software functionality to allow the TCS to integrate with JSTARS GSM. [SSS292] The interface requirements and specifications will be defined in the TCS to JSTARS IDD, TCS 209.",the tcs shall provide the necessary hardware and software functionality to allow the tcs to integrate with jstars gsm sss292 the interface requirements and specifications will be defined in the tcs to jstars idd tcs 209
DS4.xlsx,901,"The TCS shall provide the necessary hardware and software functionality to allow the TCS to integrate with JSTARS GSM. [SSS292] The interface requirements and specifications will be defined in the TCS to JSTARS IDD, TCS 209.",the tcs shall provide the necessary hardware and software functionality to allow the tcs to integrate with jstars gsm sss292 the interface requirements and specifications will be defined in the tcs to jstars idd tcs 209
DS2.xlsx,236,"The TCS shall provide the necessary hardware and software functionality to allow the TCS to integrate with JSTARS GSM. [SSS292] The interface requirements and specifications will be defined in the TCS to JSTARS IDD, TCS 209.",the tcs shall provide the necessary hardware and software functionality to allow the tcs to integrate with jstars gsm sss292 the interface requirements and specifications will be defined in the tcs to jstars idd tcs 209
DS2.xlsx,234,"The TCS shall provide the necessary hardware and software functionality to allow the TCS to integrate with MIES. [SSS308] The interface requirements and specifications will be defined in the TCS to MIES IDD, TCS 216.",the tcs shall provide the necessary hardware and software functionality to allow the tcs to integrate with mies sss308 the interface requirements and specifications will be defined in the tcs to mies idd tcs 216
DS4.xlsx,932,"The TCS shall provide the necessary hardware and software functionality to allow the TCS to integrate with MIES. [SSS308] The interface requirements and specifications will be defined in the TCS to MIES IDD, TCS 216.",the tcs shall provide the necessary hardware and software functionality to allow the tcs to integrate with mies sss308 the interface requirements and specifications will be defined in the tcs to mies idd tcs 216
DS2.xlsx,287,"The TCS shall provide the necessary hardware and software functionality to allow the TCS to integrate with TAMPS.[SSS565] The interface requirements and specifications will be defined in the TCS to TAMPS IDD, TCS 219",the tcs shall provide the necessary hardware and software functionality to allow the tcs to integrate with tampssss565 the interface requirements and specifications will be defined in the tcs to tamps idd tcs 219
DS4.xlsx,925,"The TCS shall provide the necessary hardware and software functionality to allow the TCS to integrate with TAMPS.[SSS565] The interface requirements and specifications will be defined in the TCS  to TAMPS IDD, TCS 219",the tcs shall provide the necessary hardware and software functionality to allow the tcs to integrate with tampssss565 the interface requirements and specifications will be defined in the tcs to tamps idd tcs 219
DS4.xlsx,911,"The TCS shall provide the necessary hardware and software functionality to allow the TCS to integrate with TAMPS.[SSS565] The interface requirements and specifications will be defined in the TCS  to TAMPS IDD, TCS 219",the tcs shall provide the necessary hardware and software functionality to allow the tcs to integrate with tampssss565 the interface requirements and specifications will be defined in the tcs to tamps idd tcs 219
DS2.xlsx,263,"The TCS shall provide the necessary hardware and software functionality to allow the TCS to integrate with TBMCS. [SSS307] The interface requirements and specifications will be defined in TCS to TBMCS IDD, TCS 221.",the tcs shall provide the necessary hardware and software functionality to allow the tcs to integrate with tbmcs sss307 the interface requirements and specifications will be defined in tcs to tbmcs idd tcs 221
DS4.xlsx,931,"The TCS shall provide the necessary hardware and software functionality to allow the TCS to integrate with TBMCS. [SSS307] The interface requirements and specifications will be defined in TCS to TBMCS IDD, TCS 221.",the tcs shall provide the necessary hardware and software functionality to allow the tcs to integrate with tbmcs sss307 the interface requirements and specifications will be defined in tcs to tbmcs idd tcs 221
DS4.xlsx,935,"The TCS shall provide the necessary hardware and software functionality to allow the TCS to integrate with TEG. [SSS311] The interface requirements and specifications will be defined in TCS to TEG IDD, TCS 207.",the tcs shall provide the necessary hardware and software functionality to allow the tcs to integrate with teg sss311 the interface requirements and specifications will be defined in tcs to teg idd tcs 207
DS2.xlsx,203,"The TCS shall provide the necessary hardware and software functionality to allow the TCS to integrate with TEG. [SSS311] The interface requirements and specifications will be defined in TCS to TEG IDD, TCS 207.",the tcs shall provide the necessary hardware and software functionality to allow the tcs to integrate with teg sss311 the interface requirements and specifications will be defined in tcs to teg idd tcs 207
DS2.xlsx,284,"The TCS shall provide the necessary hardware and software functionality to allow the TCS to integrate with TES. [SSS302] The interface requirements and specifications will be defined in the TCS to TES IDD, TCS 236.",the tcs shall provide the necessary hardware and software functionality to allow the tcs to integrate with tes sss302 the interface requirements and specifications will be defined in the tcs to tes idd tcs 236
DS4.xlsx,912,"The TCS shall provide the necessary hardware and software functionality to allow the TCS to integrate with TES. [SSS302] The interface requirements and specifications will be defined in the TCS to  TES  IDD, TCS 236.",the tcs shall provide the necessary hardware and software functionality to allow the tcs to integrate with tes sss302 the interface requirements and specifications will be defined in the tcs to tes idd tcs 236
DS4.xlsx,930,"The TCS shall provide the necessary hardware and software functionality to allow the TCS to integrate with Trojan Spirit II. [SSS306] The interface requirements and specifications will be defined in the TCS to TROJAN SPIRIT II IDD, TCS 213.",the tcs shall provide the necessary hardware and software functionality to allow the tcs to integrate with trojan spirit ii sss306 the interface requirements and specifications will be defined in the tcs to trojan spirit ii idd tcs 213
DS2.xlsx,190,"The TCS shall provide the necessary hardware and software functionality to allow the TCS to integrate with Trojan Spirit II. [SSS306] The interface requirements and specifications will be defined in the TCS to TROJAN SPIRIT II IDD, TCS 213.",the tcs shall provide the necessary hardware and software functionality to allow the tcs to integrate with trojan spirit ii sss306 the interface requirements and specifications will be defined in the tcs to trojan spirit ii idd tcs 213
DS2.xlsx,312,The TCS will have the capability to manage all operational C4I interfaces across all 5 levels of interaction.,the tcs will have the capability to manage all operational c4i interfaces across all 5 levels of interaction
DS4.xlsx,870,"The TCS will have the capability to manage all operational C4I interfaces across all 5 levels of interaction.

",the tcs will have the capability to manage all operational c4i interfaces across all 5 levels of interaction
DS4.xlsx,839,"The TCS will have the functionality necessary to manage all aspects of payload product handling to include receiving, processing, displaying, and performing limited exploitation. The payload product includes the payload sensor output and the appropriate AV and payload telemetry data.",the tcs will have the functionality necessary to manage all aspects of payload product handling to include receiving processing displaying and performing limited exploitation the payload product includes the payload sensor output and the appropriate av and payload telemetry data
DS2.xlsx,270,"The TCS will have the functionality necessary to manage all aspects of payload product handling to include receiving, processing, displaying, and performing limited exploitation. The payload product includes the payload sensor output and the appropriate AV and payload telemetry data.",the tcs will have the functionality necessary to manage all aspects of payload product handling to include receiving processing displaying and performing limited exploitation the payload product includes the payload sensor output and the appropriate av and payload telemetry data
DS4.xlsx,873,"The TCS will have the functionality to process received C4I messages and to prepare C4I messages for transmission. Processing will include formatting, storing, routing, and display.

",the tcs will have the functionality to process received c4i messages and to prepare c4i messages for transmission processing will include formatting storing routing and display
DS2.xlsx,247,"The TCS will have the functionality to process received C4I messages and to prepare C4I messages for transmission. Processing will include formatting, storing, routing, and display.",the tcs will have the functionality to process received c4i messages and to prepare c4i messages for transmission processing will include formatting storing routing and display
DS4.xlsx,726,"The TCS will provide the hardware and software necessary to allow the operator to conduct the following major functions 1) mission planning, 2) mission control and monitoring, 3) payload product management,",the tcs will provide the hardware and software necessary to allow the operator to conduct the following major functions 1 mission planning 2 mission control and monitoring 3 payload product management
DS4.xlsx,734,"The TCS will provide the hardware and software necessary to allow the operator to conduct the following major functions 1) mission planning, 2) mission control and monitoring, 3) payload product management,",the tcs will provide the hardware and software necessary to allow the operator to conduct the following major functions 1 mission planning 2 mission control and monitoring 3 payload product management
DS2.xlsx,282,"The TCS will provide the necessary hardware and software functionality to allow the TCS to integrate with Service Mission Planners. The Service Mission Planners will consist of AMPS, AFMSS, and TAMPS.",the tcs will provide the necessary hardware and software functionality to allow the tcs to integrate with service mission planners the service mission planners will consist of amps afmss and tamps
DS4.xlsx,908,"The TCS will provide the necessary hardware and software functionality to allow the TCS to integrate with Service Mission Planners. The Service Mission Planners will consist of AMPS, AFMSS, and TAMPS.",the tcs will provide the necessary hardware and software functionality to allow the tcs to integrate with service mission planners the service mission planners will consist of amps afmss and tamps
DS1.xlsx,28,"The test shall require no action on the part of the driver.
",the test shall require no action on the part of the driver
DS3.xlsx,697,The test shall require no action on the part of the driver.,the test shall require no action on the part of the driver
DS3.xlsx,750,The trackside shall be able to send information for the calculation of speed profiles.,the trackside shall be able to send information for the calculation of speed profiles
DS1.xlsx,81,"The trackside shall be able to send information for the calculation of speed profiles.
",the trackside shall be able to send information for the calculation of speed profiles
DS1.xlsx,112,"The train location calculation shall take into account error of odometry.
",the train location calculation shall take into account error of odometry
DS3.xlsx,780,The train location calculation shall take into account error of odometry.,the train location calculation shall take into account error of odometry
DS1.xlsx,166,"The train running number shall consist of a maximum of 8 numeric digits.
",the train running number shall consist of a maximum of 8 numeric digits
DS3.xlsx,834,The train running number shall consist of a maximum of 8 numeric digits.,the train running number shall consist of a maximum of 8 numeric digits
DS3.xlsx,760,"The train shall, as a minimum, be supervised to a ceiling speed; the supervised speed shall not be shown on the DMI unless selected by the driver.",the train shall as a minimum be supervised to a ceiling speed the supervised speed shall not be shown on the dmi unless selected by the driver
DS1.xlsx,91,"The train shall, as a minimum, be supervised to a ceiling speed; the supervised speed shall not be shown on the DMI unless selected by the driver.
",the train shall as a minimum be supervised to a ceiling speed the supervised speed shall not be shown on the dmi unless selected by the driver
DS3.xlsx,862,The train shall be able to automatically pass from one RBC area to another without driver intervention.,the train shall be able to automatically pass from one rbc area to another without driver intervention
DS1.xlsx,194,"The train shall be able to automatically pass from one RBC area to another without driver intervention.
",the train shall be able to automatically pass from one rbc area to another without driver intervention
DS3.xlsx,817,The train shall be capable of receiving any track-to-train information intended and relevant for this train including movement authority.,the train shall be capable of receiving any tracktotrain information intended and relevant for this train including movement authority
DS1.xlsx,149,"The train shall be capable of receiving any track-to-train information intended and relevant for this train including movement authority.
",the train shall be capable of receiving any tracktotrain information intended and relevant for this train including movement authority
DS1.xlsx,90,"The train shall be supervised according to train speed data available.
",the train shall be supervised according to train speed data available
DS3.xlsx,759,The train shall be supervised according to train speed data available.,the train shall be supervised according to train speed data available
DS1.xlsx,60,"The train shall have the capability of being supervised to a ceiling speed.
",the train shall have the capability of being supervised to a ceiling speed
DS3.xlsx,729,The train shall have the capability of being supervised to a ceiling speed.,the train shall have the capability of being supervised to a ceiling speed
DS1.xlsx,62,"The train shall leave Partial Supervision when the trainborne equipment is not operative any longer, when Shunting is selected or when Full Supervision is available.
",the train shall leave partial supervision when the trainborne equipment is not operative any longer when shunting is selected or when full supervision is available
DS3.xlsx,731,"The train shall leave Partial Supervision when the trainborne equipment is not operative any longer, when Shunting is selected or when Full Supervision is available.",the train shall leave partial supervision when the trainborne equipment is not operative any longer when shunting is selected or when full supervision is available
DS1.xlsx,142,"The train speed shall be at or below a speed specified by a national value.
",the train speed shall be at or below a speed specified by a national value
DS3.xlsx,810,The train speed shall be at or below a speed specified by a national value.,the train speed shall be at or below a speed specified by a national value
DS1.xlsx,137,The train trip function ,the train trip function
DS1.xlsx,139,The train trip function ,the train trip function
DS3.xlsx,793,"The trainborne equipment shall apply the emergency brake after a distance, defined by a national value, is travelled by the train.",the trainborne equipment shall apply the emergency brake after a distance defined by a national value is travelled by the train
DS1.xlsx,125,"The trainborne equipment shall apply the emergency brake after a distance, defined by a national value, is travelled by the train.
",the trainborne equipment shall apply the emergency brake after a distance defined by a national value is travelled by the train
DS1.xlsx,67,"The trainborne equipment shall remain in Full Supervision until the trainborne equipment is not active any longer, when Shunting is selected or when Partial Supervision information is received.
",the trainborne equipment shall remain in full supervision until the trainborne equipment is not active any longer when shunting is selected or when partial supervision information is received
DS3.xlsx,736,"The trainborne equipment shall remain in Full Supervision until the trainborne equipment is not active any longer, when Shunting is selected or when Partial Supervision information is received.",the trainborne equipment shall remain in full supervision until the trainborne equipment is not active any longer when shunting is selected or when partial supervision information is received
DS1.xlsx,236,"
            The user interfaces of the system should comply with Standard ISO 9241.
           ",the user interfaces of the system should comply with standard iso 9241
DS3.xlsx,591,The user interfaces of the system should comply with Standard ISO 9241.,the user interfaces of the system should comply with standard iso 9241
DS1.xlsx,281,"
           The user interfaces of the system should follow the guidelines specified under www.usability.gov
           ",the user interfaces of the system should follow the guidelines specified under wwwusabilitygov
DS3.xlsx,636,The user interfaces of the system should follow the guidelines specified under www.usability.gov,the user interfaces of the system should follow the guidelines specified under wwwusabilitygov
DS1.xlsx,235,"
            The user interfaces should be designed to make them user-intuitive.
           ",the user interfaces should be designed to make them userintuitive
DS3.xlsx,590,The user interfaces should be designed to make them user-intuitive.,the user interfaces should be designed to make them userintuitive
DS3.xlsx,1516,There are existing policies for long-term peering arrangement.,there are existing policies for longterm peering arrangement
DS1.xlsx,978,There are existing policies for long-term peering arrangement.,there are existing policies for longterm peering arrangement
DS3.xlsx,1506,There is an established norm that any resource failure will be reported,there is an established norm that any resource failure will be reported
DS1.xlsx,967,There is an established norm that any resource failure will be reported.,there is an established norm that any resource failure will be reported
DS3.xlsx,1517,There is procedure to perform short-term negotiation.,there is procedure to perform shortterm negotiation
DS1.xlsx,979,There is procedure to perform short-term negotiation.  ,there is procedure to perform shortterm negotiation
DS4.xlsx,722,There shall be no modes of operation in the shutdown state. [SSS048],there shall be no modes of operation in the shutdown state sss048
DS4.xlsx,730,There shall be no modes of operation in the shutdown state. [SSS048],there shall be no modes of operation in the shutdown state sss048
DS1.xlsx,61,"This ceiling speed shall not be shown continually on the DMI but may be shown momentarily when selected by the driver.
",this ceiling speed shall not be shown continually on the dmi but may be shown momentarily when selected by the driver
DS3.xlsx,730,This ceiling speed shall not be shown continually on the DMI but may be shown momentarily when selected by the driver.,this ceiling speed shall not be shown continually on the dmi but may be shown momentarily when selected by the driver
DS1.xlsx,810,"This section describes the handling of high priority voice calls for railway operational 
emergencies and does not cover public emergency calls (ie handling of 112 calls). (I)			",this section describes the handling of high priority voice calls for railway operational emergencies and does not cover public emergency calls ie handling of 112 calls i
DS2.xlsx,950,This section describes the handling of high priority voice calls for Railway operational emergencies and does not cover public emergency calls (ie handling of ‘112’ calls). (I),this section describes the handling of high priority voice calls for railway operational emergencies and does not cover public emergency calls ie handling of 112 calls i
DS4.xlsx,1056,"This section not applicable, therefore tailored out.",this section not applicable therefore tailored out
DS4.xlsx,1051,"This section not applicable, therefore tailored out.",this section not applicable therefore tailored out
DS4.xlsx,1148,"This section not applicable, therefore tailored out.",this section not applicable therefore tailored out
DS2.xlsx,319,"This section not applicable, therefore tailored out.",this section not applicable therefore tailored out
DS3.xlsx,765,This static train speed profile shall also respect maximum line speed and track speed and special speed levels for special classes of trains.,this static train speed profile shall also respect maximum line speed and track speed and special speed levels for special classes of trains
DS1.xlsx,96,"This static train speed profile shall also respect maximum line speed and track speed and special speed levels for special classes of trains.
",this static train speed profile shall also respect maximum line speed and track speed and special speed levels for special classes of trains
DS1.xlsx,46,"To prevent unauthorised use of the function permission shall be obtained from the RBC if the train is operating under the control of the RBC.
",to prevent unauthorised use of the function permission shall be obtained from the rbc if the train is operating under the control of the rbc
DS3.xlsx,715,To prevent unauthorised use of the function permission shall be obtained from the RBC if the train is operating under the control of the RBC.,to prevent unauthorised use of the function permission shall be obtained from the rbc if the train is operating under the control of the rbc
DS3.xlsx,792,To protect a traction unit from roll away and unwanted reverse movements the trainborne equipment shall monitor the direction of movement in relation to the permitted direction.,to protect a traction unit from roll away and unwanted reverse movements the trainborne equipment shall monitor the direction of movement in relation to the permitted direction
DS1.xlsx,124,"To protect a traction unit from roll away and unwanted reverse movements the trainborne equipment shall monitor the direction of movement in relation to the permitted direction.
",to protect a traction unit from roll away and unwanted reverse movements the trainborne equipment shall monitor the direction of movement in relation to the permitted direction
DS1.xlsx,86,"Together with the movement authority, the on board shall be able to receive one or more time-out(s) for certain sections of the movement authority, and shorten the movement authority accordingly when a time out expires.
",together with the movement authority the on board shall be able to receive one or more timeouts for certain sections of the movement authority and shorten the movement authority accordingly when a time out expires
DS3.xlsx,755,"Together with the movement authority, the on board shall be able to receive one or more time-out(s) for certain sections of the movement authority, and shorten the movement authority accordingly when a time out expires.",together with the movement authority the on board shall be able to receive one or more timeouts for certain sections of the movement authority and shorten the movement authority accordingly when a time out expires
DS3.xlsx,752,Track to train transmission shall provide the capability to send different speed profiles for specific train categories.,track to train transmission shall provide the capability to send different speed profiles for specific train categories
DS1.xlsx,83,"Track to train transmission shall provide the capability to send different speed profiles for specific train categories.
",track to train transmission shall provide the capability to send different speed profiles for specific train categories
DS1.xlsx,33,"Train data may be entered automatically from a railway management system or from train memory.
",train data may be entered automatically from a railway management system or from train memory
DS3.xlsx,702,Train data may be entered automatically from a railway management system or from train memory.,train data may be entered automatically from a railway management system or from train memory
DS1.xlsx,30,"Train data shall be entered before the on-board ETCS equipment allows train movement.
",train data shall be entered before the onboard etcs equipment allows train movement
DS3.xlsx,699,Train data shall be entered before the on-board ETCS equipment allows train movement.,train data shall be entered before the onboard etcs equipment allows train movement
DS3.xlsx,677,"Trains equipped for ERTMS/ETCS application level 3 shall be able to run on lines equipped with ERTMS/ETCS application level 3, 2, 1 and 0, trains equipped for ERTMS/ETCS application level 2 shall be able to run on lines equipped with ERTMS/ETCS application level 2, 1 and 0 and trains equipped for ERTMS/ETCS application level 1 shall be able to run on lines equipped with ERTMS/ETCS application level 1 and 0.",trains equipped for ertmsetcs application level 3 shall be able to run on lines equipped with ertmsetcs application level 3 2 1 and 0 trains equipped for ertmsetcs application level 2 shall be able to run on lines equipped with ertmsetcs application level 2 1 and 0 and trains equipped for ertmsetcs application level 1 shall be able to run on lines equipped with ertmsetcs application level 1 and 0
DS1.xlsx,8,"Trains equipped for ERTMS/ETCS application level 3 shall be able to run on lines equipped with ERTMS/ETCS application level 3, 2, 1 and 0, trains equipped for ERTMS/ETCS application level 2 shall be able to run on lines equipped with ERTMS/ETCS application level 2, 1 and 0 and trains equipped for ERTMS/ETCS application level 1 shall be able to run on lines equipped with ERTMS/ETCS application level 1 and 0.
",trains equipped for ertmsetcs application level 3 shall be able to run on lines equipped with ertmsetcs application level 3 2 1 and 0 trains equipped for ertmsetcs application level 2 shall be able to run on lines equipped with ertmsetcs application level 2 1 and 0 and trains equipped for ertmsetcs application level 1 shall be able to run on lines equipped with ertmsetcs application level 1 and 0
DS3.xlsx,714,Transfer to Shunting on driver's selection shall only be possible when stationary.,transfer to shunting on drivers selection shall only be possible when stationary
DS1.xlsx,45,"Transfer to Shunting on driver’s selection shall only be possible when stationary.
",transfer to shunting on drivers selection shall only be possible when stationary
DS1.xlsx,64,"Transferring to Full Supervision shall occur automatically when a movement authority and all other necessary information is received through track-to-train transmission.
",transferring to full supervision shall occur automatically when a movement authority and all other necessary information is received through tracktotrain transmission
DS3.xlsx,733,Transferring to Full Supervision shall occur automatically when a movement authority and all other necessary information is received through track-to-train transmission.,transferring to full supervision shall occur automatically when a movement authority and all other necessary information is received through tracktotrain transmission
DS1.xlsx,14,"Transitions which occur while the train is stationary, shall be initiated automatically or manually as appropriate.
",transitions which occur while the train is stationary shall be initiated automatically or manually as appropriate
DS3.xlsx,683,"Transitions which occur while the train is stationary, shall be initiated automatically or manually as appropriate.",transitions which occur while the train is stationary shall be initiated automatically or manually as appropriate
DS3.xlsx,742,Unfitted operation shall be possible if ordered by trackside,unfitted operation shall be possible if ordered by trackside
DS1.xlsx,73,"Unfitted operation shall be possible if ordered by trackside
",unfitted operation shall be possible if ordered by trackside
DS3.xlsx,743,Unfitted operation shall be possible if selected by the driver at start up,unfitted operation shall be possible if selected by the driver at start up
DS1.xlsx,74,"Unfitted operation shall be possible if selected by the driver at start up
",unfitted operation shall be possible if selected by the driver at start up
DS3.xlsx,639,Unplanned downtime for the System must not exceed <xx hours/minutes> per <rolling three month period>.,unplanned downtime for the system must not exceed xx hoursminutes per rolling three month period
DS1.xlsx,284,"
           Unplanned downtime for the System must not exceed <xx hours/minutes> per <rolling three month period>.
           ",unplanned downtime for the system must not exceed xx hoursminutes per rolling three month period
DS4.xlsx,728,"Upon the selection of a shutdown command the TCS shall enter the Shutdown State, which will cause the TCS to be placed in a condition where power can be removed without impacting operations as well as causing damage to the system, and from which restart of the system can be accomplished normally. [SSS043]",upon the selection of a shutdown command the tcs shall enter the shutdown state which will cause the tcs to be placed in a condition where power can be removed without impacting operations as well as causing damage to the system and from which restart of the system can be accomplished normally sss043
DS4.xlsx,720,"Upon the selection of a shutdown command the TCS shall enter the Shutdown State, which will cause the TCS to be placed in a condition where power can be removed without impacting operations as well as causing damage to the system, and from which restart of the system can be accomplished normally. [SSS043]",upon the selection of a shutdown command the tcs shall enter the shutdown state which will cause the tcs to be placed in a condition where power can be removed without impacting operations as well as causing damage to the system and from which restart of the system can be accomplished normally sss043
DS1.xlsx,922, Upon the USB being plugged in the system shall be able to be deployed and operational in less than 1 minute.,upon the usb being plugged in the system shall be able to be deployed and operational in less than 1 minute
DS3.xlsx,1462,Upon the USB being plugged in the system shall be able to be deployed and operational in less than 1 minute.,upon the usb being plugged in the system shall be able to be deployed and operational in less than 1 minute
DS3.xlsx,1455,USB interface and divers are provided by Yoggie Corporation.,usb interface and divers are provided by yoggie corporation
DS1.xlsx,915,"USB interface and divers are provided by Yoggie Corporation.
            ",usb interface and divers are provided by yoggie corporation
DS1.xlsx,264,"
           Use of “white space”: “White space” on a page i.e. space filled only with the background color should be used in such a way that it does not impair the visual skimming of the page. While white space is an important means of visually organizing the different content elements on a page, if the distance between the blocks of information displayed becomes too large, rapid skimming of the page can be impeded.
           ",use of white space white space on a page ie space filled only with the background color should be used in such a way that it does not impair the visual skimming of the page while white space is an important means of visually organizing the different content elements on a page if the distance between the blocks of information displayed becomes too large rapid skimming of the page can be impeded
DS3.xlsx,619,"Use of white space: White space on a page i.e. space filled only with the background color should be used in such a way that it does not impair the visual skimming of the page. While white space is an important means of visually organizing the different content elements on a page, if the distance between the blocks of information displayed becomes too large, rapid skimming of the page can be impeded.",use of white space white space on a page ie space filled only with the background color should be used in such a way that it does not impair the visual skimming of the page while white space is an important means of visually organizing the different content elements on a page if the distance between the blocks of information displayed becomes too large rapid skimming of the page can be impeded
DS3.xlsx,606,"Using appropriate formats, units of measurement or currency: When designing user interfaces for use by diverse groups, input and output of information elements such as currency, units of measurement, temperatures, date and time, phone numbers, address or postal codes should be designed so that they are usable.",using appropriate formats units of measurement or currency when designing user interfaces for use by diverse groups input and output of information elements such as currency units of measurement temperatures date and time phone numbers address or postal codes should be designed so that they are usable
DS1.xlsx,251,"
           Using appropriate formats, units of measurement or currency: When designing user interfaces for use by diverse groups, input and output of information elements such as currency, units of measurement, temperatures, date and time, phone numbers, address or postal codes should be designed so that they are usable.
           ",using appropriate formats units of measurement or currency when designing user interfaces for use by diverse groups input and output of information elements such as currency units of measurement temperatures date and time phone numbers address or postal codes should be designed so that they are usable
DS1.xlsx,266,"
           Using colour: Colour should be used with care, taking into account human capabilities and restrictions in perceiving colour, and not as the only means of conveying information. Color should never be the only means of coding. Some users may have difficulties in perceiving certain colors or color combinations (color-blindness).
           ",using colour colour should be used with care taking into account human capabilities and restrictions in perceiving colour and not as the only means of conveying information color should never be the only means of coding some users may have difficulties in perceiving certain colors or color combinations colorblindness
DS3.xlsx,621,"Using colour: Colour should be used with care, taking into account human capabilities and restrictions in perceiving colour, and not as the only means of conveying information. Color should never be the only means of coding. Some users may have difficulties in perceiving certain colors or color combinations (color-blindness).",using colour colour should be used with care taking into account human capabilities and restrictions in perceiving colour and not as the only means of conveying information color should never be the only means of coding some users may have difficulties in perceiving certain colors or color combinations colorblindness
DS1.xlsx,260,"
           Using descriptive link labels: The target or purpose of a link should be directly indicated by its label, avoiding generic labels such as “go” or “click here” except where the purpose of the link is clear from its context on the page or the labels have commonly understood semantics in the particular application domain. Using appropriate terminology specific to the user’s tasks and information needs is important for making the content easy to understand.
           ",using descriptive link labels the target or purpose of a link should be directly indicated by its label avoiding generic labels such as go or click here except where the purpose of the link is clear from its context on the page or the labels have commonly understood semantics in the particular application domain using appropriate terminology specific to the users tasks and information needs is important for making the content easy to understand
DS3.xlsx,615,"Using descriptive link labels: The target or purpose of a link should be directly indicated by its label, avoiding generic labels such as go or click here except where the purpose of the link is clear from its context on the page or the labels have commonly understood semantics in the particular application domain. Using appropriate terminology specific to the user's tasks and information needs is important for making the content easy to understand.",using descriptive link labels the target or purpose of a link should be directly indicated by its label avoiding generic labels such as go or click here except where the purpose of the link is clear from its context on the page or the labels have commonly understood semantics in the particular application domain using appropriate terminology specific to the users tasks and information needs is important for making the content easy to understand
DS1.xlsx,267,"
           Using frames with care: If frames are used, care should be taken to avoid possible problems, for example, those involving the use of the back button, bookmarking of pages, or scrolling of information. When frames are used, it is important to title each frame, and to describe its purpose and how frames relate to one another other.
           ",using frames with care if frames are used care should be taken to avoid possible problems for example those involving the use of the back button bookmarking of pages or scrolling of information when frames are used it is important to title each frame and to describe its purpose and how frames relate to one another other
DS3.xlsx,622,"Using frames with care: If frames are used, care should be taken to avoid possible problems, for example, those involving the use of the back button, bookmarking of pages, or scrolling of information. When frames are used, it is important to title each frame, and to describe its purpose and how frames relate to one another other.",using frames with care if frames are used care should be taken to avoid possible problems for example those involving the use of the back button bookmarking of pages or scrolling of information when frames are used it is important to title each frame and to describe its purpose and how frames relate to one another other
DS1.xlsx,87,"Using train data and infrastructure data, braking curves shall be calculated taking into account the target information but not the location of vehicles occupying the track.
",using train data and infrastructure data braking curves shall be calculated taking into account the target information but not the location of vehicles occupying the track
DS3.xlsx,756,"Using train data and infrastructure data, braking curves shall be calculated taking into account the target information but not the location of vehicles occupying the track.",using train data and infrastructure data braking curves shall be calculated taking into account the target information but not the location of vehicles occupying the track
DS1.xlsx,245,"
            Vertical scrolling should be minimized. This may be done by placing important information at the top and providing links to information that is further down the page. Horizontal scrolling should be avoided wherever possible.
           ",vertical scrolling should be minimized this may be done by placing important information at the top and providing links to information that is further down the page horizontal scrolling should be avoided wherever possible
DS3.xlsx,600,Vertical scrolling should be minimized. This may be done by placing important information at the top and providing links to information that is further down the page. Horizontal scrolling should be avoided wherever possible.,vertical scrolling should be minimized this may be done by placing important information at the top and providing links to information that is further down the page horizontal scrolling should be avoided wherever possible
DS1.xlsx,117,Visual and acoustic warnings to the driver about possible intervention from ETCS shall be given to enable the driver to react and avoid intervention.,visual and acoustic warnings to the driver about possible intervention from etcs shall be given to enable the driver to react and avoid intervention
DS3.xlsx,785,Visual and acoustic warnings to the driver about possible intervention from ETCS shall be given to enable the driver to react and avoid intervention.,visual and acoustic warnings to the driver about possible intervention from etcs shall be given to enable the driver to react and avoid intervention
DS3.xlsx,1508,Web servers have already replicated necessary content.,web servers have already replicated necessary content
DS1.xlsx,970,Web servers have already replicated necessary content.,web servers have already replicated necessary content
DS1.xlsx,913,"Web Store shall operate on an Intel based system with Slackware Linux 2.6 and Apache Web Server. The operating system is designed by the Yoggie Corporation. Although maintenance documentation will be supplied and the operating system will be tested, the developers of this Web Store are not responsible for the functionality of the operating system.",web store shall operate on an intel based system with slackware linux 26 and apache web server the operating system is designed by the yoggie corporation although maintenance documentation will be supplied and the operating system will be tested the developers of this web store are not responsible for the functionality of the operating system
DS3.xlsx,1453,"Web Store shall operate on an Intel based system with Slackware Linux 2.6 and Apache Web Server. The operating system is designed by the Yoggie Corporation. Although maintenance documentation will be supplied and the operating system will be tested, the developers of this Web Store are not responsible for the functionality of the operating system.",web store shall operate on an intel based system with slackware linux 26 and apache web server the operating system is designed by the yoggie corporation although maintenance documentation will be supplied and the operating system will be tested the developers of this web store are not responsible for the functionality of the operating system
DS1.xlsx,912,"Web Store shall operate with the following internet browsers: Microsoft Internet Explorer version 6 and 7, Netscape Communicator Version 4 and 5.
            ",web store shall operate with the following internet browsers microsoft internet explorer version 6 and 7 netscape communicator version 4 and 5
DS3.xlsx,1452,"Web Store shall operate with the following internet browsers: Microsoft Internet Explorer version 6 and 7, Netscape Communicator Version 4 and 5.",web store shall operate with the following internet browsers microsoft internet explorer version 6 and 7 netscape communicator version 4 and 5
DS1.xlsx,159,"When a traction unit passes a stop-signal the emergency brake shall be triggered.
",when a traction unit passes a stopsignal the emergency brake shall be triggered
DS3.xlsx,827,When a traction unit passes a stop-signal the emergency brake shall be triggered.,when a traction unit passes a stopsignal the emergency brake shall be triggered
DS3.xlsx,821,When a train has received an emergency stop ETCS shall command the emergency brake.,when a train has received an emergency stop etcs shall command the emergency brake
DS1.xlsx,153,"When a train has received an emergency stop ETCS shall command the emergency brake.
",when a train has received an emergency stop etcs shall command the emergency brake
DS3.xlsx,769,When changing to a higher speed level the rear end of the train shall respect the static train speed profile.,when changing to a higher speed level the rear end of the train shall respect the static train speed profile
DS1.xlsx,101,"When changing to a higher speed level the rear end of the train shall respect the static train speed profile.
",when changing to a higher speed level the rear end of the train shall respect the static train speed profile
DS1.xlsx,100,"When changing to a lower speed level, the front end of the train shall respect the dynamic train speed profile.
",when changing to a lower speed level the front end of the train shall respect the dynamic train speed profile
DS3.xlsx,768,"When changing to a lower speed level, the front end of the train shall respect the dynamic train speed profile.",when changing to a lower speed level the front end of the train shall respect the dynamic train speed profile
DS3.xlsx,738,"When the ETCS trainborne equipment is isolated, the system shall not show any ETCS information other than the fact that the system is isolated.",when the etcs trainborne equipment is isolated the system shall not show any etcs information other than the fact that the system is isolated
DS1.xlsx,69,"When the ETCS trainborne equipment is isolated, the system shall not show any ETCS information other than the fact that the system is isolated.",when the etcs trainborne equipment is isolated the system shall not show any etcs information other than the fact that the system is isolated
DS3.xlsx,841,"When the plain text message appears on the DMI, the driver shall be alerted.",when the plain text message appears on the dmi the driver shall be alerted
DS1.xlsx,173,"When the plain text message appears on the DMI, the driver shall be alerted.
",when the plain text message appears on the dmi the driver shall be alerted
DS3.xlsx,795,"When the traction unit has come to a standstill, the driver shall be able to release the emergency brake.",when the traction unit has come to a standstill the driver shall be able to release the emergency brake
DS1.xlsx,127,"When the traction unit has come to a standstill, the driver shall be able to release the emergency brake.
",when the traction unit has come to a standstill the driver shall be able to release the emergency brake
DS1.xlsx,162,"When the traction unit is stationary the driver shall be required to acknowledge the train trip condition. This acknowledgement will release the emergency brake.
",when the traction unit is stationary the driver shall be required to acknowledge the train trip condition this acknowledgement will release the emergency brake
DS3.xlsx,830,When the traction unit is stationary the driver shall be required to acknowledge the train trip condition. This acknowledgement will release the emergency brake.,when the traction unit is stationary the driver shall be required to acknowledge the train trip condition this acknowledgement will release the emergency brake
DS3.xlsx,776,"When the train is stationary or after a certain time (e.g. the time for ""route releasing"" of the overlap, the release speed calculation shall be based on the distance to the danger point (if calculated on-board). The condition for this change shall be defined for each target as infrastructure data.",when the train is stationary or after a certain time eg the time for route releasing of the overlap the release speed calculation shall be based on the distance to the danger point if calculated onboard the condition for this change shall be defined for each target as infrastructure data
DS1.xlsx,108,"When the train is stationary or after a certain time (e.g. the time for ""route releasing"" of the overlap, the release speed calculation shall be based on the distance to the danger point (if calculated on-board). The condition for this change shall be defined for each target as infrastructure data.
",when the train is stationary or after a certain time eg the time for route releasing of the overlap the release speed calculation shall be based on the distance to the danger point if calculated onboard the condition for this change shall be defined for each target as infrastructure data
DS1.xlsx,145,"When the train passes the stop signal, the train trip function shall be suppressed.
",when the train passes the stop signal the train trip function shall be suppressed
DS3.xlsx,813,"When the train passes the stop signal, the train trip function shall be suppressed.",when the train passes the stop signal the train trip function shall be suppressed
DS1.xlsx,129,"When using more than one traction unit this function shall be disabled in all but the leading traction unit.
",when using more than one traction unit this function shall be disabled in all but the leading traction unit
DS3.xlsx,797,When using more than one traction unit this function shall be disabled in all but the leading traction unit.,when using more than one traction unit this function shall be disabled in all but the leading traction unit
DS3.xlsx,772,Where failure to apply the full service brake is detected the emergency brake shall stop the train in rear of the danger point.,where failure to apply the full service brake is detected the emergency brake shall stop the train in rear of the danger point
DS1.xlsx,104,"Where failure to apply the full service brake is detected the emergency brake shall stop the train in rear of the danger point.
",where failure to apply the full service brake is detected the emergency brake shall stop the train in rear of the danger point
DS3.xlsx,788,"Within the braking curve area, a warning shall be given to the driver to enable him to react and avoid intervention from ETCS equipment at least 5 sec. before the intervention.",within the braking curve area a warning shall be given to the driver to enable him to react and avoid intervention from etcs equipment at least 5 sec before the intervention
DS1.xlsx,120,"Within the braking curve area, a warning shall be given to the driver to enable him to react and avoid intervention from ETCS equipment at least 5 sec. before the intervention.
",within the braking curve area a warning shall be given to the driver to enable him to react and avoid intervention from etcs equipment at least 5 sec before the intervention
DS1.xlsx,254,"
           Writing style: The reading and understanding of the textual content on the screen should be supported by suitable means, including the use of short sentences, the division of the text into shorter chunks or the presentation of content items in the form of bullet points.
           ",writing style the reading and understanding of the textual content on the screen should be supported by suitable means including the use of short sentences the division of the text into shorter chunks or the presentation of content items in the form of bullet points
DS3.xlsx,609,"Writing style: The reading and understanding of the textual content on the screen should be supported by suitable means, including the use of short sentences, the division of the text into shorter chunks or the presentation of content items in the form of bullet points.",writing style the reading and understanding of the textual content on the screen should be supported by suitable means including the use of short sentences the division of the text into shorter chunks or the presentation of content items in the form of bullet points
DS3.xlsx,1501,Yoggie shall coordinate on future enhancement and features with our organization.,yoggie shall coordinate on future enhancement and features with our organization
DS1.xlsx,961,Yoggie shall coordinate on future enhancement and features with our organization.,yoggie shall coordinate on future enhancement and features with our organization
