normalized_requirement,category,sources,values_found,records_compared,details
2 1 1 the network services necessary to meet the range of uic requirements are detailed below these services are to be considered as a minimum set for implementation within each uic standard network railways may implement additional network services as desired i,subjective,DS1.xlsx; DS3.xlsx,0; 1,2,"DS1.xlsx, row 316: necessary | DS3.xlsx, row 869: -"
2 1 1 the network services necessary to meet the range of uic requirements are detailed below these services are to be considered as a minimum set for implementation within each uic standard network railways may implement additional network services as desired i,ambiguous,DS1.xlsx; DS3.xlsx,0; 1,2,"DS1.xlsx, row 316: minimum | DS3.xlsx, row 869: -"
2 1 1 the network services necessary to meet the range of uic requirements are detailed below these services are to be considered as a minimum set for implementation within each uic standard network railways may implement additional network services as desired i,open_ended,DS1.xlsx; DS3.xlsx,0; 1,2,"DS1.xlsx, row 316: additional | DS3.xlsx, row 869: -"
2 2 13 group voice calls provide voice communications between a number of users in a pre defined local area all of whom are members of the same call group i,subjective,DS1.xlsx; DS3.xlsx,0; 1,2,"DS1.xlsx, row 329: same | DS3.xlsx, row 882: -"
2 2 4 such point to point calls shall allow both parties to talk simultaneously m public emergency voice calls,subjective,DS1.xlsx; DS3.xlsx,0; 1,2,"DS1.xlsx, row 320: emergency | DS3.xlsx, row 873: -"
2 2 5 the system shall allow a user to make public emergency point to point voice calls m,subjective,DS1.xlsx; DS3.xlsx,0; 1,2,"DS1.xlsx, row 321: emergency | DS3.xlsx, row 874: -"
2 2 6 such emergency calls include 112 calls and may not be used for railway emergencies i broadcast voice calls,subjective,DS1.xlsx; DS3.xlsx,0; 1,2,"DS1.xlsx, row 322: emergency | DS3.xlsx, row 875: -"
2 2 6 such emergency calls include 112 calls and may not be used for railway emergencies i broadcast voice calls,negative,DS1.xlsx; DS3.xlsx,0; 1,2,"DS1.xlsx, row 322: not | DS3.xlsx, row 875: -"
2 2 8 broadcast voice calls provide one way voice communications from a single user to multiple users in a pre defined local area all of whom are members of the same call group i,subjective,DS1.xlsx; DS3.xlsx,0; 1,2,"DS1.xlsx, row 324: same | DS3.xlsx, row 877: -"
2 2 8 broadcast voice calls provide one way voice communications from a single user to multiple users in a pre defined local area all of whom are members of the same call group i,open_ended,DS1.xlsx; DS3.xlsx,0; 1,2,"DS1.xlsx, row 324: multiple | DS3.xlsx, row 877: -"
2 2 9 the composition of call groups shall be able to be modified within the network a single user shall be able to be a member of one or more call groups m,open_ended,DS1.xlsx; DS3.xlsx,0; 1,2,"DS1.xlsx, row 325: more | DS3.xlsx, row 878: -"
2 3 12 where fax functionality is provided it shall be possible to interrupt the fax to make or receive a high priority voice or data call m train control applications,subjective,DS1.xlsx; DS3.xlsx,0; 1,2,"DS1.xlsx, row 346: high | DS3.xlsx, row 899: -"
2 3 15 communications for train control may be characterised as low data rate per train however in some areas there will be a high density of trains requiring simultaneous communications i,subjective,DS1.xlsx; DS3.xlsx,0; 1,2,"DS1.xlsx, row 348: low | DS3.xlsx, row 902: -"
2 3 4 if the text message facility is implemented it shall not interfere with the ability of users to make or receive high priority voice or data calls m general data applications,negative,DS1.xlsx; DS3.xlsx,0; 1,2,"DS1.xlsx, row 338: not | DS3.xlsx, row 891: -"
2 3 8 the network shall support data rates of at least 2 4 kbit s m,ambiguous,DS1.xlsx; DS3.xlsx,0; 1,2,"DS1.xlsx, row 342: atleast | DS3.xlsx, row 895: -"
2 3 9 higher data rates will be required by some data applications in order to provide the necessary performance and acceptable transmission times i,subjective,DS1.xlsx; DS3.xlsx,0; 1,2,"DS1.xlsx, row 343: necessary | DS3.xlsx, row 896: -"
2 3 9 higher data rates will be required by some data applications in order to provide the necessary performance and acceptable transmission times i,ambiguous,DS1.xlsx; DS3.xlsx,0; 1,2,"DS1.xlsx, row 343: some | DS3.xlsx, row 896: -"
2 3 9 higher data rates will be required by some data applications in order to provide the necessary performance and acceptable transmission times i,comparative,DS1.xlsx; DS3.xlsx,0; 1,2,"DS1.xlsx, row 343: Higher | DS3.xlsx, row 896: -"
2 4 10 it shall be possible for an incoming call or data message for one user to be forwarded to another user using functionality provided by the network m,vague_pronoun,DS1.xlsx; DS3.xlsx,0; 1,2,"DS1.xlsx, row 359: another | DS3.xlsx, row 913: -"
2 4 11 in the case of voice calls it shall be possible for the user who is attempting to forward a call to converse with the intended recipient prior to forwarding m,subjective,DS1.xlsx; DS3.xlsx,0; 1,2,"DS1.xlsx, row 360: intended | DS3.xlsx, row 914: -"
2 4 6 this mechanism shall allow calls with a higher assigned priority to override pre empt existing calls of a lower priority m,comparative,DS1.xlsx; DS3.xlsx,0; 1,2,"DS1.xlsx, row 355: higher*lower | DS3.xlsx, row 909: -"
3 2 1 for network planning the coverage level is defined in terms of time and area where the minimum signal criteria are achieved i,ambiguous,DS1.xlsx; DS3.xlsx,0; 1,2,"DS1.xlsx, row 366: minimum | DS3.xlsx, row 924: -"
3 2 2 the level of coverage should be at least 95 of the time over 95 of the designated coverage area for a radio installed in a vehicle with an external antenna o,subjective,DS1.xlsx; DS3.xlsx,0; 1,2,"DS1.xlsx, row 367: external | DS3.xlsx, row 925: -"
3 2 2 the level of coverage should be at least 95 of the time over 95 of the designated coverage area for a radio installed in a vehicle with an external antenna o,ambiguous,DS1.xlsx; DS3.xlsx,0; 1,2,"DS1.xlsx, row 367: atleast | DS3.xlsx, row 925: -"
3 2 4 the land based part of the system shall provide communications for mobiles when stationary and when travelling at speeds up to the maximum allowable line speed or,ambiguous,DS1.xlsx; DS3.xlsx,0; 1,2,"DS1.xlsx, row 369: maximum | DS3.xlsx, row 927: -"
3 2 4 the land based part of the system shall provide communications for mobiles when stationary and when travelling at speeds up to the maximum allowable line speed or,superlative,DS1.xlsx; DS3.xlsx,0; 1,2,"DS1.xlsx, row 369: - | DS3.xlsx, row 927: maximum"
3 3 3 network interconnection is subject to a bilateral agreement between network operators the interconnection between the networks must as a minimum be compliant with applicable open specifications i,ambiguous,DS1.xlsx; DS3.xlsx,0; 1,2,"DS1.xlsx, row 370: minimum | DS3.xlsx, row 930: -"
3 3 4 during the process of moving from one gsm r network to another the system must minimise the inconvenience to the user i,subjective,DS1.xlsx; DS3.xlsx,0; 1,2,"DS1.xlsx, row 371: inconvenience | DS3.xlsx, row 931: -"
3 3 4 during the process of moving from one gsm r network to another the system must minimise the inconvenience to the user i,vague_pronoun,DS1.xlsx; DS3.xlsx,0; 1,2,"DS1.xlsx, row 371: another | DS3.xlsx, row 931: -"
3 4 1 call set up time requirements are dependent mainly upon priority see section 10 2 i,subjective,DS1.xlsx; DS3.xlsx,0; 1,2,"DS1.xlsx, row 372: priority | DS3.xlsx, row 932: -"
3 4 2i the requirements for end to end call set up performance are indicated in table 3 1 i call type call set up time railway emergency calls 2s m group calls between drivers in the same area 5s m all operational mobile to fixed calls not 5s o covered by the above all operational fixed to mobile calls not 7s o covered by the above all operational mobile to mobile calls not 10s o covered by the above all low priority calls 10s o table 3 1 call set up time requirements this call set up time refers to the beginning of the audible indication as part of stage 1 warning specified in 13 2 2,subjective,DS1.xlsx; DS3.xlsx,0; 1,2,"DS1.xlsx, row 376: low*part | DS3.xlsx, row 936: -"
3 4 2i the requirements for end to end call set up performance are indicated in table 3 1 i call type call set up time railway emergency calls 2s m group calls between drivers in the same area 5s m all operational mobile to fixed calls not 5s o covered by the above all operational fixed to mobile calls not 7s o covered by the above all operational mobile to mobile calls not 10s o covered by the above all low priority calls 10s o table 3 1 call set up time requirements this call set up time refers to the beginning of the audible indication as part of stage 1 warning specified in 13 2 2,open_ended,DS1.xlsx; DS3.xlsx,0; 1,2,"DS1.xlsx, row 376: indication | DS3.xlsx, row 936: -"
3 4 4 set up times shall include the time required for any translation of functional numbers internal to the eirene network m,subjective,DS1.xlsx; DS3.xlsx,0; 1,2,"DS1.xlsx, row 375: internal | DS3.xlsx, row 935: -"
3 4 4 set up times shall include the time required for any translation of functional numbers internal to the eirene network m,open_ended,DS1.xlsx; DS3.xlsx,0; 1,2,"DS1.xlsx, row 375: required | DS3.xlsx, row 935: -"
3 5 4 the definition of each broadcast or group call area should take into account factors such as the speed of trains on the line stopping distance and the operational control areas o,subjective,DS1.xlsx; DS3.xlsx,0; 1,2,"DS1.xlsx, row 380: stoppingdistance*control*area | DS3.xlsx, row 940: -"
3 5 5 it is acceptable that mobiles which move out of the call area during the call be dropped from the call i,vague_pronoun,DS1.xlsx; DS3.xlsx,0; 1,2,"DS1.xlsx, row 381: which | DS3.xlsx, row 941: -"
3 5 7 cab radios configured for reception of a call to all drivers in the same area entering an area where a call to all drivers in the same area is ongoing shall automatically join this call unless involved in a higher priority call or involved in a call of the same priority m,subjective,DS1.xlsx; DS3.xlsx,0; 1,2,"DS1.xlsx, row 383: priority | DS3.xlsx, row 943: -"
4 1 1 all eirene mobiles are specified with a common level of basic services facilities and features this section of the specification gives details of these core requirements while sections 5 6 and 7 detail requirements specific to each of the radio types i,subjective,DS1.xlsx; DS3.xlsx,0; 1,2,"DS1.xlsx, row 385: basic | DS3.xlsx, row 945: -"
4 1 1 all eirene mobiles are specified with a common level of basic services facilities and features this section of the specification gives details of these core requirements while sections 5 6 and 7 detail requirements specific to each of the radio types i,open_ended,DS1.xlsx; DS3.xlsx,0; 1,2,"DS1.xlsx, row 385: details | DS3.xlsx, row 945: -"
4 1 1 all eirene mobiles are specified with a common level of basic services facilities and features this section of the specification gives details of these core requirements while sections 5 6 and 7 detail requirements specific to each of the radio types i,vague_pronoun,DS1.xlsx; DS3.xlsx,0; 1,2,"DS1.xlsx, row 385: This | DS3.xlsx, row 945: -"
4 1 1i where there are mandatory requirements for human machine interface attributes that are not defined in this specification the decision for the way of presentation is a national issue in any case these national solutions must not conflict with those of the cenelec standard in particular for the actions required from the drivers of trains passing the borders i,subjective,DS1.xlsx; DS3.xlsx,0; 1,2,"DS1.xlsx, row 389: particular | DS3.xlsx, row 949: -"
4 1 1i where there are mandatory requirements for human machine interface attributes that are not defined in this specification the decision for the way of presentation is a national issue in any case these national solutions must not conflict with those of the cenelec standard in particular for the actions required from the drivers of trains passing the borders i,vague_pronoun,DS1.xlsx; DS3.xlsx,0; 1,2,"DS1.xlsx, row 389: that | DS3.xlsx, row 949: -"
4 1 2 three distinct mobile radio types are required based on the type of role they will perform and the environment in which they will operate as follows i a cab radio for use by the driver of a train and or by other on train systems eg ertms etcs b general purpose radio for general use by railway personnel c operational radio for use by railway personnel involved in train operations such as shunting and trackside maintenance note it is possible that the general purpose and operational radios may have a number of variants to meet railway requirements eg handheld and vehicle mounted,subjective,DS1.xlsx; DS3.xlsx,0; 1,2,"DS1.xlsx, row 386: distinct*general | DS3.xlsx, row 946: -"
4 1 2 three distinct mobile radio types are required based on the type of role they will perform and the environment in which they will operate as follows i a cab radio for use by the driver of a train and or by other on train systems eg ertms etcs b general purpose radio for general use by railway personnel c operational radio for use by railway personnel involved in train operations such as shunting and trackside maintenance note it is possible that the general purpose and operational radios may have a number of variants to meet railway requirements eg handheld and vehicle mounted,open_ended,DS1.xlsx; DS3.xlsx,0; 1,2,"DS1.xlsx, row 386: possible | DS3.xlsx, row 946: -"
4 1 2 three distinct mobile radio types are required based on the type of role they will perform and the environment in which they will operate as follows i a cab radio for use by the driver of a train and or by other on train systems eg ertms etcs b general purpose radio for general use by railway personnel c operational radio for use by railway personnel involved in train operations such as shunting and trackside maintenance note it is possible that the general purpose and operational radios may have a number of variants to meet railway requirements eg handheld and vehicle mounted,vague_pronoun,DS1.xlsx; DS3.xlsx,0; 1,2,"DS1.xlsx, row 386: other | DS3.xlsx, row 946: -"
4 1 4 mobile equipment shall function correctly when travelling at speeds from 0 km h to,ambiguous,DS1.xlsx; DS3.xlsx,0; 1,2,"DS1.xlsx, row 388: correctly | DS3.xlsx, row 948: -"
4 3 1 this sub section defines the core environmental and physical requirements for all eirene mobile equipment the requirements provided in this section are augmented by those provided in later sections for each individual radio type with each radio type being specified by the superset of the core plus specific requirements i,subjective,DS1.xlsx; DS3.xlsx,0; 1,2,"DS1.xlsx, row 394: - | DS3.xlsx, row 954: specific"
4 3 1 this sub section defines the core environmental and physical requirements for all eirene mobile equipment the requirements provided in this section are augmented by those provided in later sections for each individual radio type with each radio type being specified by the superset of the core plus specific requirements i,ambiguous,DS1.xlsx; DS3.xlsx,0; 1,2,"DS1.xlsx, row 394: later | DS3.xlsx, row 954: -"
4 3 1 this sub section defines the core environmental and physical requirements for all eirene mobile equipment the requirements provided in this section are augmented by those provided in later sections for each individual radio type with each radio type being specified by the superset of the core plus specific requirements i,vague_pronoun,DS1.xlsx; DS3.xlsx,0; 1,2,"DS1.xlsx, row 394: this | DS3.xlsx, row 954: -"
4 3 10 eirene mobiles will generate electromagnetic emissions it is the responsibility of national railways operating eirene networks to ensure that eirene equipment does not interfere with the normal operation of any on train or ground based systems i,subjective,DS1.xlsx; DS3.xlsx,0; 1,2,"DS1.xlsx, row 402: normal | DS3.xlsx, row 963: -"
4 3 3 in normal operation of a mobile radio unit it is expected that a combination of the above environmental conditions will be experienced i,subjective,DS1.xlsx; DS3.xlsx,0; 1,2,"DS1.xlsx, row 395: normal | DS3.xlsx, row 956: -"
4 3 4 any environmental and physical requirements stated may be superseded by national requirements if the national standards provide a higher level of environmental and physical protection however stricter national standards shall not prevent the use of other eirene mobiles in that country m,comparative,DS1.xlsx; DS3.xlsx,0; 1,2,"DS1.xlsx, row 396: higher | DS3.xlsx, row 957: -"
4 3 4 any environmental and physical requirements stated may be superseded by national requirements if the national standards provide a higher level of environmental and physical protection however stricter national standards shall not prevent the use of other eirene mobiles in that country m,vague_pronoun,DS1.xlsx; DS3.xlsx,0; 1,2,"DS1.xlsx, row 396: other | DS3.xlsx, row 957: -"
4 3 6 any pressure pulses caused by vehicles passing entering or leaving tunnels shall not affect the normal operation of eirene mobile equipment m physical conditions,subjective,DS1.xlsx; DS3.xlsx,0; 1,2,"DS1.xlsx, row 398: normal | DS3.xlsx, row 959: -"
4 3 9 the batteries to be used in the mobile equipment shall have sufficient capacity to support typical railway use m electromagnetic compatibility,subjective,DS1.xlsx; DS3.xlsx,0; 1,2,"DS1.xlsx, row 401: sufficient | DS3.xlsx, row 962: -"
5 1 1 this section identifies the functional requirements for the eirene cab radio it covers the functionality provided by the cab radio driver mmi and support to other on train systems i,vague_pronoun,DS1.xlsx; DS3.xlsx,0; 1,2,"DS1.xlsx, row 403: other | DS3.xlsx, row 965: -"
5 2 2 12 an audible and visual indication shall be provided to the driver that the call is proceeding m,open_ended,DS1.xlsx; DS3.xlsx,0; 1,2,"DS1.xlsx, row 421: indication | DS3.xlsx, row 986: -"
5 2 2 13 once connected the driver shall be able to communicate with other driver s by using the push to talk button on the handset an indication shall be provided to the driver as a reminder of the need to use the push to talk button on the handset if he wants to talk m,open_ended,DS1.xlsx; DS3.xlsx,0; 1,2,"DS1.xlsx, row 422: indication | DS3.xlsx, row 987: -"
5 2 2 13 once connected the driver shall be able to communicate with other driver s by using the push to talk button on the handset an indication shall be provided to the driver as a reminder of the need to use the push to talk button on the handset if he wants to talk m,vague_pronoun,DS1.xlsx; DS3.xlsx,0; 1,2,"DS1.xlsx, row 422: other | DS3.xlsx, row 987: -"
5 2 2 16 if the train moves out of the group call area whilst the call is in progress an audible and visual indication of the loss of call shall be provided to the driver m,open_ended,DS1.xlsx; DS3.xlsx,0; 1,2,"DS1.xlsx, row 425: grouparea*indication | DS3.xlsx, row 990: -"
5 2 2 17 if the system is not able to connect the call an audible and visual indication shall be provided to the driver m send railway emergency call,open_ended,DS1.xlsx; DS3.xlsx,0; 1,2,"DS1.xlsx, row 426: indication | DS3.xlsx, row 991: -"
5 2 2 19 if a train borne recorder is connected to the cab radio details of the activation termination and any failures of the emergency function shall be sent to the train borne recorder as each event occurs m,open_ended,DS1.xlsx; DS3.xlsx,0; 1,2,"DS1.xlsx, row 428: detail | DS3.xlsx, row 993: -"
5 2 2 20 a continuous visual and short audible indication from 0 to 20 seconds for trials 5 seconds that the emergency function has been activated shall be provided in the cab note that when the handset is off hook the audible indication shall be sounded from the loudspeaker at a low volume but shall not be sounded from the handset m,subjective,DS1.xlsx; DS3.xlsx,0; 1,2,"DS1.xlsx, row 429: short*low | DS3.xlsx, row 994: -"
5 2 2 20 a continuous visual and short audible indication from 0 to 20 seconds for trials 5 seconds that the emergency function has been activated shall be provided in the cab note that when the handset is off hook the audible indication shall be sounded from the loudspeaker at a low volume but shall not be sounded from the handset m,open_ended,DS1.xlsx; DS3.xlsx,0; 1,2,"DS1.xlsx, row 429: indication | DS3.xlsx, row 994: -"
5 2 2 21 once the railway emergency call is connected and the audible indication is finished an indication shall be provided to the driver as a reminder of the need to use the push to talk button on the handset if he wants to speak m,open_ended,DS1.xlsx; DS3.xlsx,0; 1,2,"DS1.xlsx, row 430: indication | DS3.xlsx, row 995: -"
5 2 2 23 if the train moves out of the call area whilst the call is in progress it will leave the call and an audible and visual indication of the loss of call shall be provided to the driver m,subjective,DS1.xlsx; DS3.xlsx,0; 1,2,"DS1.xlsx, row 432: area | DS3.xlsx, row 997: -"
5 2 2 23 if the train moves out of the call area whilst the call is in progress it will leave the call and an audible and visual indication of the loss of call shall be provided to the driver m,open_ended,DS1.xlsx; DS3.xlsx,0; 1,2,"DS1.xlsx, row 432: indication | DS3.xlsx, row 997: -"
5 2 2 24 once the call is terminated the continuous visual alarm indication in the cab shall cease m,open_ended,DS1.xlsx; DS3.xlsx,0; 1,2,"DS1.xlsx, row 433: indication | DS3.xlsx, row 998: -"
5 2 2 25 if the system is not able to connect the call an audible and visual indication shall be provided to the driver m communicate with other drivers on same train,open_ended,DS1.xlsx; DS3.xlsx,0; 1,2,"DS1.xlsx, row 434: indication | DS3.xlsx, row 999: -"
5 2 2 26 many trains employ multiple active traction vehicles where these vehicles are not connected by on train wire connections it shall be possible for the lead driver to establish a permanent radio connection between each of the active cabs m,subjective,DS1.xlsx; DS3.xlsx,0; 1,2,"DS1.xlsx, row 435: permanent | DS3.xlsx, row 1000: -"
5 2 2 28 whilst on going a multi drivers indication shall be displayed permanently at all cab radios m,open_ended,DS1.xlsx; DS3.xlsx,0; 1,2,"DS1.xlsx, row 437: indication | DS3.xlsx, row 1002: -"
5 2 2 3 once an appropriate destination has been obtained the radio shall attempt to establish a call to this destination the functional identity shall be displayed to the controller m,subjective,DS1.xlsx; DS3.xlsx,0; 1,2,"DS1.xlsx, row 412: appropropriate | DS3.xlsx, row 976: -"
5 2 2 32 if a driver is disconnected from the multi driver call a clear indication shall be given m,open_ended,DS1.xlsx; DS3.xlsx,0; 1,2,"DS1.xlsx, row 441: indication | DS3.xlsx, row 1006: -"
5 2 2 33 the setting up and closing down of a multi driver call shall be simplified using automation or guidance through the steps required m,subjective,DS1.xlsx; DS3.xlsx,0; 1,2,"DS1.xlsx, row 442: steps | DS3.xlsx, row 1007: -"
5 2 2 33 the setting up and closing down of a multi driver call shall be simplified using automation or guidance through the steps required m,open_ended,DS1.xlsx; DS3.xlsx,0; 1,2,"DS1.xlsx, row 442: simplified | DS3.xlsx, row 1007: -"
5 2 2 35 if any part of the call fails an audible and visual indication shall be provided in the appropriate cab m,subjective,DS1.xlsx; DS3.xlsx,0; 1,2,"DS1.xlsx, row 444: part | DS3.xlsx, row 1009: -"
5 2 2 37 for calls between a controller and the lead cab it shall be possible to add the controller to the multi driver call either the lead driver calls the controller or the controller calls the lead driver in the latter case the controller is automatically added into the multi driver call functional identity of the controller shall be displayed in the leading cab m call train staff,subjective,DS1.xlsx; DS3.xlsx,0; 1,2,"DS1.xlsx, row 446: case | DS3.xlsx, row 1011: -"
5 2 2 4 an audible and visual indication shall be provided to the driver that the call is proceeding m,open_ended,DS1.xlsx; DS3.xlsx,0; 1,2,"DS1.xlsx, row 413: indication | DS3.xlsx, row 978: -"
5 2 2 40 the driver shall then be prompted to select the train staff with which he wishes to communicate m,vague_pronoun,DS1.xlsx; DS3.xlsx,0; 1,2,"DS1.xlsx, row 449: which | DS3.xlsx, row 1014: -"
5 2 2 41 on many trains staff may be connected by intercom or internal telephone rather than by radio it is required that in these cases the cab radio shall be integrated with internal communication systems such that the appropriate means of connection wire or radio will be determined automatically m call other authorised users,subjective,DS1.xlsx; DS3.xlsx,0; 1,2,"DS1.xlsx, row 450: internal*means | DS3.xlsx, row 1015: -"
5 2 2 41 on many trains staff may be connected by intercom or internal telephone rather than by radio it is required that in these cases the cab radio shall be integrated with internal communication systems such that the appropriate means of connection wire or radio will be determined automatically m call other authorised users,open_ended,DS1.xlsx; DS3.xlsx,0; 1,2,"DS1.xlsx, row 450: many | DS3.xlsx, row 1015: -"
5 2 2 41 on many trains staff may be connected by intercom or internal telephone rather than by radio it is required that in these cases the cab radio shall be integrated with internal communication systems such that the appropriate means of connection wire or radio will be determined automatically m call other authorised users,vague_pronoun,DS1.xlsx; DS3.xlsx,0; 1,2,"DS1.xlsx, row 450: other | DS3.xlsx, row 1015: -"
5 2 2 43 an audible and visual indication of an incoming call shall be provided m,open_ended,DS1.xlsx; DS3.xlsx,0; 1,2,"DS1.xlsx, row 452: indication | DS3.xlsx, row 1017: -"
5 2 2 44 the functional identity which may contain an alphanumeric description of the calling party when available shall be displayed m,subjective,DS1.xlsx; DS3.xlsx,0; 1,2,"DS1.xlsx, row 453: available | DS3.xlsx, row 1018: -"
5 2 2 46 once the driver has accepted the standard point to point call it shall be connected appropriately eg if the driver has accepted the call by lifting the handset then the call shall be routed to the handset m receive incoming group or broadcast voice call,subjective,DS1.xlsx; DS3.xlsx,0; 1,2,"DS1.xlsx, row 455: standard | DS3.xlsx, row 1020: -"
5 2 2 46 once the driver has accepted the standard point to point call it shall be connected appropriately eg if the driver has accepted the call by lifting the handset then the call shall be routed to the handset m receive incoming group or broadcast voice call,ambiguous,DS1.xlsx; DS3.xlsx,0; 1,2,"DS1.xlsx, row 455: appropriately, | DS3.xlsx, row 1020: -"
5 2 2 46 once the driver has accepted the standard point to point call it shall be connected appropriately eg if the driver has accepted the call by lifting the handset then the call shall be routed to the handset m receive incoming group or broadcast voice call,open_ended,DS1.xlsx; DS3.xlsx,0; 1,2,"DS1.xlsx, row 455: - | DS3.xlsx, row 1020: appropriately"
5 2 2 47 an audible and visual indication of the incoming call shall be provided when a cab radio receives a group or broadcast call m,open_ended,DS1.xlsx; DS3.xlsx,0; 1,2,"DS1.xlsx, row 456: indication | DS3.xlsx, row 1021: -"
5 2 2 5 when the call is connected to the controller an audible and visual indication is to be provided to the driver the call shall be connected to the loudspeaker at the pre set value m,subjective,DS1.xlsx; DS3.xlsx,0; 1,2,"DS1.xlsx, row 414: pre-set | DS3.xlsx, row 979: -"
5 2 2 5 when the call is connected to the controller an audible and visual indication is to be provided to the driver the call shall be connected to the loudspeaker at the pre set value m,open_ended,DS1.xlsx; DS3.xlsx,0; 1,2,"DS1.xlsx, row 414: indication | DS3.xlsx, row 979: -"
5 2 2 50 the driver shall be informed if a broadcast call is ongoing by a visual indication displayed on the mmi m,open_ended,DS1.xlsx; DS3.xlsx,0; 1,2,"DS1.xlsx, row 459: indication | DS3.xlsx, row 1024: -"
5 2 2 50i it is not possible for the driver to speak as part of the call when receiving a broadcast call i,subjective,DS1.xlsx; DS3.xlsx,0; 1,2,"DS1.xlsx, row 460: part | DS3.xlsx, row 1025: -"
5 2 2 50i it is not possible for the driver to speak as part of the call when receiving a broadcast call i,open_ended,DS1.xlsx; DS3.xlsx,0; 1,2,"DS1.xlsx, row 460: possible | DS3.xlsx, row 1025: -"
5 2 2 50i it is not possible for the driver to speak as part of the call when receiving a broadcast call i,negative,DS1.xlsx; DS3.xlsx,0; 1,2,"DS1.xlsx, row 460: not | DS3.xlsx, row 1025: -"
5 2 2 51 if the call is a group call the driver shall be required to request permission before being able to speak as part of the call by lifting the handset and pushing the push to talk ptt button m,subjective,DS1.xlsx; DS3.xlsx,0; 1,2,"DS1.xlsx, row 461: part | DS3.xlsx, row 1026: -"
5 2 2 52 during a group call a visual indication shall be displayed on the drivers mmi to remind the driver of the need to use the ptt button m,open_ended,DS1.xlsx; DS3.xlsx,0; 1,2,"DS1.xlsx, row 462: indication | DS3.xlsx, row 1027: -"
5 2 2 54 in a group call an audible and visual indication of whether the request to talk was successful shall be provided the driver shall then be able to speak as part of the call whilst the ptt button is pressed m,subjective,DS1.xlsx; DS3.xlsx,0; 1,2,"DS1.xlsx, row 464: part | DS3.xlsx, row 1029: -"
5 2 2 54 in a group call an audible and visual indication of whether the request to talk was successful shall be provided the driver shall then be able to speak as part of the call whilst the ptt button is pressed m,open_ended,DS1.xlsx; DS3.xlsx,0; 1,2,"DS1.xlsx, row 464: indication | DS3.xlsx, row 1029: -"
5 2 2 55 if the train moves out of the group or broadcast call area whilst the call is in progress an audible and visual indication of the loss of call shall be provided to the driver m receive incoming railway emergency call,open_ended,DS1.xlsx; DS3.xlsx,0; 1,2,"DS1.xlsx, row 465: callarea*indication | DS3.xlsx, row 1030: -"
5 2 2 56 reception of this call proceeds as for a standard group or broadcast call except that a distinctive audible and visual indication shall be provided in the cab m,subjective,DS1.xlsx; DS3.xlsx,0; 1,2,"DS1.xlsx, row 466: distinctive | DS3.xlsx, row 1031: -"
5 2 2 56 reception of this call proceeds as for a standard group or broadcast call except that a distinctive audible and visual indication shall be provided in the cab m,open_ended,DS1.xlsx; DS3.xlsx,0; 1,2,"DS1.xlsx, row 466: indication | DS3.xlsx, row 1031: -"
5 2 2 56 reception of this call proceeds as for a standard group or broadcast call except that a distinctive audible and visual indication shall be provided in the cab m,vague_pronoun,DS1.xlsx; DS3.xlsx,0; 1,2,"DS1.xlsx, row 466: This | DS3.xlsx, row 1031: -"
5 2 2 57 if a train borne recorder is connected to the cab radio details of an incoming railway emergency call shall be transmitted to the train borne recorder for recording see section 5 8 m confirm receipt of railway emergency call,open_ended,DS1.xlsx; DS3.xlsx,0; 1,2,"DS1.xlsx, row 467: detail | DS3.xlsx, row 1032: -"
5 2 2 58 an automatic confirmation shall be generated by the cab radio at the end of the railway emergency call as detailed in section 13 m,subjective,DS1.xlsx; DS3.xlsx,0; 1,2,"DS1.xlsx, row 468: automatic | DS3.xlsx, row 1033: -"
5 2 2 58 an automatic confirmation shall be generated by the cab radio at the end of the railway emergency call as detailed in section 13 m,ambiguous,DS1.xlsx; DS3.xlsx,0; 1,2,"DS1.xlsx, row 468: end | DS3.xlsx, row 1033: -"
5 2 2 59 automatic confirmation of receipt of railway emergency calls will be used to provide a means of determining which trains have received a railway emergency call see section 13 i terminate calls,subjective,DS1.xlsx; DS3.xlsx,0; 1,2,"DS1.xlsx, row 469: Automatic*means | DS3.xlsx, row 1034: -"
5 2 2 59 automatic confirmation of receipt of railway emergency calls will be used to provide a means of determining which trains have received a railway emergency call see section 13 i terminate calls,vague_pronoun,DS1.xlsx; DS3.xlsx,0; 1,2,"DS1.xlsx, row 469: - | DS3.xlsx, row 1034: which"
5 2 2 60 the cab radio shall provide a means for the driver to terminate calls which he is authorised to terminate ie all calls except railway emergency calls not initiated by the driver and shunting group calls m,subjective,DS1.xlsx; DS3.xlsx,0; 1,2,"DS1.xlsx, row 470: means | DS3.xlsx, row 1035: -"
5 2 2 60 the cab radio shall provide a means for the driver to terminate calls which he is authorised to terminate ie all calls except railway emergency calls not initiated by the driver and shunting group calls m,negative,DS1.xlsx; DS3.xlsx,0; 1,2,"DS1.xlsx, row 470: not | DS3.xlsx, row 1035: -"
5 2 2 61 for group or broadcast calls a means to leave the call without terminating the call shall be provided m receive text messages,subjective,DS1.xlsx; DS3.xlsx,0; 1,2,"DS1.xlsx, row 471: means | DS3.xlsx, row 1036: -"
5 2 2 62 the cab radio system shall be able to receive incoming text messages see section 12 for details m enter leave shunting mode,open_ended,DS1.xlsx; DS3.xlsx,0; 1,2,"DS1.xlsx, row 472: detail | DS3.xlsx, row 1037: -"
5 2 2 64 a means to enter and leave shunting mode shall be provided m,subjective,DS1.xlsx; DS3.xlsx,0; 1,2,"DS1.xlsx, row 474: means | DS3.xlsx, row 1039: -"
5 2 2 65 the functionality to enter and leave shunting mode shall not be available when there are on going calls involving the cab radio m,negative,DS1.xlsx; DS3.xlsx,0; 1,2,"DS1.xlsx, row 475: not | DS3.xlsx, row 1040: -"
5 2 2 67 if the cab radio is equipped with an additional security device this audible indication may be muted for the drivers convenience in this case the security device alerts the driver if the link has failed or if it is cancelled i enter leave direct mode,open_ended,DS1.xlsx; DS3.xlsx,0; 1,2,"DS1.xlsx, row 477: indication | DS3.xlsx, row 1042: -"
5 2 2 68 it should be possible for the cab radio to be used without the network service if it should fail or if there is no authorised network coverage such that local open channel communications are still possible this mode of operation is termed direct mode see section 15 o,loophole,DS1.xlsx; DS3.xlsx,0; 1,2,"DS1.xlsx, row 478: - | DS3.xlsx, row 1043: possible"
5 2 2 68 it should be possible for the cab radio to be used without the network service if it should fail or if there is no authorised network coverage such that local open channel communications are still possible this mode of operation is termed direct mode see section 15 o,open_ended,DS1.xlsx; DS3.xlsx,0; 1,2,"DS1.xlsx, row 478: possible | DS3.xlsx, row 1043: -"
5 2 2 69 if direct mode is implemented a means to enter and leave direct mode shall be provided m,subjective,DS1.xlsx; DS3.xlsx,0; 1,2,"DS1.xlsx, row 479: means | DS3.xlsx, row 1044: -"
5 2 2 70 if the radio is in direct mode and the normal network service returns the user shall be provided with an audible and visual indication m monitor calls to other on train users devices using the cab radio,subjective,DS1.xlsx; DS3.xlsx,0; 1,2,"DS1.xlsx, row 480: return | DS3.xlsx, row 1045: -"
5 2 2 70 if the radio is in direct mode and the normal network service returns the user shall be provided with an audible and visual indication m monitor calls to other on train users devices using the cab radio,open_ended,DS1.xlsx; DS3.xlsx,0; 1,2,"DS1.xlsx, row 480: indication | DS3.xlsx, row 1045: -"
5 2 2 71 not all communications using the cab radio will involve the driver where these calls involve the cab radio the driver shall be provided with an indication that the cab radio is busy m,open_ended,DS1.xlsx; DS3.xlsx,0; 1,2,"DS1.xlsx, row 481: indication | DS3.xlsx, row 1046: -"
5 2 2 72 for voice calls using the cab radio not involving the driver as a called or calling party the driver shall have the possibility to listen to the audio output of the communication m,ambiguous,DS1.xlsx; DS3.xlsx,0; 1,2,"DS1.xlsx, row 482: possibility | DS3.xlsx, row 1047: -"
5 2 2 74 the driver shall be able to terminate communications voice or data by selecting another call m forward calls to driver handheld,vague_pronoun,DS1.xlsx; DS3.xlsx,0; 1,2,"DS1.xlsx, row 484: another | DS3.xlsx, row 1049: -"
5 2 2 8 if the system is not able to connect the call an audible and visual indication shall be provided to the driver that the call was not received by the controller this shall also indicate if the called party was busy or if the network could not connect the call m call other drivers in the area on other trains,open_ended,DS1.xlsx; DS3.xlsx,0; 1,2,"DS1.xlsx, row 417: indication | DS3.xlsx, row 982: -"
5 2 2 9 it shall be possible for a driver to initiate and participate in group voice calls between drivers in a pre defined geographical area m,subjective,DS1.xlsx; DS3.xlsx,0; 1,2,"DS1.xlsx, row 418: pre-defined | DS3.xlsx, row 983: -"
5 2 2ii picking up the handset shall transfer the communication to the handset and reduce the loudspeaker volume to its minimum level m,ambiguous,DS1.xlsx; DS3.xlsx,0; 1,2,"DS1.xlsx, row 406: - | DS3.xlsx, row 970: minimum"
5 2 2ii picking up the handset shall transfer the communication to the handset and reduce the loudspeaker volume to its minimum level m,open_ended,DS1.xlsx; DS3.xlsx,0; 1,2,"DS1.xlsx, row 406: minimum | DS3.xlsx, row 970: -"
5 2 2v the use of push to talk for all types of communications is acceptable if needed for ergonomic reasons or to avoid the noise of the cab being transmitted to the other party i,superlative,DS1.xlsx; DS3.xlsx,0; 1,2,"DS1.xlsx, row 409: acceptable | DS3.xlsx, row 973: -"
5 2 2v the use of push to talk for all types of communications is acceptable if needed for ergonomic reasons or to avoid the noise of the cab being transmitted to the other party i,vague_pronoun,DS1.xlsx; DS3.xlsx,0; 1,2,"DS1.xlsx, row 409: other | DS3.xlsx, row 973: -"
5 2 3 10 as far as possible the above procedure should also apply on power failure o,loophole,DS1.xlsx; DS3.xlsx,0; 1,2,"DS1.xlsx, row 495: - | DS3.xlsx, row 1060: As far as possible"
5 2 3 10 as far as possible the above procedure should also apply on power failure o,open_ended,DS1.xlsx; DS3.xlsx,0; 1,2,"DS1.xlsx, row 495: possible | DS3.xlsx, row 1060: -"
5 2 3 12 it shall be possible to present radio related prompts and information in a number of different languages m,subjective,DS1.xlsx; DS3.xlsx,0; 1,2,"DS1.xlsx, row 497: related | DS3.xlsx, row 1062: -"
5 2 3 12 it shall be possible to present radio related prompts and information in a number of different languages m,open_ended,DS1.xlsx; DS3.xlsx,0; 1,2,"DS1.xlsx, row 497: different | DS3.xlsx, row 1062: -"
5 2 3 14 it shall be possible for the user to display a list of available languages and select the language in which radio related prompts and information are displayed both at turn on and during a journey eg where a change of drivers may occur m,subjective,DS1.xlsx; DS3.xlsx,0; 1,2,"DS1.xlsx, row 499: available*related | DS3.xlsx, row 1064: -"
5 2 3 15 the languages to be supported will be a matter for each national railway to decide i,subjective,DS1.xlsx; DS3.xlsx,0; 1,2,"DS1.xlsx, row 500: matter | DS3.xlsx, row 1065: -"
5 2 3 16 the radio shall support at least ten different languages m adjust loudspeaker volume,open_ended,DS1.xlsx; DS3.xlsx,0; 1,2,"DS1.xlsx, row 501: different | DS3.xlsx, row 1066: -"
5 2 3 17 by default the loudspeaker volume shall be set to a pre determined level suitable for the operating environment as stored within the system m,subjective,DS1.xlsx; DS3.xlsx,0; 1,2,"DS1.xlsx, row 502: suitable | DS3.xlsx, row 1067: -"
5 2 3 2 at the point of successful connection the cab radio will be able to receive all calls made using the cab radios telephone number engine number or appropriate group call numbers including railway emergency calls i,subjective,DS1.xlsx; DS3.xlsx,0; 1,2,"DS1.xlsx, row 487: appropriate | DS3.xlsx, row 1052: -"
5 2 3 23i when presented with this list it shall be possible for the driver using simple mmi actions to select the required mobile radio network manually whereupon the cab radio shall attempt to attach to this selected network m,subjective,DS1.xlsx; DS3.xlsx,0; 1,2,"DS1.xlsx, row 506: simple | DS3.xlsx, row 1074: -"
5 2 3 23i when presented with this list it shall be possible for the driver using simple mmi actions to select the required mobile radio network manually whereupon the cab radio shall attempt to attach to this selected network m,open_ended,DS1.xlsx; DS3.xlsx,0; 1,2,"DS1.xlsx, row 506: required | DS3.xlsx, row 1074: -"
5 2 3 25 a visual confirmation of the new network identity shall be given to the driver when a manually initiated network change has been completed successfully m 5 2 3 25v directed network selection is suitable for crossing international borders i automatic network selection 5 2 3 25vi the cab radio should be capable of selecting the mobile radio network automatically from a list of suitable networks see section 10 5 o 5 2 3 25vii if automatic network selection is implemented it shall be possible for the driver to activate and deactivate automatic network selection m 5 2 3 25viii automatic network selection shall not be used for international border crossing m 5 2 3 25x if directed network selection and or automatic network selection are implemented the driver shall be informed by means of an audible and visual indication of the new network identity whenever a network change takes place without user intervention m register and deregister train number,subjective,DS1.xlsx; DS3.xlsx,0; 1,2,"DS1.xlsx, row 508: automatic | DS3.xlsx, row 1076: -"
5 2 3 25 a visual confirmation of the new network identity shall be given to the driver when a manually initiated network change has been completed successfully m 5 2 3 25v directed network selection is suitable for crossing international borders i automatic network selection 5 2 3 25vi the cab radio should be capable of selecting the mobile radio network automatically from a list of suitable networks see section 10 5 o 5 2 3 25vii if automatic network selection is implemented it shall be possible for the driver to activate and deactivate automatic network selection m 5 2 3 25viii automatic network selection shall not be used for international border crossing m 5 2 3 25x if directed network selection and or automatic network selection are implemented the driver shall be informed by means of an audible and visual indication of the new network identity whenever a network change takes place without user intervention m register and deregister train number,open_ended,DS1.xlsx; DS3.xlsx,0; 1,2,"DS1.xlsx, row 508: indication | DS3.xlsx, row 1076: -"
5 2 3 25 a visual confirmation of the new network identity shall be given to the driver when a manually initiated network change has been completed successfully m 5 2 3 25v directed network selection is suitable for crossing international borders i automatic network selection 5 2 3 25vi the cab radio should be capable of selecting the mobile radio network automatically from a list of suitable networks see section 10 5 o 5 2 3 25vii if automatic network selection is implemented it shall be possible for the driver to activate and deactivate automatic network selection m 5 2 3 25viii automatic network selection shall not be used for international border crossing m 5 2 3 25x if directed network selection and or automatic network selection are implemented the driver shall be informed by means of an audible and visual indication of the new network identity whenever a network change takes place without user intervention m register and deregister train number,negative,DS1.xlsx; DS3.xlsx,0; 1,2,"DS1.xlsx, row 508: not | DS3.xlsx, row 1076: -"
5 2 3 25i manual network selection is suitable for crossing international borders i directed network selection 5 2 3 25iv if directed network selection is implemented input from the external device s shall initiate the network change regardless of the identity of the current network and how it was selected m 5 2 3 25ix automatic network selection is not suitable for use in areas where there is a risk that the cab radio will change to a foreign network unpredictably i,subjective,DS1.xlsx; DS3.xlsx,0; 1,2,"DS1.xlsx, row 509: automatic | DS3.xlsx, row 1077: -"
5 2 3 25i manual network selection is suitable for crossing international borders i directed network selection 5 2 3 25iv if directed network selection is implemented input from the external device s shall initiate the network change regardless of the identity of the current network and how it was selected m 5 2 3 25ix automatic network selection is not suitable for use in areas where there is a risk that the cab radio will change to a foreign network unpredictably i,negative,DS1.xlsx; DS3.xlsx,0; 1,2,"DS1.xlsx, row 509: not | DS3.xlsx, row 1077: -"
5 2 3 25ii the cab radio should be capable of selecting the mobile radio network as directed by input from an external device eg a balise o,subjective,DS1.xlsx; DS3.xlsx,0; 1,2,"DS1.xlsx, row 510: external | DS3.xlsx, row 1078: -"
5 2 3 25iii if directed network selection is implemented and voice calls are ongoing at the time when the external device attempts to trigger a network change an audible and visual indication shall be given to the driver and network change shall be deferred until the call is terminated or until coverage of the current network is lost m,subjective,DS1.xlsx; DS3.xlsx,0; 1,2,"DS1.xlsx, row 511: external | DS3.xlsx, row 1079: -"
5 2 3 25iii if directed network selection is implemented and voice calls are ongoing at the time when the external device attempts to trigger a network change an audible and visual indication shall be given to the driver and network change shall be deferred until the call is terminated or until coverage of the current network is lost m,open_ended,DS1.xlsx; DS3.xlsx,0; 1,2,"DS1.xlsx, row 511: indication | DS3.xlsx, row 1079: -"
5 2 3 25ix automatic network selection is not suitable for use in areas where there is a risk that the cab radio will change to a foreign network unpredictably i,subjective,DS1.xlsx; DS3.xlsx,0; 1,2,"DS1.xlsx, row 516: automatic | DS3.xlsx, row 1084: -"
5 2 3 25ix automatic network selection is not suitable for use in areas where there is a risk that the cab radio will change to a foreign network unpredictably i,negative,DS1.xlsx; DS3.xlsx,0; 1,2,"DS1.xlsx, row 516: not | DS3.xlsx, row 1084: -"
5 2 3 25v directed network selection is suitable for crossing international borders i automatic network selection,subjective,DS1.xlsx; DS3.xlsx,0; 1,2,"DS1.xlsx, row 512: automatic | DS3.xlsx, row 1080: -"
5 2 3 25vi the cab radio should be capable of selecting the mobile radio network automatically from a list of suitable networks see section 10 5 o,open_ended,DS1.xlsx; DS3.xlsx,0; 1,2,"DS1.xlsx, row 513: - | DS3.xlsx, row 1081: suitable"
5 2 3 25vii if automatic network selection is implemented it shall be possible for the driver to activate and deactivate automatic network selection m,subjective,DS1.xlsx; DS3.xlsx,0; 1,2,"DS1.xlsx, row 514: automatic | DS3.xlsx, row 1082: -"
5 2 3 25viii automatic network selection shall not be used for international border crossing m,subjective,DS1.xlsx; DS3.xlsx,0; 1,2,"DS1.xlsx, row 515: automatic | DS3.xlsx, row 1083: -"
5 2 3 25viii automatic network selection shall not be used for international border crossing m,negative,DS1.xlsx; DS3.xlsx,0; 1,2,"DS1.xlsx, row 515: not | DS3.xlsx, row 1083: -"
5 2 3 25x if directed network selection and or automatic network selection are implemented the driver shall be informed by means of an audible and visual indication of the new network identity whenever a network change takes place without user intervention m register and deregister train number,subjective,DS1.xlsx; DS3.xlsx,0; 1,2,"DS1.xlsx, row 517: automatic | DS3.xlsx, row 1085: -"
5 2 3 25x if directed network selection and or automatic network selection are implemented the driver shall be informed by means of an audible and visual indication of the new network identity whenever a network change takes place without user intervention m register and deregister train number,open_ended,DS1.xlsx; DS3.xlsx,0; 1,2,"DS1.xlsx, row 517: indication | DS3.xlsx, row 1085: -"
5 2 3 26 it shall be possible for the driver to register and deregister a train number in the following ways 1 enter train number m 2 initiate automated request applicable only for leading driver o,subjective,DS1.xlsx; DS3.xlsx,0; 1,2,"DS1.xlsx, row 518: way | DS3.xlsx, row 1086: -"
5 2 3 27 where the driver is required to enter the train number information the information entered shall be shown on the display and require confirmation by the driver before further actions are possible m,open_ended,DS1.xlsx; DS3.xlsx,0; 1,2,"DS1.xlsx, row 519: possible | DS3.xlsx, row 1087: -"
5 2 3 28i where ertms etcs and radio systems are available and the driver is required to enter the train number as part of the initialisation procedure this task shall be carried out only once on the ertms etcs system and the entered number transmitted to the radio system m,subjective,DS1.xlsx; DS3.xlsx,0; 1,2,"DS1.xlsx, row 521: part | DS3.xlsx, row 1089: -"
5 2 3 29 the driver shall be warned by audible and visual indications if a train with the same train number is already registered on the same network m,open_ended,DS1.xlsx; DS3.xlsx,0; 1,2,"DS1.xlsx, row 523: indication | DS3.xlsx, row 1091: -"
5 2 3 30 a means to override the currently registered train number shall be provided to the newly registering driver m,subjective,DS1.xlsx; DS3.xlsx,0; 1,2,"DS1.xlsx, row 524: means | DS3.xlsx, row 1092: -"
5 2 3 30 a means to override the currently registered train number shall be provided to the newly registering driver m,ambiguous,DS1.xlsx; DS3.xlsx,0; 1,2,"DS1.xlsx, row 524: currently | DS3.xlsx, row 1092: -"
5 2 3 31 the driver of the previously registered train shall be informed by audible and visual indications that his train number has been overridden by another driver m,open_ended,DS1.xlsx; DS3.xlsx,0; 1,2,"DS1.xlsx, row 525: indication | DS3.xlsx, row 1093: -"
5 2 3 31 the driver of the previously registered train shall be informed by audible and visual indications that his train number has been overridden by another driver m,vague_pronoun,DS1.xlsx; DS3.xlsx,0; 1,2,"DS1.xlsx, row 525: another | DS3.xlsx, row 1093: -"
5 2 3 32 where a change of train number is required during the course of a trains journey it shall be possible for the driver to initiate the change or override the automatic change this shall be carried out by entering the train number option 1 in 5 2 3 26 m,subjective,DS1.xlsx; DS3.xlsx,0; 1,2,"DS1.xlsx, row 526: automatic | DS3.xlsx, row 1094: -"
5 2 3 36 where an on train bus is connected to the cab radio deregistration of functional numbers can be performed on an individual basis and also by the train driver by one action for all users including the driver at the end of the journey when the train number is no longer associated with the train o register and deregister stock number engine coach number,subjective,DS1.xlsx; DS3.xlsx,0; 1,2,"DS1.xlsx, row 530: basis | DS3.xlsx, row 1098: -"
5 2 3 36 where an on train bus is connected to the cab radio deregistration of functional numbers can be performed on an individual basis and also by the train driver by one action for all users including the driver at the end of the journey when the train number is no longer associated with the train o register and deregister stock number engine coach number,ambiguous,DS1.xlsx; DS3.xlsx,0; 1,2,"DS1.xlsx, row 530: end | DS3.xlsx, row 1098: -"
5 2 3 37 there shall be a fixed relationship between the telephone numbers of radios installed in the locomotive coach and the stock number which shall remain even if the radio is changed m,open_ended,DS1.xlsx; DS3.xlsx,0; 1,2,"DS1.xlsx, row 531: relationship | DS3.xlsx, row 1099: -"
5 2 3 37 there shall be a fixed relationship between the telephone numbers of radios installed in the locomotive coach and the stock number which shall remain even if the radio is changed m,vague_pronoun,DS1.xlsx; DS3.xlsx,0; 1,2,"DS1.xlsx, row 531: - | DS3.xlsx, row 1099: which"
5 2 3 40 it shall be possible for the driver to find and display stored numbers and their information m,open_ended,DS1.xlsx; DS3.xlsx,0; 1,2,"DS1.xlsx, row 534: information | DS3.xlsx, row 1102: -"
5 2 3 41 it should be possible for the driver to store and overwrite numbers and their details in the cab radio o invoke supplementary services,open_ended,DS1.xlsx; DS3.xlsx,0; 1,2,"DS1.xlsx, row 535: detail | DS3.xlsx, row 1103: -"
5 2 3 43 the actions required from the driver will be as simple as possible i invoke tests,subjective,DS1.xlsx; DS3.xlsx,0; 1,2,"DS1.xlsx, row 537: simple | DS3.xlsx, row 1105: -"
5 2 3 43 the actions required from the driver will be as simple as possible i invoke tests,loophole,DS1.xlsx; DS3.xlsx,0; 1,2,"DS1.xlsx, row 537: - | DS3.xlsx, row 1105: as simple as possible"
5 2 3 43 the actions required from the driver will be as simple as possible i invoke tests,open_ended,DS1.xlsx; DS3.xlsx,0; 1,2,"DS1.xlsx, row 537: possible | DS3.xlsx, row 1105: -"
5 2 3 44 it shall be possible to initiate tests of the radio to provide the driver with a reasonable level of certainty that the radio and mmi are working m,subjective,DS1.xlsx; DS3.xlsx,0; 1,2,"DS1.xlsx, row 538: reasonable | DS3.xlsx, row 1106: -"
5 2 3 46 the result of the tests shall be displayed in a similar format to the self test when mmi is powered on m,ambiguous,DS1.xlsx; DS3.xlsx,0; 1,2,"DS1.xlsx, row 540: similar | DS3.xlsx, row 1108: -"
5 2 3 5 the mmi on off control shall be designed to prevent accidental activation deactivation m,subjective,DS1.xlsx; DS3.xlsx,0; 1,2,"DS1.xlsx, row 490: accidental | DS3.xlsx, row 1055: -"
5 2 3 8 the time should be able to be varied between 0 and 240 minutes as a maintenance t function allowing the radio to power up in a consistent state following minor operational procedures or power interruptions o,subjective,DS1.xlsx; DS3.xlsx,0; 1,2,"DS1.xlsx, row 493: consistent | DS3.xlsx, row 1058: -"
5 2 3 8 the time should be able to be varied between 0 and 240 minutes as a maintenance t function allowing the radio to power up in a consistent state following minor operational procedures or power interruptions o,comparative,DS1.xlsx; DS3.xlsx,0; 1,2,"DS1.xlsx, row 493: minor | DS3.xlsx, row 1058: -"
5 2 4 1 the cab radio system may be required to be able to handle incoming and outgoing calls not only to and from the driver but also to and from other on train users and devices conductor public address system data systems etc via appropriate interfaces and ports i,subjective,DS1.xlsx; DS3.xlsx,0; 1,2,"DS1.xlsx, row 541: appropriate | DS3.xlsx, row 1109: -"
5 2 4 1 the cab radio system may be required to be able to handle incoming and outgoing calls not only to and from the driver but also to and from other on train users and devices conductor public address system data systems etc via appropriate interfaces and ports i,open_ended,DS1.xlsx; DS3.xlsx,0; 1,2,"DS1.xlsx, row 541: - | DS3.xlsx, row 1109: appropriate"
5 2 4 13 if run time diagnostics are implemented diagnostic tests shall not interfere with normal operation of the cab radio m,subjective,DS1.xlsx; DS3.xlsx,0; 1,2,"DS1.xlsx, row 553: normal | DS3.xlsx, row 1121: -"
5 2 4 14 railways will require facilities to support the use of automatic test equipment with mobile radios i,subjective,DS1.xlsx; DS3.xlsx,0; 1,2,"DS1.xlsx, row 554: automatic | DS3.xlsx, row 1122: -"
5 2 4 14 railways will require facilities to support the use of automatic test equipment with mobile radios i,open_ended,DS1.xlsx; DS3.xlsx,0; 1,2,"DS1.xlsx, row 554: facilities | DS3.xlsx, row 1122: -"
5 2 4 4 the cab radio may be required to set up calls from a number of different sources therefore the radio shall provide a priority function for calls from different sources in order to handle contention for the radio m,subjective,DS1.xlsx; DS3.xlsx,0; 1,2,"DS1.xlsx, row 544: priority | DS3.xlsx, row 1112: -"
5 2 4 6 the cab radio shall be capable of handling contention between calls of differing priorities m,subjective,DS1.xlsx; DS3.xlsx,0; 1,2,"DS1.xlsx, row 546: priorities | DS3.xlsx, row 1114: -"
5 2 4 8 where pre emption occurs an advisory indication may be provided to the pre empted parties o,subjective,DS1.xlsx; DS3.xlsx,0; 1,2,"DS1.xlsx, row 548: advisory | DS3.xlsx, row 1116: -"
5 2 4 8 where pre emption occurs an advisory indication may be provided to the pre empted parties o,open_ended,DS1.xlsx; DS3.xlsx,0; 1,2,"DS1.xlsx, row 548: indication | DS3.xlsx, row 1116: -"
5 3 2 the radio equipment that will be mounted in rolling stock can be split into two classes in cab equipment and external equipment each type of equipment has slightly different requirements placed upon it in terms of emc and climate uic fiche 651 is a useful reference concerning the layout of cab equipment i physical conditions,subjective,DS1.xlsx; DS3.xlsx,0; 1,2,"DS1.xlsx, row 556: external**useful*reference | DS3.xlsx, row 1124: -"
5 3 3 measures should be taken to reduce the risk of theft of radio equipment examples of such measures include physical protection alarms and access control measures i,open_ended,DS1.xlsx; DS3.xlsx,0; 1,2,"DS1.xlsx, row 557: include | DS3.xlsx, row 1125: -"
5 3 4 ease of maintenance should be taken into account in the design and installation of radio equipment for example maintenance access to antennas on vehicles should be provided i electrical,subjective,DS1.xlsx; DS3.xlsx,0; 1,2,"DS1.xlsx, row 558: ease | DS3.xlsx, row 1126: -"
5 3 6 requirements on electromagnetic emissions for the cab radio are to be more stringent than those defined for other radio types due to close proximity to other train mounted control and protection equipment and higher transmission power i,subjective,DS1.xlsx; DS3.xlsx,0; 1,2,"DS1.xlsx, row 560: - | DS3.xlsx, row 1128: stringent"
5 3 6 requirements on electromagnetic emissions for the cab radio are to be more stringent than those defined for other radio types due to close proximity to other train mounted control and protection equipment and higher transmission power i,open_ended,DS1.xlsx; DS3.xlsx,0; 1,2,"DS1.xlsx, row 560: requirements | DS3.xlsx, row 1128: -"
5 3 6 requirements on electromagnetic emissions for the cab radio are to be more stringent than those defined for other radio types due to close proximity to other train mounted control and protection equipment and higher transmission power i,comparative,DS1.xlsx; DS3.xlsx,0; 1,2,"DS1.xlsx, row 560: higher*more | DS3.xlsx, row 1128: -"
5 4 13 some cab radios may need to be operated by staff wearing gloves and controls may need to be suitable for use in a wide range of conditions eg splash proof and suitable for viewing in direct sunlight and in darkness o,subjective,DS1.xlsx; DS3.xlsx,0; 1,2,"DS1.xlsx, row 573: suitable | DS3.xlsx, row 1142: -"
5 4 13 some cab radios may need to be operated by staff wearing gloves and controls may need to be suitable for use in a wide range of conditions eg splash proof and suitable for viewing in direct sunlight and in darkness o,open_ended,DS1.xlsx; DS3.xlsx,0; 1,2,"DS1.xlsx, row 573: condition | DS3.xlsx, row 1142: -"
5 4 14 where there is a risk that stored numbers or other set up details may be accidentally changed facilities should be provided on the cab radio in order to prevent this happening o,open_ended,DS1.xlsx; DS3.xlsx,0; 1,2,"DS1.xlsx, row 574: details | DS3.xlsx, row 1143: -"
5 4 15 cab radios shall provide a means of preventing tampering m service availability,subjective,DS1.xlsx; DS3.xlsx,0; 1,2,"DS1.xlsx, row 575: means | DS3.xlsx, row 1144: -"
5 4 16 if contact with the mobile radio network is lost then the cab radio shall give an audible and visual indication m,open_ended,DS1.xlsx; DS3.xlsx,0; 1,2,"DS1.xlsx, row 576: indication | DS3.xlsx, row 1145: -"
5 4 2 radio equipment installed in a drivers cab shall not obstruct the drivers vision or otherwise hinder the safe driving of the train m,negative,DS1.xlsx; DS3.xlsx,0; 1,2,"DS1.xlsx, row 562: not | DS3.xlsx, row 1130: -"
5 4 2i the design of the equipment shall make it possible to install it within a cab complying with the requirements of uic fiche 651 concerning the layout of cab equipment m,open_ended,DS1.xlsx; DS3.xlsx,0; 1,2,"DS1.xlsx, row 563: possible | DS3.xlsx, row 1131: -"
5 4 3 all call related functions shall be possible with the handset on or off the hook m,subjective,DS1.xlsx; DS3.xlsx,0; 1,2,"DS1.xlsx, row 564: related | DS3.xlsx, row 1132: -"
5 4 8 any displays shall be clearly readable from a normal drivers position assuming a normal reading distance m,subjective,DS1.xlsx; DS3.xlsx,0; 1,2,"DS1.xlsx, row 569: - | DS3.xlsx, row 1137: clearly"
5 4 9 displayed characters shall have a minimum height of 5mm m,ambiguous,DS1.xlsx; DS3.xlsx,0; 1,2,"DS1.xlsx, row 570: minimum | DS3.xlsx, row 1138: -"
5 7 1 a driver safety device dsd interface should be provided in traction units that are equipped with a dsd in order to support the transmission of a dsd alarm o,subjective,DS1.xlsx; DS3.xlsx,0; 1,2,"DS1.xlsx, row 577: unit | DS3.xlsx, row 1148: -"
5 7 1i if such an interface is implemented it shall be capable of being connected to a device complying with uic fiche 641 concerning automatic vigilance devices used in international traffic m,subjective,DS1.xlsx; DS3.xlsx,0; 1,2,"DS1.xlsx, row 578: automatic | DS3.xlsx, row 1149: -"
6 2 2 11 in a group call a visual indication shall be provided to remind the user of the need to use the ptt function m,open_ended,DS1.xlsx; DS3.xlsx,0; 1,2,"DS1.xlsx, row 600: indication | DS3.xlsx, row 1171: -"
6 2 2 13 in a group call an audible and visual indication of whether the request was successful shall be provided the user may then talk whilst the ptt function is used m,open_ended,DS1.xlsx; DS3.xlsx,0; 1,2,"DS1.xlsx, row 602: indication | DS3.xlsx, row 1173: -"
6 2 2 14 if the user moves out of the group or broadcast call area whilst the call is in progress an audible and visual indication of the loss of call shall be provided to the user m receive incoming railway emergency call,open_ended,DS1.xlsx; DS3.xlsx,0; 1,2,"DS1.xlsx, row 603: indication | DS3.xlsx, row 1174: -"
6 2 2 15 reception of this call if implemented shall proceed as for a standard group or broadcast call except that a distinctive audible and visual indication shall be provided m terminate calls,subjective,DS1.xlsx; DS3.xlsx,0; 1,2,"DS1.xlsx, row 604: distinctive | DS3.xlsx, row 1175: -"
6 2 2 15 reception of this call if implemented shall proceed as for a standard group or broadcast call except that a distinctive audible and visual indication shall be provided m terminate calls,open_ended,DS1.xlsx; DS3.xlsx,0; 1,2,"DS1.xlsx, row 604: indication | DS3.xlsx, row 1175: -"
6 2 2 16 the radio shall provide a means for the user to terminate calls which he is authorised to terminate ie all calls except broadcast or group calls not initiated by the user m,subjective,DS1.xlsx; DS3.xlsx,0; 1,2,"DS1.xlsx, row 605: means | DS3.xlsx, row 1176: -"
6 2 2 3 a special mmi action shall be required for a general purpose radio user to send a railway emergency call m,open_ended,DS1.xlsx; DS3.xlsx,0; 1,2,"DS1.xlsx, row 592: special | DS3.xlsx, row 1163: -"
6 2 2 4 it shall not be possible for any general purpose radio user to send a railway emergency call by dialling a short code or telephone number m receive incoming point to point voice call,negative,DS1.xlsx; DS3.xlsx,0; 1,2,"DS1.xlsx, row 593: not | DS3.xlsx, row 1164: -"
6 2 2 5 an audible and visual indication of an incoming call shall be provided m,open_ended,DS1.xlsx; DS3.xlsx,0; 1,2,"DS1.xlsx, row 594: indication | DS3.xlsx, row 1165: -"
6 2 2 7 a short audible and visual indication of the incoming call shall be provided m,subjective,DS1.xlsx; DS3.xlsx,0; 1,2,"DS1.xlsx, row 596: short | DS3.xlsx, row 1167: -"
6 2 2 7 a short audible and visual indication of the incoming call shall be provided m,ambiguous,DS1.xlsx; DS3.xlsx,0; 1,2,"DS1.xlsx, row 596: - | DS3.xlsx, row 1167: short"
6 2 2 7 a short audible and visual indication of the incoming call shall be provided m,open_ended,DS1.xlsx; DS3.xlsx,0; 1,2,"DS1.xlsx, row 596: indication | DS3.xlsx, row 1167: -"
6 2 2 9 if the call is a broadcast call the user shall be informed that he cannot speak as part of the broadcast call m,subjective,DS1.xlsx; DS3.xlsx,0; 1,2,"DS1.xlsx, row 598: part | DS3.xlsx, row 1169: -"
6 2 3 11 where a change of functional number is required it shall be possible for the user to initiate the change m store retrieve numbers and their details,open_ended,DS1.xlsx; DS3.xlsx,0; 1,2,"DS1.xlsx, row 617: details | DS3.xlsx, row 1188: -"
6 2 3 13 it shall be possible for the user to store and or overwrite numbers and their details in the radio m computer interface,open_ended,DS1.xlsx; DS3.xlsx,0; 1,2,"DS1.xlsx, row 619: detail | DS3.xlsx, row 1190: -"
6 2 3 14 a standard data interface should be provided to allow a computer to be connected to the radio o,subjective,DS1.xlsx; DS3.xlsx,0; 1,2,"DS1.xlsx, row 620: standard | DS3.xlsx, row 1191: -"
6 2 3 14 a standard data interface should be provided to allow a computer to be connected to the radio o,open_ended,DS1.xlsx; DS3.xlsx,0; 1,2,"DS1.xlsx, row 620: details | DS3.xlsx, row 1191: -"
6 2 3 2 at this point the radio will be able to receive all calls initiated using the telephone number or appropriate group call number i,open_ended,DS1.xlsx; DS3.xlsx,0; 1,2,"DS1.xlsx, row 607: - | DS3.xlsx, row 1178: appropriate"
6 2 3 8 where more than one mobile radio network is available for use by a mobile the selection of the network to use shall be automatic see section 10 5 m,subjective,DS1.xlsx; DS3.xlsx,0; 1,2,"DS1.xlsx, row 613: automatic | DS3.xlsx, row 1184: -"
6 2 3 9 when the mobile changes network automatically a visual and audible indication shall be given m,open_ended,DS1.xlsx; DS3.xlsx,0; 1,2,"DS1.xlsx, row 614: indication | DS3.xlsx, row 1185: -"
6 2 3 9i it shall be possible for a user to override the automatic network selection manually this function shall not be available during calls m register and deregister functional number,subjective,DS1.xlsx; DS3.xlsx,0; 1,2,"DS1.xlsx, row 615: automatic | DS3.xlsx, row 1186: -"
6 3 1 the full environmental and physical specification of the general purpose radio is intended to be as close as possible to that of a commercial off the shelf cots mobile whilst adhering to the specifications provided in section 4 3 and this section i physical conditions,subjective,DS1.xlsx; DS3.xlsx,0; 1,2,"DS1.xlsx, row 621: intended | DS3.xlsx, row 1192: -"
6 3 1 the full environmental and physical specification of the general purpose radio is intended to be as close as possible to that of a commercial off the shelf cots mobile whilst adhering to the specifications provided in section 4 3 and this section i physical conditions,loophole,DS1.xlsx; DS3.xlsx,0; 1,2,"DS1.xlsx, row 621: - | DS3.xlsx, row 1192: as close as possible"
6 3 1 the full environmental and physical specification of the general purpose radio is intended to be as close as possible to that of a commercial off the shelf cots mobile whilst adhering to the specifications provided in section 4 3 and this section i physical conditions,open_ended,DS1.xlsx; DS3.xlsx,0; 1,2,"DS1.xlsx, row 621: possible | DS3.xlsx, row 1192: -"
6 3 2 the general purpose radio should be small compact and easy to carry i,subjective,DS1.xlsx; DS3.xlsx,0; 1,2,"DS1.xlsx, row 622: small*compact*easy | DS3.xlsx, row 1193: -"
6 3 7 the general purpose radio should be suitable for use with a car adapter kit o,subjective,DS1.xlsx; DS3.xlsx,0; 1,2,"DS1.xlsx, row 627: suitable | DS3.xlsx, row 1198: -"
6 3 7 the general purpose radio should be suitable for use with a car adapter kit o,open_ended,DS1.xlsx; DS3.xlsx,0; 1,2,"DS1.xlsx, row 627: - | DS3.xlsx, row 1198: suitable"
6 4 1 2 the mmi should be suitable for use both by day and night o,subjective,DS1.xlsx; DS3.xlsx,0; 1,2,"DS1.xlsx, row 629: suitable | DS3.xlsx, row 1200: -"
6 4 2 3 a push to talk function shall be provided the push to talk function does not need to be a dedicated button m,negative,DS1.xlsx; DS3.xlsx,0; 1,2,"DS1.xlsx, row 632: not | DS3.xlsx, row 1203: -"
6 4 2 4 four buttons should be provided for designated stored numbers these buttons need not be dedicated buttons this facility is required to allow calls to specified users to be initiated quickly o,ambiguous,DS1.xlsx; DS3.xlsx,0; 1,2,"DS1.xlsx, row 633: - | DS3.xlsx, row 1204: specified*quickly"
6 4 2 5 stored numbers and other set up details should be protected against accidental alteration o,open_ended,DS1.xlsx; DS3.xlsx,0; 1,2,"DS1.xlsx, row 634: details | DS3.xlsx, row 1205: -"
6 4 3 1 a visual and audible indication shall be given when the remaining capacity of the battery is such as to enable only 10 minutes of full duplex call time m,open_ended,DS1.xlsx; DS3.xlsx,0; 1,2,"DS1.xlsx, row 636: indication | DS3.xlsx, row 1207: -"
6 4 3 2 a network service availability indication shall be provided to the user m,open_ended,DS1.xlsx; DS3.xlsx,0; 1,2,"DS1.xlsx, row 637: indication | DS3.xlsx, row 1208: -"
6 4 3 3 a visual indication shall be provided to the user if the network service is no longer available m,open_ended,DS1.xlsx; DS3.xlsx,0; 1,2,"DS1.xlsx, row 638: indication | DS3.xlsx, row 1209: -"
6 4 3 4 an audible indication should be provided to the user if the network service is no longer available o,open_ended,DS1.xlsx; DS3.xlsx,0; 1,2,"DS1.xlsx, row 639: indication | DS3.xlsx, row 1210: -"
7 2 2 1 the operational radio shall be capable of use as a standard telephone such that the user is able to call any valid number subject to call restrictions enforced by the network m call controllers,subjective,DS1.xlsx; DS3.xlsx,0; 1,2,"DS1.xlsx, row 643: standard | DS3.xlsx, row 1214: -"
7 2 2 13 an audible and visual indication of an incoming call shall be provided m,open_ended,DS1.xlsx; DS3.xlsx,0; 1,2,"DS1.xlsx, row 655: indication | DS3.xlsx, row 1226: -"
7 2 2 14 where available the functional identity of the calling party shall be displayed m receive incoming group or broadcast voice call,subjective,DS1.xlsx; DS3.xlsx,0; 1,2,"DS1.xlsx, row 656: standard | DS3.xlsx, row 1227: -"
7 2 2 15 a short audible and visual indication of the incoming call shall be provided m,subjective,DS1.xlsx; DS3.xlsx,0; 1,2,"DS1.xlsx, row 657: short | DS3.xlsx, row 1228: -"
7 2 2 15 a short audible and visual indication of the incoming call shall be provided m,open_ended,DS1.xlsx; DS3.xlsx,0; 1,2,"DS1.xlsx, row 657: indication | DS3.xlsx, row 1228: -"
7 2 2 17 if the call is a broadcast call the user shall be informed that he cannot speak as part of the broadcast call m,subjective,DS1.xlsx; DS3.xlsx,0; 1,2,"DS1.xlsx, row 659: part | DS3.xlsx, row 1230: -"
7 2 2 19 in a group call a visual indication shall be provided to remind the user of the need to use the ptt function m,open_ended,DS1.xlsx; DS3.xlsx,0; 1,2,"DS1.xlsx, row 661: indication | DS3.xlsx, row 1232: -"
7 2 2 21 in a group call an audible and visual indication of whether the request was successful shall be provided the user may then talk whilst the ptt function is used m,open_ended,DS1.xlsx; DS3.xlsx,0; 1,2,"DS1.xlsx, row 663: indication | DS3.xlsx, row 1234: -"
7 2 2 22 if the user moves out of the group or broadcast call area whilst the call is in progress an audible and visual indication of the loss of call shall be provided to the user m receive incoming railway emergency call,open_ended,DS1.xlsx; DS3.xlsx,0; 1,2,"DS1.xlsx, row 664: indication | DS3.xlsx, row 1235: -"
7 2 2 23 reception of this call shall proceed as for a standard group or broadcast call except that a distinctive audible and visual indication shall be provided m terminate calls,subjective,DS1.xlsx; DS3.xlsx,0; 1,2,"DS1.xlsx, row 665: distinctive | DS3.xlsx, row 1236: -"
7 2 2 23 reception of this call shall proceed as for a standard group or broadcast call except that a distinctive audible and visual indication shall be provided m terminate calls,open_ended,DS1.xlsx; DS3.xlsx,0; 1,2,"DS1.xlsx, row 665: indication | DS3.xlsx, row 1236: -"
7 2 2 23 reception of this call shall proceed as for a standard group or broadcast call except that a distinctive audible and visual indication shall be provided m terminate calls,vague_pronoun,DS1.xlsx; DS3.xlsx,0; 1,2,"DS1.xlsx, row 665: this | DS3.xlsx, row 1236: -"
7 2 2 24 the radio shall provide a means for the user to terminate calls which he is authorised to terminate ie all calls except broadcast or group calls not initiated by the user m shunting mode communications,subjective,DS1.xlsx; DS3.xlsx,0; 1,2,"DS1.xlsx, row 666: means | DS3.xlsx, row 1237: -"
7 2 2 26 if shunting mode is implemented a means to enter and leave shunting mode shall be provided m,subjective,DS1.xlsx; DS3.xlsx,0; 1,2,"DS1.xlsx, row 668: means | DS3.xlsx, row 1239: -"
7 2 2 29 a means to enter leave the direct mode of operation should be provided see section 15 o,subjective,DS1.xlsx; DS3.xlsx,0; 1,2,"DS1.xlsx, row 671: means | DS3.xlsx, row 1242: -"
7 2 2 3 for some users particularly for shunting team leaders up to twenty valid numbers may be stored for one controller type in these cases the identities of the controllers corresponding to these valid numbers shall be displayed with an audible and visual prompt for one to be selected the number of the controller selected shall then be used to establish the call if no selection is made by the user within 10 seconds the radio shall abandon the call attempt o,ambiguous,DS1.xlsx; DS3.xlsx,0; 1,2,"DS1.xlsx, row 645: particularly | DS3.xlsx, row 1216: -"
7 2 2 4 once an appropriate number has been obtained the radio shall attempt to establish a call to this number with railway operation priority m,subjective,DS1.xlsx; DS3.xlsx,0; 1,2,"DS1.xlsx, row 646: appropriate | DS3.xlsx, row 1217: -"
7 2 2 4 once an appropriate number has been obtained the radio shall attempt to establish a call to this number with railway operation priority m,open_ended,DS1.xlsx; DS3.xlsx,0; 1,2,"DS1.xlsx, row 646: - | DS3.xlsx, row 1217: appropriate"
7 2 2 5 an audible and visual indication shall be provided to the user that the call is proceeding m,open_ended,DS1.xlsx; DS3.xlsx,0; 1,2,"DS1.xlsx, row 647: indication | DS3.xlsx, row 1218: -"
7 2 2 6 when the call is connected to the controller an audible and visual indication shall be provided to the user m,open_ended,DS1.xlsx; DS3.xlsx,0; 1,2,"DS1.xlsx, row 648: indication | DS3.xlsx, row 1219: -"
7 2 2 8 where available an alphanumeric description of the identity of the connected party shall be displayed m,subjective,DS1.xlsx; DS3.xlsx,0; 1,2,"DS1.xlsx, row 650: standard | DS3.xlsx, row 1221: -"
7 2 2 8 where available an alphanumeric description of the identity of the connected party shall be displayed m,open_ended,DS1.xlsx; DS3.xlsx,0; 1,2,"DS1.xlsx, row 650: description | DS3.xlsx, row 1221: -"
7 2 2 9 if the system is not able to connect the call an audible and visual indication shall be provided to the user m send railway emergency call,open_ended,DS1.xlsx; DS3.xlsx,0; 1,2,"DS1.xlsx, row 651: indication | DS3.xlsx, row 1222: -"
7 2 3 2 at this point the radio should be able to receive all calls initiated using the telephone number or appropriate group call number i,open_ended,DS1.xlsx; DS3.xlsx,0; 1,2,"DS1.xlsx, row 673: - | DS3.xlsx, row 1244: appropriate"
a special indication shall be shown on the dmi,subjective,DS1.xlsx; DS3.xlsx,0; 1,2,"DS1.xlsx, row 147: special | DS3.xlsx, row 815: -"
a special indication shall be shown on the dmi,open_ended,DS1.xlsx; DS3.xlsx,0; 1,2,"DS1.xlsx, row 147: indication | DS3.xlsx, row 815: -"
a train shall be supervised to its static and dynamic train speed profiles,vague_pronoun,DS1.xlsx; DS3.xlsx,0; 1,2,"DS1.xlsx, row 119: its | DS3.xlsx, row 787: -"
acceptable opening download times application pages should be designed and implemented so that there are acceptable opening times and download times for the expected range of technical contexts of use e g bandwidth between the application and the user this is particularly important for frequently accessed pages or pages that are important for user navigation and exploration such as the home page,subjective,DS1.xlsx; DS3.xlsx,0; 1,2,"DS1.xlsx, row 248: important | DS3.xlsx, row 603: -"
acceptable opening download times application pages should be designed and implemented so that there are acceptable opening times and download times for the expected range of technical contexts of use e g bandwidth between the application and the user this is particularly important for frequently accessed pages or pages that are important for user navigation and exploration such as the home page,ambiguous,DS1.xlsx; DS3.xlsx,0; 1,2,"DS1.xlsx, row 248: particularly | DS3.xlsx, row 603: -"
acceptable opening download times application pages should be designed and implemented so that there are acceptable opening times and download times for the expected range of technical contexts of use e g bandwidth between the application and the user this is particularly important for frequently accessed pages or pages that are important for user navigation and exploration such as the home page,vague_pronoun,DS1.xlsx; DS3.xlsx,0; 1,2,"DS1.xlsx, row 248: that*This | DS3.xlsx, row 603: -"
after emplacement at the operational site the tcs shall be capable of planning and launching a mission within 1 hour of tasking sss441 required activities include 1 mission planning of a minimum 1 waypoint mission 2 preparing 2 avs for flight 3 data terminal set up 4 safety equipment emplaced 5 and a single av launched,ambiguous,DS2.xlsx; DS4.xlsx,0; 1,2,"DS2.xlsx, row 301: capminimum*single | DS4.xlsx, row 1066: -"
after emplacement at the operational site the tcs shall be capable of planning and launching a mission within 1 hour of tasking sss441 required activities include 1 mission planning of a minimum 1 waypoint mission 2 preparing 2 avs for flight 3 data terminal set up 4 safety equipment emplaced 5 and a single av launched,loophole,DS2.xlsx; DS4.xlsx,0; 1,2,"DS2.xlsx, row 301: minimum | DS4.xlsx, row 1066: -"
after emplacement at the operational site the tcs shall be capable of planning and launching a mission within 1 hour of tasking sss441 required activities include 1 mission planning of a minimum 1 waypoint mission 2 preparing 2 avs for flight 3 data terminal set up 4 safety equipment emplaced 5 and a single av launched,open_ended,DS2.xlsx; DS4.xlsx,0; 1,2,"DS2.xlsx, row 301: - | DS4.xlsx, row 1066: minimum*"
after the acknowledgement the train shall be able to be driven backwards for a certain distance defined by national value,subjective,DS1.xlsx; DS3.xlsx,0; 1,2,"DS1.xlsx, row 164: certain | DS3.xlsx, row 832: -"
all data entered received or indicated to the driver shall be recorded onboard all data shall be related to utc universal time corrected and a reference point,subjective,DS1.xlsx; DS3.xlsx,0; 1,2,"DS1.xlsx, row 130: reference | DS3.xlsx, row 798: -"
all error messages produced by the system must be meaningful so that they can be appropriately acted upon by the users who are likely to see them ideally each error message will be accompanied by explanatory text and an indication of the action s which the user can take in response to the error,ambiguous,DS1.xlsx; DS3.xlsx,0; 1,2,"DS1.xlsx, row 226: - | DS3.xlsx, row 581: meaningful"
all error messages produced by the system must be meaningful so that they can be appropriately acted upon by the users who are likely to see them ideally each error message will be accompanied by explanatory text and an indication of the action s which the user can take in response to the error,open_ended,DS1.xlsx; DS3.xlsx,0; 1,2,"DS1.xlsx, row 226: indication | DS3.xlsx, row 581: -"
any access to cases and all other activities involving the cases and related documents or data should also need to be stored in the audit trail to ensure legal admissibility and to assist in data recovery,subjective,DS1.xlsx; DS3.xlsx,0; 1,2,"DS1.xlsx, row 225: cases*related | DS3.xlsx, row 580: -"
any access to cases and all other activities involving the cases and related documents or data should also need to be stored in the audit trail to ensure legal admissibility and to assist in data recovery,vague_pronoun,DS1.xlsx; DS3.xlsx,0; 1,2,"DS1.xlsx, row 225: other | DS3.xlsx, row 580: -"
at start up the on board equipment shall perform an automatic self test,subjective,DS1.xlsx; DS3.xlsx,0; 1,2,"DS1.xlsx, row 27: automatic | DS3.xlsx, row 696: -"
automatic transfer to shunting may be from full supervision operation and partial supervision operation status at any speed lower than or equal to the supervised shunting speed based on trackside information,subjective,DS1.xlsx; DS3.xlsx,0; 1,2,"DS1.xlsx, row 49: automatic*Partial | DS3.xlsx, row 718: -"
automatic transfer to shunting may be from full supervision operation and partial supervision operation status at any speed lower than or equal to the supervised shunting speed based on trackside information,comparative,DS1.xlsx; DS3.xlsx,0; 1,2,"DS1.xlsx, row 49: lower | DS3.xlsx, row 718: -"
avoiding link overload text pages containing large proportions of links should be formatted so that the presence of links does not impede the readability of the text,subjective,DS1.xlsx; DS3.xlsx,0; 1,2,"DS1.xlsx, row 258: readability*overload | DS3.xlsx, row 613: -"
avoiding link overload text pages containing large proportions of links should be formatted so that the presence of links does not impede the readability of the text,ambiguous,DS1.xlsx; DS3.xlsx,0; 1,2,"DS1.xlsx, row 258: - | DS3.xlsx, row 613: large"
avoiding opening unnecessary windows additional windows such as new browser windows or pop up windows should only be opened if this supports the user s task opening new windows can distract confuse or impede users for a variety of reasons they can superimpose the primary window hiding relevant information they could make it cognitively more difficult to understand the navigation structure with negative effects on both usability and accessibility they also require additional user actions for closing unwanted windows,subjective,DS1.xlsx; DS3.xlsx,0; 1,2,"DS1.xlsx, row 244: unnecessary*distract*confuse*impede*relevant | DS3.xlsx, row 599: -"
avoiding opening unnecessary windows additional windows such as new browser windows or pop up windows should only be opened if this supports the user s task opening new windows can distract confuse or impede users for a variety of reasons they can superimpose the primary window hiding relevant information they could make it cognitively more difficult to understand the navigation structure with negative effects on both usability and accessibility they also require additional user actions for closing unwanted windows,open_ended,DS1.xlsx; DS3.xlsx,0; 1,2,"DS1.xlsx, row 244: variety*additional | DS3.xlsx, row 599: -"
avoiding opening unnecessary windows additional windows such as new browser windows or pop up windows should only be opened if this supports the user s task opening new windows can distract confuse or impede users for a variety of reasons they can superimpose the primary window hiding relevant information they could make it cognitively more difficult to understand the navigation structure with negative effects on both usability and accessibility they also require additional user actions for closing unwanted windows,comparative,DS1.xlsx; DS3.xlsx,0; 1,2,"DS1.xlsx, row 244: more | DS3.xlsx, row 599: -"
based on all relevant data the etcs shall calculate an emergency braking curve and a service braking curve,subjective,DS1.xlsx; DS3.xlsx,0; 1,3,"DS1.xlsx, row 98: relevant*emergency | DS1.xlsx, row 99: relevant*emergency | DS3.xlsx, row 767: -"
compatibility is only tested and verified for microsoft internet explorer version 6 and 7 netscape communicator version 4 and 5 other versions may not be 100 compatible also other browsers such as mozilla or firefox may not be 100 compatible,vague_pronoun,DS1.xlsx; DS3.xlsx,0; 1,2,"DS1.xlsx, row 917: may | DS3.xlsx, row 1457: -"
consistency between navigation components and content if navigation components or overviews are shown in conjunction with associated content consistency between the navigation component and the content shown should be maintained by indicating in the navigation component e g highlighting the topic currently visible in the content area,ambiguous,DS1.xlsx; DS3.xlsx,0; 1,2,"DS1.xlsx, row 274: currently | DS3.xlsx, row 629: -"
consistent page layout pages should be designed using consistent layout schemes supporting the user in finding similar information at the same position on different pages overall layout schemes apply to all pages and are preferable when all pages have a similar structure frequently however different pages have different purposes and types of content in such cases pages can usually be grouped in different categories using one layout scheme for each category consistently,subjective,DS1.xlsx; DS3.xlsx,0; 1,2,"DS1.xlsx, row 269: same*similar | DS3.xlsx, row 624: -"
consistent page layout pages should be designed using consistent layout schemes supporting the user in finding similar information at the same position on different pages overall layout schemes apply to all pages and are preferable when all pages have a similar structure frequently however different pages have different purposes and types of content in such cases pages can usually be grouped in different categories using one layout scheme for each category consistently,ambiguous,DS1.xlsx; DS3.xlsx,0; 1,2,"DS1.xlsx, row 269: usually | DS3.xlsx, row 624: -"
current train data shall be stored except at transition to shunting in the etcs equipment until the traction unit is not operative,subjective,DS1.xlsx; DS3.xlsx,0; 1,2,"DS1.xlsx, row 35: until | DS3.xlsx, row 704: -"
default values shall be harmonised values permanently stored in all ertms etcs on board equipment,subjective,DS1.xlsx; DS3.xlsx,0; 1,2,"DS1.xlsx, row 26: default | DS3.xlsx, row 695: -"
distinguishable within page links within page links should be clearly distinguishable from other links that lead to a different page ex within page links are shown with dashed rather than solid underlines,subjective,DS1.xlsx; DS3.xlsx,0; 1,2,"DS1.xlsx, row 257: - | DS3.xlsx, row 612: clearly*distinguishable"
distinguishable within page links within page links should be clearly distinguishable from other links that lead to a different page ex within page links are shown with dashed rather than solid underlines,ambiguous,DS1.xlsx; DS3.xlsx,0; 1,2,"DS1.xlsx, row 257: clearly | DS3.xlsx, row 612: -"
distinguishable within page links within page links should be clearly distinguishable from other links that lead to a different page ex within page links are shown with dashed rather than solid underlines,comparative,DS1.xlsx; DS3.xlsx,0; 1,2,"DS1.xlsx, row 257: ratherthan | DS3.xlsx, row 612: -"
distinguishable within page links within page links should be clearly distinguishable from other links that lead to a different page ex within page links are shown with dashed rather than solid underlines,vague_pronoun,DS1.xlsx; DS3.xlsx,0; 1,2,"DS1.xlsx, row 257: other | DS3.xlsx, row 612: -"
distinguishing navigation links from controls navigation links should be clearly distinguishable from controls activating some action typical action types in user interfaces include manipulating application data performing searches communication actions such as opening a new e mail window or starting a chat function and presentation related actions such as sorting a list of search results,ambiguous,DS1.xlsx; DS3.xlsx,0; 1,2,"DS1.xlsx, row 262: clearly | DS3.xlsx, row 617: -"
during the transition period between two operational states including two different national operations the supervision provided shall at least ensure the same protection provided by the least restrictive state,ambiguous,DS1.xlsx; DS3.xlsx,0; 1,2,"DS1.xlsx, row 18: atleast | DS3.xlsx, row 687: -"
effective content delivery is ensured through sla satisfaction,open_ended,DS1.xlsx; DS3.xlsx,0; 1,2,"DS1.xlsx, row 983: - | DS3.xlsx, row 1521: satisfaction"
entering or overwriting data manually by the driver shall be possible but only when stationary,loophole,DS1.xlsx; DS3.xlsx,0; 1,2,"DS1.xlsx, row 32: - | DS3.xlsx, row 701: possible"
etcs shall be compatible with existing national systems listed in the ccs tsi such that it does not interfere with the national systems and is not interfered with by the national systems,negative,DS1.xlsx; DS3.xlsx,0; 1,2,"DS1.xlsx, row 11: not*not | DS3.xlsx, row 680: -"
etcs shall be compatible with existing national systems listed in the ccs tsi such that it does not interfere with the national systems and is not interfered with by the national systems,vague_pronoun,DS1.xlsx; DS3.xlsx,0; 1,2,"DS1.xlsx, row 11: it | DS3.xlsx, row 680: -"
etcs shall calculate the permitted speed for the train for all locations of the authorised movement,subjective,DS1.xlsx; DS3.xlsx,0; 1,2,"DS1.xlsx, row 95: authorised | DS3.xlsx, row 764: -"
etcs shall collect all relevant information concerning train and line speed,subjective,DS1.xlsx; DS3.xlsx,0; 1,2,"DS1.xlsx, row 94: relevant | DS3.xlsx, row 763: -"
etcs shall provide the driver with information to allow him to drive the train safely,subjective,DS1.xlsx; DS3.xlsx,0; 1,2,"DS1.xlsx, row 2: safely | DS3.xlsx, row 671: -"
following successful completion of train data entry the driver shall be able to perform shunting movements or train movements,subjective,DS1.xlsx; DS3.xlsx,0; 1,2,"DS1.xlsx, row 40: successful | DS3.xlsx, row 709: -"
for the purposes of defining common subscription profiles a number of subscription types might be used for example i,ambiguous,DS1.xlsx; DS2.xlsx,0; 1,2,"DS1.xlsx, row 738: - | DS2.xlsx, row 815: common"
frequently executed system transactions must be designed so that they can be completed with a small number of interactions e g mouse clicks,subjective,DS1.xlsx; DS3.xlsx,0; 1,2,"DS1.xlsx, row 233: small | DS3.xlsx, row 588: -"
if a train cannot stop at the proposed new target location it shall reject the request and keep the old target location,subjective,DS1.xlsx; DS3.xlsx,0; 1,2,"DS1.xlsx, row 187: new*old | DS3.xlsx, row 855: -"
if a user performs a quick or advanced search the system must never include in the search result list any record which the user does not have the right to access,subjective,DS1.xlsx; DS3.xlsx,0; 1,2,"DS1.xlsx, row 223: advanced | DS3.xlsx, row 578: -"
if a user performs a quick or advanced search the system must never include in the search result list any record which the user does not have the right to access,negative,DS1.xlsx; DS3.xlsx,0; 1,2,"DS1.xlsx, row 223: never | DS3.xlsx, row 578: -"
if acknowledgement is specified the driver shall acknowledge transfer from full supervision to partial supervision within 5 seconds,subjective,DS1.xlsx; DS3.xlsx,0; 1,2,"DS1.xlsx, row 57: Partial | DS3.xlsx, row 726: -"
if an etcs equipped train passes a level transition to a line fitted with more than one level the onboard shall switch to the highest level according to the priority given by trackside for which it is equipped,superlative,DS1.xlsx; DS3.xlsx,0; 1,2,"DS1.xlsx, row 19: highest | DS3.xlsx, row 688: -"
if an etcs equipped train passes a level transition to a line fitted with more than one level the onboard shall switch to the highest level according to the priority given by trackside for which it is equipped,comparative,DS1.xlsx; DS3.xlsx,0; 1,2,"DS1.xlsx, row 19: more | DS3.xlsx, row 688: -"
if an etcs equipped train passes a level transition to a line fitted with more than one level the onboard shall switch to the highest level according to the priority given by trackside for which it is equipped,vague_pronoun,DS1.xlsx; DS3.xlsx,0; 1,2,"DS1.xlsx, row 19: it | DS3.xlsx, row 688: -"
if an etcs equipped train passes a level transition to one or more levels for which it is not equipped etcs shall initiate a brake application,comparative,DS1.xlsx; DS3.xlsx,0; 1,2,"DS1.xlsx, row 20: more | DS3.xlsx, row 689: -"
if an etcs equipped train passes a level transition to one or more levels for which it is not equipped etcs shall initiate a brake application,vague_pronoun,DS1.xlsx; DS3.xlsx,0; 1,2,"DS1.xlsx, row 20: it | DS3.xlsx, row 689: -"
if as a result of an automatic transition except for transitions to and from national operation stm the responsibility for the driver increases the etcs shall seek an acknowledgement from the driver whether the train is stationary or not,subjective,DS1.xlsx; DS3.xlsx,0; 1,2,"DS1.xlsx, row 15: automatic | DS3.xlsx, row 684: -"
if supervised by an rbc it shall be possible to command an emergency stop to all trains in a particular area or to a specific train,subjective,DS1.xlsx; DS3.xlsx,0; 1,2,"DS1.xlsx, row 150: - | DS3.xlsx, row 818: particular area*specific train"
if the on board has no valid national values for the current location default values shall be used by the onboard equipment,subjective,DS1.xlsx; DS3.xlsx,0; 1,2,"DS1.xlsx, row 25: valid*default | DS3.xlsx, row 694: -"
if the onboard fails to contact the rbc when awakening the driver shall be asked to enter the rbc contact details,open_ended,DS1.xlsx; DS3.xlsx,0; 1,2,"DS1.xlsx, row 43: detail | DS3.xlsx, row 712: -"
if the release speed is calculated on board it shall ensure that the train will stop before reaching the danger point,subjective,DS1.xlsx; DS3.xlsx,0; 1,2,"DS1.xlsx, row 107: danger | DS3.xlsx, row 775: -"
if the supervision is performed by a rbc it shall be possible to prevent movements of a traction unit in its area if not authorised by the rbc,subjective,DS1.xlsx; DS3.xlsx,0; 1,2,"DS1.xlsx, row 4: unit | DS3.xlsx, row 673: -"
if the supervision is performed by a rbc it shall be possible to prevent movements of a traction unit in its area if not authorised by the rbc,loophole,DS1.xlsx; DS3.xlsx,0; 1,2,"DS1.xlsx, row 4: - | DS3.xlsx, row 673: possible"
if the supervision is performed by a rbc it shall be possible to prevent movements of a traction unit in its area if not authorised by the rbc,vague_pronoun,DS1.xlsx; DS3.xlsx,0; 1,2,"DS1.xlsx, row 4: it | DS3.xlsx, row 673: -"
if the train is equipped with two operational radios there shall be no performance penalty as a result of a transition from one rbc to another train spacing and train speed,negative,DS1.xlsx; DS3.xlsx,0; 1,2,"DS1.xlsx, row 195: no | DS3.xlsx, row 863: -"
if the train is equipped with two operational radios there shall be no performance penalty as a result of a transition from one rbc to another train spacing and train speed,vague_pronoun,DS1.xlsx; DS3.xlsx,0; 1,2,"DS1.xlsx, row 195: another | DS3.xlsx, row 863: -"
if the train or the shunting movement exceeds the permitted ceiling speed by a certain harmonised margin the trainborne equipment shall execute a brake intervention until the actual speed does not exceed permitted speed then the driver shall be able to release the brake,subjective,DS1.xlsx; DS3.xlsx,0; 1,2,"DS1.xlsx, row 121: ceiling*certain*harmonised | DS3.xlsx, row 789: -"
if there are failures of the trainborne equipment which compromise the safety of train supervision the etcs trainborne equipment shall immediately command the brake and bring the train to a stop,subjective,DS1.xlsx; DS3.xlsx,0; 1,2,"DS1.xlsx, row 198: safety | DS3.xlsx, row 866: -"
if track data at least to the location where the relevant movement authority ends are not available on board the movement authority shall be rejected,subjective,DS1.xlsx; DS3.xlsx,0; 1,2,"DS1.xlsx, row 82: relevant | DS3.xlsx, row 751: -"
if track data at least to the location where the relevant movement authority ends are not available on board the movement authority shall be rejected,ambiguous,DS1.xlsx; DS3.xlsx,0; 1,2,"DS1.xlsx, row 82: atleast | DS3.xlsx, row 751: -"
if track data at least to the location where the relevant movement authority ends are not available on board the movement authority shall be rejected,negative,DS1.xlsx; DS3.xlsx,0; 1,2,"DS1.xlsx, row 82: - | DS3.xlsx, row 751: rejected"
in case the transition has to be acknowledged and the driver fails to acknowledge as required the etcs shall initiate a brake application,subjective,DS1.xlsx; DS3.xlsx,0; 1,2,"DS1.xlsx, row 17: case | DS3.xlsx, row 686: -"
in case the transition has to be acknowledged and the driver fails to acknowledge as required the etcs shall initiate a brake application,open_ended,DS1.xlsx; DS3.xlsx,0; 1,2,"DS1.xlsx, row 17: asrequired | DS3.xlsx, row 686: -"
in etcs with rbc this restriction on performance shall if possible be transmitted to the rbc,loophole,DS1.xlsx; DS3.xlsx,0; 1,2,"DS1.xlsx, row 200: - | DS3.xlsx, row 868: if possible"
in etcs with rbc this restriction on performance shall if possible be transmitted to the rbc,open_ended,DS1.xlsx; DS3.xlsx,0; 1,2,"DS1.xlsx, row 200: possible | DS3.xlsx, row 868: -"
in order to provide a consistent level of service in each railway network and in particular to ensure interoperability for train drivers and other users roaming between networks it is important to harmonise subscription details and other information stored in the network i,ambiguous,DS1.xlsx; DS2.xlsx,0; 1,2,"DS1.xlsx, row 737: - | DS2.xlsx, row 601: consistent*particular*other*important*other"
in order to provide a consistent level of service in each railway network and in particular to ensure interoperability for train drivers and other users roaming between networks it is important to harmonise subscription details and other information stored in the network i,vague_pronoun,DS1.xlsx; DS2.xlsx,0; 1,2,"DS1.xlsx, row 737: it*other*other | DS2.xlsx, row 601: -"
in partial supervision the train shall be supervised according to train speed and distance data available,subjective,DS1.xlsx; DS3.xlsx,0; 1,2,"DS1.xlsx, row 59: available*Partial | DS3.xlsx, row 728: -"
in the event of any software or hardware failure it must be possible to restore the system with inline synchronization within no more than xx hours,comparative,DS1.xlsx; DS3.xlsx,0; 1,2,"DS1.xlsx, row 286: more | DS3.xlsx, row 641: -"
in the normal operations mode the tcs shall support the following functions sss037,ambiguous,DS2.xlsx; DS4.xlsx,0; 1,2,"DS2.xlsx, row 352: normal | DS4.xlsx, row 712: -"
in the normal operations mode the tcs shall support the following functions sss037,open_ended,DS2.xlsx; DS4.xlsx,0; 1,2,"DS2.xlsx, row 352: - | DS4.xlsx, row 712: support*"
individualization and user adaptation adapting the content and the navigation of a user interface to individual users or user groups can be a useful mechanism for providing information that is of interest to the users and for making access to relevant information more efficient user adaptation can also be important for making the user interface more accessible different approaches can be used for achieving these goals like providing users with means for customizing the user interface to their personal needs i e individualization designing content and navigation differently for varying user groups or roles i e such as employees of different levels citizens etc monitoring the user s behaviour and adapting to the user s goals that are inferred from the behaviour observed recommending information that is potentially more relevant or interesting to the specific user based on the behaviour of all users or a user group,subjective,DS1.xlsx; DS3.xlsx,0; 1,2,"DS1.xlsx, row 276: adaptation*useful*relevant*efficient*important*specific*interest*accessible | DS3.xlsx, row 631: -"
individualization and user adaptation adapting the content and the navigation of a user interface to individual users or user groups can be a useful mechanism for providing information that is of interest to the users and for making access to relevant information more efficient user adaptation can also be important for making the user interface more accessible different approaches can be used for achieving these goals like providing users with means for customizing the user interface to their personal needs i e individualization designing content and navigation differently for varying user groups or roles i e such as employees of different levels citizens etc monitoring the user s behaviour and adapting to the user s goals that are inferred from the behaviour observed recommending information that is potentially more relevant or interesting to the specific user based on the behaviour of all users or a user group,ambiguous,DS1.xlsx; DS3.xlsx,0; 1,2,"DS1.xlsx, row 276: potentially | DS3.xlsx, row 631: -"
individualization and user adaptation adapting the content and the navigation of a user interface to individual users or user groups can be a useful mechanism for providing information that is of interest to the users and for making access to relevant information more efficient user adaptation can also be important for making the user interface more accessible different approaches can be used for achieving these goals like providing users with means for customizing the user interface to their personal needs i e individualization designing content and navigation differently for varying user groups or roles i e such as employees of different levels citizens etc monitoring the user s behaviour and adapting to the user s goals that are inferred from the behaviour observed recommending information that is potentially more relevant or interesting to the specific user based on the behaviour of all users or a user group,comparative,DS1.xlsx; DS3.xlsx,0; 1,2,"DS1.xlsx, row 276: more | DS3.xlsx, row 631: -"
information shall be recorded to an accuracy which enables a clear view of the functioning of etcs and way the traction unit has been driven,subjective,DS1.xlsx; DS3.xlsx,0; 1,2,"DS1.xlsx, row 131: clear | DS3.xlsx, row 799: -"
it shall be possible to apply the train trip function if the shunting movement passes a signal showing danger for shunting,loophole,DS1.xlsx; DS3.xlsx,0; 1,2,"DS1.xlsx, row 53: - | DS3.xlsx, row 722: possible"
it shall be possible to implement one or more of the etcs application levels on a line,comparative,DS1.xlsx; DS3.xlsx,0; 1,2,"DS1.xlsx, row 7: more | DS3.xlsx, row 676: -"
it shall be possible to manually select shunting from stand by operation full supervision operation or partial supervision operation,subjective,DS1.xlsx; DS3.xlsx,0; 1,2,"DS1.xlsx, row 48: Partial | DS3.xlsx, row 717: -"
it shall be possible to order a train trip when passing a stop signal,loophole,DS1.xlsx; DS3.xlsx,0; 1,2,"DS1.xlsx, row 63: - | DS3.xlsx, row 732: possible"
it shall be possible to prevent a train from entering a route for which it does not meet the required criteria,open_ended,DS1.xlsx; DS3.xlsx,0; 1,2,"DS1.xlsx, row 155: required | DS3.xlsx, row 823: -"
it shall be possible to prevent a train from entering a route for which it does not meet the required criteria,negative,DS1.xlsx; DS3.xlsx,0; 1,2,"DS1.xlsx, row 155: not | DS3.xlsx, row 823: -"
it shall be possible to prevent a train from entering a route for which it does not meet the required criteria,vague_pronoun,DS1.xlsx; DS3.xlsx,0; 1,2,"DS1.xlsx, row 155: which*it | DS3.xlsx, row 823: -"
it shall be possible to use multiple traction units without isolating the etcs trainborne equipment on traction unit s with an in operative cab,open_ended,DS1.xlsx; DS3.xlsx,0; 1,2,"DS1.xlsx, row 135: - | DS3.xlsx, row 803:  possible "
it shall be possible to use tandem traction units without isolating the etcs trainborne equipment on the tandem traction unit,open_ended,DS1.xlsx; DS3.xlsx,0; 1,2,"DS1.xlsx, row 138: - | DS3.xlsx, row 806:  possible"
linking back to the home page or landmark pages each page should contain a link leading to the home page of the application or to a landmark page that is easy to recognize for the user,subjective,DS1.xlsx; DS3.xlsx,0; 1,3,"DS1.xlsx, row 272: easy | DS1.xlsx, row 277: - | DS3.xlsx, row 627: -"
linking back to the home page or landmark pages each page should contain a link leading to the home page of the application or to a landmark page that is easy to recognize for the user,ambiguous,DS1.xlsx; DS3.xlsx,0; 1,3,"DS1.xlsx, row 272: back | DS1.xlsx, row 277: back | DS3.xlsx, row 627: -"
links that provide communications between the tcs and other systems shall be secured in a manner appropriate for the sensitivities of the material passed through such links in accordance with dod directive c 5200 5 communication security comsec dated 21 april 1990 sss365,ambiguous,DS2.xlsx; DS4.xlsx,0; 1,2,"DS2.xlsx, row 324: other | DS4.xlsx, row 999: -"
links that provide communications between the tcs and other systems shall be secured in a manner appropriate for the sensitivities of the material passed through such links in accordance with dod directive c 5200 5 communication security comsec dated 21 april 1990 sss365,open_ended,DS2.xlsx; DS4.xlsx,0; 1,2,"DS2.xlsx, row 324: appropriate | DS4.xlsx, row 999: -"
making individualization and adaptation evident it should be made evident to the user when individualization and or adaptation are used,subjective,DS1.xlsx; DS3.xlsx,0; 1,2,"DS1.xlsx, row 278: adaptation*evident | DS3.xlsx, row 633: -"
making navigation self descriptive navigation should be designed to help users understand where they are where they have been and where they can go next general guidance on achieving self descriptiveness is given in iso 9241 110,subjective,DS1.xlsx; DS3.xlsx,0; 1,2,"DS1.xlsx, row 239: self-descriptive | DS3.xlsx, row 594: -"
making text resizable by the user text should be able to be resized by the user using functions provided by the user agent or other appropriate means i e see iso 9241 171,subjective,DS1.xlsx; DS3.xlsx,0; 1,2,"DS1.xlsx, row 252: means | DS3.xlsx, row 607: -"
making text resizable by the user text should be able to be resized by the user using functions provided by the user agent or other appropriate means i e see iso 9241 171,open_ended,DS1.xlsx; DS3.xlsx,0; 1,2,"DS1.xlsx, row 252: - | DS3.xlsx, row 607: appropriate"
making text resizable by the user text should be able to be resized by the user using functions provided by the user agent or other appropriate means i e see iso 9241 171,vague_pronoun,DS1.xlsx; DS3.xlsx,0; 1,2,"DS1.xlsx, row 252: other | DS3.xlsx, row 607: -"
making user interfaces robust user interfaces should be designed to be as robust as possible in the face of changing technology this encompasses being able to present content containing newer technologies by older user agents as well as designing content to be usable with future technologies,subjective,DS1.xlsx; DS3.xlsx,0; 1,2,"DS1.xlsx, row 247: usable | DS3.xlsx, row 602: -"
making user interfaces robust user interfaces should be designed to be as robust as possible in the face of changing technology this encompasses being able to present content containing newer technologies by older user agents as well as designing content to be usable with future technologies,loophole,DS1.xlsx; DS3.xlsx,0; 1,2,"DS1.xlsx, row 247: - | DS3.xlsx, row 602: as robust as possible"
making user interfaces robust user interfaces should be designed to be as robust as possible in the face of changing technology this encompasses being able to present content containing newer technologies by older user agents as well as designing content to be usable with future technologies,open_ended,DS1.xlsx; DS3.xlsx,0; 1,2,"DS1.xlsx, row 247: possible | DS3.xlsx, row 602: -"
making user interfaces robust user interfaces should be designed to be as robust as possible in the face of changing technology this encompasses being able to present content containing newer technologies by older user agents as well as designing content to be usable with future technologies,vague_pronoun,DS1.xlsx; DS3.xlsx,0; 1,2,"DS1.xlsx, row 247: This | DS3.xlsx, row 602: -"
making user profiles evident if predefined user profiles or user specified profiles are used for individualizing or adapting content the profile currently used should be made evident if profiles are used it is important to provide users with information about this concept and its implications,subjective,DS1.xlsx; DS3.xlsx,0; 1,2,"DS1.xlsx, row 279: evident*important | DS3.xlsx, row 634: -"
making user profiles evident if predefined user profiles or user specified profiles are used for individualizing or adapting content the profile currently used should be made evident if profiles are used it is important to provide users with information about this concept and its implications,ambiguous,DS1.xlsx; DS3.xlsx,0; 1,2,"DS1.xlsx, row 279: currently | DS3.xlsx, row 634: -"
malicious requests are identified and acted upon,subjective,DS1.xlsx; DS3.xlsx,0; 1,2,"DS1.xlsx, row 977: - | DS3.xlsx, row 1515: malicious requests"
malicious requests are identified and acted upon,ambiguous,DS1.xlsx; DS3.xlsx,0; 1,2,"DS1.xlsx, row 977: upon | DS3.xlsx, row 1515: -"
malicious requests are identified and acted upon,open_ended,DS1.xlsx; DS3.xlsx,0; 1,2,"DS1.xlsx, row 977: - | DS3.xlsx, row 1515: malicious requests"
marking links opening new windows links that open new browser windows or pop up windows should be clearly marked,subjective,DS1.xlsx; DS3.xlsx,0; 1,2,"DS1.xlsx, row 261: new | DS3.xlsx, row 616: -"
marking links opening new windows links that open new browser windows or pop up windows should be clearly marked,ambiguous,DS1.xlsx; DS3.xlsx,0; 1,2,"DS1.xlsx, row 261: clearly | DS3.xlsx, row 616: -"
minimizing navigation effort the number of navigation steps needed to reach a certain piece of content should be minimized as long as different mental models navigation strategies and tasks of the user are taken into account,subjective,DS1.xlsx; DS3.xlsx,0; 1,2,"DS1.xlsx, row 242: certain | DS3.xlsx, row 597: -"
minimizing navigation effort the number of navigation steps needed to reach a certain piece of content should be minimized as long as different mental models navigation strategies and tasks of the user are taken into account,open_ended,DS1.xlsx; DS3.xlsx,0; 1,2,"DS1.xlsx, row 242: Minimizing | DS3.xlsx, row 597: -"
minimizing user errors potential user errors as well as the effort needed to recover from errors should be minimized,subjective,DS1.xlsx; DS3.xlsx,0; 1,2,"DS1.xlsx, row 249: Potential | DS3.xlsx, row 604: -"
minimizing user errors potential user errors as well as the effort needed to recover from errors should be minimized,loophole,DS1.xlsx; DS3.xlsx,0; 1,2,"DS1.xlsx, row 249: - | DS3.xlsx, row 604: as well as"
minimizing user errors potential user errors as well as the effort needed to recover from errors should be minimized,open_ended,DS1.xlsx; DS3.xlsx,0; 1,2,"DS1.xlsx, row 249: Minimizing | DS3.xlsx, row 604: -"
must use a sql based database sql standard is the most widely used database format restricting to sql allows easy of use and compatibility for web store,ambiguous,DS1.xlsx; DS3.xlsx,0; 1,2,"DS1.xlsx, row 916: widely | DS3.xlsx, row 1456: -"
must use a sql based database sql standard is the most widely used database format restricting to sql allows easy of use and compatibility for web store,superlative,DS1.xlsx; DS3.xlsx,0; 1,2,"DS1.xlsx, row 916: most | DS3.xlsx, row 1456: -"
national values shall be applicable to a defined area,open_ended,DS1.xlsx; DS3.xlsx,0; 1,2,"DS1.xlsx, row 23: defined | DS3.xlsx, row 692: -"
on demand the position of the front end of the train at the time of the demand shall be indicated on the dmi this shall be possible while the train is moving or stationary,open_ended,DS1.xlsx; DS3.xlsx,0; 1,2,"DS1.xlsx, row 167: indicated | DS3.xlsx, row 835: -"
on request of the rbc the driver shall have the possibility to confirm that the track ahead of him until the end of the on sight section is clear,vague_pronoun,DS1.xlsx; DS3.xlsx,0; 1,2,"DS1.xlsx, row 93: him | DS3.xlsx, row 762: -"
once received onboard the national values shall remain valid even if the onboard equipment is switched off,subjective,DS1.xlsx; DS3.xlsx,0; 1,2,"DS1.xlsx, row 24: valid | DS3.xlsx, row 693: -"
partial supervision shall be selected either by the driver or by information received from track to train transmission,subjective,DS1.xlsx; DS3.xlsx,0; 1,2,"DS1.xlsx, row 56: Partial | DS3.xlsx, row 725: -"
providing alternatives to frame based presentation if frames are used an alternative way of presenting relevant information without frames should be provided providing alternative text only pages when style sheets and or frames are turned off it should be possible for the user to read and understand the page alternatively the user should be provided with an equivalent alternative text only page,subjective,DS1.xlsx; DS3.xlsx,0; 1,2,"DS1.xlsx, row 268: relevant*alternatives | DS3.xlsx, row 623: -"
providing clear error messages the content of error messages shown on the pages or special error pages should clearly state the reason why the error occurred and if possible actions the user can take to resolve the error users expect error messages to be in the same language as the user interface,ambiguous,DS1.xlsx; DS3.xlsx,0; 1,2,"DS1.xlsx, row 250: clearly | DS3.xlsx, row 605: -"
providing clear error messages the content of error messages shown on the pages or special error pages should clearly state the reason why the error occurred and if possible actions the user can take to resolve the error users expect error messages to be in the same language as the user interface,loophole,DS1.xlsx; DS3.xlsx,0; 1,2,"DS1.xlsx, row 250: - | DS3.xlsx, row 605: possible"
providing clear error messages the content of error messages shown on the pages or special error pages should clearly state the reason why the error occurred and if possible actions the user can take to resolve the error users expect error messages to be in the same language as the user interface,open_ended,DS1.xlsx; DS3.xlsx,0; 1,2,"DS1.xlsx, row 250: possible | DS3.xlsx, row 605: -"
providing clear error messages the content of error messages shown on the pages or special error pages should clearly state the reason why the error occurred and if possible actions the user can take to resolve the error users expect error messages to be in the same language as the user interface,negative,DS1.xlsx; DS3.xlsx,0; 1,2,"DS1.xlsx, row 250: clearly | DS3.xlsx, row 605: -"
providing printable document versions if a document is either too long dispersed over several pages or in a specific layout that is not suitable for online reading a printer friendly version of the document should be provided that prints the content in a form acceptable to the user e g in the expected layout paper format or orientation,open_ended,DS1.xlsx; DS3.xlsx,0; 1,2,"DS1.xlsx, row 263: several | DS3.xlsx, row 618: -"
providing printable document versions if a document is either too long dispersed over several pages or in a specific layout that is not suitable for online reading a printer friendly version of the document should be provided that prints the content in a form acceptable to the user e g in the expected layout paper format or orientation,vague_pronoun,DS1.xlsx; DS3.xlsx,0; 1,2,"DS1.xlsx, row 263: that | DS3.xlsx, row 618: -"
providing text equivalents for non text media objects all non text media objects such as graphical images or video should be provided with alternative equivalent textual descriptions and or with equivalent text based functionality,subjective,DS1.xlsx; DS3.xlsx,0; 1,2,"DS1.xlsx, row 238: equivalents*alternative | DS3.xlsx, row 593: -"
readability of text text presented on the pages should be readable taking into account the expected display characteristics and spatial arrangement iso 9241 303 shall be consulted for screen text legibility requirements,subjective,DS1.xlsx; DS3.xlsx,0; 1,2,"DS1.xlsx, row 256: Readability*readable*legibility | DS3.xlsx, row 611: -"
route unsuitability shall be indicated on the dmi,open_ended,DS1.xlsx; DS3.xlsx,0; 1,2,"DS1.xlsx, row 156: indicated | DS3.xlsx, row 824: -"
selecting appropriate page lengths the length of a page should be selected so as to support the primary purpose and use of the page short pages are generally more appropriate for homepages navigation pages or overview pages that need to be read quickly longer pages can be more appropriate when users want to read the content without interruptions or when the page needs to match a paper counterpart,subjective,DS1.xlsx; DS3.xlsx,0; 1,2,"DS1.xlsx, row 265: quickly*appropriate | DS3.xlsx, row 620: -"
selecting appropriate page lengths the length of a page should be selected so as to support the primary purpose and use of the page short pages are generally more appropriate for homepages navigation pages or overview pages that need to be read quickly longer pages can be more appropriate when users want to read the content without interruptions or when the page needs to match a paper counterpart,ambiguous,DS1.xlsx; DS3.xlsx,0; 1,2,"DS1.xlsx, row 265: generally | DS3.xlsx, row 620: -"
selecting appropriate page lengths the length of a page should be selected so as to support the primary purpose and use of the page short pages are generally more appropriate for homepages navigation pages or overview pages that need to be read quickly longer pages can be more appropriate when users want to read the content without interruptions or when the page needs to match a paper counterpart,open_ended,DS1.xlsx; DS3.xlsx,0; 1,2,"DS1.xlsx, row 265: - | DS3.xlsx, row 620: appropriate"
selecting appropriate page lengths the length of a page should be selected so as to support the primary purpose and use of the page short pages are generally more appropriate for homepages navigation pages or overview pages that need to be read quickly longer pages can be more appropriate when users want to read the content without interruptions or when the page needs to match a paper counterpart,comparative,DS1.xlsx; DS3.xlsx,0; 1,2,"DS1.xlsx, row 265: more | DS3.xlsx, row 620: -"
showing users where they are each presentation segment page or window should provide the user with a clear and sufficient indication of where he or she is in the navigation structure and of the current segment position with respect to the overall structure,subjective,DS1.xlsx; DS3.xlsx,0; 1,2,"DS1.xlsx, row 240: - | DS3.xlsx, row 595: clear"
standardised output interfaces shall enable transmission of information recorded to other media for investigation,subjective,DS1.xlsx; DS3.xlsx,0; 1,2,"DS1.xlsx, row 132: Standardised | DS3.xlsx, row 800: -"
supporting text skimming fast skimming of text should be supported by the provision of clear links bulleted lists highlighted keywords logical headings and short phrases and sentences,subjective,DS1.xlsx; DS3.xlsx,0; 1,2,"DS1.xlsx, row 255: clear*Fast | DS3.xlsx, row 610: -"
tcs shall be capable of executing av maintenance software and displaying appropriate status results sss245,ambiguous,DS2.xlsx; DS4.xlsx,0; 1,2,"DS2.xlsx, row 266: capappropriate | DS4.xlsx, row 882: -"
tcs shall be capable of executing av maintenance software and displaying appropriate status results sss245,open_ended,DS2.xlsx; DS4.xlsx,0; 1,2,"DS2.xlsx, row 266: appropriate | DS4.xlsx, row 882: -"
tcs shall be capable of executing data terminal maintenance software and displaying appropriate status results sss247,ambiguous,DS2.xlsx; DS4.xlsx,0; 1,2,"DS2.xlsx, row 245: capappropriate | DS4.xlsx, row 884: -"
tcs shall be capable of executing data terminal maintenance software and displaying appropriate status results sss247,open_ended,DS2.xlsx; DS4.xlsx,0; 1,2,"DS2.xlsx, row 245: appropriate | DS4.xlsx, row 884: -"
tcs shall be capable of executing payload maintenance software and displaying appropriate status results sss246,ambiguous,DS2.xlsx; DS4.xlsx,0; 1,2,"DS2.xlsx, row 329: capappropriate | DS4.xlsx, row 883: -"
tcs shall be capable of executing payload maintenance software and displaying appropriate status results sss246,open_ended,DS2.xlsx; DS4.xlsx,0; 1,2,"DS2.xlsx, row 329: appropriate | DS4.xlsx, row 883: -"
tcs shall be capable of executing workstation and peripheral equipment maintenance software and displaying appropriate status results sss248,ambiguous,DS2.xlsx; DS4.xlsx,0; 1,2,"DS2.xlsx, row 229: capappropriate | DS4.xlsx, row 885: -"
tcs shall be capable of executing workstation and peripheral equipment maintenance software and displaying appropriate status results sss248,open_ended,DS2.xlsx; DS4.xlsx,0; 1,2,"DS2.xlsx, row 229: appropriate | DS4.xlsx, row 885: -"
text quality the quality of textual content with respect to spelling and grammar should be sufficient so as not to impede readability,negative,DS1.xlsx; DS3.xlsx,0; 1,2,"DS1.xlsx, row 253: not | DS3.xlsx, row 608: -"
the braking curves shall ensure that the train complies with its speed requirements,subjective,DS1.xlsx; DS3.xlsx,0; 1,2,"DS1.xlsx, row 103: complies | DS3.xlsx, row 771: -"
the braking curves shall ensure that the train complies with its speed requirements,vague_pronoun,DS1.xlsx; DS3.xlsx,0; 1,2,"DS1.xlsx, row 103: its | DS3.xlsx, row 771: -"
the ceiling speed level for the movement authority shall be defined as data national value,subjective,DS1.xlsx; DS3.xlsx,0; 1,2,"DS1.xlsx, row 88: ceiling | DS3.xlsx, row 757: -"
the change of driver identification during a journey or a train running number shall be possible,loophole,DS1.xlsx; DS3.xlsx,0; 1,2,"DS1.xlsx, row 39: - | DS3.xlsx, row 708: possible"
the character set used shall support different languages,ambiguous,DS1.xlsx; DS3.xlsx,0; 1,2,"DS1.xlsx, row 175: - | DS3.xlsx, row 843: different"
the dmi shall display or be compatible with information from national train control systems this may mean displaying the information shown by the national system,subjective,DS1.xlsx; DS3.xlsx,0; 1,2,"DS1.xlsx, row 72: compatible | DS3.xlsx, row 741: -"
the driver shall have the possibility to select the language this does not concern non pre defined texts sent from the trackside,subjective,DS1.xlsx; DS3.xlsx,0; 1,2,"DS1.xlsx, row 118: concern*static*dynamic | DS3.xlsx, row 786: -"
the driver shall have the possibility to select the language this does not concern non pre defined texts sent from the trackside,negative,DS1.xlsx; DS3.xlsx,0; 1,2,"DS1.xlsx, row 118: doesnot | DS3.xlsx, row 786: -"
the driver shall have the possibility to select the language this does not concern non pre defined texts sent from the trackside,vague_pronoun,DS1.xlsx; DS3.xlsx,0; 1,2,"DS1.xlsx, row 118: this | DS3.xlsx, row 786: -"
the driver shall know the distance to the next point defining the indicated braking curve and the permitted speed allowed this shall be shown to the driver in a way that is understandable and logical,ambiguous,DS1.xlsx; DS3.xlsx,0; 1,2,"DS1.xlsx, row 116: next | DS3.xlsx, row 784: -"
the emergency stop shall be indicated to the driver on the dmi,open_ended,DS1.xlsx; DS3.xlsx,0; 1,2,"DS1.xlsx, row 154: indicated | DS3.xlsx, row 822: -"
the entry of driver identification and the selection of the language shall be possible,loophole,DS1.xlsx; DS3.xlsx,0; 1,2,"DS1.xlsx, row 38: - | DS3.xlsx, row 707: possible"
the etcs on board shall be capable of sending to the trackside train integrity information detected by a system outside etcs,subjective,DS1.xlsx; DS3.xlsx,0; 1,2,"DS1.xlsx, row 180: outside | DS3.xlsx, row 848: -"
the etcs trainborne equipment shall be capable of receiving information from the national train control systems by means of the stm,subjective,DS1.xlsx; DS3.xlsx,0; 1,2,"DS1.xlsx, row 71: means | DS3.xlsx, row 740: -"
the etcs trainborne equipment shall indicate on the dmi the information regarding pantograph and power supply,open_ended,DS1.xlsx; DS3.xlsx,0; 1,2,"DS1.xlsx, row 169: indicate | DS3.xlsx, row 837: -"
the indication provided shall enable the driver to drive at the permitted speed without receiving a warning and without intervention of etcs,open_ended,DS1.xlsx; DS3.xlsx,0; 1,2,"DS1.xlsx, row 115: indication | DS3.xlsx, row 783: -"
the interfaces must be made customizable or user configurable to the extent possible e g the displayed columns in the table move resize modify the appearance such configurations must be saved in the user profile,open_ended,DS1.xlsx; DS3.xlsx,0; 1,2,"DS1.xlsx, row 229: possible | DS3.xlsx, row 584: -"
the new target location shall be checked for acceptance by the on board,subjective,DS1.xlsx; DS3.xlsx,0; 1,2,"DS1.xlsx, row 186: new | DS3.xlsx, row 854: -"
the on board shall supervise the train against a ceiling speed,subjective,DS1.xlsx; DS3.xlsx,0; 1,2,"DS1.xlsx, row 75: ceiling | DS3.xlsx, row 744: -"
the onboard shall be capable to switch to another etcs status when transmitted from trackside,vague_pronoun,DS1.xlsx; DS3.xlsx,0; 1,2,"DS1.xlsx, row 77: another | DS3.xlsx, row 746: -"
the planned downtime for the system must not exceed xx hours per rolling three month period the system is considered to be down if any user is unable to perform any normal system function and if this failure is attributed to any component of the system other than the workstation,vague_pronoun,DS1.xlsx; DS3.xlsx,0; 1,2,"DS1.xlsx, row 283: other | DS3.xlsx, row 638: -"
the reversing function shall only be possible in one active cab which is not closed at any time during the procedure,vague_pronoun,DS1.xlsx; DS3.xlsx,0; 1,2,"DS1.xlsx, row 188: - | DS3.xlsx, row 856: which"
the roll away reverse movement intervention shall be indicated on the dmi,open_ended,DS1.xlsx; DS3.xlsx,0; 1,2,"DS1.xlsx, row 126: indicated | DS3.xlsx, row 794: -"
the supervised speed shall not be shown on the dmi,negative,DS1.xlsx; DS3.xlsx,0; 1,2,"DS1.xlsx, row 148: not | DS3.xlsx, row 816: -"
the support solution should be accessible to the users both from within the application and also outside the application through a browser interface,subjective,DS1.xlsx; DS3.xlsx,0; 1,2,"DS1.xlsx, row 207: outside | DS3.xlsx, row 562: -"
the system be scaleable and must not have any features which would preclude use in small or large police stations with varying numbers of cases handled,subjective,DS1.xlsx; DS3.xlsx,0; 1,2,"DS1.xlsx, row 291: small*large | DS3.xlsx, row 646: -"
the system be scaleable and must not have any features which would preclude use in small or large police stations with varying numbers of cases handled,negative,DS1.xlsx; DS3.xlsx,0; 1,2,"DS1.xlsx, row 291: not | DS3.xlsx, row 646: -"
the system for train data entry shall provide for the input of other data required by stms connected to etcs this may require additional items not required for etcs to be entered,open_ended,DS1.xlsx; DS3.xlsx,0; 1,2,"DS1.xlsx, row 37: additional | DS3.xlsx, row 706: -"
the system for train data entry shall provide for the input of other data required by stms connected to etcs this may require additional items not required for etcs to be entered,vague_pronoun,DS1.xlsx; DS3.xlsx,0; 1,2,"DS1.xlsx, row 37: other | DS3.xlsx, row 706: -"
the system must allow a user to be a member of more than one group,comparative,DS1.xlsx; DS3.xlsx,0; 1,2,"DS1.xlsx, row 218: more | DS3.xlsx, row 573: -"
the system must allow changes to security attributes for groups or users such as access rights security level privileges password allocation and management to be made only by super user,subjective,DS1.xlsx; DS3.xlsx,0; 1,2,"DS1.xlsx, row 221: super-user | DS3.xlsx, row 576: -"
the system must allow the user to limit access to cases to specified users or user groups,subjective,DS1.xlsx; DS3.xlsx,0; 1,2,"DS1.xlsx, row 216: - | DS3.xlsx, row 571: specified"
the system must allow the user to limit access to cases to specified users or user groups,open_ended,DS1.xlsx; DS3.xlsx,0; 1,2,"DS1.xlsx, row 216: limit | DS3.xlsx, row 571: -"
the system must be able to capture and store violations i e a user s attempts to access a case to which he is denied access and where violations can validly be attempted attempted violations of access control mechanisms,vague_pronoun,DS1.xlsx; DS3.xlsx,0; 1,2,"DS1.xlsx, row 213: which | DS3.xlsx, row 568: -"
the system must be able to display several entities cases suspects simultaneously,ambiguous,DS1.xlsx; DS3.xlsx,0; 1,2,"DS1.xlsx, row 228: - | DS3.xlsx, row 583: several"
the system must be able to display several entities cases suspects simultaneously,open_ended,DS1.xlsx; DS3.xlsx,0; 1,2,"DS1.xlsx, row 228: several | DS3.xlsx, row 583: -"
the system must be able to export audit trails for specified cases without affecting the audit trail stored by the system this functionality can be used by external auditors who wish to examine or analyse system activity,subjective,DS1.xlsx; DS3.xlsx,0; 1,2,"DS1.xlsx, row 212: external*external | DS3.xlsx, row 567: -"
the system must be able to export audit trails for specified cases without affecting the audit trail stored by the system this functionality can be used by external auditors who wish to examine or analyse system activity,ambiguous,DS1.xlsx; DS3.xlsx,0; 1,2,"DS1.xlsx, row 212: - | DS3.xlsx, row 567: specified"
the system must be able to perform a simple search within 5 8 seconds and a advanced search multiple search criteria within 10 15 seconds regardless of the storage capacity or number of cases in the system in this context performing a search means returning a result list it does not include retrieving the records themselves,subjective,DS1.xlsx; DS3.xlsx,0; 1,2,"DS1.xlsx, row 288: simple*advanced | DS3.xlsx, row 643: -"
the system must be able to perform a simple search within 5 8 seconds and a advanced search multiple search criteria within 10 15 seconds regardless of the storage capacity or number of cases in the system in this context performing a search means returning a result list it does not include retrieving the records themselves,open_ended,DS1.xlsx; DS3.xlsx,0; 1,2,"DS1.xlsx, row 288: multiple | DS3.xlsx, row 643: -"
the system must be able to perform a simple search within 5 8 seconds and a advanced search multiple search criteria within 10 15 seconds regardless of the storage capacity or number of cases in the system in this context performing a search means returning a result list it does not include retrieving the records themselves,negative,DS1.xlsx; DS3.xlsx,0; 1,2,"DS1.xlsx, row 288: not | DS3.xlsx, row 643: -"
the system must be able to perform a simple search within 5 8 seconds and a advanced search multiple search criteria within 10 15 seconds regardless of the storage capacity or number of cases in the system in this context performing a search means returning a result list it does not include retrieving the records themselves,vague_pronoun,DS1.xlsx; DS3.xlsx,0; 1,2,"DS1.xlsx, row 288: It | DS3.xlsx, row 643: -"
the system must be able to retrieve and display within 20 seconds the case which has not been accessed within the previous 2 months regardless of storage capacity or number of cases in the system this requirement is intended to allow for cases where cases used infrequently are stored on slower media than more active records,ambiguous,DS1.xlsx; DS3.xlsx,0; 1,2,"DS1.xlsx, row 290: previous | DS3.xlsx, row 645: -"
the system must be able to retrieve and display within 20 seconds the case which has not been accessed within the previous 2 months regardless of storage capacity or number of cases in the system this requirement is intended to allow for cases where cases used infrequently are stored on slower media than more active records,comparative,DS1.xlsx; DS3.xlsx,0; 1,2,"DS1.xlsx, row 290: slower*more | DS3.xlsx, row 645: -"
the system must be able to retrieve and display within 5 8 seconds the case which has been accessed within the previous 2 months regardless of storage capacity or number of cases in the system this requirement is intended to allow for rapid retrieval of frequently used cases on the understanding that frequency of use is typically correlated with recent use,subjective,DS1.xlsx; DS3.xlsx,0; 1,2,"DS1.xlsx, row 289: intended | DS3.xlsx, row 644: -"
the system must be able to retrieve and display within 5 8 seconds the case which has been accessed within the previous 2 months regardless of storage capacity or number of cases in the system this requirement is intended to allow for rapid retrieval of frequently used cases on the understanding that frequency of use is typically correlated with recent use,ambiguous,DS1.xlsx; DS3.xlsx,0; 1,2,"DS1.xlsx, row 289: previous*typically,recent | DS3.xlsx, row 644: -"
the system must employ a single set of user interface rules or a small number of sets to provide a familiar and common look and feel for the application,ambiguous,DS1.xlsx; DS3.xlsx,0; 1,2,"DS1.xlsx, row 227: - | DS3.xlsx, row 582: small"
the system must ensure that audit trail data is available for inspection on request so that a specific event can be identified and all related data made accessible and that this can be achieved by authorised external personnel who have little or no familiarity with the system,vague_pronoun,DS1.xlsx; DS3.xlsx,0; 1,2,"DS1.xlsx, row 211: this | DS3.xlsx, row 566: -"
the system must maintain the audit trail for as long as required which will be at least for the life of the case to which it refers,subjective,DS1.xlsx; DS3.xlsx,0; 1,2,"DS1.xlsx, row 210: long*refers | DS3.xlsx, row 565: -"
the system must maintain the audit trail for as long as required which will be at least for the life of the case to which it refers,ambiguous,DS1.xlsx; DS3.xlsx,0; 1,2,"DS1.xlsx, row 210: atleast | DS3.xlsx, row 565: -"
the system must maintain the audit trail for as long as required which will be at least for the life of the case to which it refers,open_ended,DS1.xlsx; DS3.xlsx,0; 1,2,"DS1.xlsx, row 210: required | DS3.xlsx, row 565: -"
the system must maintain the audit trail for as long as required which will be at least for the life of the case to which it refers,vague_pronoun,DS1.xlsx; DS3.xlsx,0; 1,2,"DS1.xlsx, row 210: which*it | DS3.xlsx, row 565: -"
the system must provide adequate response times for commonly performed functions under both standard and peak conditions,subjective,DS1.xlsx; DS3.xlsx,0; 1,2,"DS1.xlsx, row 287: adequate | DS3.xlsx, row 642: -"
the system must provide adequate response times for commonly performed functions under both standard and peak conditions,ambiguous,DS1.xlsx; DS3.xlsx,0; 1,2,"DS1.xlsx, row 287: commonly | DS3.xlsx, row 642: -"
the system must support multiple types of communication services for remote access,open_ended,DS1.xlsx; DS3.xlsx,0; 1,2,"DS1.xlsx, row 305: multiple | DS3.xlsx, row 660: -"
the system shall automatically compress image files that are too large in size,ambiguous,DS1.xlsx; DS3.xlsx,0; 1,2,"DS1.xlsx, row 941: - | DS3.xlsx, row 1481: too large"
the system shall automatically compress image files that are too large in size,open_ended,DS1.xlsx; DS3.xlsx,0; 1,2,"DS1.xlsx, row 941: too large | DS3.xlsx, row 1481: -"
the system shall be able to search for a specified product in less than 1 second,ambiguous,DS1.xlsx; DS3.xlsx,0; 1,2,"DS1.xlsx, row 926: - | DS3.xlsx, row 1466: specified"
the system shall be extremely portable via the usb drive,subjective,DS1.xlsx; DS3.xlsx,0; 1,2,"DS1.xlsx, row 954: - | DS3.xlsx, row 1494: extremely"
the system shall be extremely portable via the usb drive,ambiguous,DS1.xlsx; DS3.xlsx,0; 1,2,"DS1.xlsx, row 954: extremely  | DS3.xlsx, row 1494: -"
the system shall detect consecutive failed login attempts,open_ended,DS1.xlsx; DS3.xlsx,0; 1,2,"DS1.xlsx, row 936: - | DS3.xlsx, row 1476: consecutive "
the system shall employ easy to locate buttons,subjective,DS1.xlsx; DS3.xlsx,0; 1,2,"DS1.xlsx, row 947: - | DS3.xlsx, row 1487: easy"
the system shall encrypt all sensitive information via https,open_ended,DS1.xlsx; DS3.xlsx,0; 1,2,"DS1.xlsx, row 933: - | DS3.xlsx, row 1473: sensitive information"
the system shall utilize consistent symbols and colors for clear notifications,subjective,DS1.xlsx; DS3.xlsx,0; 1,2,"DS1.xlsx, row 949: - | DS3.xlsx, row 1489: consistent*clear"
the system shall utilize interchangeable plugins,open_ended,DS1.xlsx; DS3.xlsx,0; 1,2,"DS1.xlsx, row 950: interchangeable | DS3.xlsx, row 1490: -"
the system shall validate credit cards against fraud,open_ended,DS1.xlsx; DS3.xlsx,0; 1,2,"DS1.xlsx, row 932:  validate  | DS3.xlsx, row 1472: -"
the system should adopt standardized formats and common metadata elements,subjective,DS1.xlsx; DS3.xlsx,0; 1,2,"DS1.xlsx, row 303: standardized | DS3.xlsx, row 658: -"
the system should allow a user to stipulate which other users or groups can access cases,vague_pronoun,DS1.xlsx; DS3.xlsx,0; 1,2,"DS1.xlsx, row 220: other | DS3.xlsx, row 575: -"
the system should be built on a common user access and authentication service to ensure single sign on for the end user,subjective,DS1.xlsx; DS3.xlsx,0; 1,2,"DS1.xlsx, row 298: Authentication | DS3.xlsx, row 653: -"
the system should be designed in manner that operational data is not lost in case of any failure of equipment or communication network,subjective,DS1.xlsx; DS3.xlsx,0; 1,2,"DS1.xlsx, row 293: case | DS3.xlsx, row 648: -"
the system should be designed to have satisfactory performance even in police stations connected on low bandwidth,subjective,DS1.xlsx; DS3.xlsx,0; 1,2,"DS1.xlsx, row 295: satisfactory | DS3.xlsx, row 650: -"
the system should run on multiple browsers,open_ended,DS1.xlsx; DS3.xlsx,0; 1,2,"DS1.xlsx, row 311: multiple | DS3.xlsx, row 666: -"
the system should support multi tier authentication where required,open_ended,DS1.xlsx; DS3.xlsx,0; 1,2,"DS1.xlsx, row 307: required | DS3.xlsx, row 662: -"
the system should work even in an offline mode with the critical functionality,subjective,DS1.xlsx; DS3.xlsx,0; 1,2,"DS1.xlsx, row 294: critical | DS3.xlsx, row 649: -"
the system user interface must be suitable for users with special needs that is compatible with specialist software that may be used and with appropriate interface guidelines,vague_pronoun,DS1.xlsx; DS3.xlsx,0; 1,2,"DS1.xlsx, row 230: that | DS3.xlsx, row 585: -"
the system will do periodic backups through a live internet connection,subjective,DS1.xlsx; DS3.xlsx,0; 1,2,"DS1.xlsx, row 931: periodic | DS3.xlsx, row 1471: -"
the system will do periodic backups through a live internet connection,open_ended,DS1.xlsx; DS3.xlsx,0; 1,2,"DS1.xlsx, row 931: - | DS3.xlsx, row 1471: periodic"
the system will employ on demand asynchronous loading for faster execution of pages,superlative,DS1.xlsx; DS3.xlsx,0; 1,2,"DS1.xlsx, row 942: faster | DS3.xlsx, row 1482: -"
the target distance shall not be shown on the dmi unless selected by the driver,negative,DS1.xlsx; DS3.xlsx,0; 1,2,"DS1.xlsx, row 92: not | DS3.xlsx, row 761: -"
the target distance to be displayed on the dmi shall be based on the most restrictive braking curve,ambiguous,DS1.xlsx; DS3.xlsx,0; 1,2,"DS1.xlsx, row 85: end | DS3.xlsx, row 754: -"
the tcs data latency shall not be greater than that present in the predator ground control station or outrider ground control station whichever is smaller sss409,ambiguous,DS2.xlsx; DS4.xlsx,0; 1,2,"DS2.xlsx, row 217: present | DS4.xlsx, row 1039: -"
the tcs data latency shall not be greater than that present in the predator ground control station or outrider ground control station whichever is smaller sss409,vague_pronoun,DS2.xlsx; DS4.xlsx,0; 1,2,"DS2.xlsx, row 217: whichever | DS4.xlsx, row 1039: -"
the tcs design shall provide protection against injury to tcs operators and maintenance personnel sss357 the system design shall use mil std 2036 section 5 1 3 11 as a guide with regard to personnel hazards and mil std 1472d section 5 13 as a guide for safety from a human engineering viewpoint sss358,ambiguous,DS2.xlsx; DS4.xlsx,0; 1,2,"DS2.xlsx, row 334: human | DS4.xlsx, row 991: -"
the tcs reliability will be considered in every phase of the design and development process and shall achieve a system reliability mean time between failures mtbf equal to or greater than that which is specified in the predator and outrider ords sss410,ambiguous,DS2.xlsx; DS4.xlsx,0; 1,2,"DS2.xlsx, row 273: mean*equal | DS4.xlsx, row 1040: -"
the tcs shall allow an authorized operator to execute a software debug capability and view the resulting debug diagnostic information sss282 as a minimum the tcs will restrict operator access to this capability via password protection sss283,loophole,DS2.xlsx; DS4.xlsx,0; 1,2,"DS2.xlsx, row 337: minimum | DS4.xlsx, row 893: -"
the tcs shall allow an authorized operator to execute a software debug capability and view the resulting debug diagnostic information sss282 as a minimum the tcs will restrict operator access to this capability via password protection sss283,open_ended,DS2.xlsx; DS4.xlsx,0; 1,2,"DS2.xlsx, row 337: - | DS4.xlsx, row 893: minimum*"
the tcs shall as a minimum have the functionality to provide the following analog data processing capabilities 1 prepare annotated as well as un annotated analog imagery for transmission sss237 2 receive incoming annotated as well as un annotated analog imagery sss238,loophole,DS2.xlsx; DS4.xlsx,0; 1,2,"DS2.xlsx, row 216: minimum | DS4.xlsx, row 878: -"
the tcs shall as a minimum have the functionality to provide the following control capabilities 1 send and receive analog imagery in rs 170a format with as well as without overlay sss226 2 establish and when completed terminate analog communication to c4i systems specified in section 3 2 5 sss227 3 establish and when completed terminate analog communication to peripheral devices sss228,loophole,DS2.xlsx; DS4.xlsx,0; 1,2,"DS2.xlsx, row 351: minimum | DS4.xlsx, row 872: -"
the tcs shall as a minimum have the functionality to provide the following control capabilities 1 send and receive analog imagery in rs 170a format with as well as without overlay sss226 2 establish and when completed terminate analog communication to c4i systems specified in section 3 2 5 sss227 3 establish and when completed terminate analog communication to peripheral devices sss228,negative,DS2.xlsx; DS4.xlsx,0; 1,2,"DS2.xlsx, row 351: - | DS4.xlsx, row 872: without*"
the tcs shall as a minimum have the functionality to provide the following control capabilities 1 send and receive tactical communication messages sss222 2 send and receive annotated and un annotated digital imagery sss223 3 establish digital communication and when completed terminate communications to the c4i systems specified in section 3 2 5 sss224 4 establish and when completed terminate digital communication to peripheral devices sss225,loophole,DS2.xlsx; DS4.xlsx,0; 1,2,"DS2.xlsx, row 347: minimum | DS4.xlsx, row 871: -"
the tcs shall as a minimum have the functionality to provide the following control capabilities 1 send and receive tactical communication messages sss222 2 send and receive annotated and un annotated digital imagery sss223 3 establish digital communication and when completed terminate communications to the c4i systems specified in section 3 2 5 sss224 4 establish and when completed terminate digital communication to peripheral devices sss225,open_ended,DS2.xlsx; DS4.xlsx,0; 1,2,"DS2.xlsx, row 347: - | DS4.xlsx, row 871: minimum*"
the tcs shall be air transportable by helicopter ch 47 ch 53d and c 130 drive on drive off capable sss522,ambiguous,DS2.xlsx; DS4.xlsx,0; 1,2,"DS2.xlsx, row 275: capable | DS4.xlsx, row 1143: -"
the tcs shall be capable of operating continuously in functional operation mode for a minimum of 72 hours sss442,ambiguous,DS2.xlsx; DS4.xlsx,0; 1,2,"DS2.xlsx, row 223: capable | DS4.xlsx, row 1067: -"
the tcs shall be capable of operating continuously in functional operation mode for a minimum of 72 hours sss442,loophole,DS2.xlsx; DS4.xlsx,0; 1,2,"DS2.xlsx, row 223: minimum | DS4.xlsx, row 1067: -"
the tcs shall be capable of operating continuously in functional operation mode for a minimum of 72 hours sss442,open_ended,DS2.xlsx; DS4.xlsx,0; 1,2,"DS2.xlsx, row 223: - | DS4.xlsx, row 1067: minimum*"
the tcs shall display the current search footprint and the search history of the payload on the map sss157,ambiguous,DS2.xlsx; DS4.xlsx,0; 1,2,"DS2.xlsx, row 340: current | DS4.xlsx, row 814: -"
the tcs shall have sufficient throughput to support the processing requirements of the selected data link sss382,subjective,DS2.xlsx; DS4.xlsx,0; 1,2,"DS2.xlsx, row 231: sufficient | DS4.xlsx, row 1014: -"
the tcs shall have sufficient throughput to support the processing requirements of the selected data link sss382,ambiguous,DS2.xlsx; DS4.xlsx,0; 1,2,"DS2.xlsx, row 231: sufficient | DS4.xlsx, row 1014: -"
the tcs shall have sufficient throughput to support the processing requirements of the selected data link sss382,open_ended,DS2.xlsx; DS4.xlsx,0; 1,2,"DS2.xlsx, row 231: - | DS4.xlsx, row 1014: sufficient*support*"
the tcs shall have the functionality to determine the location of items of interest within the payload field of view and express these locations in coordinates acceptable for military applications sss207,ambiguous,DS2.xlsx; DS4.xlsx,0; 1,2,"DS2.xlsx, row 211: acceptable | DS4.xlsx, row 858: -"
the tcs shall have the functionality to determine the location of items of interest within the payload field of view and express these locations in coordinates acceptable for military applications sss207,open_ended,DS2.xlsx; DS4.xlsx,0; 1,2,"DS2.xlsx, row 211: acceptable | DS4.xlsx, row 858: -"
the tcs shall provide the functionality to control the power transmitter signal strength and frequencies used by adt for data link communication sss134,ambiguous,DS2.xlsx; DS4.xlsx,0; 1,2,"DS2.xlsx, row 265: signal | DS4.xlsx, row 792: -"
the tcs shall provide the necessary hardware and software functionality to allow the tcs to integrate with afatds sss295 the interface requirements and specifications will be defined in the tcs to aftads idd tcs 200,ambiguous,DS2.xlsx; DS4.xlsx,0; 1,3,"DS2.xlsx, row 325: necessary | DS4.xlsx, row 904: - | DS4.xlsx, row 920: -"
the tcs shall provide the necessary hardware and software functionality to allow the tcs to integrate with afmss sss564 the interface requirements and specifications will be defined in the tcs to afmss idd tcs 220,ambiguous,DS2.xlsx; DS4.xlsx,0; 1,3,"DS2.xlsx, row 208: necessary | DS4.xlsx, row 910: - | DS4.xlsx, row 924: -"
the tcs shall provide the necessary hardware and software functionality to allow the tcs to integrate with amps sss563 the interface requirements and specifications will be defined in the tcs to amps idd tcs 235,ambiguous,DS2.xlsx; DS4.xlsx,0; 1,3,"DS2.xlsx, row 248: necessary | DS4.xlsx, row 909: - | DS4.xlsx, row 923: -"
the tcs shall provide the necessary hardware and software functionality to allow the tcs to integrate with asas sss291 the interface requirements and specifications will be defined in the tcs to asas idd tcs 201,ambiguous,DS2.xlsx; DS4.xlsx,0; 1,3,"DS2.xlsx, row 207: necessary | DS4.xlsx, row 900: - | DS4.xlsx, row 916: -"
the tcs shall provide the necessary hardware and software functionality to allow the tcs to integrate with atwcs sss305 the interface requirements and specifications will be defined in tcs atwcs idd tcs203,ambiguous,DS2.xlsx; DS4.xlsx,0; 1,2,"DS2.xlsx, row 328: necessary | DS4.xlsx, row 929: -"
the tcs shall provide the necessary hardware and software functionality to allow the tcs to integrate with cars sss297 the interface requirements and specifications will be defined in the tcs to cars idd tcs 217,ambiguous,DS2.xlsx; DS4.xlsx,0; 1,2,"DS2.xlsx, row 304: necessary | DS4.xlsx, row 906: -"
the tcs shall provide the necessary hardware and software functionality to allow the tcs to integrate with cctv sss298 the interface requirements and specifications will be defined in the tcs to cctv idd tcs 205,ambiguous,DS2.xlsx; DS4.xlsx,0; 1,3,"DS2.xlsx, row 230: necessary | DS4.xlsx, row 907: - | DS4.xlsx, row 922: -"
the tcs shall provide the necessary hardware and software functionality to allow the tcs to integrate with etrac sss309 the interface requirements and specifications will be defined in the tcs etrac idd tcs 218,ambiguous,DS2.xlsx; DS4.xlsx,0; 1,2,"DS2.xlsx, row 258: necessary | DS4.xlsx, row 933: -"
the tcs shall provide the necessary hardware and software functionality to allow the tcs to integrate with gcs acs ipf sss300 the interface requirements and specifications will be defined in the tcs to gcs acs ipf idd tcs 215,ambiguous,DS2.xlsx; DS4.xlsx,0; 1,3,"DS2.xlsx, row 195: necessary | DS4.xlsx, row 914: - | DS4.xlsx, row 927: -"
the tcs shall provide the necessary hardware and software functionality to allow the tcs to integrate with ias sss303 the interface requirements and specifications will be defined in the tcs to ias idd tcs 206,ambiguous,DS2.xlsx; DS4.xlsx,0; 1,2,"DS2.xlsx, row 197: necessary | DS4.xlsx, row 928: -"
the tcs shall provide the necessary hardware and software functionality to allow the tcs to integrate with jdiss sss301 the interface requirements and specifications will be defined in the tcs to jdiss idd tcs 212,ambiguous,DS2.xlsx; DS4.xlsx,0; 1,3,"DS2.xlsx, row 295: necessary | DS4.xlsx, row 913: - | DS4.xlsx, row 926: -"
the tcs shall provide the necessary hardware and software functionality to allow the tcs to integrate with jmcis sss293 the interface requirements and specifications will be defined in the tcs to jmcis idd tcs 214,ambiguous,DS2.xlsx; DS4.xlsx,0; 1,3,"DS2.xlsx, row 326: necessary | DS4.xlsx, row 902: - | DS4.xlsx, row 918: -"
the tcs shall provide the necessary hardware and software functionality to allow the tcs to integrate with jsips n sss294 the interface requirements and specifications will be defined in the tcs to jsips n idd tcs 210,ambiguous,DS2.xlsx; DS4.xlsx,0; 1,3,"DS2.xlsx, row 253: necessary | DS4.xlsx, row 903: - | DS4.xlsx, row 919: -"
the tcs shall provide the necessary hardware and software functionality to allow the tcs to integrate with jstars gsm sss292 the interface requirements and specifications will be defined in the tcs to jstars idd tcs 209,ambiguous,DS2.xlsx; DS4.xlsx,0; 1,3,"DS2.xlsx, row 236: necessary | DS4.xlsx, row 901: - | DS4.xlsx, row 917: -"
the tcs shall provide the necessary hardware and software functionality to allow the tcs to integrate with mies sss308 the interface requirements and specifications will be defined in the tcs to mies idd tcs 216,ambiguous,DS2.xlsx; DS4.xlsx,0; 1,2,"DS2.xlsx, row 234: necessary | DS4.xlsx, row 932: -"
the tcs shall provide the necessary hardware and software functionality to allow the tcs to integrate with tamps sss565 the interface requirements and specifications will be defined in the tcs to tamps idd tcs 219,ambiguous,DS2.xlsx; DS4.xlsx,0; 1,3,"DS2.xlsx, row 287: necessary | DS4.xlsx, row 911: - | DS4.xlsx, row 925: -"
the tcs shall provide the necessary hardware and software functionality to allow the tcs to integrate with tbmcs sss307 the interface requirements and specifications will be defined in tcs to tbmcs idd tcs 221,ambiguous,DS2.xlsx; DS4.xlsx,0; 1,2,"DS2.xlsx, row 263: necessary | DS4.xlsx, row 931: -"
the tcs shall provide the necessary hardware and software functionality to allow the tcs to integrate with teg sss311 the interface requirements and specifications will be defined in tcs to teg idd tcs 207,ambiguous,DS2.xlsx; DS4.xlsx,0; 1,2,"DS2.xlsx, row 203: necessary | DS4.xlsx, row 935: -"
the tcs shall provide the necessary hardware and software functionality to allow the tcs to integrate with tes sss302 the interface requirements and specifications will be defined in the tcs to tes idd tcs 236,ambiguous,DS2.xlsx; DS4.xlsx,0; 1,2,"DS2.xlsx, row 284: necessary | DS4.xlsx, row 912: -"
the tcs shall provide the necessary hardware and software functionality to allow the tcs to integrate with trojan spirit ii sss306 the interface requirements and specifications will be defined in the tcs to trojan spirit ii idd tcs 213,ambiguous,DS2.xlsx; DS4.xlsx,0; 1,2,"DS2.xlsx, row 190: necessary | DS4.xlsx, row 930: -"
the tcs will have the capability to manage all operational c4i interfaces across all 5 levels of interaction,vague_pronoun,DS2.xlsx; DS4.xlsx,0; 1,2,"DS2.xlsx, row 312: - | DS4.xlsx, row 870: all*all*"
the tcs will have the functionality necessary to manage all aspects of payload product handling to include receiving processing displaying and performing limited exploitation the payload product includes the payload sensor output and the appropriate av and payload telemetry data,ambiguous,DS2.xlsx; DS4.xlsx,0; 1,2,"DS2.xlsx, row 270: necessary*appropriate | DS4.xlsx, row 839: -"
the tcs will have the functionality necessary to manage all aspects of payload product handling to include receiving processing displaying and performing limited exploitation the payload product includes the payload sensor output and the appropriate av and payload telemetry data,open_ended,DS2.xlsx; DS4.xlsx,0; 1,2,"DS2.xlsx, row 270: appropriate | DS4.xlsx, row 839: -"
the tcs will have the functionality necessary to manage all aspects of payload product handling to include receiving processing displaying and performing limited exploitation the payload product includes the payload sensor output and the appropriate av and payload telemetry data,vague_pronoun,DS2.xlsx; DS4.xlsx,0; 1,2,"DS2.xlsx, row 270: - | DS4.xlsx, row 839: all*"
the tcs will provide the necessary hardware and software functionality to allow the tcs to integrate with service mission planners the service mission planners will consist of amps afmss and tamps,ambiguous,DS2.xlsx; DS4.xlsx,0; 1,2,"DS2.xlsx, row 282: necessary | DS4.xlsx, row 908: -"
the test shall require no action on the part of the driver,subjective,DS1.xlsx; DS3.xlsx,0; 1,2,"DS1.xlsx, row 28: part | DS3.xlsx, row 697: -"
the train running number shall consist of a maximum of 8 numeric digits,ambiguous,DS1.xlsx; DS3.xlsx,0; 1,2,"DS1.xlsx, row 166: maximum | DS3.xlsx, row 834: -"
the train shall as a minimum be supervised to a ceiling speed the supervised speed shall not be shown on the dmi unless selected by the driver,subjective,DS1.xlsx; DS3.xlsx,0; 1,2,"DS1.xlsx, row 91: ceiling | DS3.xlsx, row 760: -"
the train shall be able to automatically pass from one rbc area to another without driver intervention,vague_pronoun,DS1.xlsx; DS3.xlsx,0; 1,2,"DS1.xlsx, row 194: another | DS3.xlsx, row 862: -"
the train shall be capable of receiving any track to train information intended and relevant for this train including movement authority,subjective,DS1.xlsx; DS3.xlsx,0; 1,2,"DS1.xlsx, row 149: relevant | DS3.xlsx, row 817: -"
the train shall be capable of receiving any track to train information intended and relevant for this train including movement authority,open_ended,DS1.xlsx; DS3.xlsx,0; 1,2,"DS1.xlsx, row 149: including | DS3.xlsx, row 817: -"
the train shall be supervised according to train speed data available,subjective,DS1.xlsx; DS3.xlsx,0; 1,2,"DS1.xlsx, row 90: available | DS3.xlsx, row 759: -"
the train shall have the capability of being supervised to a ceiling speed,subjective,DS1.xlsx; DS3.xlsx,0; 1,2,"DS1.xlsx, row 60: ceiling | DS3.xlsx, row 729: -"
the train shall leave partial supervision when the trainborne equipment is not operative any longer when shunting is selected or when full supervision is available,subjective,DS1.xlsx; DS3.xlsx,0; 1,2,"DS1.xlsx, row 62: Partial*available | DS3.xlsx, row 731: -"
the trainborne equipment shall remain in full supervision until the trainborne equipment is not active any longer when shunting is selected or when partial supervision information is received,subjective,DS1.xlsx; DS3.xlsx,0; 1,2,"DS1.xlsx, row 67: active*Partial | DS3.xlsx, row 736: -"
the user interfaces should be designed to make them user intuitive,subjective,DS1.xlsx; DS3.xlsx,0; 1,2,"DS1.xlsx, row 235: user-intuitive. | DS3.xlsx, row 590: -"
there are existing policies for long term peering arrangement,ambiguous,DS1.xlsx; DS3.xlsx,0; 1,2,"DS1.xlsx, row 978: - | DS3.xlsx, row 1516: long-term"
there are existing policies for long term peering arrangement,open_ended,DS1.xlsx; DS3.xlsx,0; 1,2,"DS1.xlsx, row 978: long-term | DS3.xlsx, row 1516: -"
there is procedure to perform short term negotiation,open_ended,DS1.xlsx; DS3.xlsx,0; 1,2,"DS1.xlsx, row 979: short-term | DS3.xlsx, row 1517: -"
this ceiling speed shall not be shown continually on the dmi but may be shown momentarily when selected by the driver,subjective,DS1.xlsx; DS3.xlsx,0; 1,2,"DS1.xlsx, row 61: ceiling | DS3.xlsx, row 730: -"
this section describes the handling of high priority voice calls for railway operational emergencies and does not cover public emergency calls ie handling of 112 calls i,ambiguous,DS1.xlsx; DS2.xlsx,0; 1,2,"DS1.xlsx, row 810: - | DS2.xlsx, row 950: high*public"
together with the movement authority the on board shall be able to receive one or more time out s for certain sections of the movement authority and shorten the movement authority accordingly when a time out expires,comparative,DS1.xlsx; DS3.xlsx,0; 1,2,"DS1.xlsx, row 86: more | DS3.xlsx, row 755: -"
transferring to full supervision shall occur automatically when a movement authority and all other necessary information is received through track to train transmission,subjective,DS1.xlsx; DS3.xlsx,0; 1,2,"DS1.xlsx, row 64: necessary | DS3.xlsx, row 733: -"
transferring to full supervision shall occur automatically when a movement authority and all other necessary information is received through track to train transmission,open_ended,DS1.xlsx; DS3.xlsx,0; 1,2,"DS1.xlsx, row 64: - | DS3.xlsx, row 733: necessary information"
transitions which occur while the train is stationary shall be initiated automatically or manually as appropriate,open_ended,DS1.xlsx; DS3.xlsx,0; 1,2,"DS1.xlsx, row 14: - | DS3.xlsx, row 683: appropriate"
unfitted operation shall be possible if ordered by trackside,loophole,DS1.xlsx; DS3.xlsx,0; 1,2,"DS1.xlsx, row 73: - | DS3.xlsx, row 742: possible"
unfitted operation shall be possible if selected by the driver at start up,loophole,DS1.xlsx; DS3.xlsx,0; 1,2,"DS1.xlsx, row 74: - | DS3.xlsx, row 743: possible"
use of white space white space on a page i e space filled only with the background color should be used in such a way that it does not impair the visual skimming of the page while white space is an important means of visually organizing the different content elements on a page if the distance between the blocks of information displayed becomes too large rapid skimming of the page can be impeded,subjective,DS1.xlsx; DS3.xlsx,0; 1,2,"DS1.xlsx, row 264: important*large*rapid | DS3.xlsx, row 619: -"
use of white space white space on a page i e space filled only with the background color should be used in such a way that it does not impair the visual skimming of the page while white space is an important means of visually organizing the different content elements on a page if the distance between the blocks of information displayed becomes too large rapid skimming of the page can be impeded,ambiguous,DS1.xlsx; DS3.xlsx,0; 1,2,"DS1.xlsx, row 264: too | DS3.xlsx, row 619: -"
use of white space white space on a page i e space filled only with the background color should be used in such a way that it does not impair the visual skimming of the page while white space is an important means of visually organizing the different content elements on a page if the distance between the blocks of information displayed becomes too large rapid skimming of the page can be impeded,negative,DS1.xlsx; DS3.xlsx,0; 1,2,"DS1.xlsx, row 264: not | DS3.xlsx, row 619: -"
using appropriate formats units of measurement or currency when designing user interfaces for use by diverse groups input and output of information elements such as currency units of measurement temperatures date and time phone numbers address or postal codes should be designed so that they are usable,subjective,DS1.xlsx; DS3.xlsx,0; 1,2,"DS1.xlsx, row 251: usable | DS3.xlsx, row 606: -"
using appropriate formats units of measurement or currency when designing user interfaces for use by diverse groups input and output of information elements such as currency units of measurement temperatures date and time phone numbers address or postal codes should be designed so that they are usable,open_ended,DS1.xlsx; DS3.xlsx,0; 1,2,"DS1.xlsx, row 251: - | DS3.xlsx, row 606: appropriate"
using colour colour should be used with care taking into account human capabilities and restrictions in perceiving colour and not as the only means of conveying information color should never be the only means of coding some users may have difficulties in perceiving certain colors or color combinations color blindness,subjective,DS1.xlsx; DS3.xlsx,0; 1,2,"DS1.xlsx, row 266: restrictions*certain*capabilities | DS3.xlsx, row 621: -"
using colour colour should be used with care taking into account human capabilities and restrictions in perceiving colour and not as the only means of conveying information color should never be the only means of coding some users may have difficulties in perceiving certain colors or color combinations color blindness,negative,DS1.xlsx; DS3.xlsx,0; 1,2,"DS1.xlsx, row 266: never | DS3.xlsx, row 621: -"
using descriptive link labels the target or purpose of a link should be directly indicated by its label avoiding generic labels such as go or click here except where the purpose of the link is clear from its context on the page or the labels have commonly understood semantics in the particular application domain using appropriate terminology specific to the user s tasks and information needs is important for making the content easy to understand,open_ended,DS1.xlsx; DS3.xlsx,0; 1,2,"DS1.xlsx, row 260: - | DS3.xlsx, row 615: appropriate"
using descriptive link labels the target or purpose of a link should be directly indicated by its label avoiding generic labels such as go or click here except where the purpose of the link is clear from its context on the page or the labels have commonly understood semantics in the particular application domain using appropriate terminology specific to the user s tasks and information needs is important for making the content easy to understand,negative,DS1.xlsx; DS3.xlsx,0; 1,2,"DS1.xlsx, row 260: - | DS3.xlsx, row 615: avoiding"
using frames with care if frames are used care should be taken to avoid possible problems for example those involving the use of the back button bookmarking of pages or scrolling of information when frames are used it is important to title each frame and to describe its purpose and how frames relate to one another other,loophole,DS1.xlsx; DS3.xlsx,0; 1,2,"DS1.xlsx, row 267: - | DS3.xlsx, row 622: possible"
using frames with care if frames are used care should be taken to avoid possible problems for example those involving the use of the back button bookmarking of pages or scrolling of information when frames are used it is important to title each frame and to describe its purpose and how frames relate to one another other,open_ended,DS1.xlsx; DS3.xlsx,0; 1,2,"DS1.xlsx, row 267: possible | DS3.xlsx, row 622: -"
using frames with care if frames are used care should be taken to avoid possible problems for example those involving the use of the back button bookmarking of pages or scrolling of information when frames are used it is important to title each frame and to describe its purpose and how frames relate to one another other,vague_pronoun,DS1.xlsx; DS3.xlsx,0; 1,2,"DS1.xlsx, row 267: another*other | DS3.xlsx, row 622: -"
vertical scrolling should be minimized this may be done by placing important information at the top and providing links to information that is further down the page horizontal scrolling should be avoided wherever possible,subjective,DS1.xlsx; DS3.xlsx,0; 1,2,"DS1.xlsx, row 245: important | DS3.xlsx, row 600: -"
vertical scrolling should be minimized this may be done by placing important information at the top and providing links to information that is further down the page horizontal scrolling should be avoided wherever possible,open_ended,DS1.xlsx; DS3.xlsx,0; 1,2,"DS1.xlsx, row 245: minimized*possible | DS3.xlsx, row 600: -"
vertical scrolling should be minimized this may be done by placing important information at the top and providing links to information that is further down the page horizontal scrolling should be avoided wherever possible,negative,DS1.xlsx; DS3.xlsx,0; 1,2,"DS1.xlsx, row 245: - | DS3.xlsx, row 600: avoided"
vertical scrolling should be minimized this may be done by placing important information at the top and providing links to information that is further down the page horizontal scrolling should be avoided wherever possible,vague_pronoun,DS1.xlsx; DS3.xlsx,0; 1,2,"DS1.xlsx, row 245: This | DS3.xlsx, row 600: -"
visual and acoustic warnings to the driver about possible intervention from etcs shall be given to enable the driver to react and avoid intervention,open_ended,DS1.xlsx; DS3.xlsx,0; 1,2,"DS1.xlsx, row 117: possible | DS3.xlsx, row 785: -"
web servers have already replicated necessary content,ambiguous,DS1.xlsx; DS3.xlsx,0; 1,2,"DS1.xlsx, row 970: already  | DS3.xlsx, row 1508: -"
web servers have already replicated necessary content,open_ended,DS1.xlsx; DS3.xlsx,0; 1,2,"DS1.xlsx, row 970: - | DS3.xlsx, row 1508: necessary content"
when changing to a higher speed level the rear end of the train shall respect the static train speed profile,subjective,DS1.xlsx; DS3.xlsx,0; 1,2,"DS1.xlsx, row 101: static | DS3.xlsx, row 769: -"
when changing to a higher speed level the rear end of the train shall respect the static train speed profile,comparative,DS1.xlsx; DS3.xlsx,0; 1,2,"DS1.xlsx, row 101: higher | DS3.xlsx, row 769: -"
when changing to a lower speed level the front end of the train shall respect the dynamic train speed profile,subjective,DS1.xlsx; DS3.xlsx,0; 1,2,"DS1.xlsx, row 100: dynamic | DS3.xlsx, row 768: -"
when changing to a lower speed level the front end of the train shall respect the dynamic train speed profile,comparative,DS1.xlsx; DS3.xlsx,0; 1,2,"DS1.xlsx, row 100: lower | DS3.xlsx, row 768: -"
where failure to apply the full service brake is detected the emergency brake shall stop the train in rear of the danger point,subjective,DS1.xlsx; DS3.xlsx,0; 1,2,"DS1.xlsx, row 104: danger | DS3.xlsx, row 772: -"
where failure to apply the full service brake is detected the emergency brake shall stop the train in rear of the danger point,open_ended,DS1.xlsx; DS3.xlsx,0; 1,2,"DS1.xlsx, row 104: full | DS3.xlsx, row 772: -"
within the braking curve area a warning shall be given to the driver to enable him to react and avoid intervention from etcs equipment at least 5 sec before the intervention,ambiguous,DS1.xlsx; DS3.xlsx,0; 1,2,"DS1.xlsx, row 120: atleast | DS3.xlsx, row 788: -"
writing style the reading and understanding of the textual content on the screen should be supported by suitable means including the use of short sentences the division of the text into shorter chunks or the presentation of content items in the form of bullet points,comparative,DS1.xlsx; DS3.xlsx,0; 1,2,"DS1.xlsx, row 254: shorter | DS3.xlsx, row 609: -"
