normalized_requirement,occurrences,datasets,original_examples
the format for service information description is defined,5,"DS1.xlsx, DS3.xlsx",The format for service information description is defined
this section not applicable therefore tailored out,4,"DS2.xlsx, DS4.xlsx","This section not applicable, therefore tailored out."
based on all relevant data the etcs shall calculate an emergency braking curve and a service braking curve,3,"DS1.xlsx, DS3.xlsx","Based on all relevant data, the ETCS shall calculate an emergency braking curve and a service braking curve"
linking back to the home page or landmark pages each page should contain a link leading to the home page of the application or to a landmark page that is easy to recognize for the user,3,"DS1.xlsx, DS3.xlsx","
           Linking back to the home page or landmark pages: Each page should contain a link leading to the home page of the application or to a landmark page that is easy to recognize for the user.
           "
policies are in place to perform renegotiation for problem resolution,3,"DS1.xlsx, DS3.xlsx",Policies are in place to perform renegotiation for problem resolution.
the interaction protocol between web serversr srmediator is defined,3,"DS1.xlsx, DS3.xlsx","The interaction protocol between Web Server-SR, SR-mediator is defined."
the interface requirements and specifications will be defined in the tcs to jsipsaf idd tcs 211,3,"DS2.xlsx, DS4.xlsx","The interface requirements and specifications will be defined in the TCS to JSIPS-AF IDD, TCS 211."
the solution should provide detailed contextsensitive help material for all the possible actions and scenarios on all user interfaces in the application,3,"DS1.xlsx, DS3.xlsx","
                The solution should provide detailed context-sensitive help material for all the possible actions and scenarios on all user interfaces in the application.
            "
the tcs shall provide a cd drive for the retrieval of tcs data sss341,3,"DS2.xlsx, DS4.xlsx",The TCS shall provide a CD drive for the retrieval of TCS data. [SSS341]
the tcs shall provide a tape drive for storage and retrieval of tcs data sss342,3,"DS2.xlsx, DS4.xlsx",The TCS shall provide a tape drive for storage and retrieval of TCS data. [SSS342]
the tcs shall provide the necessary hardware and software functionality to allow the tcs to integrate with afatds sss295 the interface requirements and specifications will be defined in the tcs to aftads idd tcs 200,3,"DS2.xlsx, DS4.xlsx","The TCS shall provide the necessary hardware and software functionality to allow the TCS to integrate with AFATDS. [SSS295] The interface requirements and specifications will be defined in the TCS to AFTADS IDD, TCS 200."
the tcs shall provide the necessary hardware and software functionality to allow the tcs to integrate with afmsssss564 the interface requirements and specifications will be defined in the tcs to afmss idd tcs 220,3,"DS2.xlsx, DS4.xlsx","The TCS shall provide the necessary hardware and software functionality to allow the TCS to integrate with AFMSS.[SSS564] The interface requirements and specifications will be defined in the TCS to AFMSS IDD, TCS 220."
the tcs shall provide the necessary hardware and software functionality to allow the tcs to integrate with ampssss563 the interface requirements and specifications will be defined in the tcs to amps idd tcs 235,3,"DS2.xlsx, DS4.xlsx","The TCS shall provide the necessary hardware and software functionality to allow the TCS to integrate with AMPS.[SSS563] The interface requirements and specifications will be defined in the TCS to AMPS IDD, TCS 235."
the tcs shall provide the necessary hardware and software functionality to allow the tcs to integrate with asas sss291 the interface requirements and specifications will be defined in the tcs to asas idd tcs 201,3,"DS2.xlsx, DS4.xlsx","The TCS shall provide the necessary hardware and software functionality to allow the TCS to integrate with ASAS. [SSS291] The interface requirements and specifications will be defined in the TCS to ASAS IDD, TCS 201."
the tcs shall provide the necessary hardware and software functionality to allow the tcs to integrate with cctv sss298 the interface requirements and specifications will be defined in the tcs to cctv idd tcs 205,3,"DS2.xlsx, DS4.xlsx","The TCS shall provide the necessary hardware and software functionality to allow the TCS to integrate with CCTV. [SSS298] The interface requirements and specifications will be defined in the TCS to CCTV IDD, TCS 205."
the tcs shall provide the necessary hardware and software functionality to allow the tcs to integrate with gcsacs ipf sss300 the interface requirements and specifications will be defined in the tcs to gcsacs ipf idd tcs 215,3,"DS2.xlsx, DS4.xlsx","The TCS shall provide the necessary hardware and software functionality to allow the TCS to integrate with GCS/ACS IPF. [SSS300] The interface requirements and specifications will be defined in the TCS to GCS/ACS IPF IDD, TCS 215."
the tcs shall provide the necessary hardware and software functionality to allow the tcs to integrate with jdiss sss301 the interface requirements and specifications will be defined in the tcs to jdiss idd tcs 212,3,"DS2.xlsx, DS4.xlsx","The TCS shall provide the necessary hardware and software functionality to allow the TCS to integrate with JDISS. [SSS301] The interface requirements and specifications will be defined in the TCS to JDISS IDD, TCS 212."
the tcs shall provide the necessary hardware and software functionality to allow the tcs to integrate with jmcis sss293 the interface requirements and specifications will be defined in the tcs to jmcis idd tcs 214,3,"DS2.xlsx, DS4.xlsx","The TCS shall provide the necessary hardware and software functionality to allow the TCS to integrate with JMCIS. [SSS293] The interface requirements and specifications will be defined in the TCS to JMCIS IDD, TCS 214."
the tcs shall provide the necessary hardware and software functionality to allow the tcs to integrate with jsipsn sss294 the interface requirements and specifications will be defined in the tcs to jsipsn idd tcs 210,3,"DS2.xlsx, DS4.xlsx","The TCS shall provide the necessary hardware and software functionality to allow the TCS to integrate with JSIPS-N. [SSS294] The interface requirements and specifications will be defined in the TCS to JSIPS-N IDD, TCS 210."
the tcs shall provide the necessary hardware and software functionality to allow the tcs to integrate with jstars gsm sss292 the interface requirements and specifications will be defined in the tcs to jstars idd tcs 209,3,"DS2.xlsx, DS4.xlsx","The TCS shall provide the necessary hardware and software functionality to allow the TCS to integrate with JSTARS GSM. [SSS292] The interface requirements and specifications will be defined in the TCS to JSTARS IDD, TCS 209."
the tcs shall provide the necessary hardware and software functionality to allow the tcs to integrate with tampssss565 the interface requirements and specifications will be defined in the tcs to tamps idd tcs 219,3,"DS2.xlsx, DS4.xlsx","The TCS shall provide the necessary hardware and software functionality to allow the TCS to integrate with TAMPS.[SSS565] The interface requirements and specifications will be defined in the TCS to TAMPS IDD, TCS 219"
2313 where ertmsetcs level 2 or 3 is implemented the network shall be capable of supporting data communications for that train control system m,2,"DS1.xlsx, DS3.xlsx","2.3.13 Where ERTMS/ETCS level 2 or 3 is implemented, the network shall be capable of supporting data communications for that train control system. (M)"
2315 communications for train control may be characterised as low data rate per train however in some areas there will be a high density of trains requiring simultaneous communications i,2,"DS1.xlsx, DS3.xlsx","
					2.3.15     Communications  for  train  control  may  be  characterised  as  low  data  rate  per  train; 
however, in some areas there will be a high density of trains requiring simultaneous 
communications. (I) 
				"
2316 the priority scheme for calls described in section 102 is also valid for train control applications i,2,"DS1.xlsx, DS3.xlsx",2.3.16 The priority scheme for calls described in section 10.2 is also valid for train control applications. (I)
232 the network should support the transmission of pointtopoint and pointto multipoint text messages from the ground to mobile users o,2,"DS1.xlsx, DS3.xlsx","
					2.3.2     The  network  should  support  the  transmission  of  point-to-point  and  point-to-
multipoint text messages from the ground to mobile users. (O) 
				"
233 the network should support the receipt of mobileoriginated text messages by the ground o,2,"DS1.xlsx, DS3.xlsx",2.3.3 The network should support the receipt of mobile-originated text messages by the ground. (O)
234 if the text message facility is implemented it shall not interfere with the ability of users to make or receive high priority voice or data calls m general data applications,2,"DS1.xlsx, DS3.xlsx","
					2.3.4     If the text message facility is implemented, it shall not interfere with the ability of users 
to make or receive high priority voice or data calls. (M) 
General data applications   
				"
236 the network shall support pointtopoint data communications m,2,"DS1.xlsx, DS3.xlsx","
					2.3.6     The network shall support point-to-point data communications. (M) 
				"
237 deleted,2,"DS1.xlsx, DS3.xlsx","
					2.3.7     Deleted. 
				"
web store shall operate with the following internet browsers microsoft internet explorer version 6 and 7 netscape communicator version 4 and 5,2,"DS1.xlsx, DS3.xlsx","Web Store shall operate with the following internet browsers: Microsoft Internet Explorer version 6 and 7, Netscape Communicator Version 4 and 5.
            "
239 higher data rates will be required by some data applications in order to provide the necessary performance and acceptable transmission times i,2,"DS1.xlsx, DS3.xlsx",2.3.9 Higher data rates will be required by some data applications in order to provide the necessary performance and acceptable transmission times. (I)
2410 it shall be possible for an incoming call or data message for one user to be forwarded to another user using functionality provided by the network m,2,"DS1.xlsx, DS3.xlsx","
					2.4.10     It shall be possible for an incoming call or data message for one user to be forwarded to 
another user using functionality provided by the network. (M) 
				"
2411 in the case of voice calls it shall be possible for the user who is attempting to forward a call to converse with the intended recipient prior to forwarding m,2,"DS1.xlsx, DS3.xlsx","
					2.4.11     In the case of voice calls, it shall be possible for the user who is attempting to forward a 
call to converse with the intended recipient prior to forwarding. (M) 
				"
2413 the network shall allow the user to temporarily exit from an existing call by putting the call on hold m,2,"DS1.xlsx, DS3.xlsx","
					2.4.13     The network shall allow the user to temporarily exit from an existing call by putting 
the call on hold. (M) 
				"
2414 it shall be possible for the user to rejoin the call which is on hold at any time m call waiting,2,"DS1.xlsx, DS3.xlsx","
					2.4.14     It shall be possible for the user to re-join the call which is on hold at any time. (M) 
Call waiting   
				"
2415 the network shall provide the ability to inform a user who is involved in an existing call of attempts by other users to contact them m charging information,2,"DS1.xlsx, DS3.xlsx","
					2.4.15     The network shall provide the ability to inform a user, who is involved in an existing 
call, of attempts by other users to contact them. (M) 
Charging information   
				"
2416 where network services are chargeable it should be possible for the network to provide information about call rates and ongoing call charges o call barring,2,"DS1.xlsx, DS3.xlsx","
					2.4.16     Where  network  services  are  chargeable,  it  should  be  possible  for  the  network  to 
provide information about call rates and on-going call charges. (O) 
Call barring   
				"
242 it shall be possible for the equipment to display the identity of the called or calling party in the form of a standard telephone number m,2,"DS1.xlsx, DS3.xlsx","
					2.4.2     It shall be possible for the equipment to display the identity of the called or calling 
party in the form of a standard telephone number. (M) 
				"
243 it shall be possible to display the identity of the called or calling party as a textual description of their function m restriction of display of identity,2,"DS1.xlsx, DS3.xlsx","
					2.4.3     It shall be possible to display the identity of the called or calling party as a textual 
description of their function. (M)  
Restriction of display of identity   
				"
244 it should be possible for the network to prevent the identity of certain users from being displayed on the mobile either when being called calling or both o priority and preemption,2,"DS1.xlsx, DS3.xlsx","
					2.4.4     It should be possible for the network to prevent the identity of certain users from being 
displayed on the mobile, either when being called, calling or both. (O) 
Priority and pre-emption   
				"
245 the network shall provide a mechanism whereby calls may be assigned one of a number of different priority levels m,2,"DS1.xlsx, DS3.xlsx","
					2.4.5     The  network  shall  provide  a  mechanism  whereby  calls  may  be  assigned  one  of  a 
number of different priority levels. (M) 
				"
246 this mechanism shall allow calls with a higher assigned priority to override preempt existing calls of a lower priority m,2,"DS1.xlsx, DS3.xlsx","
					2.4.6     This mechanism shall allow calls with a higher assigned priority to override (pre-empt) 
existing calls of a lower priority. (M) 
				"
247 preempted calls will be discontinued and the new call of a higher priority shall be connected instead m closed user group,2,"DS1.xlsx, DS3.xlsx","
					2.4.7     Pre-empted calls will be discontinued and the new call of a higher priority shall be 
connected instead. (M) 
Closed user group   
				"
248 the group of users who may access the facilities of the eirene network shall be limited m,2,"DS1.xlsx, DS3.xlsx",2.4.8 The group of users who may access the facilities of the EIRENE network shall be limited. (M)
249 any user who is not within the list of allowed eirene users shall not be able to gain access to any of the functions and services provided by the network m call forwarding,2,"DS1.xlsx, DS3.xlsx","
					2.4.9     Any user who is not within the list of allowed EIRENE users shall not be able to gain 
access to any of the functions and services provided by the network. (M) 
Call forwarding   
				"
312 it may be necessary to supplement this functional requirements specification with special requirements for supporting the train control application further information on the communications requirements to support ertms can be found in the summary of ertms communication requirements document ,2,"DS1.xlsx, DS3.xlsx","
					3.1.2     It may be necessary to supplement this Functional Requirements Specification with 
special requirements for supporting the train control application. Further information 
on the communications requirements to support ERTMS can be found in the Summary of ERTMS Communication Requirements document .
				"
321 for network planning the coverage level is defined in terms of time and area where the minimum signal criteria are achieved i,2,"DS1.xlsx, DS3.xlsx","3.2.1 For network planning, the coverage level is defined in terms of time and area where the minimum signal criteria are achieved. (I)"
322 the level of coverage should be at least 95 of the time over 95 of the designated coverage area for a radio installed in a vehicle with an external antenna o,2,"DS1.xlsx, DS3.xlsx",3.2.2 The level of coverage should be at least 95% of the time over 95% of the designated coverage area for a radio installed in a vehicle with an external antenna. (O)
323 the network shall support all eirenecompliant mobiles m,2,"DS1.xlsx, DS3.xlsx",3.2.3 The network shall support all EIRENE-compliant mobiles. (M)
324 the landbased part of the system shall provide communications for mobiles when stationary and when travelling at speeds up to the maximum allowable line speed or,2,"DS1.xlsx, DS3.xlsx","
					3.2.4     The land-based part of the system shall provide communications for mobiles when 
stationary and when travelling at speeds up to the maximum allowable line speed or 
				"
333 network interconnection is subject to a bilateral agreement between network operators the interconnection between the networks must as a minimum be compliant with applicable open specifications i,2,"DS1.xlsx, DS3.xlsx","
					3.3.3     Network  interconnection  is  subject  to  a  bilateral  agreement  between  network 
operators.  The  interconnection  between  the  networks  must,  as  a  minimum,  be 
compliant with applicable open specifications. (I) 
				"
334 during the process of moving from one gsmr network to another the system must minimise the inconvenience to the user i,2,"DS1.xlsx, DS3.xlsx","
					3.3.4     During the process of moving from one GSM-R network to another, the system must 
minimise the inconvenience to the user. (I) 
				"
341 call setup time requirements are dependent mainly upon priority see section 102 i,2,"DS1.xlsx, DS3.xlsx",3.4.1 Call set-up time requirements are dependent mainly upon priority (see section 10.2). (I)
342 the required call setup times shall be achieved in 95 of cases m,2,"DS1.xlsx, DS3.xlsx",3.4.2 The required call set-up times shall be achieved in 95% of cases. (M)
342i the requirements for endtoend call setup performance are indicated in table 31 i call type call setup time railway emergency calls 2s m group calls between drivers in the same area 5s m all operational mobiletofixed calls not 5s o covered by the above all operational fixedtomobile calls not 7s o covered by the above all operational mobiletomobile calls not 10s o covered by the above all low priority calls 10s o table 31 call setup time requirements  this call setup time refers to the beginning of the audible indication as part of stage 1 warning specified in 1322,2,"DS1.xlsx, DS3.xlsx","3.4.2i The requirements for end-to-end call set-up performance are indicated in table 3-1. (I) Call type Call set-up time Railway emergency calls <2s* (M) Group calls between drivers in the same area <5s (M) All operational mobile-to-fixed calls not <5s (O) covered by the above All operational fixed-to-mobile calls not <7s (O) covered by the above All operational mobile-to-mobile calls not <10s (O) covered by the above All low priority calls <10s (O) Table 3-1: Call set-up time requirements * This call set-up time refers to the beginning of the audible indication as part of Stage 1: Warning, specified in 13.2.2."
343 call setup times for 99 of cases shall not be more than 15 times the required call set up time m,2,"DS1.xlsx, DS3.xlsx","
					3.4.3     Call set-up times for 99% of cases shall not be more than 1.5 times the required call set-
up time. (M) 
				"
344 setup times shall include the time required for any translation of functional numbers internal to the eirene network m,2,"DS1.xlsx, DS3.xlsx","
					3.4.4     Set-up times shall include the time required for any translation of functional numbers 
internal to the EIRENE network. (M) 
				"
351 where fixed network users are involved in a group or broadcast call fixed network users will be predefined and will not change during the course of the call i,2,"DS1.xlsx, DS3.xlsx","
					3.5.1     Where fixed network users are involved in a group or broadcast call, fixed network 
users will be pre-defined and will not change during the course of the call. (I) 
				"
353 any group or broadcast calls initiated in a given location shall be broadcast over an associated area based on the location of the call originator and also to any fixed network numbers associated with the originating location m,2,"DS1.xlsx, DS3.xlsx","
					3.5.3     Any group or broadcast calls initiated in a given location shall be broadcast over an 
associated  area  based  on  the  location  of  the  call  originator,  and  also  to  any  fixed 
network numbers associated with the originating location. (M) 
				"
354 the definition of each broadcast or group call area should take into account factors such as the speed of trains on the line stopping distance and the operational control areas o,2,"DS1.xlsx, DS3.xlsx","
					3.5.4     The definition of each broadcast or group call area should take into account factors 
such as the speed of trains on the line (stopping distance) and the operational control 
areas. (O) 
				"
355 it is acceptable that mobiles which move out of the call area during the call be dropped from the call i,2,"DS1.xlsx, DS3.xlsx",3.5.5 It is acceptable that mobiles which move out of the call area during the call be dropped from the call. (I)
356 mobiles configured for reception of railway emergency calls entering into a call area where a railway emergency call is ongoing shall automatically join this call m,2,"DS1.xlsx, DS3.xlsx",3.5.6 Mobiles configured for reception of railway emergency calls entering into a call area where a railway emergency call is ongoing shall automatically join this call. (M)
357 cab radios configured for reception of a call to all drivers in the same area entering an area where a call to all drivers in the same area is ongoing shall automatically join this call unless involved in a higher priority call or involved in a call of the same priority m,2,"DS1.xlsx, DS3.xlsx","
					3.5.7     Cab Radios configured for reception of a call to all drivers in the same area entering an 
area where a call to all drivers in the same area is ongoing shall automatically join this 
call unless involved in a higher priority call or involved in a call of the same priority. 
(M) 
				"
358 requirement 357 needs further technical specification changes before field implementation can be achieved i,2,"DS1.xlsx, DS3.xlsx","
					3.5.8     Requirement  3.5.7  needs  further  technical  specification  changes  before  field 
implementation can be achieved. (I) 
				"
4 targeting and 5 c4i system interface,2,DS4.xlsx,"4) targeting, and 5) C4I system interface."
411 all eirene mobiles are specified with a common level of basic services facilities and features this section of the specification gives details of these core requirements while sections 5 6 and 7 detail requirements specific to each of the radio types i,2,"DS1.xlsx, DS3.xlsx","4.1.1 All EIRENE mobiles are specified with a common level of basic services, facilities and features. This section of the specification gives details of these core requirements, while sections 5, 6 and 7 detail requirements specific to each of the radio types. (I)"
411i where there are mandatory requirements for humanmachine interface attributes that are not defined in this specification the decision for the way of presentation is a national issue in any case these national solutions must not conflict with those of the cenelec standard in particular for the actions required from the drivers of trains passing the borders i,2,"DS1.xlsx, DS3.xlsx","4.1.1i Where there are mandatory requirements for human-machine interface attributes that are not defined in this specification, the decision for the way of presentation is a national issue. In any case, these national solutions must not conflict with those of the CENELEC Standard, in particular for the actions required from the drivers of trains passing the borders. (I)"
412 three distinct mobile radio types are required based on the type of role they will perform and the environment in which they will operate as follows i a cab radio for use by the driver of a train andor by other ontrain systems eg ertmsetcs b general purpose radio for general use by railway personnel c operational radio for use by railway personnel involved in train operations such as shunting and trackside maintenance note it is possible that the general purpose and operational radios may have a number of variants to meet railway requirements eg handheld and vehicle mounted,2,"DS1.xlsx, DS3.xlsx","4.1.2 Three distinct mobile radio types are required, based on the type of role they will perform and the environment in which they will operate, as follows: (I) a) Cab radio for use by the driver of a train and/or by other on-train systems, eg ERTMS/ETCS; b) General purpose radio for general use by railway personnel; c) Operational radio for use by railway personnel involved in train operations such as shunting and trackside maintenance. Note: It is possible that the General purpose and Operational radios may have a number of variants to meet railway requirements (eg handheld and vehicle mounted)."
413 it shall be possible to operate all mobiles in the frequency bands around 900 mhz allocated for use by the railways and in the public gsm networks m,2,"DS1.xlsx, DS3.xlsx","
					4.1.3     It shall be possible to operate all mobiles in the frequency bands around 900 MHz, 
allocated for use by the railways, and in the public GSM networks. (M) 
				"
414 mobile equipment shall function correctly when travelling at speeds from 0 kmh to,2,"DS1.xlsx, DS3.xlsx","
					4.1.4     Mobile equipment shall function correctly when travelling at speeds from 0 km/h to 
				"
421 the following voice telephony services identified in section 2 are to be supported for each type of mobile radio cab radio general purpose operational radio radio pointtopoint voice calls m m m public emergency voice calls m m m broadcast voice calls m m m group voice calls m m m multiparty voice calls m o o table 41 voice telephony services to be supported,2,"DS1.xlsx, DS3.xlsx","4.2.1 The following voice telephony services, identified in section 2, are to be supported for each type of mobile radio: Cab radio General purpose Operational radio radio Point-to-point voice calls M M M Public emergency voice calls M M M Broadcast voice calls M M M Group voice calls M M M Multi-party voice calls M O O Table 4-1: Voice telephony services to be supported"
422 the following data applications identified in section 2 are to be supported for each type of mobile radio cab radio general purpose operational radio radio text message service m m m general data applications m o o automatic fax o o o train control applications o o o table 42 data applications to be supported,2,"DS1.xlsx, DS3.xlsx","
					4.2.2     The following data applications, identified in section 2, are to be supported for each 
type of mobile radio: 
   Cab radio   General purpose   Operational  
radio   radio 
Text message service   M   M   M 
General data applications   M   O   O 
Automatic fax   O   O   O 
Train control applications   O   O   O 
   Table 4-2: Data applications to be supported 
				"
423 the following call related services are to be supported for each type of mobile radio cab radio general purpose operational radio radio display of calling user identity m m m display of called user identity m m m restriction of display of user identity o o o eirene closed user group m o m call forwarding  unconditional m o o  if user busy o o o  if no reply o o o  if not reachable o o o call hold m o o call waiting m m m display of call charging information o o o call barring m o m auto answer service m o m call supervisory information m o o table 43 call related features to be supported,2,"DS1.xlsx, DS3.xlsx","
					4.2.3     The following call related services are to be supported for each type of mobile radio: 
   Cab radio   General purpose   Operational  
radio   radio 
Display of calling user identity   M   M   M 
Display of called user identity   M   M   M 
Restriction of display of user identity   O   O   O 
EIRENE closed user group   M   O   M 
Call forwarding:          
      - unconditional   M   O   O 
      - if user busy   O   O   O 
      - if no reply   O   O   O 
      - if not reachable   O   O   O 
Call hold   M   O   O 
Call waiting   M   M   M 
Display of call charging information   O   O   O 
Call barring   M   O   M 
Auto answer service   M   O   M 
Call supervisory information   M   O   O 
   Table 4-3: Call related features to be supported 
				"
424 the following eirene features are to be supported for each type of mobile radio cab radio general purpose operational radio radio functional addressing section 11 m m m location dependent addressing m o o section 11 direct mode section 15 o na o shunting mode section 14 m na o multiple driver communications within the m na na same train section 5 railway emergency calls m o m section 13 table 44 eirene specific features to be supported,2,"DS1.xlsx, DS3.xlsx","
					4.2.4     The following EIRENE features are to be supported for each type of mobile radio: 
   Cab radio   General purpose   Operational  
radio   radio 
Functional addressing (section 11)   M   M   M 
Location dependent addressing    M   O   O 
(section 11) 
Direct mode (section 15)   O   N/A   O 
Shunting mode (section 14)   M   N/A   O 
Multiple driver communications within the   M   N/A   N/A 
same train (section 5) 
Railway emergency calls   M   O   M 
(section 13) 
   Table 4-4: EIRENE specific features to be supported 
				"
431 this subsection defines the core environmental and physical requirements for all eirene mobile equipment the requirements provided in this section are augmented by those provided in later sections for each individual radio type with each radio type being specified by the superset of the core plus specific requirements i,2,"DS1.xlsx, DS3.xlsx","
					4.3.1     This  sub-section  defines  the  core  environmental  and  physical  requirements  for  all 
EIRENE mobile equipment. The requirements provided in this section are augmented 
by those provided in later sections for each individual radio type, with each radio type 
being specified by the superset of the core plus specific requirements. (I) 
				"
4310 eirene mobiles will generate electromagnetic emissions it is the responsibility of national railways operating eirene networks to ensure that eirene equipment does not interfere with the normal operation of any ontrain or groundbased systems i,2,"DS1.xlsx, DS3.xlsx","
					4.3.10     EIRENE  mobiles  will  generate  electromagnetic  emissions.  It  is  the  responsibility  of 
national railways operating EIRENE networks to ensure that EIRENE equipment does 
not interfere with the normal operation of any on-train or ground-based systems. (I) 
				"
433 in normal operation of a mobile radio unit it is expected that a combination of the above environmental conditions will be experienced i,2,"DS1.xlsx, DS3.xlsx","4.3.3 In normal operation of a mobile radio unit, it is expected that a combination of the above environmental conditions will be experienced. (I)"
434 any environmental and physical requirements stated may be superseded by national requirements if the national standards provide a higher level of environmental and physical protection however stricter national standards shall not prevent the use of other eirene mobiles in that country m,2,"DS1.xlsx, DS3.xlsx","4.3.4 Any environmental and physical requirements stated may be superseded by national requirements if the national standards provide a higher level of environmental and physical protection. However, stricter national standards shall not prevent the use of other EIRENE mobiles in that country. (M)"
435 all design testing and installation of eirene mobile radio equipment shall comply with the quality procedures defined in iso 9001  m climatic conditions,2,"DS1.xlsx, DS3.xlsx","4.3.5 All design, testing and installation of EIRENE mobile radio equipment shall comply with the quality procedures defined in ISO 9001 . (M) Climatic conditions"
436 any pressure pulses caused by vehicles passing entering or leaving tunnels shall not affect the normal operation of eirene mobile equipment m physical conditions,2,"DS1.xlsx, DS3.xlsx","4.3.6 Any pressure pulses caused by vehicles passing, entering or leaving tunnels shall not affect the normal operation of EIRENE mobile equipment. (M) Physical conditions"
438 all eirene mobile equipment shall be capable of being operated on board rolling stock m electrical,2,"DS1.xlsx, DS3.xlsx","
					4.3.8     All EIRENE mobile equipment shall be capable of being operated on board rolling 
stock. (M) 
Electrical   
				"
439 the batteries to be used in the mobile equipment shall have sufficient capacity to support typical railway use m electromagnetic compatibility,2,"DS1.xlsx, DS3.xlsx",4.3.9 The batteries to be used in the mobile equipment shall have sufficient capacity to support typical railway use. (M) Electromagnetic Compatibility
5101 other interfaces may be provided in the cab radio system o,2,"DS1.xlsx, DS3.xlsx",5.10.1 Other interfaces may be provided in the Cab radio system. (O)
511 this section identifies the functional requirements for the eirene cab radio it covers the functionality provided by the cab radio driver mmi and support to other ontrain systems i,2,"DS1.xlsx, DS3.xlsx","
					5.1.1     This section identifies the functional requirements for the EIRENE Cab radio. It covers 
the functionality provided by the Cab radio, driver MMI and support to other on-train 
systems. (I) 
				"
512 moreover a driver may be provided with a handheld portable to allow communications whilst the driver is outside the train o,2,"DS1.xlsx, DS3.xlsx","5.1.2 Moreover, a driver may be provided with a handheld portable to allow communications whilst the driver is outside the train. (O)"
52210 a driver shall be able to initiate the establishment of a call to other drivers with a minimum of action eg a single keystroke m,2,"DS1.xlsx, DS3.xlsx","
						5.2.2.10 A driver shall be able to initiate the establishment of a call to other drivers with a    
minimum of action (eg a single keystroke). (M) 
					"
52211 the group identity shall be displayed on the cab radios of the participating drivers m,2,"DS1.xlsx, DS3.xlsx","
						5.2.2.11 The group identity shall be displayed on the Cab radios of the participating drivers.    
(M) 
					"
52212 an audible and visual indication shall be provided to the driver that the call is proceeding m,2,"DS1.xlsx, DS3.xlsx","
						5.2.2.12 An  audible  and  visual  indication  shall  be  provided  to  the  driver  that  the  call  is    
proceeding. (M) 
					"
52213 once connected the driver shall be able to communicate with other drivers by using the pushtotalk button on the handset an indication shall be provided to the driver as a reminder of the need to use the pushtotalk button on the handset if he wants to talk m,2,"DS1.xlsx, DS3.xlsx","5.2.2.13 Once connected, the driver shall be able to communicate with other driver(s) by using the Push-To-Talk button on the handset. An indication shall be provided to the driver as a reminder of the need to use the Push-To-Talk button on the handset if he wants to talk. (M)"
52214 the call shall be connected to the loudspeaker until the driver picks up the handset m,2,"DS1.xlsx, DS3.xlsx","
						5.2.2.14 The call shall be connected to the loudspeaker until the driver picks up the handset.    
(M) 
					"
52215 the call shall continue until terminated by the calling driver an authorised controller or the network m,2,"DS1.xlsx, DS3.xlsx","5.2.2.15 The call shall continue until terminated by the calling driver, an authorised controller or the network. (M)"
52216 if the train moves out of the group call area whilst the call is in progress an audible and visual indication of the loss of call shall be provided to the driver m,2,"DS1.xlsx, DS3.xlsx","
						5.2.2.16 If the train moves out of the group call area whilst the call is in progress, an audible    
and visual indication of the loss of call shall be provided to the driver. (M) 
					"
52217 if the system is not able to connect the call an audible and visual indication shall be provided to the driver m send railway emergency call,2,"DS1.xlsx, DS3.xlsx","
						5.2.2.17 If the system is not able to connect the call, an audible and visual indication shall be    
provided to the driver. (M) 
Send Railway emergency call  
					"
52218 it shall be possible for a driver to initiate railway emergency calls see section 13 m,2,"DS1.xlsx, DS3.xlsx",5.2.2.18 It shall be possible for a driver to initiate Railway emergency calls (see section 13). (M)
52219 if a trainborne recorder is connected to the cab radio details of the activation termination and any failures of the emergency function shall be sent to the trainborne recorder as each event occurs m,2,"DS1.xlsx, DS3.xlsx","5.2.2.19 If a train-borne recorder is connected to the Cab radio, details of the activation, termination and any failures of the emergency function shall be sent to the train-borne recorder as each event occurs. (M)"
5222 if the radio system cannot give a unique identity for a given type of controller the identity could be obtained using external systems as defined in 1147 i,2,"DS1.xlsx, DS3.xlsx","
						5.2.2.2     If the radio system cannot give a unique identity for a given type of controller, the 
identity could be obtained using external systems as defined in 11.4.7. (I) 
					"
52220 a continuous visual and short audible indication from 0 to 20 seconds for trials 5 seconds that the emergency function has been activated shall be provided in the cab note that when the handset is offhook the audible indication shall be sounded from the loudspeaker at a low volume but shall not be sounded from the handset m,2,"DS1.xlsx, DS3.xlsx","5.2.2.20 A continuous visual and short audible indication (from 0 to 20 seconds, for trials: 5 seconds) that the emergency function has been activated shall be provided in the cab. (Note that when the handset is off-hook, the audible indication shall be sounded from the loudspeaker at a low volume, but shall not be sounded from the handset.) (M)"
52221 once the railway emergency call is connected and the audible indication is finished an indication shall be provided to the driver as a reminder of the need to use the push totalk button on the handset if he wants to speak m,2,"DS1.xlsx, DS3.xlsx","
						5.2.2.21 Once the Railway emergency call is connected and the audible indication is finished,    
an indication shall be provided to the driver as a reminder of the need to use the Push-
To-Talk button on the handset if he wants to speak. (M) 
					"
52222 the call shall be connected to the loudspeaker until the driver picks up the handset m,2,"DS1.xlsx, DS3.xlsx",5.2.2.22 The call shall be connected to the loudspeaker until the driver picks up the handset. (M)
52223 if the train moves out of the call area whilst the call is in progress it will leave the call and an audible and visual indication of the loss of call shall be provided to the driver m,2,"DS1.xlsx, DS3.xlsx","
						5.2.2.23 If the train moves out of the call area whilst the call is in progress, it will leave the call    
and an audible and visual indication of the loss of call shall be provided to the driver. 
(M) 
					"
52224 once the call is terminated the continuous visual alarm indication in the cab shall cease m,2,"DS1.xlsx, DS3.xlsx","5.2.2.24 Once the call is terminated, the continuous visual alarm indication in the cab shall cease. (M)"
52225 if the system is not able to connect the call an audible and visual indication shall be provided to the driver m communicate with other drivers on same train,2,"DS1.xlsx, DS3.xlsx","5.2.2.25 If the system is not able to connect the call, an audible and visual indication shall be provided to the driver. (M) Communicate with other drivers on same train"
52226 many trains employ multiple active traction vehicles where these vehicles are not connected by ontrain wire connections it shall be possible for the lead driver to establish a permanent radio connection between each of the active cabs m,2,"DS1.xlsx, DS3.xlsx","5.2.2.26 Many trains employ multiple active traction vehicles. Where these vehicles are not connected by on-train wire connections, it shall be possible for the lead driver to establish a permanent radio connection between each of the active cabs. (M)"
52227 the call will be established from the active cab of the lead traction vehicle i,2,"DS1.xlsx, DS3.xlsx","
						5.2.2.27 The call will be established from the active cab of the lead traction vehicle. (I)    
					"
52228 whilst ongoing a multidrivers indication shall be displayed permanently at all cab radios m,2,"DS1.xlsx, DS3.xlsx","5.2.2.28 Whilst on-going, a multi-drivers indication shall be displayed permanently at all Cab radios. (M)"
52229 the lead driver shall be notified if a member of the group has placed the call on hold although this shall not affect communications between the remaining members of the group m,2,"DS1.xlsx, DS3.xlsx","
						5.2.2.29 The lead driver shall be notified if a member of the group has placed the call on hold,    
although this shall not affect communications between the remaining members of the 
group. (M) 
					"
5223 once an appropriate destination has been obtained the radio shall attempt to establish a call to this destination the functional identity shall be displayed to the controller m,2,"DS1.xlsx, DS3.xlsx","5.2.2.3 Once an appropriate destination has been obtained, the radio shall attempt to establish a call to this destination. The functional identity shall be displayed to the controller. (M)"
52230 at any time during the call the lead driver shall be able to remove a member of the group m,2,"DS1.xlsx, DS3.xlsx","
						5.2.2.30 At any time during the call, the lead driver shall be able to remove a member of the    
group. (M) 
					"
52231 the lead driver shall be able to terminate the entire call m,2,"DS1.xlsx, DS3.xlsx","
						5.2.2.31 The lead driver shall be able to terminate the entire call. (M)    
					"
52232 if a driver is disconnected from the multidriver call a clear indication shall be given m,2,"DS1.xlsx, DS3.xlsx","5.2.2.32 If a driver is disconnected from the multi-driver call, a clear indication shall be given. (M)"
52233 the setting up and closing down of a multidriver call shall be simplified using automation or guidance through the steps required m,2,"DS1.xlsx, DS3.xlsx",5.2.2.33 The setting up and closing down of a multi-driver call shall be simplified using automation or guidance through the steps required. (M)
52234 in each cab the call shall be connected to the loudspeaker whilst the handset is on hook m,2,"DS1.xlsx, DS3.xlsx","5.2.2.34 In each cab, the call shall be connected to the loudspeaker whilst the handset is on- hook. (M)"
52235 if any part of the call fails an audible and visual indication shall be provided in the appropriate cab m,2,"DS1.xlsx, DS3.xlsx","5.2.2.35 If any part of the call fails, an audible and visual indication shall be provided in the appropriate cab. (M)"
52236 if the call fails in the lead traction vehicle the lead driver will be responsible for re establishing the call if the call fails to any other cab the driver in that cab will call the lead cab and request reestablishment of the call i,2,"DS1.xlsx, DS3.xlsx","
						5.2.2.36 If the call fails in the lead traction vehicle, the lead driver will be responsible for re-   
establishing the call. If the call fails to any other cab, the driver in that cab will call the 
lead cab and request re-establishment of the call. (I) 
					"
52237 for calls between a controller and the lead cab it shall be possible to add the controller to the multidriver call either the lead driver calls the controller or the controller calls the lead driver in the latter case the controller is automatically added into the multi driver call functional identity of the controller shall be displayed in the leading cab m call train staff,2,"DS1.xlsx, DS3.xlsx","
						5.2.2.37 For calls between a controller and the lead cab, it shall be possible to add the controller    
to the multi-driver call. Either the lead driver calls the controller or the controller calls 
the lead driver. In the latter case, the controller is automatically added into the multi-
driver call. Functional identity of the controller shall be displayed in the leading cab.   
(M) 
Call train staff 
					"
52238 it shall be possible for the driver to contact members of onboard train staff using a pointtopoint voice call m,2,"DS1.xlsx, DS3.xlsx","
						5.2.2.38 It shall be possible for the driver to contact members of on-board train staff using a    
point-to-point voice call. (M) 
					"
5224 an audible and visual indication shall be provided to the driver that the call is proceeding m,2,"DS1.xlsx, DS3.xlsx","
						5.2.2.4     An  audible  and  visual  indication  shall  be  provided  to  the  driver  that  the  call  is 
proceeding. (M) 
					"
52240 the driver shall then be prompted to select the train staff with which he wishes to communicate m,2,"DS1.xlsx, DS3.xlsx","
						5.2.2.40 The driver shall then be prompted to select the train staff with which he wishes to    
communicate. (M) 
					"
52241 on many trains staff may be connected by intercom or internal telephone rather than by radio it is required that in these cases the cab radio shall be integrated with internal communication systems such that the appropriate means of connection wire or radio will be determined automatically m call other authorised users,2,"DS1.xlsx, DS3.xlsx","
						5.2.2.41 On many trains, staff may be connected by intercom or internal telephone rather than    
by  radio.  It  is  required  that,  in  these  cases,  the  Cab  radio  shall be  integrated  with 
internal communication systems such that the appropriate means of connection (wire 
or radio) will be determined automatically. (M) 
Call other authorised users 
					"
52243 an audible and visual indication of an incoming call shall be provided m,2,"DS1.xlsx, DS3.xlsx","
						5.2.2.43 An audible and visual indication of an incoming call shall be provided. (M)    
					"
52244 the functional identity which may contain an alphanumeric description of the calling party when available shall be displayed m,2,"DS1.xlsx, DS3.xlsx","5.2.2.44 The functional identity (which may contain an alphanumeric description) of the calling party, when available, shall be displayed. (M)"
52245 pointtopoint calls that are not automatically answered see table 101 shall only be answered once the driver accepts the call m,2,"DS1.xlsx, DS3.xlsx",5.2.2.45 Point-to-point calls that are not automatically answered (see table 10-1) shall only be answered once the driver accepts the call. (M)
52246 once the driver has accepted the standard pointtopoint call it shall be connected appropriately eg if the driver has accepted the call by lifting the handset then the call shall be routed to the handset m receive incoming group or broadcast voice call,2,"DS1.xlsx, DS3.xlsx","
						5.2.2.46 Once the driver has accepted the standard point-to-point call, it shall be connected    
appropriately, eg if the driver has accepted the call by lifting the handset, then the call 
shall be routed to the handset. (M) 
Receive incoming group or broadcast voice call 
					"
52247 an audible and visual indication of the incoming call shall be provided when a cab radio receives a group or broadcast call m,2,"DS1.xlsx, DS3.xlsx",5.2.2.47 An audible and visual indication of the incoming call shall be provided when a Cab radio receives a group or broadcast call. (M)
52248 the group identity of the voice group call vbs or vgcs shall be displayed m,2,"DS1.xlsx, DS3.xlsx","
						5.2.2.48 The group identity of the voice group call (VBS or VGCS) shall be displayed. (M)    
					"
52249 group or broadcast calls shall automatically be connected to the loudspeaker if the handset is not in use or to the handset if the handset is off hook m,2,"DS1.xlsx, DS3.xlsx","
						5.2.2.49 Group or broadcast calls shall automatically be connected to the loudspeaker if the    
handset is not in use, or to the handset if the handset is off hook. (M) 
					"
5225 when the call is connected to the controller an audible and visual indication is to be provided to the driver the call shall be connected to the loudspeaker at the preset value m,2,"DS1.xlsx, DS3.xlsx","
						5.2.2.5     When the call is connected to the controller, an audible and visual indication is to be 
provided to the driver. The call shall be connected to the loudspeaker at the pre-set 
value. (M) 
					"
52250 the driver shall be informed if a broadcast call is ongoing by a visual indication displayed on the mmi m,2,"DS1.xlsx, DS3.xlsx","
						5.2.2.50 The  driver  shall  be  informed  if  a  broadcast  call  is  ongoing  by  a  visual  indication    
displayed on the MMI. (M) 
					"
52250i it is not possible for the driver to speak as part of the call when receiving a broadcast call i,2,"DS1.xlsx, DS3.xlsx","
						5.2.2.50i  It is not possible for the driver to speak as part of the call when receiving a broadcast 
call. (I) 
					"
52251 if the call is a group call the driver shall be required to request permission before being able to speak as part of the call by lifting the handset and pushing the pushto talk ptt button m,2,"DS1.xlsx, DS3.xlsx","
						5.2.2.51 If the call is a group call, the driver shall be required to request permission before    
being able to speak as part of the call by lifting the handset and pushing the Push-To-
Talk (PTT) button. (M) 
					"
52252 during a group call a visual indication shall be displayed on the drivers mmi to remind the driver of the need to use the ptt button m,2,"DS1.xlsx, DS3.xlsx","5.2.2.52 During a group call, a visual indication shall be displayed on the drivers MMI to remind the driver of the need to use the PTT button. (M)"
52253 the driver can not speak in a group call until permission is granted by the network after pushing the ptt button i,2,"DS1.xlsx, DS3.xlsx",5.2.2.53 The driver can not speak in a group call until permission is granted by the network after pushing the PTT button. (I)
52254 in a group call an audible and visual indication of whether the request to talk was successful shall be provided the driver shall then be able to speak as part of the call whilst the ptt button is pressed m,2,"DS1.xlsx, DS3.xlsx","5.2.2.54 In a group call, an audible and visual indication of whether the request to talk was successful shall be provided. The driver shall then be able to speak as part of the call whilst the PTT button is pressed. (M)"
52255 if the train moves out of the group or broadcast call area whilst the call is in progress an audible and visual indication of the loss of call shall be provided to the driver m receive incoming railway emergency call,2,"DS1.xlsx, DS3.xlsx","
						5.2.2.55 If the train moves out of the group or broadcast call area whilst the call is in progress,    
an audible and visual indication of the loss of call shall be provided to the driver. (M) 
Receive incoming Railway emergency call 
					"
52256 reception of this call proceeds as for a standard group or broadcast call except that a distinctive audible and visual indication shall be provided in the cab m,2,"DS1.xlsx, DS3.xlsx","5.2.2.56 Reception of this call proceeds as for a standard group or broadcast call, except that a distinctive audible and visual indication shall be provided in the cab. (M)"
52257 if a trainborne recorder is connected to the cab radio details of an incoming railway emergency call shall be transmitted to the trainborne recorder for recording see section 58 m confirm receipt of railway emergency call,2,"DS1.xlsx, DS3.xlsx","
						5.2.2.57 If a train-borne recorder is connected to the Cab radio, details of an incoming Railway    
emergency  call  shall  be  transmitted  to  the  train-borne  recorder  for  recording,  see 
section 5.8. (M) 
Confirm receipt of Railway emergency call 
					"
52258 an automatic confirmation shall be generated by the cab radio at the end of the railway emergency call as detailed in section 13 m,2,"DS1.xlsx, DS3.xlsx",5.2.2.58 An automatic confirmation shall be generated by the Cab radio at the end of the Railway emergency call as detailed in section 13. (M)
52259 automatic confirmation of receipt of railway emergency calls will be used to provide a means of determining which trains have received a railway emergency call see section 13 i terminate calls,2,"DS1.xlsx, DS3.xlsx",5.2.2.59 Automatic confirmation of receipt of Railway emergency calls will be used to provide a means of determining which trains have received a Railway emergency call (see section 13). (I) Terminate calls
5226 the functional identity of the connected party if available shall be displayed to the driver m,2,"DS1.xlsx, DS3.xlsx","5.2.2.6 The functional identity of the connected party, if available, shall be displayed to the driver. (M)"
52260 the cab radio shall provide a means for the driver to terminate calls which he is authorised to terminate ie all calls except railway emergency calls not initiated by the driver and shunting group calls m,2,"DS1.xlsx, DS3.xlsx","
						5.2.2.60 The  Cab  radio  shall  provide  a  means for  the driver  to  terminate  calls  which he  is    
authorised to terminate (ie all calls except Railway emergency calls not initiated by the 
driver and shunting group calls). (M) 
					"
52261 for group or broadcast calls a means to leave the call without terminating the call shall be provided m receive text messages,2,"DS1.xlsx, DS3.xlsx","5.2.2.61 For group or broadcast calls, a means to leave the call without terminating the call shall be provided. (M) Receive text messages"
52262 the cab radio system shall be able to receive incoming text messages see section 12 for details m enterleave shunting mode,2,"DS1.xlsx, DS3.xlsx",5.2.2.62 The Cab radio system shall be able to receive incoming text messages (see section 12 for details). (M) Enter/leave shunting mode
52263 the cab radio shall support a shunting mode of operation that provides a link assurance tone to reassure users of the integrity of the communication link see section 14 m,2,"DS1.xlsx, DS3.xlsx","
						5.2.2.63 The  Cab  radio  shall  support  a  shunting  mode  of  operation  that  provides  a  link    
assurance  tone  to  reassure  users  of  the  integrity  of  the  communication  link  (see  
section 14). (M)  
					"
52264 a means to enter and leave shunting mode shall be provided m,2,"DS1.xlsx, DS3.xlsx","
						5.2.2.64 A means to enter and leave shunting mode shall be provided. (M)    
					"
52265 the functionality to enter and leave shunting mode shall not be available when there are ongoing calls involving the cab radio m,2,"DS1.xlsx, DS3.xlsx","
						5.2.2.65 The functionality to enter and leave shunting mode shall not be available when there    
are on-going calls involving the Cab radio. (M) 
					"
52266 the link assurance tone shall be provided via the loudspeaker m,2,"DS1.xlsx, DS3.xlsx",5.2.2.66 The link assurance tone shall be provided via the loudspeaker. (M)
52267 if the cab radio is equipped with an additional security device this audible indication may be muted for the drivers convenience in this case the security device alerts the driver if the link has failed or if it is cancelled i enterleave direct mode,2,"DS1.xlsx, DS3.xlsx","5.2.2.67 If the Cab radio is equipped with an additional security device, this audible indication may be muted for the drivers convenience. In this case, the security device alerts the driver if the link has failed or if it is cancelled. (I) Enter/leave direct mode"
52268 it should be possible for the cab radio to be used without the network service if it should fail or if there is no authorised network coverage such that local open channel communications are still possible this mode of operation is termed direct mode see section 15 o,2,"DS1.xlsx, DS3.xlsx","5.2.2.68 It should be possible for the Cab radio to be used without the network service (if it should fail or if there is no authorised network coverage), such that local open channel communications are still possible. This mode of operation is termed direct mode (see section 15). (O)"
52269 if direct mode is implemented a means to enter and leave direct mode shall be provided m,2,"DS1.xlsx, DS3.xlsx","5.2.2.69 If direct mode is implemented, a means to enter and leave direct mode shall be provided. (M)"
5227 if the functional identity of the connected party contains an alphanumeric description this shall also be displayed m,2,"DS1.xlsx, DS3.xlsx","5.2.2.7 If the functional identity of the connected party contains an alphanumeric description, this shall also be displayed. (M)"
52270 if the radio is in direct mode and the normal network service returns the user shall be provided with an audible and visual indication m monitor calls to other ontrain usersdevices using the cab radio,2,"DS1.xlsx, DS3.xlsx","
						5.2.2.70 If the radio is in direct mode and the normal network service returns, the user shall be    
provided with an audible and visual indication. (M) 
Monitor calls to other on-train users/devices using the Cab radio 
					"
52271 not all communications using the cab radio will involve the driver where these calls involve the cab radio the driver shall be provided with an indication that the cab radio is busy m,2,"DS1.xlsx, DS3.xlsx","5.2.2.71 Not all communications using the Cab radio will involve the driver. Where these calls involve the Cab radio, the driver shall be provided with an indication that the Cab radio is busy. (M)"
52272 for voice calls using the cab radio not involving the driver as a called or calling party the driver shall have the possibility to listen to the audio output of the communication m,2,"DS1.xlsx, DS3.xlsx","5.2.2.72 For voice calls using the Cab radio not involving the driver as a called or calling party, the driver shall have the possibility to listen to the audio output of the communication. (M)"
52273 for voice communications if the driver picks up the handset the radio shall allow him to join the communication m,2,"DS1.xlsx, DS3.xlsx","5.2.2.73 For voice communications, if the driver picks up the handset, the radio shall allow him to join the communication. (M)"
52274 the driver shall be able to terminate communications voice or data by selecting another call m forward calls to driver handheld,2,"DS1.xlsx, DS3.xlsx",5.2.2.74 The driver shall be able to terminate communications (voice or data) by selecting another call. (M) Forward calls to driver handheld
5228 if the system is not able to connect the call an audible and visual indication shall be provided to the driver that the call was not received by the controller this shall also indicate if the called party was busy or if the network could not connect the call m call other drivers in the area on other trains,2,"DS1.xlsx, DS3.xlsx","
						5.2.2.8     If the system is not able to connect the call, an audible and visual indication shall be 
provided to the driver that the call was not received by the controller. This shall also 
indicate if the called party was busy or if the network could not connect the call. (M) 
Call other drivers in the area (on other trains) 
					"
5229 it shall be possible for a driver to initiate and participate in group voice calls between drivers in a predefined geographical area m,2,"DS1.xlsx, DS3.xlsx",5.2.2.9 It shall be possible for a driver to initiate and participate in group voice calls between drivers in a pre-defined geographical area. (M)
522i once a call has been established the connected parties shall be able to communicate m 522iv a pushtotalk function shall be provided for use during group calls m,2,"DS1.xlsx, DS3.xlsx",5.2.2i Once a call has been established the connected parties shall be able to communicate. (M) 5.2.2iv A Push-To-Talk function shall be provided for use during group calls. (M)
522ii picking up the handset shall transfer the communication to the handset and reduce the loudspeaker volume to its minimum level m,2,"DS1.xlsx, DS3.xlsx","
					5.2.2ii   Picking up the handset shall transfer the communication to the handset and reduce the 
loudspeaker volume to its minimum level. (M) 
					"
522iv a pushtotalk function shall be provided for use during group calls m,2,"DS1.xlsx, DS3.xlsx","
						5.2.2iv   A Push-To-Talk function shall be provided for use during group calls. (M) 
					"
522v the use of pushtotalk for all types of communications is acceptable if needed for ergonomic reasons or to avoid the noise of the cab being transmitted to the other party i,2,"DS1.xlsx, DS3.xlsx","5.2.2v   The  use  of  Push-To-Talk  for  all  types  of  communications  is  acceptable  if  needed  for 
ergonomic reasons or to avoid the noise of the cab being transmitted to the other party. 
(I) 
					"
52310 as far as possible the above procedure should also apply on power failure o,2,"DS1.xlsx, DS3.xlsx","
						5.2.3.10 As far as possible, the above procedure should also apply on power failure. (O)    
					"
52312 it shall be possible to present radio related prompts and information in a number of different languages m,2,"DS1.xlsx, DS3.xlsx",5.2.3.12 It shall be possible to present radio related prompts and information in a number of different languages. (M)
52313 by default prompts and information shall be displayed in the language selected by the train owner as stored within the system m,2,"DS1.xlsx, DS3.xlsx","5.2.3.13 By default, prompts and information shall be displayed in the language selected by the train owner (as stored within the system). (M)"
52314 it shall be possible for the user to display a list of available languages and select the language in which radio related prompts and information are displayed both at turn on and during a journey eg where a change of drivers may occur m,2,"DS1.xlsx, DS3.xlsx",5.2.3.14 It shall be possible for the user to display a list of available languages and select the language in which radio related prompts and information are displayed both at turn on and during a journey (eg where a change of drivers may occur). (M)
52315 the languages to be supported will be a matter for each national railway to decide i,2,"DS1.xlsx, DS3.xlsx",5.2.3.15 The languages to be supported will be a matter for each national railway to decide. (I)
52316 the radio shall support at least ten different languages m adjust loudspeaker volume,2,"DS1.xlsx, DS3.xlsx",5.2.3.16 The radio shall support at least ten different languages. (M) Adjust loudspeaker volume
52317 by default the loudspeaker volume shall be set to a predetermined level suitable for the operating environment as stored within the system m,2,"DS1.xlsx, DS3.xlsx","5.2.3.17 By default, the loudspeaker volume shall be set to a pre-determined level suitable for the operating environment (as stored within the system). (M)"
52318 it shall be possible for the driver to increase and decrease the loudspeaker volume within the adjustment range selected m,2,"DS1.xlsx, DS3.xlsx",5.2.3.18 It shall be possible for the driver to increase and decrease the loudspeaker volume within the adjustment range selected. (M)
52319 when the handset is picked up the loudspeaker shall continue to operate but at a reduced volume level m,2,"DS1.xlsx, DS3.xlsx","
						5.2.3.19 When the handset is picked up, the loudspeaker shall continue to operate, but at a    
reduced volume level. (M) 
					"
5232 at the point of successful connection the cab radio will be able to receive all calls made using the cab radios telephone number engine number or appropriate group call numbers including railway emergency calls i,2,"DS1.xlsx, DS3.xlsx","
						5.2.3.2     At the point of successful connection, the Cab radio will be able to receive all calls 
made using the Cab radios telephone number, engine number or appropriate group 
call numbers (including Railway emergency calls). (I) 
					"
52323i when presented with this list it shall be possible for the driver using simple mmi actions to select the required mobile radio network manually whereupon the cab radio shall attempt to attach to this selected network m,2,"DS1.xlsx, DS3.xlsx","
						5.2.3.23i  When presented with this list, it shall be possible for the driver (using simple MMI 
actions) to select the required mobile radio network manually, whereupon the Cab 
radio shall attempt to attach to this selected network. (M) 
					"
52324 the manual network selection function shall not be available when there are ongoing voice calls involving the cab radio m,2,"DS1.xlsx, DS3.xlsx","
						5.2.3.24 The manual network selection function shall not be available when there are on-going    
voice calls involving the Cab radio. (M) 
					"
52325 a visual confirmation of the new network identity shall be given to the driver when a manually initiated network change has been completed successfully m 52325v directed network selection is suitable for crossing international borders i automatic network selection 52325vi the cab radio should be capable of selecting the mobile radio network automatically from a list of suitable networks see section 105 o 52325vii if automatic network selection is implemented it shall be possible for the driver to activate and deactivate automatic network selection m 52325viii automatic network selection shall not be used for international border crossing m 52325x if directed network selection andor automatic network selection are implemented the driver shall be informed by means of an audible and visual indication of the new network identity whenever a network change takes place without user intervention m register and deregister train number,2,"DS1.xlsx, DS3.xlsx","
						5.2.3.25 A visual confirmation of the new network identity shall be given to the driver when a    
manually initiated network change has been completed successfully. (M) 5.2.3.25v Directed network selection is suitable for crossing international borders. (I) 
Automatic network selection 5.2.3.25vi The Cab radio should be capable of selecting the mobile radio network automatically 
from a list of suitable networks (see section 10.5). (O) 5.2.3.25vii If automatic network selection is implemented, it shall be possible for the driver to 
activate and deactivate automatic network selection. (M) 5.2.3.25viii Automatic network selection shall not be used for international border crossing. (M) 5.2.3.25x If directed network selection and/or automatic network selection are implemented, 
the driver shall be informed by means of an audible and visual indication of the new 
network identity whenever a network change takes place without user intervention. 
(M) 
Register and deregister train number  
					"
52325i manual network selection is suitable for crossing international borders i directed network selection 52325iv if directed network selection is implemented input from the external devices shall initiate the network change regardless of the identity of the current network and how it was selected m 52325ix automatic network selection is not suitable for use in areas where there is a risk that the cab radio will change to a foreign network unpredictably i,2,"DS1.xlsx, DS3.xlsx","
						5.2.3.25i Manual network selection is suitable for crossing international borders. (I) 
Directed network selection 5.2.3.25iv If directed network selection is implemented, input from the external device(s) shall 
initiate the network change regardless of the identity of the current network and how 
it was selected. (M) 5.2.3.25ix Automatic network selection is not suitable for use in areas where there is a risk that 
the Cab radio will change to a foreign network unpredictably. (I) 
					"
52325ii the cab radio should be capable of selecting the mobile radio network as directed by input from an external device eg a balise o,2,"DS1.xlsx, DS3.xlsx",5.2.3.25ii The Cab radio should be capable of selecting the mobile radio network as directed by input from an external device (eg a balise). (O)
52325iii if directed network selection is implemented and voice calls are ongoing at the time when the external device attempts to trigger a network change an audible and visual indication shall be given to the driver and network change shall be deferred until the call is terminated or until coverage of the current network is lost m,2,"DS1.xlsx, DS3.xlsx","5.2.3.25iii If directed network selection is implemented and voice calls are ongoing at the time when the external device attempts to trigger a network change, an audible and visual indication shall be given to the driver and network change shall be deferred until the call is terminated or until coverage of the current network is lost. (M)"
52325ix automatic network selection is not suitable for use in areas where there is a risk that the cab radio will change to a foreign network unpredictably i,2,"DS1.xlsx, DS3.xlsx","
						5.2.3.25ix Automatic network selection is not suitable for use in areas where there is a risk that 
the Cab radio will change to a foreign network unpredictably. (I) 
					"
52325v directed network selection is suitable for crossing international borders i automatic network selection,2,"DS1.xlsx, DS3.xlsx",5.2.3.25v Directed network selection is suitable for crossing international borders. (I) Automatic network selection
52325vi the cab radio should be capable of selecting the mobile radio network automatically from a list of suitable networks see section 105 o,2,"DS1.xlsx, DS3.xlsx",5.2.3.25vi The Cab radio should be capable of selecting the mobile radio network automatically from a list of suitable networks (see section 10.5). (O)
52325vii if automatic network selection is implemented it shall be possible for the driver to activate and deactivate automatic network selection m,2,"DS1.xlsx, DS3.xlsx","
						5.2.3.25vii If automatic network selection is implemented, it shall be possible for the driver to 
activate and deactivate automatic network selection. (M) 
					"
52325viii automatic network selection shall not be used for international border crossing m,2,"DS1.xlsx, DS3.xlsx",5.2.3.25viii Automatic network selection shall not be used for international border crossing. (M)
52325x if directed network selection andor automatic network selection are implemented the driver shall be informed by means of an audible and visual indication of the new network identity whenever a network change takes place without user intervention m register and deregister train number,2,"DS1.xlsx, DS3.xlsx","
						5.2.3.25x  If  directed  network  selection  and/or  automatic  network  selection  are  implemented, 
the driver shall be informed by means of an audible and visual indication of the new 
network  identity  whenever  a  network  change  takes  place  without  user  intervention. 
(M) 
Register and deregister train number  
					"
52326 it shall be possible for the driver to register and deregister a train number in the following ways 1 enter train number m 2 initiate automated request applicable only for leading driver o,2,"DS1.xlsx, DS3.xlsx","
						5.2.3.26 It  shall  be  possible  for  the  driver  to  register  and  deregister  a  train  number  in  the    
following ways:  
1)  enter train number; (M) 
2)  initiate automated request (applicable only for leading driver). (O) 
					"
52327 where the driver is required to enter the train number information the information entered shall be shown on the display and require confirmation by the driver before further actions are possible m,2,"DS1.xlsx, DS3.xlsx","5.2.3.27 Where the driver is required to enter the train number information, the information entered shall be shown on the display and require confirmation by the driver before further actions are possible. (M)"
52328 if an automated request is initiated option 2 the driver shall be able to accept or reject the train number returned by the network m,2,"DS1.xlsx, DS3.xlsx","
						5.2.3.28 If an automated request is initiated (option 2), the driver shall be able to accept or reject    
the train number returned by the network. (M) 
					"
52328i where ertmsetcs and radio systems are available and the driver is required to enter the train number as part of the initialisation procedure this task shall be carried out only once on the ertmsetcs system and the entered number transmitted to the radio system m,2,"DS1.xlsx, DS3.xlsx","5.2.3.28i Where ERTMS/ETCS and radio systems are available and the driver is required to enter the train number as part of the initialisation procedure, this task shall be carried out only once on the ERTMS/ETCS system and the entered number transmitted to the radio system. (M)"
52328ii data entry may be from either system depending on the operating procedures agreed between the train operator and the railway infrastructure operator i,2,"DS1.xlsx, DS3.xlsx",5.2.3.28ii Data entry may be from either system depending on the operating procedures agreed between the train operator and the railway infrastructure operator. (I)
52329 the driver shall be warned by audible and visual indications if a train with the same train number is already registered on the same network m,2,"DS1.xlsx, DS3.xlsx",5.2.3.29 The driver shall be warned (by audible and visual indications) if a train with the same train number is already registered on the same network. (M)
5233 powering down the cab radio shall cause the disconnection of the cab radio from the mobile network m,2,"DS1.xlsx, DS3.xlsx",5.2.3.3 Powering down the Cab radio shall cause the disconnection of the Cab radio from the mobile network. (M)
52330 a means to override the currently registered train number shall be provided to the newly registering driver m,2,"DS1.xlsx, DS3.xlsx",5.2.3.30 A means to override the currently registered train number shall be provided to the newly registering driver. (M)
52331 the driver of the previously registered train shall be informed by audible and visual indications that his train number has been overridden by another driver m,2,"DS1.xlsx, DS3.xlsx",5.2.3.31 The driver of the previously registered train shall be informed (by audible and visual indications) that his train number has been overridden by another driver. (M)
52332 where a change of train number is required during the course of a trains journey it shall be possible for the driver to initiate the change or override the automatic change this shall be carried out by entering the train number option 1 in 52326 m,2,"DS1.xlsx, DS3.xlsx","5.2.3.32 Where a change of train number is required during the course of a trains journey, it shall be possible for the driver to initiate the change or override the automatic change. This shall be carried out by entering the train number (option 1 in 5.2.3.26). (M)"
52333 non leading drivers shall be able to indicate to the system their location in the train during the registration procedure 2nd driver 3rd driver etc m register and deregister ontrain users ontrain functions,2,"DS1.xlsx, DS3.xlsx","
						5.2.3.33 Non leading drivers shall be able to indicate to the system their location in the train    
during the registration procedure (2nd driver, 3rd driver etc). (M) 
Register and deregister on-train users (on-train functions) 
					"
52334 the drivers functional number shall be automatically registeredderegistered when the train number is registeredderegistered m,2,"DS1.xlsx, DS3.xlsx","
						5.2.3.34 The drivers functional number shall be automatically registered/deregistered when    
the train number is registered/deregistered. (M) 
					"
52335 the functional number of other ontrain users who may be addressed through the cab radio via the ontrain bus shall be registeredderegistered automatically at the same time as the registrationderegistration of the drivers functional number m,2,"DS1.xlsx, DS3.xlsx","
						5.2.3.35 The functional number of other on-train users who may be addressed through the Cab    
radio via the on-train bus shall be registered/deregistered automatically at the same 
time as the registration/deregistration of the drivers functional number. (M) 
					"
52336 where an ontrain bus is connected to the cab radio deregistration of functional numbers can be performed on an individual basis and also by the train driver by one action for all users including the driver at the end of the journey when the train number is no longer associated with the train o register and deregister stock number enginecoach number,2,"DS1.xlsx, DS3.xlsx","
						5.2.3.36 Where  an  on-train  bus  is  connected  to  the  Cab  radio,  deregistration  of  functional    
numbers can be performed on an individual basis and also by the train driver, by one 
action for all users (including the driver), at the end of the journey when the train 
number is no longer associated with the train. (O) 
Register and deregister stock number (engine/coach number) 
					"
52337 there shall be a fixed relationship between the telephone numbers of radios installed in the locomotivecoach and the stock number which shall remain even if the radio is changed m,2,"DS1.xlsx, DS3.xlsx","5.2.3.37 There shall be a fixed relationship between the telephone numbers of radios installed in the locomotive/coach and the stock number, which shall remain even if the radio is changed. (M)"
52339 the cab radio shall have a reconfigurable list of stored numbers that may be used to perform abbreviated dialling to named user identities m,2,"DS1.xlsx, DS3.xlsx",5.2.3.39 The Cab radio shall have a reconfigurable list of stored numbers that may be used to perform abbreviated dialling to named user identities. (M)
5234 when switched off the radio shall retain any numbers which are stored at the time the radio is switched off m switch radio mmi onoff,2,"DS1.xlsx, DS3.xlsx","5.2.3.4 When switched off, the radio shall retain any numbers which are stored at the time the radio is switched off. (M) Switch radio MMI on/off"
52340 it shall be possible for the driver to find and display stored numbers and their information m,2,"DS1.xlsx, DS3.xlsx","
						5.2.3.40 It  shall  be  possible  for  the  driver  to  find  and  display  stored  numbers  and  their    
information. (M) 
					"
52341 it should be possible for the driver to store and overwrite numbers and their details in the cab radio o invoke supplementary services,2,"DS1.xlsx, DS3.xlsx","
						5.2.3.41 It should be possible for the driver to store and overwrite numbers and their details in    
the Cab radio. (O) 
Invoke supplementary services 
					"
52343 the actions required from the driver will be as simple as possible i invoke tests,2,"DS1.xlsx, DS3.xlsx","
						5.2.3.43 The actions required from the driver will be as simple as possible. (I)    
Invoke tests 
					"
52344 it shall be possible to initiate tests of the radio to provide the driver with a reasonable level of certainty that the radio and mmi are working m,2,"DS1.xlsx, DS3.xlsx","
						5.2.3.44 It shall be possible to initiate tests of the radio to provide the driver with a reasonable    
level of certainty that the radio and MMI are working. (M) 
					"
52345 such tests shall not prevent calls m,2,"DS1.xlsx, DS3.xlsx","
						5.2.3.45 Such tests shall not prevent calls. (M)    
					"
52346 the result of the tests shall be displayed in a similar format to the selftest when mmi is powered on m,2,"DS1.xlsx, DS3.xlsx",5.2.3.46 The result of the tests shall be displayed in a similar format to the self-test when MMI is powered on. (M)
5235 the mmi onoff control shall be designed to prevent accidental activation deactivation m,2,"DS1.xlsx, DS3.xlsx","
						5.2.3.5     The  MMI  on/off  control  shall  be  designed  to  prevent  accidental  activation/ 
deactivation. (M) 
					"
5238 the time should be able to be varied between 0 and 240 minutes as a maintenance t function allowing the radio to power up in a consistent state following minor operational procedures or power interruptions o,2,"DS1.xlsx, DS3.xlsx","
						5.2.3.8     The time   should be able to be varied between 0 and 240 minutes, as a maintenance   t
function,  allowing  the  radio  to  power  up  in  a  consistent  state  following  minor 
operational procedures or power interruptions. (O) 
					"
5241 the cab radio system may be required to be able to handle incoming and outgoing calls not only to and from the driver but also to and from other ontrain users and devices conductor public address system data systems etc via appropriate interfaces and ports i,2,"DS1.xlsx, DS3.xlsx","
						5.2.4.1     The Cab radio system may be required to be able to handle incoming and outgoing 
calls not only to and from the driver, but also to and from other on-train users and 
devices (conductor, public address system, data systems, etc) via appropriate interfaces 
and ports. (I) 
					"
52410 upon the request of the driver the cab radio should be able to perform a suite of run time diagnostic tests on all physical interfaces o,2,"DS1.xlsx, DS3.xlsx","
						5.2.4.10 Upon the request of the driver, the Cab radio should be able to perform a suite of run-   
time diagnostic tests on all physical interfaces. (O) 
					"
52411 if runtime diagnostics are implemented failure of an interface shall be reported to the driver via the display m,2,"DS1.xlsx, DS3.xlsx","
						5.2.4.11 If run-time diagnostics are implemented, failure of an interface shall be reported to the    
driver via the display. (M) 
					"
52412 if runtime diagnostics are implemented all failures should be available to be recorded in a trainborne recorder o,2,"DS1.xlsx, DS3.xlsx","
						5.2.4.12 If run-time diagnostics are implemented, all failures should be available to be recorded    
in a train-borne recorder. (O) 
					"
52413 if runtime diagnostics are implemented diagnostic tests shall not interfere with normal operation of the cab radio m,2,"DS1.xlsx, DS3.xlsx","
						5.2.4.13 If  run-time  diagnostics  are  implemented,  diagnostic  tests  shall  not  interfere  with    
normal operation of the Cab radio. (M) 
					"
52414 railways will require facilities to support the use of automatic test equipment with mobile radios i,2,"DS1.xlsx, DS3.xlsx","
						5.2.4.14 Railways will require facilities to support the use of automatic test equipment with    
mobile radios. (I) 
					"
5242 for data applications calls shall be possible even if the driver mmi is switched off m,2,"DS1.xlsx, DS3.xlsx","
						5.2.4.2     For data applications, calls shall be possible even if the driver MMI is switched off. (M) 
					"
5243 the cab radio may need to conserve battery power when the radio is powered up but the mmi is switched off i handling of call priorities,2,"DS1.xlsx, DS3.xlsx",5.2.4.3 The Cab radio may need to conserve battery power when the radio is powered up but the MMI is switched off. (I) Handling of call priorities
5244 the cab radio may be required to set up calls from a number of different sources therefore the radio shall provide a priority function for calls from different sources in order to handle contention for the radio m,2,"DS1.xlsx, DS3.xlsx","5.2.4.4 The Cab radio may be required to set up calls from a number of different sources. Therefore, the radio shall provide a priority function for calls from different sources in order to handle contention for the radio. (M)"
5245 in order to meet other call priorities established calls shall be able to be either put on hold or cleared down preempted m,2,"DS1.xlsx, DS3.xlsx","5.2.4.5 In order to meet other call priorities, established calls shall be able to be either put on hold or cleared down (pre-empted). (M)"
5246 the cab radio shall be capable of handling contention between calls of differing priorities m,2,"DS1.xlsx, DS3.xlsx",5.2.4.6 The Cab radio shall be capable of handling contention between calls of differing priorities. (M)
5247 an outgoing call request of higher priority than an established call shall take precedence over the established call m,2,"DS1.xlsx, DS3.xlsx","
						5.2.4.7     An  outgoing  call  request  of  higher  priority  than  an  established  call  shall  take 
precedence over the established call. (M) 
					"
5248 where preemption occurs an advisory indication may be provided to the preempted parties o,2,"DS1.xlsx, DS3.xlsx","
						5.2.4.8     Where pre-emption occurs, an advisory indication may be provided to the pre-empted 
parties. (O) 
					"
5249 priority call handling facilities shall be provided such that the performance requirements defined in sections 34 and 102 can be met m runtime diagnostics,2,"DS1.xlsx, DS3.xlsx","
						5.2.4.9     Priority  call  handling  facilities  shall  be  provided  such  that  the  performance 
requirements defined in sections 3.4 and 10.2 can be met. (M) 
Run-time diagnostics 
					"
531 trainmounted equipment including the cab radio terminal equipment mmi and antenna shall comply with all specifications in section 43 and all of those defined in this section m,2,"DS1.xlsx, DS3.xlsx","5.3.1 Train-mounted equipment including the Cab radio terminal equipment, MMI and antenna shall comply with all specifications in section 4.3 and all of those defined in this section. (M)"
532 the radio equipment that will be mounted in rolling stock can be split into two classes incab equipment and external equipment each type of equipment has slightly different requirements placed upon it in terms of emc and climate uic fiche 651 is a useful reference concerning the layout of cab equipment i physical conditions,2,"DS1.xlsx, DS3.xlsx","
				5.3.2     The radio equipment that will be mounted in rolling stock can be split into two classes: 
in-cab  equipment  and  external  equipment.  Each  type  of  equipment  has  slightly 
different requirements placed upon it in terms of EMC and climate. (UIC fiche 651  is a 
useful reference concerning the layout of cab equipment.) (I) 
Physical conditions   
				"
533 measures should be taken to reduce the risk of theft of radio equipment examples of such measures include physical protection alarms and access control measures i,2,"DS1.xlsx, DS3.xlsx","5.3.3 Measures should be taken to reduce the risk of theft of radio equipment. Examples of such measures include physical protection, alarms and access control measures. (I)"
534 ease of maintenance should be taken into account in the design and installation of radio equipment for example maintenance access to antennas on vehicles should be provided i electrical,2,"DS1.xlsx, DS3.xlsx","5.3.4 Ease of maintenance should be taken into account in the design and installation of radio equipment. For example, maintenance access to antennas on vehicles should be provided. (I) Electrical"
536 requirements on electromagnetic emissions for the cab radio are to be more stringent than those defined for other radio types due to close proximity to other trainmounted control and protection equipment and higher transmission power i,2,"DS1.xlsx, DS3.xlsx","
				5.3.6     Requirements on electromagnetic emissions for the Cab radio are to be more stringent 
than those defined for other radio types due to close proximity to other train-mounted 
control and protection equipment, and higher transmission power. (I) 
				"
5411 the standard set of audible and visual indications specified in the cenelec standard for the drivermachine interface for ertms shall be implemented in the cab radio system m,2,"DS1.xlsx, DS3.xlsx",5.4.11 The standard set of audible and visual indications specified in the CENELEC Standard for the Driver-Machine Interface for ERTMS shall be implemented in the Cab radio system. (M)
5413 some cab radios may need to be operated by staff wearing gloves and controls may need to be suitable for use in a wide range of conditions eg splash proof and suitable for viewing in direct sunlight and in darkness o,2,"DS1.xlsx, DS3.xlsx","5.4.13 Some Cab radios may need to be operated by staff wearing gloves and controls may need to be suitable for use in a wide range of conditions, eg splash proof and suitable for viewing in direct sunlight and in darkness. (O)"
5414 where there is a risk that stored numbers or other setup details may be accidentally changed facilities should be provided on the cab radio in order to prevent this happening o,2,"DS1.xlsx, DS3.xlsx","5.4.14 Where there is a risk that stored numbers or other set-up details may be accidentally changed, facilities should be provided on the Cab radio in order to prevent this happening. (O)"
5415 cab radios shall provide a means of preventing tampering m service availability,2,"DS1.xlsx, DS3.xlsx",5.4.15 Cab radios shall provide a means of preventing tampering. (M) Service availability
5416 if contact with the mobile radio network is lost then the cab radio shall give an audible and visual indication m,2,"DS1.xlsx, DS3.xlsx","5.4.16 If contact with the mobile radio network is lost, then the Cab radio shall give an audible and visual indication. (M)"
542 radio equipment installed in a drivers cab shall not obstruct the drivers vision or otherwise hinder the safe driving of the train m,2,"DS1.xlsx, DS3.xlsx",5.4.2 Radio equipment installed in a drivers Cab shall not obstruct the drivers vision or otherwise hinder the safe driving of the train. (M)
542i the design of the equipment shall make it possible to install it within a cab complying with the requirements of uic fiche 651 concerning the layout of cab equipment  m,2,"DS1.xlsx, DS3.xlsx","
				5.4.2i   The design of the equipment shall make it possible to install it within a cab complying 
with the requirements of UIC fiche 651 concerning the layout of cab equipment . (M) 
				"
543 all call related functions shall be possible with the handset on or off the hook m,2,"DS1.xlsx, DS3.xlsx","
				5.4.3     All call related functions shall be possible with the handset on or off the hook. (M) 
				"
544 note there is no requirement for hands free operation i,2,"DS1.xlsx, DS3.xlsx",5.4.4 Note: there is no requirement for hands free operation. (I)
545 the driver shall be able to adjust the brightness of buttons indicator lights and displays according to the ambient lighting in the cab m,2,"DS1.xlsx, DS3.xlsx","
				5.4.5     The  driver  shall  be  able  to  adjust  the  brightness  of  buttons,  indicator  lights  and 
displays according to the ambient lighting in the cab. (M) 
				"
546 the driver shall be able to adjust the contrast of the display m,2,"DS1.xlsx, DS3.xlsx","
				5.4.6     The driver shall be able to adjust the contrast of the display. (M) 
				"
547 the emergency call button shall be red and shall be protected against accidental use m,2,"DS1.xlsx, DS3.xlsx","
				5.4.7     The emergency call button shall be red and shall be protected against accidental use. 
(M) 
				"
548 any displays shall be clearly readable from a normal drivers position assuming a normal reading distance m,2,"DS1.xlsx, DS3.xlsx","5.4.8 Any displays shall be clearly readable from a normal drivers position, assuming a normal reading distance. (M)"
549 displayed characters shall have a minimum height of 5mm m,2,"DS1.xlsx, DS3.xlsx","
				5.4.9     Displayed characters shall have a minimum height of 5mm. (M) 
				"
571 a driver safety device dsd interface should be provided in traction units that are equipped with a dsd in order to support the transmission of a dsd alarm o,2,"DS1.xlsx, DS3.xlsx",5.7.1 A driver safety device (DSD) interface should be provided in traction units that are equipped with a DSD in order to support the transmission of a DSD alarm. (O)
571i if such an interface is implemented it shall be capable of being connected to a device complying with uic fiche 641 concerning automatic vigilance devices used in international traffic m,2,"DS1.xlsx, DS3.xlsx","5.7.1i If such an interface is implemented, it shall be capable of being connected to a device complying with UIC fiche 641 concerning automatic vigilance devices used in international traffic. (M)"
572 the activation of the driver safety device shall automatically trigger the cab radio to send a data message m,2,"DS1.xlsx, DS3.xlsx","
				5.7.2     The activation of the driver safety device shall automatically trigger the Cab radio to 
send a data message. (M) 
				"
574 dsd alarm information shall be transmitted to the primary controller m,2,"DS1.xlsx, DS3.xlsx",5.7.4 DSD alarm information shall be transmitted to the primary controller. (M)
575 additional information may also be provided if available from external systems o,2,"DS1.xlsx, DS3.xlsx",5.7.5 Additional information may also be provided if available from external systems. (O)
591 ontrain mobiles shall provide a standardised interface to ertmsetcs m,2,"DS1.xlsx, DS3.xlsx","
				5.9.1     On-train mobiles shall provide a standardised interface to ERTMS/ETCS. (M)  
				"
592 in addition individual railways may have requirements to interface to national controlcommand systems i,2,"DS1.xlsx, DS3.xlsx","
				5.9.2     In  addition,  individual  railways  may  have  requirements  to  interface  to  national 
control/command systems. (I) 
				"
611 this section identifies the functional requirements for general purpose radio it covers the functionality to be provided by the general purpose radio and the manmachine interface mmi is also defined i,2,"DS1.xlsx, DS3.xlsx","
					6.1.1     This section identifies the functional requirements for General purpose radio. It covers 
the functionality to be provided by the General purpose radio and the man-machine 
interface (MMI) is also defined. (I) 
				"
6211 in this section the functions to be provided by the general purpose radio are described i,2,"DS1.xlsx, DS3.xlsx","
						6.2.1.1     In  this  section,  the  functions  to  be  provided  by  the  General  purpose  radio  are 
described. (I) 
					"
6221 the general purpose radio shall be capable of use as a standard telephone such that the user is able to call any valid number subject to call restrictions enforced by the network m send railway emergency call,2,"DS1.xlsx, DS3.xlsx","6.2.2.1 The General purpose radio shall be capable of use as a standard telephone, such that the user is able to call any valid number subject to call restrictions enforced by the network. (M) Send Railway emergency call"
62210 if the call is a group call the user has to request permission to speak during the call by using the pushtotalk ptt function m,2,"DS1.xlsx, DS3.xlsx","
						6.2.2.10 If the call is a group call, the user has to request permission to speak during the call by    
using the Push-To-Talk (PTT) function. (M) 
					"
62211 in a group call a visual indication shall be provided to remind the user of the need to use the ptt function m,2,"DS1.xlsx, DS3.xlsx","6.2.2.11 In a group call, a visual indication shall be provided to remind the user of the need to use the PTT function. (M)"
62212 the user may not speak in a group call until permission is granted by the network after using the ptt function i,2,"DS1.xlsx, DS3.xlsx",6.2.2.12 The user may not speak in a group call until permission is granted by the network after using the PTT function. (I)
62213 in a group call an audible and visual indication of whether the request was successful shall be provided the user may then talk whilst the ptt function is used m,2,"DS1.xlsx, DS3.xlsx","
						6.2.2.13 In a group call, an audible and visual indication of whether the request was successful    
shall be provided. The user may then talk whilst the PTT function is used. (M) 
					"
62214 if the user moves out of the group or broadcast call area whilst the call is in progress an audible and visual indication of the loss of call shall be provided to the user m receive incoming railway emergency call,2,"DS1.xlsx, DS3.xlsx","
						6.2.2.14 If the user moves out of the group or broadcast call area whilst the call is in progress,    
an audible and visual indication of the loss of call shall be provided to the user. (M) 
Receive incoming Railway emergency call 
					"
62215 reception of this call if implemented shall proceed as for a standard group or broadcast call except that a distinctive audible and visual indication shall be provided m terminate calls,2,"DS1.xlsx, DS3.xlsx","
						6.2.2.15 Reception  of  this  call  (if  implemented)  shall  proceed  as  for  a  standard  group  or    
broadcast call except that a distinctive audible and visual indication shall be provided. 
(M) 
Terminate calls 
					"
62216 the radio shall provide a means for the user to terminate calls which he is authorised to terminate ie all calls except broadcast or group calls not initiated by the user m,2,"DS1.xlsx, DS3.xlsx","
						6.2.2.16 The radio shall provide a means for the user to terminate calls which he is authorised    
to terminate (ie all calls except broadcast or group calls not initiated by the user). (M) 
					"
6222 the facility for a given general purpose radio to send a railway emergency call see section 13 shall be determined as a management function m,2,"DS1.xlsx, DS3.xlsx","
						6.2.2.2     The facility for a given General purpose radio to send a Railway emergency call (see 
section 13) shall be determined as a management function. (M) 
					"
6223 a special mmi action shall be required for a general purpose radio user to send a railway emergency call m,2,"DS1.xlsx, DS3.xlsx",6.2.2.3 A special MMI action shall be required for a General purpose radio user to send a Railway emergency call. (M)
6224 it shall not be possible for any general purpose radio user to send a railway emergency call by dialling a short code or telephone number m receive incoming point to point voice call,2,"DS1.xlsx, DS3.xlsx",6.2.2.4 It shall not be possible for any General purpose radio user to send a Railway emergency call by dialling a short code or telephone number. (M) Receive incoming point to point voice call
6225 an audible and visual indication of an incoming call shall be provided m,2,"DS1.xlsx, DS3.xlsx",6.2.2.5 An audible and visual indication of an incoming call shall be provided. (M)
6226 where available the functional identity of the calling party shall be displayed m receive incoming group or broadcast voice call,2,"DS1.xlsx, DS3.xlsx","
						6.2.2.6     Where available, the functional identity of the calling party shall be displayed. (M) 
Receive incoming group or broadcast voice call 
					"
6227 a short audible and visual indication of the incoming call shall be provided m,2,"DS1.xlsx, DS3.xlsx","
						6.2.2.7     A short audible and visual indication of the incoming call shall be provided. (M) 
					"
6228 the group identity of the voice group call vbs or vgcs shall be displayed m,2,"DS1.xlsx, DS3.xlsx","
						6.2.2.8     The group identity of the voice group call (VBS or VGCS) shall be displayed. (M) 
					"
6229 if the call is a broadcast call the user shall be informed that he cannot speak as part of the broadcast call m,2,"DS1.xlsx, DS3.xlsx","
						6.2.2.9     If the call is a broadcast call, the user shall be informed that he cannot speak as part of 
the broadcast call. (M) 
					"
62311 where a change of functional number is required it shall be possible for the user to initiate the change m storeretrieve numbers and their details,2,"DS1.xlsx, DS3.xlsx","6.2.3.11 Where a change of functional number is required, it shall be possible for the user to initiate the change. (M) Store/retrieve numbers and their details"
62312 it shall be possible for the user to find and display stored numbers and their information m,2,"DS1.xlsx, DS3.xlsx","
						6.2.3.12 It  shall  be  possible  for  the  user  to  find  and  display  stored  numbers  and  their    
information. (M) 
					"
62313 it shall be possible for the user to store andor overwrite numbers and their details in the radio m computer interface,2,"DS1.xlsx, DS3.xlsx","
						6.2.3.13 It shall be possible for the user to store and/or overwrite numbers and their details in    
the radio. (M) 
Computer interface 
					"
62314 a standard data interface should be provided to allow a computer to be connected to the radio o,2,"DS1.xlsx, DS3.xlsx",6.2.3.14 A standard data interface should be provided to allow a computer to be connected to the radio. (O)
6232 at this point the radio will be able to receive all calls initiated using the telephone number or appropriate group call number i,2,"DS1.xlsx, DS3.xlsx","
						6.2.3.2     At this point, the radio will be able to receive all calls initiated using the telephone 
number or appropriate group call number. (I) 
					"
6234 when switched off the radio shall retain any settings and numbers which are stored at the time the radio is switched off m select language,2,"DS1.xlsx, DS3.xlsx","6.2.3.4 When switched off, the radio shall retain any settings and numbers which are stored at the time the radio is switched off. (M) Select language"
6235 prompts and messages shall be capable of being displayed in at least 10 languages each railway will choose which languages will be implemented m,2,"DS1.xlsx, DS3.xlsx","
						6.2.3.5     Prompts and messages shall be capable of being displayed in at least 10 languages 
(each railway will choose which languages will be implemented). (M) 
					"
6236 the user shall be able to select his preferred language for the display this setting shall be retained by the radio m,2,"DS1.xlsx, DS3.xlsx","
						6.2.3.6     The user shall be able to select his preferred language for the display; this setting shall 
be retained by the radio. (M) 
					"
6237 when the radio is first powered on the language that appears on the display shall be the default one set by the national railway m select mobile radio network,2,"DS1.xlsx, DS3.xlsx","6.2.3.7 When the radio is first powered on, the language that appears on the display shall be the default one set by the national railway. (M) Select mobile radio network"
6238 where more than one mobile radio network is available for use by a mobile the selection of the network to use shall be automatic see section 105 m,2,"DS1.xlsx, DS3.xlsx","
						6.2.3.8     Where  more  than  one  mobile  radio  network  is  available  for  use  by  a  mobile,  the 
selection of the network to use shall be automatic (see section 10.5). (M) 
					"
6239 when the mobile changes network automatically a visual and audible indication shall be given m,2,"DS1.xlsx, DS3.xlsx","
						6.2.3.9     When the mobile changes network automatically, a visual and audible indication shall 
be given. (M) 
					"
6239i it shall be possible for a user to override the automatic network selection manually this function shall not be available during calls m register and deregister functional number,2,"DS1.xlsx, DS3.xlsx",6.2.3.9i It shall be possible for a user to override the automatic network selection manually. This function shall not be available during calls. (M) Register and deregister functional number
631 the full environmental and physical specification of the general purpose radio is intended to be as close as possible to that of a commercialofftheshelf cots mobile whilst adhering to the specifications provided in section 43 and this section i physical conditions,2,"DS1.xlsx, DS3.xlsx",6.3.1 The full environmental and physical specification of the General purpose radio is intended to be as close as possible to that of a Commercial-Off-The-Shelf (COTS) mobile whilst adhering to the specifications provided in section 4.3 and this section. (I) Physical conditions
632 the general purpose radio should be small compact and easy to carry i,2,"DS1.xlsx, DS3.xlsx","
					6.3.2     The General purpose radio should be small, compact and easy to carry. (I) 
				"
633 it should be possible for a user to change the battery without the use of tools o,2,"DS1.xlsx, DS3.xlsx","
					6.3.3     It should be possible for a user to change the battery without the use of tools. (O) 
				"
634 the weight of the general purpose radio including battery should not exceed 250g o electrical,2,"DS1.xlsx, DS3.xlsx",6.3.4 The weight of the General purpose radio including battery should not exceed 250g. (O) Electrical
636 changing the battery should not result in losing data stored in the radio o,2,"DS1.xlsx, DS3.xlsx","
					6.3.6     Changing the battery should not result in losing data stored in the radio. (O) 
				"
637 the general purpose radio should be suitable for use with a car adapter kit o,2,"DS1.xlsx, DS3.xlsx",6.3.7 The General purpose radio should be suitable for use with a car adapter kit. (O)
6412 the mmi should be suitable for use both by day and night o,2,"DS1.xlsx, DS3.xlsx",6.4.1.2 The MMI should be suitable for use both by day and night. (O)
6421 the onoff control should be designed to prevent accidental activationdeactivation o,2,"DS1.xlsx, DS3.xlsx",6.4.2.1 The on/off control should be designed to prevent accidental activation/deactivation. (O)
6422 facilities should be provided to adjust the loudspeaker volume o,2,"DS1.xlsx, DS3.xlsx",6.4.2.2 Facilities should be provided to adjust the loudspeaker volume. (O)
6423 a pushtotalk function shall be provided the pushtotalk function does not need to be a dedicated button m,2,"DS1.xlsx, DS3.xlsx",6.4.2.3 A Push-To-Talk function shall be provided. The Push-To-Talk function does not need to be a dedicated button. (M)
6424 four buttons should be provided for designated stored numbers these buttons need not be dedicated buttons this facility is required to allow calls to specified users to be initiated quickly o,2,"DS1.xlsx, DS3.xlsx",6.4.2.4 Four buttons should be provided for designated stored numbers. These buttons need not be dedicated buttons. (This facility is required to allow calls to specified users to be initiated quickly.) (O)
6425 stored numbers and other setup details should be protected against accidental alteration o,2,"DS1.xlsx, DS3.xlsx","
						6.4.2.5     Stored  numbers  and  other  set-up  details  should  be  protected  against  accidental 
alteration. (O) 
					"
6426 if the ability to initiate railway emergency calls is implemented in the radio accidental initiation of a railway emergency call shall be prevented m,2,"DS1.xlsx, DS3.xlsx","6.4.2.6 If the ability to initiate Railway emergency calls is implemented in the radio, accidental initiation of a Railway emergency call shall be prevented. (M)"
6431 a visual and audible indication shall be given when the remaining capacity of the battery is such as to enable only 10 minutes of full duplex call time m,2,"DS1.xlsx, DS3.xlsx",6.4.3.1 A visual and audible indication shall be given when the remaining capacity of the battery is such as to enable only 10 minutes of full duplex call time. (M)
6432 a network service availability indication shall be provided to the user m,2,"DS1.xlsx, DS3.xlsx",6.4.3.2 A network service availability indication shall be provided to the user. (M)
6433 a visual indication shall be provided to the user if the network service is no longer available m,2,"DS1.xlsx, DS3.xlsx","
						6.4.3.3     A visual indication shall be provided to the user if the network service is no longer 
available. (M) 
					"
6434 an audible indication should be provided to the user if the network service is no longer available o,2,"DS1.xlsx, DS3.xlsx",6.4.3.4 An audible indication should be provided to the user if the network service is no longer available. (O)
711 this section identifies the functional requirements for the eirene operational radio it covers the functionality to be provided by the operational radio and the manmachine interface mmi is also defined i,2,"DS1.xlsx, DS3.xlsx","
					7.1.1     This section identifies the functional requirements for the EIRENE Operational radio. It 
covers the functionality to be provided by the Operational radio and the man-machine 
interface (MMI) is also defined. (I) 
				"
7211 in this section the functions to be provided by the operational radio are described i,2,"DS1.xlsx, DS3.xlsx","
						7.2.1.1     In this section, the functions to be provided by the Operational radio are described. (I) 
					"
7221 the operational radio shall be capable of use as a standard telephone such that the user is able to call any valid number subject to call restrictions enforced by the network m call controllers,2,"DS1.xlsx, DS3.xlsx","7.2.2.1 The Operational radio shall be capable of use as a standard telephone, such that the user is able to call any valid number subject to call restrictions enforced by the network. (M) Call controllers"
72210 the railway emergency call shall be able to be initiated using a single red button see section 13 m,2,"DS1.xlsx, DS3.xlsx",7.2.2.10 The Railway emergency call shall be able to be initiated using a single red button (see section 13). (M)
72211 it should be possible as a maintenance function to enabledisable the emergency call function o,2,"DS1.xlsx, DS3.xlsx","
						7.2.2.11 It should be possible, as a maintenance function, to enable/disable the emergency call    
function. (O) 
					"
72213 an audible and visual indication of an incoming call shall be provided m,2,"DS1.xlsx, DS3.xlsx",7.2.2.13 An audible and visual indication of an incoming call shall be provided. (M)
72214 where available the functional identity of the calling party shall be displayed m receive incoming group or broadcast voice call,2,"DS1.xlsx, DS3.xlsx","
						7.2.2.14 Where available, the functional identity of the calling party shall be displayed. (M)    
Receive incoming group or broadcast voice call 
					"
72215 a short audible and visual indication of the incoming call shall be provided m,2,"DS1.xlsx, DS3.xlsx",7.2.2.15 A short audible and visual indication of the incoming call shall be provided. (M)
72216 the group identity of the voice group call vbs or vgcs shall be displayed m,2,"DS1.xlsx, DS3.xlsx",7.2.2.16 The group identity of the voice group call (VBS or VGCS) shall be displayed. (M)
72217 if the call is a broadcast call the user shall be informed that he cannot speak as part of the broadcast call m,2,"DS1.xlsx, DS3.xlsx","
						7.2.2.17 If the call is a broadcast call, the user shall be informed that he cannot speak as part of    
the broadcast call. (M) 
					"
72218 if the call is a group call the user has to request permission to speak during the call by using the pushtotalk ptt function m,2,"DS1.xlsx, DS3.xlsx","
						7.2.2.18 If the call is a group call, the user has to request permission to speak during the call by    
using the Push-To-Talk (PTT) function. (M) 
					"
72219 in a group call a visual indication shall be provided to remind the user of the need to use the ptt function m,2,"DS1.xlsx, DS3.xlsx","
						7.2.2.19 In a group call, a visual indication shall be provided to remind the user of the need to    
use the PTT function. (M) 
					"
72220 the user may not speak in a group call until permission is granted by the network after using the ptt function i,2,"DS1.xlsx, DS3.xlsx","
						7.2.2.20 The user may not speak in a group call until permission is granted by the network after    
using the PTT function. (I) 
					"
72221 in a group call an audible and visual indication of whether the request was successful shall be provided the user may then talk whilst the ptt function is used m,2,"DS1.xlsx, DS3.xlsx","7.2.2.21 In a group call, an audible and visual indication of whether the request was successful shall be provided. The user may then talk whilst the PTT function is used. (M)"
72222 if the user moves out of the group or broadcast call area whilst the call is in progress an audible and visual indication of the loss of call shall be provided to the user m receive incoming railway emergency call,2,"DS1.xlsx, DS3.xlsx","7.2.2.22 If the user moves out of the group or broadcast call area whilst the call is in progress, an audible and visual indication of the loss of call shall be provided to the user. (M) Receive incoming Railway emergency call"
72223 reception of this call shall proceed as for a standard group or broadcast call except that a distinctive audible and visual indication shall be provided m terminate calls,2,"DS1.xlsx, DS3.xlsx",7.2.2.23 Reception of this call shall proceed as for a standard group or broadcast call except that a distinctive audible and visual indication shall be provided. (M) Terminate calls
72224 the radio shall provide a means for the user to terminate calls which he is authorised to terminate ie all calls except broadcast or group calls not initiated by the user m shunting mode communications,2,"DS1.xlsx, DS3.xlsx","
						7.2.2.24 The radio shall provide a means for the user to terminate calls which he is authorised    
to terminate (ie all calls except broadcast or group calls not initiated by the user). (M) 
Shunting mode communications 
					"
72225 the operational radio should provide facilities to support shunting mode as described in section 14 o,2,"DS1.xlsx, DS3.xlsx","
						7.2.2.25 The Operational radio should provide facilities to support shunting mode as described    
in section 14. (O) 
					"
72226 if shunting mode is implemented a means to enter and leave shunting mode shall be provided m,2,"DS1.xlsx, DS3.xlsx","
						7.2.2.26 If shunting mode is implemented, a means to enter and leave shunting mode shall be    
provided. (M) 
					"
72227 if shunting mode is implemented the functionality to enter or leave shunting mode shall not be available whilst there are ongoing calls involving the operational radio m,2,"DS1.xlsx, DS3.xlsx","7.2.2.27 If shunting mode is implemented, the functionality to enter or leave shunting mode shall not be available whilst there are on-going calls involving the Operational radio. (M)"
72228 if shunting mode is implemented the link assurance tone shall be provided via the loudspeaker m direct mode,2,"DS1.xlsx, DS3.xlsx","7.2.2.28 If shunting mode is implemented, the link assurance tone shall be provided via the loudspeaker. (M) Direct mode"
72229 a means to enterleave the direct mode of operation should be provided see section 15 o,2,"DS1.xlsx, DS3.xlsx","
						7.2.2.29 A means to enter/leave the direct mode of operation should be provided (see section    
15). (O) 
					"
7223 for some users particularly for shunting team leaders up to twenty valid numbers may be stored for one controller type in these cases the identities of the controllers corresponding to these valid numbers shall be displayed with an audible and visual prompt for one to be selected the number of the controller selected shall then be used to establish the call if no selection is made by the user within 10 seconds the radio shall abandon the call attempt o,2,"DS1.xlsx, DS3.xlsx","
						7.2.2.3     For some users, particularly for shunting team leaders, up to twenty valid numbers 
may be stored for one controller type. In these cases, the identities of the controllers 
corresponding to these valid numbers shall be displayed with an audible and visual 
prompt for one to be selected. The number of the controller selected shall then be used 
to establish the call. If no selection is made by the user within 10 seconds the radio 
shall abandon the call attempt. (O) 
					"
7224 once an appropriate number has been obtained the radio shall attempt to establish a call to this number with railway operation priority m,2,"DS1.xlsx, DS3.xlsx","7.2.2.4 Once an appropriate number has been obtained, the radio shall attempt to establish a call to this number with railway operation priority. (M)"
7225 an audible and visual indication shall be provided to the user that the call is proceeding m,2,"DS1.xlsx, DS3.xlsx",7.2.2.5 An audible and visual indication shall be provided to the user that the call is proceeding. (M)
7226 when the call is connected to the controller an audible and visual indication shall be provided to the user m,2,"DS1.xlsx, DS3.xlsx","
						7.2.2.6     When the call is connected to the controller, an audible and visual indication shall be 
provided to the user. (M) 
					"
7227 the functional identity of the connected party if available shall be displayed to the user m,2,"DS1.xlsx, DS3.xlsx","
						7.2.2.7     The functional identity of the connected party, if available, shall be displayed to the 
user. (M) 
					"
7228 where available an alphanumeric description of the identity of the connected party shall be displayed m,2,"DS1.xlsx, DS3.xlsx","7.2.2.8 Where available, an alphanumeric description of the identity of the connected party shall be displayed. (M)"
7229 if the system is not able to connect the call an audible and visual indication shall be provided to the user m send railway emergency call,2,"DS1.xlsx, DS3.xlsx","
						7.2.2.9     If the system is not able to connect the call, an audible and visual indication shall be 
provided to the user. (M) 
Send Railway emergency call 
					"
7232 at this point the radio should be able to receive all calls initiated using the telephone number or appropriate group call number i,2,"DS1.xlsx, DS3.xlsx","
						7.2.3.2     At this point the radio should be able to receive all calls initiated using the telephone 
number or appropriate group call number. (I) 
					"
7234 when switched off the radio shall retain any settings and numbers which are stored at the time the radio is switched off m select language,2,"DS1.xlsx, DS3.xlsx","
						7.2.3.4     When switched off, the radio shall retain any settings and numbers which are stored at 
the time the radio is switched off. (M) 
Select language 
					"
7235 prompts and messages shall be capable of being displayed in at least 10 languages each railway will choose which languages will be implemented m,2,"DS1.xlsx, DS3.xlsx","7.2.3.5 Prompts and messages shall be capable of being displayed in at least 10 languages 
(each railway will choose which languages will be implemented). (M) 		"
a special indication shall be shown on the dmi,2,"DS1.xlsx, DS3.xlsx",A special indication shall be shown on the DMI.
a train shall be supervised to its static and dynamic train speed profiles,2,"DS1.xlsx, DS3.xlsx",A train shall be supervised to its static and dynamic train speed profiles.
acceptable opening  download times application pages should be designed and implemented so that there are acceptable opening times and download times for the expected range of technical contexts of use eg bandwidth between the application and the user this is particularly important for frequently accessed pages or pages that are important for user navigation and exploration such as the home page,2,"DS1.xlsx, DS3.xlsx","Acceptable opening / download times: Application pages should be designed and implemented so that there are acceptable opening times and download times for the expected range of technical contexts of use (e.g. bandwidth between the application and the user). This is particularly important for frequently accessed pages or pages that are important for user navigation and exploration, such as the home page."
actual speed shall be indicated on the dmi,2,"DS1.xlsx, DS3.xlsx","Actual speed shall be indicated on the DMI
"
actual speed shall still be shown on the dmi,2,"DS1.xlsx, DS3.xlsx","Actual speed shall still be shown on the DMI.
"
after emplacement at the operational site the tcs shall be capable of planning and launching a mission within 1 hour of tasking sss441 required activities include 1 mission planning of a minimum 1 waypoint mission 2 preparing 2 avs for flight 3 data terminal setup 4 safety equipment emplaced 5 and a single av launched,2,"DS2.xlsx, DS4.xlsx","After emplacement at the operational site, the TCS shall be capable of planning and launching a mission  within 1 hour of tasking. [SSS441] Required activities include 1) mission planning of a minimum  1 waypoint mission, 2) preparing 2 AVs for flight, 3) data terminal set-up, 4) safety equipment emplaced, 5) and a single AV launched."
after overriding this function the movement authority shall be reestablished,2,"DS1.xlsx, DS3.xlsx",After overriding this function the movement authority shall be re-established.
after releasing the emergency brake etcs will provide the supervision appertaining when roll away protection was initiated,2,"DS1.xlsx, DS3.xlsx",After releasing the emergency brake ETCS will provide the supervision appertaining when roll away protection was initiated
after the acknowledgement the driver shall be able to continue the movement,2,"DS1.xlsx, DS3.xlsx",After the acknowledgement the driver shall be able to continue the movement
after the acknowledgement the train shall be able to be driven backwards for a certain distance defined by national value,2,"DS1.xlsx, DS3.xlsx",After the acknowledgement the train shall be able to be driven backwards for a certain distance defined by national value
all data entered received or indicated to the driver shall be recorded onboard all data shall be related to utc universal time corrected and a reference point,2,"DS1.xlsx, DS3.xlsx","All data entered, received or indicated to the driver shall be recorded onboard. All data shall be related to UTC (Universal Time Corrected) and a reference point.
"
all error messages produced by the system must be meaningful so that they can be appropriately acted upon by the users who are likely to see them ideally each error message will be accompanied by explanatory text and an indication of the actions which the user can take in response to the error,2,"DS1.xlsx, DS3.xlsx","
            All error messages produced by the System must be meaningful, so that they can be appropriately acted upon by the users who are likely to see them. Ideally, each error message will be accompanied by explanatory text and an indication of the action(s) which the user can take in response to the error.
           "
allowing users to see and change profiles if userspecified profiles are used users should be able to see modify and delete that profile on demand,2,"DS1.xlsx, DS3.xlsx","Allowing users to see and change profiles: If user-specified profiles are used, users should be able to see, modify and delete that profile on demand."
an etcs equipped traction unit shall be capable of being moved in shunting without train data track data or movement authority,2,"DS1.xlsx, DS3.xlsx","An ETCS equipped traction unit shall be capable of being moved in Shunting without train data, track data or movement authority."
any access to cases and all other activities involving the cases and related documents or data should also need to be stored in the audit trail to ensure legal admissibility and to assist in data recovery,2,"DS1.xlsx, DS3.xlsx","Any access to cases, and all other activities involving the cases and related documents or data should also need to be stored in the audit trail to ensure legal admissibility and to assist in data recovery."
any transition which occurs while the train is moving shall in principle occur automatically,2,"DS1.xlsx, DS3.xlsx","Any transition which occurs while the train is moving shall in principle occur automatically.
"
assume the delivery of development test and evaluate samples of the usb system from yoggie,2,"DS1.xlsx, DS3.xlsx","Assume the delivery of development, test and evaluate samples of the USB system from Yoggie."
assume yoggie will freeze the baseline of the usb system after delivery,2,"DS1.xlsx, DS3.xlsx",Assume Yoggie will freeze the baseline of the USB system after delivery.
at start up the on board equipment shall perform an automatic selftest,2,"DS1.xlsx, DS3.xlsx","At Start Up, the on board equipment shall perform an automatic self-test."
automatic transfer to shunting may be from full supervision operation and partial supervision operation status at any speed lower than or equal to the supervised shunting speed based on trackside information,2,"DS1.xlsx, DS3.xlsx","Automatic transfer to Shunting may be from Full Supervision operation and Partial Supervision operation status at any speed lower than or equal to the supervised shunting speed based on trackside information.
"
avoiding link overload text pages containing large proportions of links should be formatted so that the presence of links does not impede the readability of the text,2,"DS1.xlsx, DS3.xlsx",Avoiding link overload: Text pages containing large proportions of links should be formatted so that the presence of links does not impede the readability of the text.
avoiding opening unnecessary windows additional windows such as new browser windows or popup windows should only be opened if this supports the users task opening new windows can distract confuse or impede users for a variety of reasons they can superimpose the primary window hiding relevant information they could make it cognitively more difficult to understand the navigation structure with negative effects on both usability and accessibility they also require additional user actions for closing unwanted windows,2,"DS1.xlsx, DS3.xlsx","Avoiding opening unnecessary windows: Additional windows such as new browser windows or pop-up windows should only be opened if this supports the user's task. Opening new windows can distract, confuse or impede users for a variety of reasons. They can superimpose the primary window, hiding relevant information. They could make it cognitively more difficult to understand the navigation structure with negative effects on both usability and accessibility. They also require additional user actions for closing unwanted windows."
before authomatic transition to shunting etcs shall request confirmation from the driver,2,"DS1.xlsx, DS3.xlsx","Before authomatic transition to Shunting, ETCS shall request confirmation from the driver.
"
before entering an occupied track a driver acknowledgement shall be requested,2,"DS1.xlsx, DS3.xlsx","Before entering an occupied track, a driver acknowledgement shall be requested."
both anticipated and unanticipated user requests traffic are considered,2,"DS1.xlsx, DS3.xlsx",Both anticipated and unanticipated user requests (traffic) are considered.
compatibility is only tested and verified for microsoft internet explorer version 6 and 7 netscape communicator version 4 and 5 other versions may not be 100 compatible also other browsers such as mozilla or firefox may not be 100 compatible,2,"DS1.xlsx, DS3.xlsx","Compatibility is only tested and verified for Microsoft Internet Explorer version 6 and 7, Netscape Communicator Version 4 and 5. Other versions may not be 100% compatible. Also other browsers such as Mozilla or Firefox may not be 100% compatible."
consistency between navigation components and content if navigation components or overviews are shown in conjunction with associated content consistency between the navigation component and the content shown should be maintained by indicating in the navigation component eg highlighting the topic currently visible in the content area,2,"DS1.xlsx, DS3.xlsx","
           Consistency between navigation components and content: If navigation components (or overviews) are shown in conjunction with associated content, consistency between the navigation component and the content shown should be maintained by indicating in the navigation component (e.g. highlighting) the topic currently visible in the content area.
           "
consistent page layout pages should be designed using consistent layout schemes supporting the user in finding similar information at the same position on different pages overall layout schemes apply to all pages and are preferable when all pages have a similar structure frequently however different pages have different purposes and types of content in such cases pages can usually be grouped in different categories using one layout scheme for each category consistently,2,"DS1.xlsx, DS3.xlsx","
          Consistent page layout: Pages should be designed using consistent layout schemes, supporting the user in finding similar information at the same position on different pages. Overall layout schemes apply to all pages and are preferable when all pages have a similar structure. Frequently, however, different pages have different purposes and types of content. In such cases, pages can usually be grouped in different categories, using one layout scheme for each category consistently.
           "
current train data shall be stored except at transition to shunting in the etcs equipment until the traction unit is not operative,2,"DS1.xlsx, DS3.xlsx",Current train data shall be stored (except at transition to shunting) in the ETCS equipment until the traction unit is not operative.
default values shall be harmonised values permanently stored in all ertmsetcs on board equipment,2,"DS1.xlsx, DS3.xlsx","Default values shall be harmonised values, permanently stored in all ERTMS/ETCS on board equipment"
deleted,2,DS1.xlsx," Deleted.    
				"
designing for input device independence user interfaces should be designed to allow activation of controls by a variety of input devices the ability to choose between different input devices for activating controls such as links fields and buttons is important both for users who prefer a certain input mode mobile users and users with disabilities in general device independence can be achieved if the functionality is operable via a keyboard,2,"DS1.xlsx, DS3.xlsx","Designing for input device independence: User interfaces should be designed to allow activation of controls by a variety of input devices. The ability to choose between different input devices for activating controls such as links, fields and buttons is important both for users who prefer a certain input mode, mobile users and users with disabilities. In general, device independence can be achieved if the functionality is operable via a keyboard."
distinguishable withinpage links withinpage links should be clearly distinguishable from other links that lead to a different page ex withinpage links are shown with dashed rather than solid underlines,2,"DS1.xlsx, DS3.xlsx",Distinguishable within-page links: Within-page links should be clearly distinguishable from other links that lead to a different page. EX. Within-page links are shown with dashed rather than solid underlines
distinguishing navigation links from controls navigation links should be clearly distinguishable from controls activating some action typical action types in user interfaces include manipulating application data performing searches communication actions such as opening a new email window or starting a chat function and presentationrelated actions such as sorting a list of search results,2,"DS1.xlsx, DS3.xlsx","Distinguishing navigation links from controls: Navigation links should be clearly distinguishable from controls activating some action. Typical action types in user interfaces include manipulating application data, performing searches, communication actions, such as opening a new e-mail window or starting a chat function, and presentation-related actions, such as sorting a list of search results."
during the transition period between two operational states including two different national operations the supervision provided shall at least ensure the same protection provided by the least restrictive state,2,"DS1.xlsx, DS3.xlsx",During the transition period between two operational states (including two different national operations) the supervision provided shall at least ensure the same protection provided by the least restrictive state.
each railway shall have the possibility of allowing a different release speed for every signal,2,"DS1.xlsx, DS3.xlsx",Each railway shall have the possibility of allowing a different release speed for every signal.
effective content delivery is ensured through sla satisfaction,2,"DS1.xlsx, DS3.xlsx",Effective content delivery is ensured through SLA satisfaction.
entering or overwriting data manually by the driver shall be possible but only when stationary,2,"DS1.xlsx, DS3.xlsx","Entering or overwriting data manually by the driver shall be possible but only when stationary.
"
etcs is required to be functional to a maximum train speed of 500 kmh,2,"DS1.xlsx, DS3.xlsx",ETCS is required to be functional to a maximum train speed of 500 km/h.
etcs shall be able to supervise train and shunting movements,2,"DS1.xlsx, DS3.xlsx",ETCS shall be able to supervise train and shunting movements.
etcs shall be compatible with existing national systems listed in the ccs tsi such that it does not interfere with the national systems and is not interfered with by the national systems,2,"DS1.xlsx, DS3.xlsx","ETCS shall be compatible with existing national systems listed in the CCS TSI such that it does not interfere with the national systems and is not interfered with by the national systems.
"
etcs shall calculate the permitted speed for the train for all locations of the authorised movement,2,"DS1.xlsx, DS3.xlsx","ETCS shall calculate the permitted speed for the train for all locations of the authorised movement.
"
etcs shall collect all relevant information concerning train and line speed,2,"DS1.xlsx, DS3.xlsx",ETCS shall collect all relevant information concerning train and line speed.
etcs shall provide the driver with information to allow him to drive the train safely,2,"DS1.xlsx, DS3.xlsx","ETCS shall provide the driver with information to allow him to drive the train safely.
"
etcs shall supervise shunting operation to a permitted national speed value,2,"DS1.xlsx, DS3.xlsx",ETCS shall supervise Shunting operation to a permitted national speed value.
exit from shunting shall only be possible when the train is stationary,2,"DS1.xlsx, DS3.xlsx","Exit from Shunting shall only be possible when the train is stationary.
"
exit from shunting shall take place when the driver selects exit from shunting,2,"DS1.xlsx, DS3.xlsx",Exit from Shunting shall take place when the driver selects exit from shunting.
fixed text messages shall be provided in the language selected by the driver,2,"DS1.xlsx, DS3.xlsx",Fixed text messages shall be provided in the language selected by the driver
following successful completion of train data entry the driver shall be able to perform shunting movements or train movements,2,"DS1.xlsx, DS3.xlsx","Following successful completion of Train Data Entry, the driver shall be able to perform shunting movements or train movements."
for returning customers the system shall validate existing credit card in system after each log in,2,"DS1.xlsx, DS3.xlsx","For returning customers, the system shall validate 'existing' credit card in system after each log in."
for the purposes of defining common subscription profiles a number of subscription types might be used for example i,2,"DS1.xlsx, DS2.xlsx","For the purposes of defining common subscription profiles, a number of subscription 
types might be used, for example: (I)				"
for transitions to and from national operation stm the etcs shall request an acknowledgement by the driver,2,"DS1.xlsx, DS3.xlsx","For transitions to and from National Operation (STM) the ETCS shall request, an acknowledgement by the driver."
frequentlyexecuted system transactions must be designed so that they can be completed with a small number of interactions eg mouse clicks,2,"DS1.xlsx, DS3.xlsx",Frequently-executed System transactions must be designed so that they can be completed with a small number of interactions (e.g. mouse clicks).
ftss shall 33534 provide an api call which allows the application to notify ftss that an fcp icp or ne is intentionally being powered down,2,DS4.xlsx,"FTSS shall (3.3.5.34) provide an API call which allows the application to notify FTSS that an FCP, ICP, or NE is intentionally being powered down."
full supervision shall provide supervision of speed and distance,2,"DS1.xlsx, DS3.xlsx",Full Supervision shall provide supervision of speed and distance.
functional policies are identified and deployed,2,"DS1.xlsx, DS3.xlsx",Functional policies are identified and deployed.
ict accessibility iso 924120 shall be the standard for guidance on ict accessibility application user interfaces to meet its requirements and recommendations software accessibility iso 9241171 shall be the standard for guidance on software accessibility user interfaces should meet its requirements and recommendations content accessibility wcag 10 shall be the standard used for guidance on content accessibility the application logo to be available on all pages as a link to the home page,2,"DS1.xlsx, DS3.xlsx",ICT accessibility: ISO 9241-20 shall be the standard for guidance on ICT accessibility. Application user interfaces to meet its requirements and recommendations. Software accessibility ISO 9241-171 shall be the standard for guidance on software accessibility. User interfaces should meet its requirements and recommendations. Content accessibility WCAG 1.0 shall be the standard used for guidance on content accessibility. The application logo to be available on all pages as a link to the home page.
if a train cannot stop at the proposed new target location it shall reject the request and keep the old target location,2,"DS1.xlsx, DS3.xlsx","If a train cannot stop at the proposed new target location it shall reject the request and keep the old target location.
"
if a user performs a quick or advanced search the system must never include in the search result list any record which the user does not have the right to access,2,"DS1.xlsx, DS3.xlsx","
            If a user performs a quick or advanced search, the System must never include in the search result list any record which the user does not have the right to access.
            "
if acknowledgement is specified the driver shall acknowledge transfer from full supervision to partial supervision within 5 seconds,2,"DS1.xlsx, DS3.xlsx",If acknowledgement is specified the driver shall acknowledge transfer from Full Supervision to Partial Supervision within 5 seconds
if an etcs equipped train passes a level transition to a line fitted with more than one level the onboard shall switch to the highest level according to the priority given by trackside for which it is equipped,2,"DS1.xlsx, DS3.xlsx","If an ETCS equipped train passes a level transition to a line fitted with more than one level, the onboard shall switch to the highest level, according to the priority given by trackside, for which it is equipped."
if an etcs equipped train passes a level transition to one or more levels for which it is not equipped etcs shall initiate a brake application,2,"DS1.xlsx, DS3.xlsx","If an ETCS equipped train passes a level transition to one or more levels for which it is not equipped, ETCS shall initiate a brake application."
if as a result of an automatic transition except for transitions to and from national operation stm the responsibility for the driver increases the etcs shall seek an acknowledgement from the driver whether the train is stationary or not,2,"DS1.xlsx, DS3.xlsx","If, as a result of an automatic transition, except for transitions to and from National Operation (STM), the responsibility for the driver increases, the ETCS shall seek an acknowledgement from the driver, whether the train is stationary or not.
"
if decided by a national value the driver may release the etcs emergency brake when the actual speed is below the permitted speed,2,"DS1.xlsx, DS3.xlsx","If decided by a national value, the driver may release the ETCS emergency brake when the actual speed is below the permitted speed."
if supervised by an rbc it shall be possible to command an emergency stop to all trains in a particular area or to a specific train,2,"DS1.xlsx, DS3.xlsx",If supervised by an RBC it shall be possible to command an emergency stop to all trains in a particular area or to a specific train
if the onboard fails to contact the rbc when awakening the driver shall be asked to enter the rbc contact details,2,"DS1.xlsx, DS3.xlsx",If the onboard fails to contact the RBC when awakening the driver shall be asked to enter the RBC contact details
if the onboard has no valid national values for the current location default values shall be used by the onboard equipment,2,"DS1.xlsx, DS3.xlsx","If the on-board has no valid national values for the current location, default values shall be used by the onboard equipment."
if the release speed is calculated on board it shall ensure that the train will stop before reaching the danger point,2,"DS1.xlsx, DS3.xlsx",If the release speed is calculated on board it shall ensure that the train will stop before reaching the danger point
if the supervision is performed by a rbc it shall be possible to prevent movements of a traction unit in its area if not authorised by the rbc,2,"DS1.xlsx, DS3.xlsx",If the supervision is performed by a RBC it shall be possible to prevent movements of a traction unit in its area if not authorised by the RBC.
if the system allows users to make unauthorised attempts to access cases it must log these in the audit trail,2,"DS1.xlsx, DS3.xlsx","If the System allows users to make unauthorised attempts to access cases, it must log these in the audit trail."
if the train is equipped with only one operational radio passing from one rbc to another shall still be possible but might result in a performance penalty,2,"DS1.xlsx, DS3.xlsx","If the train is equipped with only one operational radio, passing from one RBC to another shall still be possible but might result in a performance penalty.
"
if the train is equipped with two operational radios there shall be no performance penalty as a result of a transition from one rbc to another train spacing and train speed,2,"DS1.xlsx, DS3.xlsx",If the train is equipped with two operational radios there shall be no performance penalty as a result of a transition from one RBC to another (train spacing and train speed).
if the train or the shunting movement exceeds the permitted ceiling speed by a certain harmonised margin the trainborne equipment shall execute a brake intervention until the actual speed does not exceed permitted speed then the driver shall be able to release the brake,2,"DS1.xlsx, DS3.xlsx","If the train or the shunting movement exceeds the permitted ceiling speed by a certain harmonised margin, the trainborne equipment shall execute a brake intervention until the actual speed does not exceed permitted speed; then the driver shall be able to release the brake
"
if there are failures of the trainborne equipment which compromise the safety of train supervision the etcs trainborne equipment shall immediately command the brake and bring the train to a stop,2,"DS1.xlsx, DS3.xlsx","If there are failures of the trainborne equipment which compromise the safety of train supervision, the ETCS trainborne equipment shall immediately command the brake and bring the train to a stop.
"
if track data at least to the location where the relevant movement authority ends are not available onboard the movement authority shall be rejected,2,"DS1.xlsx, DS3.xlsx","If track data at least to the location where the relevant movement authority ends are not available on-board, the movement authority shall be rejected.
"
in case the transition has to be acknowledged and the driver fails to acknowledge as required the etcs shall initiate a brake application,2,"DS1.xlsx, DS3.xlsx","In case the transition has to be acknowledged and the driver fails to acknowledge as required, the ETCS shall initiate a brake application
"
in etcs with rbc this restriction on performance shall if possible be transmitted to the rbc,2,"DS1.xlsx, DS3.xlsx","In ETCS with RBC this restriction on performance shall, if possible be transmitted to the RBC.
"
in order to provide a consistent level of service in each railway network and in particular to ensure interoperability for train drivers and other users roaming between networks it is important to harmonise subscription details and other information stored in the network i,2,"DS1.xlsx, DS2.xlsx","In  order  to  provide  a  consistent  level  of  service  in  each  railway  network  and,  in 
particular, to ensure interoperability for train drivers and other users roaming between 
networks,  it  is  important  to  harmonise  subscription  details  and  other  information 
stored in the network. (I) 
				"
in partial supervision the train shall be supervised according to train speed and distance data available,2,"DS1.xlsx, DS3.xlsx",In Partial Supervision the train shall be supervised according to train speed and distance data available.
in the event of any software or hardware failure it must be possible to restore the system with inline synchronization within no more than xx hours,2,"DS1.xlsx, DS3.xlsx","In the event of any software or hardware failure, it must be possible to restore the System (with inline synchronization) within no more than <xx> hours."
in the normal operations mode the tcs shall support the following functions sss037,2,"DS2.xlsx, DS4.xlsx",In the Normal Operations Mode the TCS shall support the following functions: [SSS037]
individualization and user adaptation  adapting the content and the navigation of a user interface to individual users or user groups can be a useful mechanism for providing information that is of interest to the users and for making access to relevant information more efficient user adaptation can also be important for making the user interface more accessible different approaches can be used for achieving these goals like providing users with means for customizing the user interface to their personal needs ie individualization designing content and navigation differently for varying user groups or roles ie such as employees of different levels citizens etc monitoring the users behaviour and adapting to the users goals that are inferred from the behaviour observed recommending information that is potentially more relevant or interesting to the specific user based on the behaviour of all users or a user group,2,"DS1.xlsx, DS3.xlsx","
           Individualization and user adaptation : Adapting the content and the navigation of a user interface to individual users or user groups can be a useful mechanism for providing information that is of interest to the users and for making access to relevant information more efficient. User adaptation can also be important for making the user interface more accessible. Different approaches can be used for achieving these goals, like providing users with means for customizing the user interface to their personal needs i.e. individualization designing content and navigation differently for varying user groups or roles i.e. such as employees of different levels, citizens etc, monitoring the user’s behaviour and adapting to the user’s goals that are inferred from the behaviour observed, recommending information that is potentially more relevant or interesting to the specific user, based on the behaviour of all users or a user group.
           "
information received shall not influence the traction units with inoperative cabs,2,"DS1.xlsx, DS3.xlsx",Information received shall not influence the traction unit(s) with in-operative cabs.
information shall be recorded to an accuracy which enables a clear view of the functioning of etcs and way the traction unit has been driven,2,"DS1.xlsx, DS3.xlsx",Information shall be recorded to an accuracy which enables a clear view of the functioning of ETCS and way the traction unit has been driven.
information shall be shown on the dmi,2,"DS1.xlsx, DS3.xlsx",Information shall be shown on the DMI
interaction protocols between pas are identified,2,"DS1.xlsx, DS3.xlsx",Interaction protocols between PAs are identified.
isolation of the etcs trainborne equipment shall disconnect the etcs trainborne equipment from the vehicle braking system,2,"DS1.xlsx, DS3.xlsx","Isolation of the ETCS trainborne equipment shall disconnect the ETCS trainborne equipment from the vehicle braking system.
"
it shall 33217 support normal synchronization following power on or reset,2,DS4.xlsx,It shall (3.3.2.17) support normal synchronization following power on or reset.
it shall also be possible to allow the driver to change the adhesion conditions in this case information from trackside has priority,2,"DS1.xlsx, DS3.xlsx","It shall also be possible, to allow the driver to change the adhesion conditions; in this case information from trackside has priority."
it shall be possible for the trackside to ask a driver for confirmation about the occupancy of the track ahead before sending a full supervision movement authority,2,"DS1.xlsx, DS3.xlsx","It shall be possible for the trackside to ask a driver for confirmation about the occupancy of the track ahead before sending a Full Supervision movement authority.
"
it shall be possible to apply the train trip function if the shunting movement passes a signal showing danger for shunting,2,"DS1.xlsx, DS3.xlsx","It shall be possible to apply the train trip function, if the shunting movement passes a signal showing ""danger for shunting""."
it shall be possible to command a conditional emergency stop if the train has already passed the location for the emergency stop the command shall be ignored,2,"DS1.xlsx, DS3.xlsx","It shall be possible to command a conditional emergency stop. If the train has already passed the location for the emergency stop the command shall be ignored
"
it shall be possible to command an immediate train stop,2,"DS1.xlsx, DS3.xlsx",It shall be possible to command an immediate train stop.
it shall be possible to define certain locations eg tunnels where speed increase is related to the front of the train,2,"DS1.xlsx, DS3.xlsx",It shall be possible to define certain locations (e.g. tunnels) where speed increase is related to the front of the train.
it shall be possible to drive the train backwards in a supervised way speed and distance according to information received from trackside,2,"DS1.xlsx, DS3.xlsx","It shall be possible to drive the train backwards in a supervised way (speed and distance) according to information received from trackside
"
it shall be possible to implement one or more of the etcs application levels on a line,2,"DS1.xlsx, DS3.xlsx","It shall be possible to implement one or more of the ETCS application levels on a line.
"
it shall be possible to manually select shunting from stand by operation full supervision operation or partial supervision operation,2,"DS1.xlsx, DS3.xlsx","It shall be possible to manually select Shunting from Stand By operation, Full Supervision operation or Partial Supervision operation"
it shall be possible to order a train trip when passing a stop signal,2,"DS1.xlsx, DS3.xlsx",It shall be possible to order a train trip when passing a stop signal
it shall be possible to prevent a train from entering a route for which it does not meet the required criteria,2,"DS1.xlsx, DS3.xlsx",It shall be possible to prevent a train from entering a route for which it does not meet the required criteria.
it shall be possible to revoke a movement authority that has already been issued to a train in a cooperative way between rbc and train,2,"DS1.xlsx, DS3.xlsx",It shall be possible to revoke a Movement Authority that has already been issued to a train in a co-operative way between RBC and train.
it shall be possible to send fixed text messages from track to train,2,"DS1.xlsx, DS3.xlsx",It shall be possible to send fixed text messages from track to train
it shall be possible to send information on adhesion conditions from trackside,2,"DS1.xlsx, DS3.xlsx","It shall be possible to send information on adhesion conditions from trackside.
"
it shall be possible to send plain text messages from track to train,2,"DS1.xlsx, DS3.xlsx",It shall be possible to send plain text messages from track to train.
it shall be possible to use multiple traction units without isolating the etcs trainborne equipment on traction units with an inoperative cab,2,"DS1.xlsx, DS3.xlsx","It shall be possible to use multiple traction units without isolating the ETCS trainborne equipment on traction unit(s) with an in-operative cab.
"
it shall be possible to use tandem traction units without isolating the etcs trainborne equipment on the tandem traction unit,2,"DS1.xlsx, DS3.xlsx","It shall be possible to use tandem traction units without isolating the ETCS trainborne equipment on the tandem traction unit.
"
2210 the local area over which broadcast calls shall be implemented shall be able to be modified within the network m,2,"DS1.xlsx, DS3.xlsx",2.2.10 The local area over which broadcast calls shall be implemented shall be able to be modified within the network. (M)
links that provide communications between the tcs and other systems shall be secured in a manner appropriate for the sensitivities of the material passed through such links in accordance with dod directive c52005 communication security comsec dated 21 april 1990 sss365,2,"DS2.xlsx, DS4.xlsx","Links that provide communications between the TCS and other systems shall be secured in a manner appropriate for the sensitivities of the material passed through such links, in accordance with DoD Directive C-5200.5, “Communication Security (COMSEC)” dated 21 April 1990. [SSS365]"
making individualization and adaptation evident it should be made evident to the user when individualization andor adaptation are used,2,"DS1.xlsx, DS3.xlsx",Making individualization and adaptation evident: It should be made evident to the user when individualization and/or adaptation are used.
making navigation selfdescriptive navigation should be designed to help users understand where they are where they have been and where they can go next general guidance on achieving selfdescriptiveness is given in iso 9241110,2,"DS1.xlsx, DS3.xlsx","Making navigation self-descriptive: Navigation should be designed to help users understand where they are, where they have been and where they can go next. General guidance on achieving self-descriptiveness is given in ISO 9241-110."
making text resizable by the user text should be able to be resized by the user using functions provided by the user agent or other appropriate means ie see iso 9241171,2,"DS1.xlsx, DS3.xlsx","
           Making text resizable by the user: Text should be able to be resized by the user, using functions provided by the user agent or other appropriate means i.e. see ISO 9241-171.
           "
making user interfaces robust user interfaces should be designed to be as robust as possible in the face of changing technology this encompasses being able to present content containing newer technologies by older user agents as well as designing content to be usable with future technologies,2,"DS1.xlsx, DS3.xlsx","
           Making user interfaces robust: User interfaces should be designed to be as robust as possible in the face of changing technology. This encompasses being able to present content containing newer technologies by older user agents as well as designing content to be usable with future technologies.
           "
making user profiles evident if predefined user profiles or userspecified profiles are used for individualizing or adapting content the profile currently used should be made evident if profiles are used it is important to provide users with information about this concept and its implications,2,"DS1.xlsx, DS3.xlsx","Making user profiles evident: If predefined user profiles or user-specified profiles are used for individualizing or adapting content, the profile currently used should be made evident. If profiles are used, it is important to provide users with information about this concept and its implications."
malicious requests are detected and rejected,2,"DS1.xlsx, DS3.xlsx",Malicious requests are detected and rejected.
malicious requests are identified and acted upon,2,"DS1.xlsx, DS3.xlsx",Malicious requests are identified and acted upon.
marking links opening new windows links that open new browser windows or popup windows should be clearly marked,2,"DS1.xlsx, DS3.xlsx","
           Marking links opening new windows: Links that open new browser windows or pop-up windows should be clearly marked.
           "
mediator works in conjunction with the pa to establish negotiation,2,"DS1.xlsx, DS3.xlsx",Mediator works in conjunction with the PA to establish negotiation.
mediatorsr mediatorpr mediatorpa interaction protocols are defined,2,"DS1.xlsx, DS3.xlsx","Mediator-SR, mediator-PR, mediator-PA interaction protocols are defined."
minimizing navigation effort the number of navigation steps needed to reach a certain piece of content should be minimized as long as different mental models navigation strategies and tasks of the user are taken into account,2,"DS1.xlsx, DS3.xlsx","
            Minimizing navigation effort: The number of navigation steps needed to reach a certain piece of content should be minimized as long as different mental models, navigation strategies and tasks of the user are taken into account.
           "
minimizing user errors potential user errors as well as the effort needed to recover from errors should be minimized,2,"DS1.xlsx, DS3.xlsx","
           Minimizing user errors: Potential user errors as well as the effort needed to recover from errors should be minimized.
           "
must use a sql based database sql standard is the most widely used database format restricting to sql allows easy of use and compatibility for web store,2,"DS1.xlsx, DS3.xlsx",Must use a SQL based database. SQL standard is the most widely used database format. Restricting to SQL allows easy of use and compatibility for Web Store.
national values shall be applicable to a defined area,2,"DS1.xlsx, DS3.xlsx","National values shall be applicable to a defined area
"
negotiation is established between selected cdn peers,2,"DS1.xlsx, DS3.xlsx",Negotiation is established between selected CDN peers.
observing principles of human perception when designing application pages the general principles of human perception should be taken into account the international standards mentioned below shall be consulted for guidance practical guidelines for presenting information to the user are to be found in iso 924112 guidance on selecting and using different forms of interaction techniques is to be found in iso 924114 to iso 924117 iso 924114 gives guidance about menus iso 924115 about command dialogues iso 924116 about direct manipulation and iso 924117 about forms in addition when designing multimedia information presentations the design principles and recommendations described in iso 149151 to iso 149153 should be taken into account appropriate content presentation also plays a key role in accessibility,2,"DS1.xlsx, DS3.xlsx","
           Observing principles of human perception When designing application pages, the general principles of human perception should be taken into account. The International Standards mentioned below shall be consulted for guidance. Practical guidelines for presenting information to the user are to be found in ISO 9241-12. Guidance on selecting and using different forms of interaction techniques is to be found in ISO 9241-14 to ISO 9241-17. ISO 9241-14 gives guidance about menus, ISO 9241-15 about command dialogues, ISO 9241-16 about direct manipulation and ISO 9241-17 about forms. In addition, when designing multimedia information presentations, the design principles and recommendations described in ISO 14915-1 to ISO 14915-3 should be taken into account. Appropriate content presentation also plays a key role in accessibility.
           "
offering alternative access paths alternative access paths for navigating to a specific unit of content should be offered to support different navigation strategies,2,"DS1.xlsx, DS3.xlsx","
            Offering alternative access paths: Alternative access paths for navigating to a specific unit of content should be offered to support different navigation strategies.
           "
on demand the position of the front end of the train at the time of the demand shall be indicated on the dmi this shall be possible while the train is moving or stationary,2,"DS1.xlsx, DS3.xlsx","On demand, the position of the front end of the train at the time of the demand shall be indicated on the DMI. This shall be possible while the train is moving or stationary."
on lines fitted with rbc the etcs trainborne equipment shall be able to transmit the location of the entire train to the rbc,2,"DS1.xlsx, DS3.xlsx","On lines fitted with RBC, the ETCS trainborne equipment shall be able to transmit the location of the entire train to the RBC.
"
on request of the rbc the driver shall have the possibility to confirm that the track ahead of him until the end of the on sight section is clear,2,"DS1.xlsx, DS3.xlsx","On request of the RBC, the driver shall have the possibility to confirm that the track ahead of him until the end of the on sight section is clear
"
once received onboard the national values shall remain valid even if the onboard equipment is switched off,2,"DS1.xlsx, DS3.xlsx",Once received onboard the national values shall remain valid even if the onboard equipment is switched off
once the audit trail functionality has been activated the system must track events without manual intervention and store in the audit trail information about them,2,"DS1.xlsx, DS3.xlsx","Once the audit trail functionality has been activated, the System must track events without manual intervention, and store in the audit trail information about them."
once the train starts reversing the ma shall be cancelled,2,"DS1.xlsx, DS3.xlsx","Once the train starts reversing the MA shall be cancelled.
"
only registered customers can purchase streaming movies,2,DS3.xlsx,Only registered customers can purchase streaming movies.
operation of the train trip shall be indicated on the dmi,2,"DS1.xlsx, DS3.xlsx",Operation of the train trip shall be indicated on the DMI.
operational radios used for shunting shall be able to be switched between the following two operating modes by a maintenance function m,2,DS1.xlsx,"Operational  radios  used  for  shunting  shall  be  able  to  be  switched  between  the 
following two operating modes by a maintenance function: (M)			"
partial supervision shall be indicated on the dmi,2,"DS1.xlsx, DS3.xlsx","Partial Supervision shall be indicated on the DMI.
"
partial supervision shall be selected either by the driver or by information received from tracktotrain transmission,2,"DS1.xlsx, DS3.xlsx","Partial Supervision shall be selected either by the Driver, or by information received from track-to-train transmission.
"
permission received shall be indicated to the driver,2,"DS1.xlsx, DS3.xlsx","Permission received shall be indicated to the driver.
"
placing navigation components consistently navigation components should be placed consistently on the pages or in the framesets in the pages of the application,2,"DS1.xlsx, DS3.xlsx",Placing navigation components consistently: Navigation components should be placed consistently on the pages or in the framesets in the pages of the application.
placing title information consistently page titles should be placed in a consistent location on the different pages,2,"DS1.xlsx, DS3.xlsx","
           Placing title information consistently: Page titles should be placed in a consistent location on the different pages.
           "
2211 it shall only be possible for the user who initiated the call to talk other users can only listen m group voice calls,2,"DS1.xlsx, DS3.xlsx","2.2.11 It shall only be possible for the user who initiated the call to talk, other users can only listen. (M) Group voice calls"
policies identifying the consequences of sla violation are defined,2,"DS1.xlsx, DS3.xlsx",Policies identifying the consequences of SLA violation are defined.
primary cdn has already acquired sufficient external resources,2,"DS1.xlsx, DS3.xlsx",Primary CDN has already acquired sufficient external resources.
providing a site map a separate navigation overview such as a site map should be provided for application showing the structure of the site in an overview form,2,"DS1.xlsx, DS3.xlsx","
           Providing a site map: A separate navigation overview such as a site map should be provided for application showing the structure of the site in an overview form.
           "
providing alternatives to framebased presentation if frames are used an alternative way of presenting relevant information without frames should be provided providing alternative textonly pages when style sheets andor frames are turned off it should be possible for the user to read and understand the page alternatively the user should be provided with an equivalent alternative textonly page,2,"DS1.xlsx, DS3.xlsx","
           Providing alternatives to frame-based presentation: If frames are used, an alternative way of presenting relevant information without frames should be provided. Providing alternative text-only pages: When style sheets and/or frames are turned off it should be possible for the user to read and understand the page; alternatively, the user should be provided with an equivalent alternative text-only page.
           "
providing clear error messages the content of error messages shown on the pages or special error pages should clearly state the reason why the error occurred and if possible actions the user can take to resolve the error users expect error messages to be in the same language as the user interface,2,"DS1.xlsx, DS3.xlsx","Providing clear error messages: The content of error messages shown on the pages or special error pages should clearly state the reason why the error occurred and, if possible, actions the user can take to resolve the error. Users expect error messages to be in the same language as the user interface."
providing printable document versions if a document is either too long dispersed over several pages or in a specific layout that is not suitable for online reading a printerfriendly version of the document should be provided that prints the content in a form acceptable to the user eg in the expected layout paper format or orientation,2,"DS1.xlsx, DS3.xlsx","Providing printable document versions: If a document is either too long, dispersed over several pages or in a specific layout that is not suitable for online reading, a printer-friendly version of the document should be provided that prints the content in a form acceptable to the user (e.g. in the expected layout, paper format, or orientation)."
providing text equivalents for nontext media objects all nontext media objects such as graphical images or video should be provided with alternative equivalent textual descriptions andor with equivalent textbased functionality,2,"DS1.xlsx, DS3.xlsx","Providing text equivalents for non-text media objects: All non-text media objects, such as graphical images or video, should be provided with alternative equivalent textual descriptions and/or with equivalent text-based functionality."
readability of text text presented on the pages should be readable taking into account the expected display characteristics and spatial arrangement iso 9241303 shall be consulted for screen text legibility requirements,2,"DS1.xlsx, DS3.xlsx","
           Readability of text: Text presented on the pages should be readable taking into account the expected display characteristics and spatial arrangement. ISO 9241-303 shall be consulted for screen text legibility requirements.
           "
remotely hosted applications shall communicate in a client server relationship via the defined data server interface sss329,2,"DS2.xlsx, DS4.xlsx",Remotely hosted applications shall communicate in a client server relationship via the defined data server interface. [SSS329]
resource provisioning delegation and reservation policies are in place,2,"DS1.xlsx, DS3.xlsx","Resource provisioning, delegation and reservation policies are in place"
reversing shall be possible as defined by a value given with the ma,2,"DS1.xlsx, DS3.xlsx","Reversing shall be possible as defined by a value given with the MA
"
reversing shall be supervised to a distance and speed set as national values,2,"DS1.xlsx, DS3.xlsx",Reversing shall be supervised to a distance and speed set as National Values
route unsuitability shall be indicated on the dmi,2,"DS1.xlsx, DS3.xlsx",Route unsuitability shall be indicated on the DMI.
selecting appropriate page lengths the length of a page should be selected so as to support the primary purpose and use of the page short pages are generally more appropriate for homepages navigation pages or overview pages that need to be read quickly longer pages can be more appropriate when users want to read the content without interruptions or when the page needs to match a paper counterpart,2,"DS1.xlsx, DS3.xlsx","Selecting appropriate page lengths The length of a page should be selected so as to support the primary purpose and use of the page. Short pages are generally more appropriate for homepages, navigation pages, or overview pages that need to be read quickly. Longer pages can be more appropriate when users want to read the content without interruptions or when the page needs to match a paper counterpart."
shall deliver operations and maintenance manual users guide book and installation instructions for the administrator,2,"DS1.xlsx, DS3.xlsx","Shall deliver Operations and Maintenance manual, Users Guide book, and Installation Instructions for the Administrator.
            "
shall install online help for users via the web interface,2,"DS1.xlsx, DS3.xlsx",Shall install online help for users via the web interface    
showing users where they are each presentation segment page or window should provide the user with a clear and sufficient indication of where he or she is in the navigation structure and of the current segment position with respect to the overall structure,2,"DS1.xlsx, DS3.xlsx",Showing users where they are: Each presentation segment (page or window) should provide the user with a clear and sufficient indication of where he or she is in the navigation structure and of the current segment position with respect to the overall structure.
shutdown of the tcs shall include storage as well as deletion as specified by the operator of mission data files sss044 shutdown of appropriate functions sss045 shutdown of hcis sss046 and proper termination of all active interfaces sss047,2,DS4.xlsx,"Shutdown of the TCS shall include storage as well as deletion, as specified by the operator, of mission data files [SSS044], shutdown of appropriate functions [SSS045], shutdown of HCIs [SSS046], and proper termination of all active interfaces [SSS047]."
splash screens should be avoided unless they provide useful content or feedback about the application state to the user if a splash screen is used a navigation option to skip it should be offered,2,"DS1.xlsx, DS3.xlsx","Splash screens should be avoided unless they provide useful content or feedback about the application state to the user. If a splash screen is used, a navigation option to skip it should be offered."
standardised output interfaces shall enable transmission of information recorded to other media for investigation,2,"DS1.xlsx, DS3.xlsx",Standardised output interfaces shall enable transmission of information recorded to other media for investigation
stored train data shall be offered to the driver to be confirmed when data entry starts,2,"DS1.xlsx, DS3.xlsx",Stored train data shall be offered to the driver to be confirmed when Data Entry starts.
supporting text skimming fast skimming of text should be supported by the provision of clear links bulleted lists highlighted keywords logical headings and short phrases and sentences,2,"DS1.xlsx, DS3.xlsx","
           Supporting text skimming: Fast skimming of text should be supported by the provision of clear links, bulleted lists, highlighted keywords, logical headings, and short phrases and sentences.
           "
tcs hardware flexibility and expansion shall be provided through use of gfe ndi and cots hardware designed to be upgraded and expanded sss440,2,"DS2.xlsx, DS4.xlsx","TCS hardware flexibility and expansion shall be provided through use of GFE, NDI and COTS hardware designed to be upgraded and expanded. [SSS440]"
tcs shall be capable of executing av maintenance software and displaying appropriate status results sss245,2,"DS2.xlsx, DS4.xlsx",TCS shall be capable of executing AV maintenance software and displaying appropriate status results. [SSS245]
tcs shall be capable of executing data terminal maintenance software and displaying appropriate status results sss247,2,"DS2.xlsx, DS4.xlsx",TCS shall be capable of executing data terminal maintenance software and displaying appropriate status results. [SSS247]
tcs shall be capable of executing payload maintenance software and displaying appropriate status results sss246,2,"DS2.xlsx, DS4.xlsx",TCS shall be capable of executing payload maintenance software and displaying appropriate status results. [SSS246]
tcs shall be capable of executing workstation and peripheral equipment maintenance software and displaying appropriate status results sss248,2,"DS2.xlsx, DS4.xlsx",TCS shall be capable of executing workstation and peripheral equipment maintenance software and displaying appropriate status results. [SSS248]
tcs shall provide the capability to monitor payload adherence to the uplinked mission plan sss155,2,"DS2.xlsx, DS4.xlsx",TCS shall provide the capability to monitor payload adherence to the uplinked mission plan. [SSS155]
text quality the quality of textual content with respect to spelling and grammar should be sufficient so as not to impede readability,2,"DS1.xlsx, DS3.xlsx",Text quality: The quality of textual content with respect to spelling and grammar should be sufficient so as not to impede readability.
the braking curves shall ensure that the train complies with its speed requirements,2,"DS1.xlsx, DS3.xlsx",The braking curves shall ensure that the train complies with its speed requirements.
the ceiling speed level for the movement authority shall be defined as data national value,2,"DS1.xlsx, DS3.xlsx","The ceiling speed level for the movement authority shall be defined as data National Value.
"
the change of driver identification during a journey or a train running number shall be possible,2,"DS1.xlsx, DS3.xlsx",The change of driver identification during a journey or a Train Running Number shall be possible
the character set used shall support different languages,2,"DS1.xlsx, DS3.xlsx","The character set used shall support different languages.
"
the cooperative revocation of the ma shall be possible to a new target location proposed from rbc,2,"DS1.xlsx, DS3.xlsx","The co-operative revocation of the MA shall be possible to a new target location, proposed from RBC."
the current application level shall be indicated on the dmi,2,"DS1.xlsx, DS3.xlsx","The current application level shall be indicated on the DMI.
"
the current operational status shall be indicated to the driver on the dmi,2,"DS1.xlsx, DS3.xlsx","The current operational status shall be indicated to the driver on the DMI
"
the distance supervised can be extended from the trackside,2,"DS1.xlsx, DS3.xlsx",The distance supervised can be extended from the trackside.
the dmi shall display or be compatible with information from national train control systems this may mean displaying the information shown by the national system,2,"DS1.xlsx, DS3.xlsx",The DMI shall display or be compatible with information from national train control systems. This may mean displaying the information shown by the national system.
the dmi shall indicate the result of the selftest,2,"DS1.xlsx, DS3.xlsx","The DMI shall indicate the result of the self-test.
"
the driver shall acknowledge the level transitions if requested from trackside if the driver does not acknowledge after the transition the brake shall be applied if the driver acknowledges afterwards the brake can be released,2,"DS1.xlsx, DS3.xlsx","The driver shall acknowledge the level transitions, if requested from trackside. If the driver does not acknowledge after the transition the brake shall be applied. If the driver acknowledges afterwards, the brake can be released
"
the driver shall be able to confirm the train integrity to the rbc manually the confirmation requires the train to be stationary,2,"DS1.xlsx, DS3.xlsx","The driver shall be able to confirm the train integrity to the RBC manually. The confirmation requires the train to be stationary.
"
the driver shall be able to consult train data when the train is stationary or moving,2,"DS1.xlsx, DS3.xlsx",The driver shall be able to consult train data when the train is stationary or moving.
the driver shall be able to override the function when the train is stationary,2,"DS1.xlsx, DS3.xlsx","The driver shall be able to override the function when the train is stationary.
"
the driver shall be able to release an etcs emergency brake application when stationary,2,"DS1.xlsx, DS3.xlsx",The driver shall be able to release an ETCS emergency brake application when stationary.
the driver shall be able to select train data entry on the dmi,2,"DS1.xlsx, DS3.xlsx","The driver shall be able to select Train Data Entry on the DMI.
"
the driver shall be able to use the reversing function without needing to reconfirm the train data,2,"DS1.xlsx, DS3.xlsx",The driver shall be able to use the Reversing function without needing to re-confirm the train data.
the driver shall enter the driver id,2,"DS1.xlsx, DS3.xlsx",The driver shall enter the driver ID
the driver shall have the possibility to select the language this does not concern non predefined texts sent from the trackside,2,"DS1.xlsx, DS3.xlsx","The driver shall have the possibility to select the language, this does not concern non pre-defined texts sent from the trackside."
the driver shall know the distance to the next point defining the indicated braking curve and the permitted speed allowed this shall be shown to the driver in a way that is understandable and logical,2,"DS1.xlsx, DS3.xlsx",The driver shall know the distance to the next point defining the indicated braking curve and the permitted speed allowed. This shall be shown to the driver in a way that is understandable and logical.
the driver shall select an override control according to the permission received,2,"DS1.xlsx, DS3.xlsx","The driver shall select an override control according to the permission received.
"
the emergency brake shall be applied until the traction unit is stationary,2,"DS1.xlsx, DS3.xlsx","The emergency brake shall be applied until the traction unit is stationary.
"
the emergency stop shall be indicated to the driver on the dmi,2,"DS1.xlsx, DS3.xlsx","The emergency stop shall be indicated to the driver on the DMI.
"
the entry of driver identification and the selection of the language shall be possible,2,"DS1.xlsx, DS3.xlsx",The entry of driver identification and the selection of the language shall be possible.
the etcs onboard shall be capable of receiving information about pantograph and power supply from the trackside,2,"DS1.xlsx, DS3.xlsx","The ETCS on-board shall be capable of receiving information about pantograph and power supply from the trackside.
"
the etcs onboard shall be capable of receiving information regarding air tightness from the trackside,2,"DS1.xlsx, DS3.xlsx","The ETCS on-board shall be capable of receiving information regarding air tightness from the trackside.
"
the etcs onboard shall be capable of receiving national values from the trackside to adapt to national requirements,2,"DS1.xlsx, DS3.xlsx",The ETCS on-board shall be capable of receiving National values from the trackside to adapt to National requirements
the etcs onboard shall be capable of receiving track description from the trackside,2,"DS1.xlsx, DS3.xlsx",The ETCS on-board shall be capable of receiving track description from the trackside.
the etcs onboard shall be capable of sending to the trackside train integrity information detected by a system outside etcs,2,"DS1.xlsx, DS3.xlsx","The ETCS on-board shall be capable of sending to the trackside train integrity information detected by a system outside ETCS
"
the etcs trainborne equipment calculates the static train speed profile on the basis of infrastructure data and train data,2,"DS1.xlsx, DS3.xlsx","The ETCS trainborne equipment calculates the static train speed profile on the basis of infrastructure data and train data.
"
the etcs trainborne equipment shall be able to determine the location of the entire train,2,"DS1.xlsx, DS3.xlsx",The ETCS trainborne equipment shall be able to determine the location of the entire train.
the etcs trainborne equipment shall be capable of being isolated,2,"DS1.xlsx, DS3.xlsx","The ETCS trainborne equipment shall be capable of being isolated.
"
the etcs trainborne equipment shall be capable of receiving information from the national train control systems by means of the stm,2,"DS1.xlsx, DS3.xlsx",The ETCS trainborne equipment shall be capable of receiving information from the national train control systems by means of the STM.
the etcs trainborne equipment shall indicate on the dmi the information regarding pantograph and power supply,2,"DS1.xlsx, DS3.xlsx","The ETCS trainborne equipment shall indicate on the DMI the information regarding pantograph and power supply.
"
the etcs trainborne equipment shall supervise the end of movement authority if this information is available onboard,2,"DS1.xlsx, DS3.xlsx","The ETCS trainborne equipment shall supervise the end of movement authority, if this information is available on-board.
"
the etcs trainborne equipment shall transmit its own train identification to the rbc,2,"DS1.xlsx, DS3.xlsx",The ETCS trainborne equipment shall transmit its own train identification to the RBC.
2212 the system shall support group voice calls m,2,"DS1.xlsx, DS3.xlsx",2.2.12 The system shall support group voice calls. (M)
the format of service requirements is defined,2,"DS1.xlsx, DS3.xlsx",The format of service requirements is defined.
the indication provided shall enable the driver to drive at the permitted speed without receiving a warning and without intervention of etcs,2,"DS1.xlsx, DS3.xlsx",The indication provided shall enable the driver to drive at the permitted speed without receiving a warning and without intervention of ETCS.
the information regarding lowering and raising of the pantograph and openingclosing of the circuit breaker shall be provided separately and in combinations,2,"DS1.xlsx, DS3.xlsx","The information regarding lowering and raising of the pantograph and opening/closing of the circuit breaker shall be provided separately and in combinations.
"
2213 group voice calls provide voice communications between a number of users in a pre defined local area all of whom are members of the same call group i,2,"DS1.xlsx, DS3.xlsx","2.2.13 Group voice calls provide voice communications between a number of users in a pre- defined local area, all of whom are members of the same call group. (I)"
2214 the composition of call groups shall be able to be modified within the network a single user shall be able to be a member of one or more call groups m,2,"DS1.xlsx, DS3.xlsx",2.2.14 The composition of call groups shall be able to be modified within the network. A single user shall be able to be a member of one or more call groups. (M)
the interfaces must be made customizable or userconfigurable to the extent possible eg the displayed columns in the table move resize modify the appearance such configurations must be saved in the user profile,2,"DS1.xlsx, DS3.xlsx","The interfaces must be made customizable or user-configurable to the extent possible. (e.g., the displayed columns in the table, move, resize, modify the appearance). Such configurations must be saved in the user profile."
the new target location shall be checked for acceptance by the on board,2,"DS1.xlsx, DS3.xlsx","The new target location shall be checked for acceptance by the on board.
"
the number of incidents of unplanned downtime for the system must not exceed x per rolling three month period,2,"DS1.xlsx, DS3.xlsx","
           The number of incidents of unplanned downtime for the System must not exceed <x> per <rolling three month period>.
           "
the occurrence of a failure shall be displayed on the dmi,2,"DS1.xlsx, DS3.xlsx",The occurrence of a failure shall be displayed on the DMI.
the on board shall be capable of sending train data to the trackside after confirmation by the driver or when entering the rbc area,2,"DS1.xlsx, DS3.xlsx","The on board shall be capable of sending train data to the trackside after confirmation by the driver, or when entering the RBC area
"
the on board shall supervise the train against a ceiling speed,2,"DS1.xlsx, DS3.xlsx","The on board shall supervise the train against a ceiling speed
"
the onboard equipment shall display plain text messages as received,2,"DS1.xlsx, DS3.xlsx",The onboard equipment shall display plain text messages as received.
the onboard shall be capable to switch to another etcs status when transmitted from trackside,2,"DS1.xlsx, DS3.xlsx",The onboard shall be capable to switch to another ETCS status when transmitted from trackside
the override control shall be protected against inadvertent operation,2,"DS1.xlsx, DS3.xlsx","The override control shall be protected against inadvertent operation.
"
the planned downtime for the system must not exceed xx hours per rolling three month period the system is considered to be down if any user is unable to perform any normal system function and if this failure is attributed to any component of the system other than the workstation,2,"DS1.xlsx, DS3.xlsx","
           The planned downtime for the System must not exceed <xx> hours per <rolling three month period>.
           The System is considered to be down if any user is unable to perform any normal System function and if this failure is attributed to any component of the System other than the workstation.
           "
the release speed shall be indicated on the dmi,2,"DS1.xlsx, DS3.xlsx",The release speed shall be indicated on the DMI.
the response time shall be fast enough to maintain the flow of the game the response time shall be no more than 2 seconds for 95 of responses and no more than 4 for the remaining responses,2,DS3.xlsx,The response time shall be fast enough to maintain the flow of the game. The response time shall be no more than 2 seconds for 95% of responses and no more than 4% for the remaining responses.
the reversing function shall only be possible in one active cab which is not closed at any time during the procedure,2,"DS1.xlsx, DS3.xlsx","The Reversing function shall only be possible in one active cab which is not closed at any time during the procedure.
"
the roll awayreverse movement intervention shall be indicated on the dmi,2,"DS1.xlsx, DS3.xlsx",The roll away/reverse movement intervention shall be indicated on the DMI.
the solution should enable the helpdesk user to view the reports on the submitted defects or enhancement requests categorywise statuswise and age wise,2,"DS1.xlsx, DS3.xlsx","The solution should enable the help-desk user to view the reports on the submitted defects or enhancement requests category-wise, status-wise, and age- wise."
the solution should enable the user to track the submitted defect or enhancement request,2,"DS1.xlsx, DS3.xlsx",The solution should enable the user to track the submitted defect or enhancement request.
the solution should provide an interface for the user to log any defects or enhancement requests on the application and track thereafter,2,"DS1.xlsx, DS3.xlsx","
                The solution should provide an interface for the user to log any defects or enhancement requests on the application and track thereafter.
            "
2215 the local area over which group calls are implemented shall be able to be modified within the network m,2,"DS1.xlsx, DS3.xlsx",2.2.15 The local area over which group calls are implemented shall be able to be modified within the network. (M)
the solution should send alerts eg email sms to the user if the user chooses to whenever any action has been taken on the alert,2,"DS1.xlsx, DS3.xlsx","The solution should send alerts (e.g., email, SMS) to the user if the user chooses to whenever any action has been taken on the alert."
the supervised shunting speed shall be indicated to the driver on request,2,"DS1.xlsx, DS3.xlsx","The supervised Shunting speed shall be indicated to the driver on request.
"
the supervised speed shall not be shown on the dmi,2,"DS1.xlsx, DS3.xlsx",The supervised speed shall not be shown on the DMI.
the support solution should be accessible to the users both from within the application and also outside the application through a browser interface,2,"DS1.xlsx, DS3.xlsx","
                The support solution should be accessible to the users both from within the application and also outside the application through a browser interface.
            "
the system be scaleable and must not have any features which would preclude use in small or large police stations with varying numbers of cases handled,2,"DS1.xlsx, DS3.xlsx","The System be scaleable and must not have any features which would preclude use in small or large police stations, with varying numbers of cases handled."
the system for train data entry shall provide for the input of other data required by stms connected to etcs this may require additional items not required for etcs to be entered,2,"DS1.xlsx, DS3.xlsx","The system for Train Data Entry shall provide for the input of other data required by STMs connected to ETCS. This may require additional items, not required for ETCS, to be entered.
"
the system hardware shall be fixed and patched via an internet connection,2,"DS1.xlsx, DS3.xlsx",The system hardware shall be fixed and patched via an internet connection.
the system must allow a user to be a member of more than one group,2,"DS1.xlsx, DS3.xlsx",The System must allow a user to be a member of more than one group.
the system must allow changes to security attributes for groups or users such as access rights security level privileges password allocation and management to be made only by superuser,2,"DS1.xlsx, DS3.xlsx","The System must allow changes to security attributes for groups or users (such as access rights, security level, privileges, password allocation and management) to be made only by super-user."
the system must allow only adminusers to set up user profiles and allocate users to groups,2,"DS1.xlsx, DS3.xlsx",The System must allow only admin-users to set up user profiles and allocate users to groups.
the system must allow the user to limit access to cases to specified users or user groups,2,"DS1.xlsx, DS3.xlsx","
            The System must allow the user to limit access to cases to specified users or user groups.
            "
the system must be able to capture and store violations ie a users attempts to access a case to which he is denied access and where violations can validly be attempted attempted violations of access control mechanisms,2,"DS1.xlsx, DS3.xlsx","The System must be able to capture and store violations (i.e. A user's attempts to access a case to which he is denied access), and (where violations can validly be attempted) attempted violations, of access control mechanisms."
the system must be able to display several entities cases suspects simultaneously,2,"DS1.xlsx, DS3.xlsx","
            The System must be able to display several entities (cases, suspects) simultaneously.
           "
the system must be able to export audit trails for specified cases without affecting the audit trail stored by the system this functionality can be used by external auditors who wish to examine or analyse system activity,2,"DS1.xlsx, DS3.xlsx",The System must be able to export audit trails for specified cases (without affecting the audit trail stored by the System). This functionality can be used by external auditors who wish to examine or analyse system activity.
the system must be able to perform a simple search within 58 seconds and a advanced search multiple search criteria within 1015 seconds regardless of the storage capacity or number of cases in the system in this context performing a search means returning a result list it does not include retrieving the records themselves,2,"DS1.xlsx, DS3.xlsx","The System must be able to perform a simple search within 5-8 seconds and a advanced search (multiple search criteria) within 10-15 seconds regardless of the storage capacity or number of cases in the system. In this context, performing a search means returning a result list. It does not include retrieving the records themselves."
the system must be able to retrieve and display within 20 seconds the case which has not been accessed within the previous 2 months regardless of storage capacity or number of cases in the system this requirement is intended to allow for cases where cases used infrequently are stored on slower media than more active records,2,"DS1.xlsx, DS3.xlsx","The System must be able to retrieve and display within 20 seconds the case which has not been accessed within the previous 2 months, regardless of storage capacity or number of cases in the system. This requirement is intended to allow for cases where cases used infrequently are stored on slower media than more active records."
the system must be able to retrieve and display within 58 seconds the case which has been accessed within the previous 2 months regardless of storage capacity or number of cases in the system this requirement is intended to allow for rapid retrieval of frequentlyused cases on the understanding that frequency of use is typically correlated with recent use,2,"DS1.xlsx, DS3.xlsx","The System must be able to retrieve and display within 5-8 seconds the case which has been accessed within the previous 2 months, regardless of storage capacity or number of cases in the system. This requirement is intended to allow for rapid retrieval of frequently-used cases, on the understanding that frequency of use is typically correlated with recent use."
the system must employ a single set of user interface rules or a small number of sets to provide a familiar and common look and feel for the application,2,"DS1.xlsx, DS3.xlsx","The System must employ a single set of user interface rules, or a small number of sets to provide a familiar and common look and feel for the application."
the system must ensure that audit trail data is available for inspection on request so that a specific event can be identified and all related data made accessible and that this can be achieved by authorised external personnel who have little or no familiarity with the system,2,"DS1.xlsx, DS3.xlsx","The System must ensure that audit trail data is available for inspection on request, so that a specific event can be identified and all related data made accessible, and that this can be achieved by authorised external personnel who have little or no familiarity with the system."
the system must maintain the audit trail for as long as required which will be at least for the life of the case to which it refers,2,"DS1.xlsx, DS3.xlsx","
            The System must maintain the audit trail for as long as required, which will be at least for the life of the case to which it refers.
            "
the system must provide adequate response times for commonly performed functions under both standard and peak conditions,2,"DS1.xlsx, DS3.xlsx",The System must provide adequate response times for commonly performed functions under both standard and peak conditions
the system must provide end user and administrator functions which are easy to use and intuitive throughout,2,"DS1.xlsx, DS3.xlsx","
           The System must provide End User and Administrator functions which are easy to use and intuitive throughout.
           "
the system must support multiple types of communication services for remote access,2,"DS1.xlsx, DS3.xlsx","
             The system must support multiple types of communication services for remote access
            "
the system shall allow employees to view the owner of any product an employee should be able to contact the correct owner in one phone call x of the time,2,DS4.xlsx, The system shall allow employees to view the owner of any product. An employee should be able to contact the correct owner in one phone call x% of the time.
the system shall auto detect ip dos attacks and block ip automatically,2,"DS1.xlsx, DS3.xlsx", The system shall auto detect IP DOS attacks and block IP automatically.
the system shall automatically compress image files that are too large in size,2,"DS1.xlsx, DS3.xlsx",The system shall automatically compress image files that are too large in size.
the system shall be able to acquire shipping charges in less than 2 seconds,2,"DS1.xlsx, DS3.xlsx",The system shall be able to acquire shipping charges in less than 2 seconds.
the system shall be able to add product to shopping cart in less than 2ms,2,"DS1.xlsx, DS3.xlsx",The system shall be able to add product to shopping cart in less than 2ms.
the system shall be able to email customer and vendor in less than 1 second,2,"DS1.xlsx, DS3.xlsx",The system shall be able to email customer and vendor in less than 1 second.
the system shall be able to handle 1000 customers logged in concurrently at the same time,2,"DS1.xlsx, DS3.xlsx",The system shall be able to handle 1000 customers logged in concurrently at the same time.
the system shall be able to restore 1000 records per second,2,"DS1.xlsx, DS3.xlsx",The system shall be able to restore 1000 records per second.  
the system shall be able to retrieve 200 products per second,2,"DS1.xlsx, DS3.xlsx",The system shall be able to retrieve 200 products per second.
the system shall be able to search for a specified product in less than 1 second,2,"DS1.xlsx, DS3.xlsx",The system shall be able to search for a specified product in less than 1 second.
the system shall be able to validate credit card in less than 2 seconds,2,"DS1.xlsx, DS3.xlsx",The system shall be able to validate credit card in less than 2 seconds.
the system shall be easily updatable for fixes and patches,2,"DS1.xlsx, DS3.xlsx",The system shall be easily updatable for fixes and patches.
the system shall be easy to learn,2,"DS1.xlsx, DS3.xlsx",The system shall be easy to learn
the system shall be easy to migrate or backed up via another usb drive,2,"DS1.xlsx, DS3.xlsx",The system shall be easy to migrate or backed up via another usb drive.                         
the system shall be easy to upgrade,2,"DS1.xlsx, DS3.xlsx",The system shall be easy to upgrade.
the system shall be easy to use,2,"DS1.xlsx, DS3.xlsx",The system shall be easy to use                    
the system shall be extremely portable via the usb drive,2,"DS1.xlsx, DS3.xlsx",The system shall be extremely portable via the usb drive.
the system shall be protected by open source firewall called firestarter httpwwwfssecuritycom,2,"DS1.xlsx, DS3.xlsx",The system shall be protected by open source firewall called Firestarter. http://www.fs-security.com/
the system shall create logs of all changes updates or fixes that are done to the site,2,"DS1.xlsx, DS3.xlsx","The system shall create logs of all changes, updates, or fixes that are done to the site."
the system shall detect consecutive failed login attempts,2,"DS1.xlsx, DS3.xlsx",The system shall detect consecutive failed login attempts.
the system shall employ easy to locate buttons,2,"DS1.xlsx, DS3.xlsx",The system shall employ easy to locate buttons
the system shall encrypt all customer data in database,2,"DS1.xlsx, DS3.xlsx",The system shall encrypt all customer data in database.
the system shall encrypt all sensitive information via https,2,"DS1.xlsx, DS3.xlsx",The system shall encrypt all sensitive information via https.
the system shall have an availability of 9999,2,"DS1.xlsx, DS3.xlsx",The system shall have an availability of 99.99%.
the system shall perform searches via dijkstras shortest path algorithm,2,"DS1.xlsx, DS3.xlsx",The system shall perform searches via Dijkstra's shortest path algorithm.
the system shall prompt customer with friend easy to read error messages,2,"DS1.xlsx, DS3.xlsx",The system shall prompt customer with friend easy to read error messages.
the system shall use sql based database to store inventory information,2,"DS1.xlsx, DS3.xlsx",The system shall use SQL based database to store inventory information.
the system shall utilize consistent symbols and colors for clear notifications,2,"DS1.xlsx, DS3.xlsx",The system shall utilize consistent symbols and colors for clear notifications.
the system shall utilize help bubbles to assist managers customers and administrators,2,"DS1.xlsx, DS3.xlsx","The system shall utilize help bubbles to assist managers, customers, and administrators"
the system shall utilize interchangeable plugins,2,"DS1.xlsx, DS3.xlsx",The system shall utilize interchangeable plugins.
the system shall validate credit cards against fraud,2,"DS1.xlsx, DS3.xlsx",The system shall validate credit cards against fraud                  
the system shall validate email address existence,2,"DS1.xlsx, DS3.xlsx",The system shall validate email address existence.
the system should adopt standardized formats and common metadata elements,2,"DS1.xlsx, DS3.xlsx","
             The system should adopt standardized formats and common metadata elements
            "
the system should allow a user to stipulate which other users or groups can access cases,2,"DS1.xlsx, DS3.xlsx",The System should allow a user to stipulate which other users or groups can access cases.
the system should be able to create test environment of weborder system,2,"DS1.xlsx, DS3.xlsx",The system should be able to create test environment of weborder system.
the system should be able to provide reports for actions on cases organised by workstation and where technically appropriate by network address,2,"DS1.xlsx, DS3.xlsx","
            The System should be able to provide reports for actions on cases organised by workstation and (where technically appropriate) by network address.
            "
the system should be able to run test credit card transactions,2,"DS1.xlsx, DS3.xlsx",The system should be able to run test credit card transactions.                     
the system should be able to run test shipping orders,2,"DS1.xlsx, DS3.xlsx",The system should be able to run test shipping orders.
the system should be able to run under debug mode,2,"DS1.xlsx, DS3.xlsx",The system should be able to run under debug mode.
the system should be built on a common user access and authentication service to ensure singlesign on for the enduser,2,"DS1.xlsx, DS3.xlsx","
            The system should be built on a common User Access and Authentication Service to
                ensure Single-Sign on for the end-user
            "
the system should be designed for access through browserbased systems and must impose minimal requirements on the client device,2,"DS1.xlsx, DS3.xlsx","
                The system should be designed for access through browser-based systems and must
                impose minimal requirements on the client device
            "
the system should be designed in manner that operational data is not lost in case of any failure of equipment or communication network,2,"DS1.xlsx, DS3.xlsx",The system should be designed in manner that operational data is not lost in case of any failure of equipment or communication network.
the system should be designed to have a ntier architecture with the presentation logic separated from the business logic that is again separated from the dataaccess logic,2,"DS1.xlsx, DS3.xlsx",The system should be designed to have a n-tier architecture with the presentation logic separated from the business logic that is again separated from the data-access logic
the system should be designed to have satisfactory performance even in police stations connected on lowbandwidth,2,"DS1.xlsx, DS3.xlsx","
            The system should be designed to have satisfactory performance even in Police Stations
                connected on low-bandwidth
            "
the system should be developed for a centralized deployment and maintenance,2,"DS1.xlsx, DS3.xlsx",The system should be developed for a centralized deployment and maintenance
the system should be developed on open standards,2,"DS1.xlsx, DS3.xlsx","
             The system should be developed on Open Standards
            "
the system should be developed to be deployed in a 3tier datacenter architecture,2,"DS1.xlsx, DS3.xlsx",The system should be developed to be deployed in a 3-tier datacenter architecture
the system should be extensible to provide access to the interfaces through pdas and mobile data terminals,2,"DS1.xlsx, DS3.xlsx","
                The system should be extensible to provide access to the interfaces through PDA’s and
                mobile data terminals
            "
the system should be implemented using service oriented architecture soa and have a modular design,2,"DS1.xlsx, DS3.xlsx","
            The system should be implemented using Service Oriented Architecture (SOA) and have a
                modular design
            "
the system should ensure secure transmission of data over the network and utilize ssl and 2way digital signatures,2,"DS1.xlsx, DS3.xlsx","
            The system should ensure secure transmission of data over the network and utilize SSL and 2-way digital signatures
            "
the system should have capability to support public access to a subset of data and functionality,2,"DS1.xlsx, DS3.xlsx",The system should have capability to support public access to a subset of data and functionality
the system should provide for rolebased control for the functionality within the system,2,"DS1.xlsx, DS3.xlsx","
            The system should provide for role-based control for the functionality within the system
            "
the system should run on multiple browsers,2,"DS1.xlsx, DS3.xlsx",The system should run on multiple browsers
the system should support multilingual interface,2,"DS1.xlsx, DS3.xlsx","
            The system should support multilingual interface
            "
the system should support multitier authentication where required,2,"DS1.xlsx, DS3.xlsx",The system should support multi-tier authentication where required
the system should support secure virtual private network connections,2,"DS1.xlsx, DS3.xlsx","
             The system should support secure virtual private network connections
            "
the system should support selective encryption of the stored data,2,"DS1.xlsx, DS3.xlsx","
            The system should support selective encryption of the stored data
            "
the system should support ssl encrypted connections,2,"DS1.xlsx, DS3.xlsx",The system should support SSL encrypted connections
the system should use https as the communication protocol ie http over an encrypted secure socket layer ssl,2,"DS1.xlsx, DS3.xlsx","
             The system should use HTTPS as the communication protocol, i.e., HTTP over an encrypted secure socket layer (SSL)
            "
the system should work even in an offline mode with the critical functionality,2,"DS1.xlsx, DS3.xlsx","
             The system should work even in an offline mode with the critical functionality
            "
the system user interface must be suitable for users with special needs that is compatible with specialist software that may be used and with appropriate interface guidelines,2,"DS1.xlsx, DS3.xlsx","The System user interface must be suitable for users with special needs; that is, compatible with specialist software that may be used and with appropriate interface guidelines"
the system will do periodic backups through a live internet connection,2,"DS1.xlsx, DS3.xlsx",The system will do periodic backups through a live internet connection.      
the system will employ on demand asynchronous loading for faster execution of pages,2,"DS1.xlsx, DS3.xlsx",The system will employ on demand asynchronous loading for faster execution of pages.  
the target distance shall not be shown on the dmi unless selected by the driver,2,"DS1.xlsx, DS3.xlsx","The target distance shall not be shown on the DMI unless selected by the driver.
"
the target distance to be displayed on the dmi shall be based on the most restrictive braking curve,2,"DS1.xlsx, DS3.xlsx","The target distance to be displayed on the DMI shall be based on the most restrictive braking curve.
"
the tcs data latency shall not be greater than that present in the predator ground control station or outrider ground control station whichever is smaller sss409,2,"DS2.xlsx, DS4.xlsx","The TCS data latency shall not be greater than that present in the Predator ground control station or Outrider ground control station, whichever is smaller. [SSS409]"
the tcs design shall provide protection against injury to tcs operators and maintenance personnel sss357 the system design shall use milstd2036 section 51311 as a guide with regard to personnel hazards and milstd1472d section 513 as a guide for safety from a human engineering viewpoint sss358,2,"DS2.xlsx, DS4.xlsx","The TCS design shall provide protection against injury to TCS operators and maintenance personnel. [SSS357] The system design shall use MIL-STD-2036, Section 5.1.3.11 as a guide, with regard to personnel hazards, and MIL-STD-1472D, Section 5.13, as a guide for safety from a human engineering viewpoint. [SSS358]"
the tcs mission plan shall include all necessary information required to be interoperable with the service specific mission planning systems including the tactical aircraft mission planning system tamps aviation mission planning system amps and air force mission support system afmss sss051,2,DS4.xlsx,"The TCS Mission plan shall include all necessary information required to be interoperable with the service specific mission planning systems including the Tactical Aircraft Mission Planning System (TAMPS), Aviation Mission Planning System (AMPS), and Air Force Mission Support System (AFMSS). [SSS051"
the tcs reliability will be considered in every phase of the design and development process and shall achieve a system reliability mean time between failures mtbf equal to or greater than that which is specified in the predator and outrider ords sss410,2,"DS2.xlsx, DS4.xlsx",The TCS reliability will be considered in every phase of the design and development process and shall achieve a system reliability (Mean Time Between Failures MTBF) equal to or greater than that which is specified in the Predator and Outrider ORDs. [SSS410]
the tcs shall allow an authorized operator to execute a software debug capability and view the resulting debug diagnostic information sss282 as a minimum the tcs will restrict operator access to this capability via password protection sss283,2,"DS2.xlsx, DS4.xlsx","The TCS shall allow an Authorized Operator to execute a software debug capability and view the resulting debug diagnostic information. [SSS282] As a minimum, the TCS will restrict Operator access to this capability via password protection. [SSS283]"
the tcs shall allow the operator to initiate the emergency recovery feature of the av if the av has an emergency recovery feature sss139,2,"DS2.xlsx, DS4.xlsx","The TCS shall allow the operator to initiate the emergency recovery feature of the AV, if the AV has an emergency recovery feature. [SSS139]"
the tcs shall as a minimum have the functionality to provide the following analog data processing capabilities 1 prepare annotated as well as unannotated analog imagery for transmission sss237 2 receive incoming annotated as well as unannotated analog imagery sss238,2,"DS2.xlsx, DS4.xlsx","The TCS shall, as a minimum, have the functionality to provide the following analog data processing capabilities:
1. Prepare annotated as well as un-annotated analog imagery for transmission [SSS237]
2. Receive incoming annotated as well as un-annotated analog imagery [SSS238]
"
the tcs shall as a minimum have the functionality to provide the following control capabilities 1 send and receive analog imagery in rs170a format with as well as without overlay sss226 2 establish and when completed terminate analog communication to c4i systems specified in section 325 sss227 3 establish and when completed terminate analog communication to peripheral devices sss228,2,"DS2.xlsx, DS4.xlsx","The TCS shall, as a minimum, have the functionality to provide the following control capabilities:
1. Send and receive analog imagery in RS-170A format with as well as without overlay. [SSS226]
2. Establish and when completed terminate analog communication to C4I systems specified in Section 3.2.5. [SSS227]
3. Establish and when completed terminate analog communication to peripheral devices. [SSS228
"
the tcs shall as a minimum have the functionality to provide the following control capabilities 1 send and receive tactical communication messages sss222 2 send and receive annotated and unannotated digital imagery sss223 3 establish digital communication and when completed terminate communications to the c4i systems specified in section 325 sss224 4 establish and when completed terminate digital communication to peripheral devices sss225,2,"DS2.xlsx, DS4.xlsx","The TCS shall, as a minimum, have the functionality to provide the following control capabilities: 1. Send and receive tactical communication messages. [SSS222] 2. Send and receive annotated and un-annotated digital imagery. [SSS223] 3. Establish digital communication and when completed terminate communications to the C4I systems specified in Section 3.2.5 [SSS224]. 4. Establish and when completed terminate digital communication to peripheral devices. [SSS225]"
the tcs shall be able to access data storage devices sss339,2,DS4.xlsx,The TCS shall be able to access data storage devices. [SSS339]
the tcs shall be air transportable by helicopter ch47ch53d and c130 driveondriveoff capable sss522,2,"DS2.xlsx, DS4.xlsx",The TCS shall be air transportable by helicopter (CH-47/CH-53D) and C-130 drive-on/drive-off capable. [SSS522]
the tcs shall be capable of operating continuously in functional operation mode for a minimum of 72 hours sss442,2,"DS2.xlsx, DS4.xlsx",The TCS shall be capable of operating continuously in functional Operation Mode for a minimum of 72 hours. [SSS442]
the tcs shall be ground transportable sss521,2,"DS2.xlsx, DS4.xlsx",The TCS shall be ground transportable. [SSS521]
the tcs shall be rail transportable sss524,2,"DS2.xlsx, DS4.xlsx",The TCS shall be rail transportable. [SSS524]
the tcs shall be sea transportable sss523,2,"DS2.xlsx, DS4.xlsx",The TCS shall be sea transportable. [SSS523]
the tcs shall display the current search footprint and the search history of the payload on the map sss157,2,"DS2.xlsx, DS4.xlsx",The TCS shall display the current search footprint and the search history of the payload on the map. [SSS157]
the tcs shall have an interface to an uninterruptible power supply sss344,2,"DS2.xlsx, DS4.xlsx",The TCS shall have an interface to an uninterruptible power supply. [SSS344]
the tcs shall have sufficient throughput to support the processing requirements of the selected data link sss382,2,"DS2.xlsx, DS4.xlsx",The TCS shall have sufficient throughput to support the processing requirements of the selected data link. [SSS382]
the tcs shall have the functionality to allow the operator to generate a uav mission plan sss050,2,DS4.xlsx,The TCS shall have the functionality to allow the operator to generate a UAV mission plan. [SSS050]
the tcs shall have the functionality to determine the location of items of interest within the payload field of view and express these locations in coordinates acceptable for military applications sss207,2,"DS2.xlsx, DS4.xlsx","The TCS shall have the functionality to determine the location of items of interest within the payload field  of view, and express these locations in coordinates acceptable for military applications. [SSS207]"
the tcs shall have the functionality to receive and process uav mission plans from service specific mission planning systems sss053,2,DS4.xlsx,The TCS shall have the functionality to receive and process UAV mission plans from service specific mission planning systems. [SSS053]
the tcs shall have the functionality to transfer digital data as well as digital imagery to and from data storage devices sss340,2,DS4.xlsx,The TCS shall have the functionality to transfer digital data as well as digital imagery to and from data storage devices. [SSS340]
2217 the system shall support multiparty voice communications between up to six different parties m,2,"DS1.xlsx, DS3.xlsx",2.2.17 The system shall support multi-party voice communications between up to six different parties. (M)
the tcs shall provide a raid for storage and retrieval of tcs data if required sss343,2,"DS2.xlsx, DS4.xlsx","The TCS shall provide a RAID for storage and retrieval of TCS data, if required. [SSS343]"
2218 any of the parties involved in a multiparty voice call shall be able to talk simultaneously m,2,"DS1.xlsx, DS3.xlsx",2.2.18 Any of the parties involved in a multi-party voice call shall be able to talk simultaneously. (M)
the tcs shall provide external interfaces to launch and recovery systems sss289,2,DS4.xlsx,The TCS shall provide external interfaces to launch and recovery systems. [SSS289]
the tcs shall provide the capability to display the payload swath for the selected payload for planning purposes sss541,2,"DS2.xlsx, DS4.xlsx",The TCS shall provide the capability to display the payload swath for the selected payload for planning  purposes. [SSS541
the tcs shall provide the functionality to control monitor and display the operation of the air data terminal adt sss132 this control will include control of the adt antenna and of the adt transmitter and receiver,2,"DS2.xlsx, DS4.xlsx","The TCS shall provide the functionality to control, monitor, and display the operation of the Air Data Terminal (ADT). [SSS132] This control will include control of the ADT antenna and of the ADT transmitter and receiver."
the tcs shall provide the functionality to control the adt antenna sss133 this control will including its pointing direction and mode of transmission eg omni and directional,2,"DS2.xlsx, DS4.xlsx",The TCS shall provide the functionality to control the ADT antenna. [SSS133] This control will including its pointing direction and mode of transmission (e.g. omni and directional).
the tcs shall provide the functionality to control the power transmitter signal strength and frequencies used by adt for data link communication sss134,2,"DS2.xlsx, DS4.xlsx","The TCS shall provide the functionality to control the power, transmitter signal strength, and frequencies used by ADT for data link communication. [SSS134]"
222 all voice call services shall be able to operate between any combination of fixed and mobile equipment users m pointtopoint voice calls,2,"DS1.xlsx, DS3.xlsx","
					2.2.2     All voice call services shall be able to operate between any combination of fixed and 
mobile equipment users. (M) 
Point-to-point voice calls   
				"
223 the system shall support pointtopoint voice calls between any two call parties m,2,"DS1.xlsx, DS3.xlsx",2.2.3 The system shall support point-to-point voice calls between any two call parties. (M)
224 such pointtopoint calls shall allow both parties to talk simultaneously m public emergency voice calls,2,"DS1.xlsx, DS3.xlsx","
					2.2.4     Such point-to-point calls shall allow both parties to talk simultaneously. (M) 
Public emergency voice calls   
				"
225 the system shall allow a user to make public emergency pointtopoint voice calls m,2,"DS1.xlsx, DS3.xlsx","
					2.2.5     The system shall allow a user to make public emergency point-to-point voice calls. (M) 
				"
the tcs shall provide the necessary hardware and software functionality to allow the tcs to integrate with atwcs sss305 the interface requirements and specifications will be defined in tcs atwcs idd tcs203,2,"DS2.xlsx, DS4.xlsx","The TCS shall provide the necessary hardware and software functionality to allow the TCS to integrate with ATWCS. [SSS305] The interface requirements and specifications will be defined in TCS ATWCS IDD, TCS203"
the tcs shall provide the necessary hardware and software functionality to allow the tcs to integrate with cars sss297 the interface requirements and specifications will be defined in the tcs to cars idd tcs 217,2,"DS2.xlsx, DS4.xlsx","The TCS shall provide the necessary hardware and software functionality to allow the TCS to integrate with CARS. [SSS297] The interface requirements and specifications will be defined in the TCS to CARS IDD, TCS 217."
unfitted operation shall be possible if ordered by trackside,2,"DS1.xlsx, DS3.xlsx",Unfitted operation shall be possible if ordered by trackside
the tcs shall provide the necessary hardware and software functionality to allow the tcs to integrate with etrac sss309 the interface requirements and specifications will be defined in the tcs etrac idd tcs 218,2,"DS2.xlsx, DS4.xlsx","The TCS shall provide the necessary hardware and software functionality to allow the TCS to integrate with ETRAC. [SSS309] The interface requirements and specifications will be defined in the TCS ETRAC IDD, TCS 218."
yoggie shall coordinate on future enhancement and features with our organization,2,"DS1.xlsx, DS3.xlsx",Yoggie shall coordinate on future enhancement and features with our organization.
the tcs shall provide the necessary hardware and software functionality to allow the tcs to integrate with ias sss303 the interface requirements and specifications will be defined in the tcs to ias idd tcs 206,2,"DS2.xlsx, DS4.xlsx","The TCS shall provide the necessary hardware and software functionality to allow the TCS to integrate with IAS. [SSS303] The interface requirements and specifications will be defined in the TCS to IAS IDD, TCS 206."
227 the system shall support broadcast voice calls m,2,"DS1.xlsx, DS3.xlsx",2.2.7 The system shall support broadcast voice calls. (M)
228 broadcast voice calls provide oneway voice communications from a single user to multiple users in a predefined local area all of whom are members of the same call group i,2,"DS1.xlsx, DS3.xlsx","2.2.8 Broadcast voice calls provide one-way voice communications from a single user to multiple users in a pre-defined local area, all of whom are members of the same call group. (I)"
229 the composition of call groups shall be able to be modified within the network a single user shall be able to be a member of one or more call groups m,2,"DS1.xlsx, DS3.xlsx","					2.2.9     The composition of call groups shall be able to be modified within the network. A single user shall be able to be a member of one or more call groups. (M) 
				"
2310 the priority scheme for calls described in section 102 is also valid for data applications i automatic fax,2,"DS1.xlsx, DS3.xlsx",2.3.10 The priority scheme for calls described in section 10.2 is also valid for data applications. (I) Automatic fax
the tcs shall provide the necessary hardware and software functionality to allow the tcs to integrate with mies sss308 the interface requirements and specifications will be defined in the tcs to mies idd tcs 216,2,"DS2.xlsx, DS4.xlsx","The TCS shall provide the necessary hardware and software functionality to allow the TCS to integrate with MIES. [SSS308] The interface requirements and specifications will be defined in the TCS to MIES IDD, TCS 216."
2311 the network should support fax transmissions between the ground and mobile users o,2,"DS1.xlsx, DS3.xlsx",2.3.11 The network should support fax transmissions between the ground and mobile users. (O)
the tcs shall provide the necessary hardware and software functionality to allow the tcs to integrate with tbmcs sss307 the interface requirements and specifications will be defined in tcs to tbmcs idd tcs 221,2,"DS2.xlsx, DS4.xlsx","The TCS shall provide the necessary hardware and software functionality to allow the TCS to integrate with TBMCS. [SSS307] The interface requirements and specifications will be defined in TCS to TBMCS IDD, TCS 221."
the tcs shall provide the necessary hardware and software functionality to allow the tcs to integrate with teg sss311 the interface requirements and specifications will be defined in tcs to teg idd tcs 207,2,"DS2.xlsx, DS4.xlsx","The TCS shall provide the necessary hardware and software functionality to allow the TCS to integrate with TEG. [SSS311] The interface requirements and specifications will be defined in TCS to TEG IDD, TCS 207."
the tcs shall provide the necessary hardware and software functionality to allow the tcs to integrate with tes sss302 the interface requirements and specifications will be defined in the tcs to tes idd tcs 236,2,"DS2.xlsx, DS4.xlsx","The TCS shall provide the necessary hardware and software functionality to allow the TCS to integrate with TES. [SSS302] The interface requirements and specifications will be defined in the TCS to TES IDD, TCS 236."
the tcs shall provide the necessary hardware and software functionality to allow the tcs to integrate with trojan spirit ii sss306 the interface requirements and specifications will be defined in the tcs to trojan spirit ii idd tcs 213,2,"DS2.xlsx, DS4.xlsx","The TCS shall provide the necessary hardware and software functionality to allow the TCS to integrate with Trojan Spirit II. [SSS306] The interface requirements and specifications will be defined in the TCS to TROJAN SPIRIT II IDD, TCS 213."
the tcs will have the capability to manage all operational c4i interfaces across all 5 levels of interaction,2,"DS2.xlsx, DS4.xlsx",The TCS will have the capability to manage all operational C4I interfaces across all 5 levels of interaction.
the tcs will have the functionality necessary to manage all aspects of payload product handling to include receiving processing displaying and performing limited exploitation the payload product includes the payload sensor output and the appropriate av and payload telemetry data,2,"DS2.xlsx, DS4.xlsx","The TCS will have the functionality necessary to manage all aspects of payload product handling to include receiving, processing, displaying, and performing limited exploitation. The payload product includes the payload sensor output and the appropriate AV and payload telemetry data."
the tcs will have the functionality to process received c4i messages and to prepare c4i messages for transmission processing will include formatting storing routing and display,2,"DS2.xlsx, DS4.xlsx","The TCS will have the functionality to process received C4I messages and to prepare C4I messages for transmission. Processing will include formatting, storing, routing, and display.

"
the tcs will provide the hardware and software necessary to allow the operator to conduct the following major functions 1 mission planning 2 mission control and monitoring 3 payload product management,2,DS4.xlsx,"The TCS will provide the hardware and software necessary to allow the operator to conduct the following major functions 1) mission planning, 2) mission control and monitoring, 3) payload product management,"
the tcs will provide the necessary hardware and software functionality to allow the tcs to integrate with service mission planners the service mission planners will consist of amps afmss and tamps,2,"DS2.xlsx, DS4.xlsx","The TCS will provide the necessary hardware and software functionality to allow the TCS to integrate with Service Mission Planners. The Service Mission Planners will consist of AMPS, AFMSS, and TAMPS."
the test shall require no action on the part of the driver,2,"DS1.xlsx, DS3.xlsx","The test shall require no action on the part of the driver.
"
the trackside shall be able to send information for the calculation of speed profiles,2,"DS1.xlsx, DS3.xlsx",The trackside shall be able to send information for the calculation of speed profiles.
the train location calculation shall take into account error of odometry,2,"DS1.xlsx, DS3.xlsx","The train location calculation shall take into account error of odometry.
"
the train running number shall consist of a maximum of 8 numeric digits,2,"DS1.xlsx, DS3.xlsx","The train running number shall consist of a maximum of 8 numeric digits.
"
the train shall as a minimum be supervised to a ceiling speed the supervised speed shall not be shown on the dmi unless selected by the driver,2,"DS1.xlsx, DS3.xlsx","The train shall, as a minimum, be supervised to a ceiling speed; the supervised speed shall not be shown on the DMI unless selected by the driver."
the train shall be able to automatically pass from one rbc area to another without driver intervention,2,"DS1.xlsx, DS3.xlsx",The train shall be able to automatically pass from one RBC area to another without driver intervention.
the train shall be capable of receiving any tracktotrain information intended and relevant for this train including movement authority,2,"DS1.xlsx, DS3.xlsx",The train shall be capable of receiving any track-to-train information intended and relevant for this train including movement authority.
the train shall be supervised according to train speed data available,2,"DS1.xlsx, DS3.xlsx","The train shall be supervised according to train speed data available.
"
the train shall have the capability of being supervised to a ceiling speed,2,"DS1.xlsx, DS3.xlsx","The train shall have the capability of being supervised to a ceiling speed.
"
the train shall leave partial supervision when the trainborne equipment is not operative any longer when shunting is selected or when full supervision is available,2,"DS1.xlsx, DS3.xlsx","The train shall leave Partial Supervision when the trainborne equipment is not operative any longer, when Shunting is selected or when Full Supervision is available.
"
the train speed shall be at or below a speed specified by a national value,2,"DS1.xlsx, DS3.xlsx","The train speed shall be at or below a speed specified by a national value.
"
the train trip function,2,DS1.xlsx,The train trip function 
the trainborne equipment shall apply the emergency brake after a distance defined by a national value is travelled by the train,2,"DS1.xlsx, DS3.xlsx","The trainborne equipment shall apply the emergency brake after a distance, defined by a national value, is travelled by the train."
the trainborne equipment shall remain in full supervision until the trainborne equipment is not active any longer when shunting is selected or when partial supervision information is received,2,"DS1.xlsx, DS3.xlsx","The trainborne equipment shall remain in Full Supervision until the trainborne equipment is not active any longer, when Shunting is selected or when Partial Supervision information is received.
"
the user interfaces of the system should comply with standard iso 9241,2,"DS1.xlsx, DS3.xlsx","
            The user interfaces of the system should comply with Standard ISO 9241.
           "
the user interfaces of the system should follow the guidelines specified under wwwusabilitygov,2,"DS1.xlsx, DS3.xlsx","
           The user interfaces of the system should follow the guidelines specified under www.usability.gov
           "
the user interfaces should be designed to make them userintuitive,2,"DS1.xlsx, DS3.xlsx","
            The user interfaces should be designed to make them user-intuitive.
           "
there are existing policies for longterm peering arrangement,2,"DS1.xlsx, DS3.xlsx",There are existing policies for long-term peering arrangement.
there is an established norm that any resource failure will be reported,2,"DS1.xlsx, DS3.xlsx",There is an established norm that any resource failure will be reported
there is procedure to perform shortterm negotiation,2,"DS1.xlsx, DS3.xlsx",There is procedure to perform short-term negotiation.
there shall be no modes of operation in the shutdown state sss048,2,DS4.xlsx,There shall be no modes of operation in the shutdown state. [SSS048]
this ceiling speed shall not be shown continually on the dmi but may be shown momentarily when selected by the driver,2,"DS1.xlsx, DS3.xlsx","This ceiling speed shall not be shown continually on the DMI but may be shown momentarily when selected by the driver.
"
this section describes the handling of high priority voice calls for railway operational emergencies and does not cover public emergency calls ie handling of 112 calls i,2,"DS1.xlsx, DS2.xlsx","This section describes the handling of high priority voice calls for railway operational 
emergencies and does not cover public emergency calls (ie handling of 112 calls). (I)			"
2312 where fax functionality is provided it shall be possible to interrupt the fax to make or receive a high priority voice or data call m train control applications,2,"DS1.xlsx, DS3.xlsx","2.3.12 Where fax functionality is provided, it shall be possible to interrupt the fax to make or receive a high priority voice or data call. (M) Train control applications"
this static train speed profile shall also respect maximum line speed and track speed and special speed levels for special classes of trains,2,"DS1.xlsx, DS3.xlsx",This static train speed profile shall also respect maximum line speed and track speed and special speed levels for special classes of trains.
to prevent unauthorised use of the function permission shall be obtained from the rbc if the train is operating under the control of the rbc,2,"DS1.xlsx, DS3.xlsx","To prevent unauthorised use of the function permission shall be obtained from the RBC if the train is operating under the control of the RBC.
"
to protect a traction unit from roll away and unwanted reverse movements the trainborne equipment shall monitor the direction of movement in relation to the permitted direction,2,"DS1.xlsx, DS3.xlsx",To protect a traction unit from roll away and unwanted reverse movements the trainborne equipment shall monitor the direction of movement in relation to the permitted direction.
together with the movement authority the on board shall be able to receive one or more timeouts for certain sections of the movement authority and shorten the movement authority accordingly when a time out expires,2,"DS1.xlsx, DS3.xlsx","Together with the movement authority, the on board shall be able to receive one or more time-out(s) for certain sections of the movement authority, and shorten the movement authority accordingly when a time out expires.
"
track to train transmission shall provide the capability to send different speed profiles for specific train categories,2,"DS1.xlsx, DS3.xlsx",Track to train transmission shall provide the capability to send different speed profiles for specific train categories.
train data may be entered automatically from a railway management system or from train memory,2,"DS1.xlsx, DS3.xlsx","Train data may be entered automatically from a railway management system or from train memory.
"
train data shall be entered before the onboard etcs equipment allows train movement,2,"DS1.xlsx, DS3.xlsx","Train data shall be entered before the on-board ETCS equipment allows train movement.
"
trains equipped for ertmsetcs application level 3 shall be able to run on lines equipped with ertmsetcs application level 3 2 1 and 0 trains equipped for ertmsetcs application level 2 shall be able to run on lines equipped with ertmsetcs application level 2 1 and 0 and trains equipped for ertmsetcs application level 1 shall be able to run on lines equipped with ertmsetcs application level 1 and 0,2,"DS1.xlsx, DS3.xlsx","Trains equipped for ERTMS/ETCS application level 3 shall be able to run on lines equipped with ERTMS/ETCS application level 3, 2, 1 and 0, trains equipped for ERTMS/ETCS application level 2 shall be able to run on lines equipped with ERTMS/ETCS application level 2, 1 and 0 and trains equipped for ERTMS/ETCS application level 1 shall be able to run on lines equipped with ERTMS/ETCS application level 1 and 0."
transfer to shunting on drivers selection shall only be possible when stationary,2,"DS1.xlsx, DS3.xlsx",Transfer to Shunting on driver's selection shall only be possible when stationary.
transferring to full supervision shall occur automatically when a movement authority and all other necessary information is received through tracktotrain transmission,2,"DS1.xlsx, DS3.xlsx","Transferring to Full Supervision shall occur automatically when a movement authority and all other necessary information is received through track-to-train transmission.
"
transitions which occur while the train is stationary shall be initiated automatically or manually as appropriate,2,"DS1.xlsx, DS3.xlsx","Transitions which occur while the train is stationary, shall be initiated automatically or manually as appropriate.
"
238 the network shall support data rates of at least 24 kbits m,2,"DS1.xlsx, DS3.xlsx","
					2.3.8     The network shall support data rates of at least 2.4 kbit/s. (M) 
				"
unfitted operation shall be possible if selected by the driver at start up,2,"DS1.xlsx, DS3.xlsx",Unfitted operation shall be possible if selected by the driver at start up
unplanned downtime for the system must not exceed xx hoursminutes per rolling three month period,2,"DS1.xlsx, DS3.xlsx",Unplanned downtime for the System must not exceed <xx hours/minutes> per <rolling three month period>.
upon the selection of a shutdown command the tcs shall enter the shutdown state which will cause the tcs to be placed in a condition where power can be removed without impacting operations as well as causing damage to the system and from which restart of the system can be accomplished normally sss043,2,DS4.xlsx,"Upon the selection of a shutdown command the TCS shall enter the Shutdown State, which will cause the TCS to be placed in a condition where power can be removed without impacting operations as well as causing damage to the system, and from which restart of the system can be accomplished normally. [SSS043]"
upon the usb being plugged in the system shall be able to be deployed and operational in less than 1 minute,2,"DS1.xlsx, DS3.xlsx", Upon the USB being plugged in the system shall be able to be deployed and operational in less than 1 minute.
usb interface and divers are provided by yoggie corporation,2,"DS1.xlsx, DS3.xlsx",USB interface and divers are provided by Yoggie Corporation.
use of white space white space on a page ie space filled only with the background color should be used in such a way that it does not impair the visual skimming of the page while white space is an important means of visually organizing the different content elements on a page if the distance between the blocks of information displayed becomes too large rapid skimming of the page can be impeded,2,"DS1.xlsx, DS3.xlsx","
           Use of “white space”: “White space” on a page i.e. space filled only with the background color should be used in such a way that it does not impair the visual skimming of the page. While white space is an important means of visually organizing the different content elements on a page, if the distance between the blocks of information displayed becomes too large, rapid skimming of the page can be impeded.
           "
using appropriate formats units of measurement or currency when designing user interfaces for use by diverse groups input and output of information elements such as currency units of measurement temperatures date and time phone numbers address or postal codes should be designed so that they are usable,2,"DS1.xlsx, DS3.xlsx","Using appropriate formats, units of measurement or currency: When designing user interfaces for use by diverse groups, input and output of information elements such as currency, units of measurement, temperatures, date and time, phone numbers, address or postal codes should be designed so that they are usable."
using colour colour should be used with care taking into account human capabilities and restrictions in perceiving colour and not as the only means of conveying information color should never be the only means of coding some users may have difficulties in perceiving certain colors or color combinations colorblindness,2,"DS1.xlsx, DS3.xlsx","
           Using colour: Colour should be used with care, taking into account human capabilities and restrictions in perceiving colour, and not as the only means of conveying information. Color should never be the only means of coding. Some users may have difficulties in perceiving certain colors or color combinations (color-blindness).
           "
using descriptive link labels the target or purpose of a link should be directly indicated by its label avoiding generic labels such as go or click here except where the purpose of the link is clear from its context on the page or the labels have commonly understood semantics in the particular application domain using appropriate terminology specific to the users tasks and information needs is important for making the content easy to understand,2,"DS1.xlsx, DS3.xlsx","
           Using descriptive link labels: The target or purpose of a link should be directly indicated by its label, avoiding generic labels such as “go” or “click here” except where the purpose of the link is clear from its context on the page or the labels have commonly understood semantics in the particular application domain. Using appropriate terminology specific to the user’s tasks and information needs is important for making the content easy to understand.
           "
using frames with care if frames are used care should be taken to avoid possible problems for example those involving the use of the back button bookmarking of pages or scrolling of information when frames are used it is important to title each frame and to describe its purpose and how frames relate to one another other,2,"DS1.xlsx, DS3.xlsx","
           Using frames with care: If frames are used, care should be taken to avoid possible problems, for example, those involving the use of the back button, bookmarking of pages, or scrolling of information. When frames are used, it is important to title each frame, and to describe its purpose and how frames relate to one another other.
           "
using train data and infrastructure data braking curves shall be calculated taking into account the target information but not the location of vehicles occupying the track,2,"DS1.xlsx, DS3.xlsx","Using train data and infrastructure data, braking curves shall be calculated taking into account the target information but not the location of vehicles occupying the track.
"
vertical scrolling should be minimized this may be done by placing important information at the top and providing links to information that is further down the page horizontal scrolling should be avoided wherever possible,2,"DS1.xlsx, DS3.xlsx","
            Vertical scrolling should be minimized. This may be done by placing important information at the top and providing links to information that is further down the page. Horizontal scrolling should be avoided wherever possible.
           "
visual and acoustic warnings to the driver about possible intervention from etcs shall be given to enable the driver to react and avoid intervention,2,"DS1.xlsx, DS3.xlsx",Visual and acoustic warnings to the driver about possible intervention from ETCS shall be given to enable the driver to react and avoid intervention.
web servers have already replicated necessary content,2,"DS1.xlsx, DS3.xlsx",Web servers have already replicated necessary content.
226 such emergency calls include 112 calls and may not be used for railway emergencies i broadcast voice calls,2,"DS1.xlsx, DS3.xlsx","
					2.2.6     Such emergency calls include 112 calls and may not be used for railway emergencies. 
(I) 
Broadcast voice calls   
				"
web store shall operate on an intel based system with slackware linux 26 and apache web server the operating system is designed by the yoggie corporation although maintenance documentation will be supplied and the operating system will be tested the developers of this web store are not responsible for the functionality of the operating system,2,"DS1.xlsx, DS3.xlsx","Web Store shall operate on an Intel based system with Slackware Linux 2.6 and Apache Web Server. The operating system is designed by the Yoggie Corporation. Although maintenance documentation will be supplied and the operating system will be tested, the developers of this Web Store are not responsible for the functionality of the operating system."
when a traction unit passes a stopsignal the emergency brake shall be triggered,2,"DS1.xlsx, DS3.xlsx","When a traction unit passes a stop-signal the emergency brake shall be triggered.
"
when a train has received an emergency stop etcs shall command the emergency brake,2,"DS1.xlsx, DS3.xlsx",When a train has received an emergency stop ETCS shall command the emergency brake.
when changing to a higher speed level the rear end of the train shall respect the static train speed profile,2,"DS1.xlsx, DS3.xlsx",When changing to a higher speed level the rear end of the train shall respect the static train speed profile.
when changing to a lower speed level the front end of the train shall respect the dynamic train speed profile,2,"DS1.xlsx, DS3.xlsx","When changing to a lower speed level, the front end of the train shall respect the dynamic train speed profile.
"
when the etcs trainborne equipment is isolated the system shall not show any etcs information other than the fact that the system is isolated,2,"DS1.xlsx, DS3.xlsx","When the ETCS trainborne equipment is isolated, the system shall not show any ETCS information other than the fact that the system is isolated."
when the plain text message appears on the dmi the driver shall be alerted,2,"DS1.xlsx, DS3.xlsx","When the plain text message appears on the DMI, the driver shall be alerted."
when the traction unit has come to a standstill the driver shall be able to release the emergency brake,2,"DS1.xlsx, DS3.xlsx","When the traction unit has come to a standstill, the driver shall be able to release the emergency brake."
when the traction unit is stationary the driver shall be required to acknowledge the train trip condition this acknowledgement will release the emergency brake,2,"DS1.xlsx, DS3.xlsx","When the traction unit is stationary the driver shall be required to acknowledge the train trip condition. This acknowledgement will release the emergency brake.
"
when the train is stationary or after a certain time eg the time for route releasing of the overlap the release speed calculation shall be based on the distance to the danger point if calculated onboard the condition for this change shall be defined for each target as infrastructure data,2,"DS1.xlsx, DS3.xlsx","When the train is stationary or after a certain time (e.g. the time for ""route releasing"" of the overlap, the release speed calculation shall be based on the distance to the danger point (if calculated on-board). The condition for this change shall be defined for each target as infrastructure data."
when the train passes the stop signal the train trip function shall be suppressed,2,"DS1.xlsx, DS3.xlsx","When the train passes the stop signal, the train trip function shall be suppressed.
"
when using more than one traction unit this function shall be disabled in all but the leading traction unit,2,"DS1.xlsx, DS3.xlsx","When using more than one traction unit this function shall be disabled in all but the leading traction unit.
"
where failure to apply the full service brake is detected the emergency brake shall stop the train in rear of the danger point,2,"DS1.xlsx, DS3.xlsx",Where failure to apply the full service brake is detected the emergency brake shall stop the train in rear of the danger point.
within the braking curve area a warning shall be given to the driver to enable him to react and avoid intervention from etcs equipment at least 5 sec before the intervention,2,"DS1.xlsx, DS3.xlsx","Within the braking curve area, a warning shall be given to the driver to enable him to react and avoid intervention from ETCS equipment at least 5 sec. before the intervention."
writing style the reading and understanding of the textual content on the screen should be supported by suitable means including the use of short sentences the division of the text into shorter chunks or the presentation of content items in the form of bullet points,2,"DS1.xlsx, DS3.xlsx","
           Writing style: The reading and understanding of the textual content on the screen should be supported by suitable means, including the use of short sentences, the division of the text into shorter chunks or the presentation of content items in the form of bullet points.
           "
211 the network services necessary to meet the range of uic requirements are detailed below these services are to be considered as a minimum set for implementation within each uic standard network railways may implement additional network services as desired i,2,"DS1.xlsx, DS3.xlsx","
					2.1.1     The network services necessary to meet the range of UIC requirements are detailed 
below.  These  services  are  to  be  considered  as  a  minimum  set  for  implementation 
within  each  UIC  standard  network.  Railways  may  implement  additional  network 
services as desired. (I) 
				"
