normalized_story,records,conflicting_labels,story_ids,company_ids,project_ids
"as a account holder, i need to handle finances so that i can comply with regulations",2,"{'ScopeAmbiguity': [False, True]}","['US-C5-10058', 'US-C5-10281']","['C5', 'C5']","['P5', 'P6']"
"as a account holder, i want to apply for loan so that i can track spending",7,"{'HasAmbiguity': [False, True], 'DependencyAmbiguity': [False, True]}","['US-C1-101', 'US-C1-126', 'US-C1-402', 'US-C1-551', 'US-C1-1760', 'US-C1-1949', 'US-C5-10511']","['C1', 'C1', 'C1', 'C1', 'C1', 'C1', 'C5']","['P1', 'P1', 'P2', 'P2', 'P7', 'P7', 'P6']"
"as a account holder, i want to download statements in order to save time",4,"{'HasAmbiguity': [False, True], 'AcceptanceAmbiguity': [False, True]}","['US-C1-781', 'US-C1-1741', 'US-C1-2063', 'US-C5-9870']","['C1', 'C1', 'C1', 'C5']","['P3', 'P6', 'P8', 'P4']"
"as a account holder, i want to handle finances in order to comply with regulations",2,"{'ScopeAmbiguity': [True, False], 'AcceptanceAmbiguity': [False, True]}","['US-C1-011', 'US-C1-2070']","['C1', 'C1']","['P1', 'P8']"
"as a account holder, i want to handle finances so that i can save time",2,"{'SemanticAmbiguity': [True, False], 'ScopeAmbiguity': [False, True]}","['US-C1-1207', 'US-C5-10295']","['C1', 'C5']","['P5', 'P6']"
"as a account holder, i want to process application in order to improve security",2,"{'SemanticAmbiguity': [False, True], 'ScopeAmbiguity': [True, False]}","['US-C1-1215', 'US-C1-1787']","['C1', 'C1']","['P5', 'P7']"
"as a account holder, i want to process application so that i can comply with regulations",4,"{'SemanticAmbiguity': [True, False], 'ScopeAmbiguity': [False, True]}","['US-C1-010', 'US-C1-048', 'US-C1-335', 'US-C5-9821']","['C1', 'C1', 'C1', 'C5']","['P1', 'P1', 'P2', 'P4']"
"as a account holder, i want to view account balance in order to improve security",5,"{'HasAmbiguity': [False, True], 'AcceptanceAmbiguity': [False, True]}","['US-C1-1039', 'US-C1-2140', 'US-C5-9160', 'US-C5-9580', 'US-C5-10325']","['C1', 'C1', 'C5', 'C5', 'C5']","['P4', 'P8', 'P1', 'P3', 'P6']"
"as a account holder, i want to view account balance in order to save time",4,"{'HasAmbiguity': [False, True], 'DependencyAmbiguity': [False, True]}","['US-C1-641', 'US-C1-1492', 'US-C1-1920', 'US-C5-10527']","['C1', 'C1', 'C1', 'C5']","['P3', 'P6', 'P7', 'P6']"
"as a account holder, i would like to access system to meet financial goals",4,"{'SemanticAmbiguity': [True, False], 'ScopeAmbiguity': [False, True]}","['US-C1-038', 'US-C1-638', 'US-C1-1170', 'US-C1-1192']","['C1', 'C1', 'C1', 'C1']","['P1', 'P3', 'P5', 'P5']"
"as a account holder, i would like to apply for loan to meet financial goals",4,"{'HasAmbiguity': [False, True], 'AcceptanceAmbiguity': [False, True]}","['US-C1-1087', 'US-C1-1433', 'US-C5-9069', 'US-C5-9501']","['C1', 'C1', 'C5', 'C5']","['P4', 'P5', 'P1', 'P3']"
"as a account holder, i would like to update information to meet financial goals",2,"{'SemanticAmbiguity': [True, False], 'ScopeAmbiguity': [False, True]}","['US-C5-9525', 'US-C5-9811']","['C5', 'C5']","['P3', 'P4']"
"as a bank customer, i need to access system so i can meet financial goals",2,"{'SemanticAmbiguity': [False, True], 'ScopeAmbiguity': [True, False]}","['US-C5-10279', 'US-C5-10346']","['C5', 'C5']","['P6', 'P6']"
"as a bank customer, i need to access system so that i can comply with regulations",2,"{'SemanticAmbiguity': [False, True], 'ScopeAmbiguity': [True, False]}","['US-C1-1465', 'US-C1-1802']","['C1', 'C1']","['P6', 'P7']"
"as a bank customer, i need to download statements so that i can track spending",4,"{'HasAmbiguity': [False, True], 'DependencyAmbiguity': [False, True]}","['US-C1-199', 'US-C1-1806', 'US-C5-9831', 'US-C5-10215']","['C1', 'C1', 'C5', 'C5']","['P1', 'P7', 'P4', 'P5']"
"as a bank customer, i need to schedule appointment so that i can comply with regulations",6,"{'HasAmbiguity': [True, False], 'DependencyAmbiguity': [True, False]}","['US-C1-1484', 'US-C1-1689', 'US-C5-9489', 'US-C5-10016', 'US-C5-10357', 'US-C5-10468']","['C1', 'C1', 'C5', 'C5', 'C5', 'C5']","['P6', 'P6', 'P2', 'P4', 'P6', 'P6']"
"as a bank customer, i need to update information so that i can track spending",2,"{'ScopeAmbiguity': [False, True]}","['US-C1-049', 'US-C1-2075']","['C1', 'C1']","['P1', 'P8']"
"as a bank customer, i want to apply for loan in order to meet financial goals",6,"{'HasAmbiguity': [False, True], 'AcceptanceAmbiguity': [False, True]}","['US-C1-945', 'US-C1-976', 'US-C1-1954', 'US-C5-9248', 'US-C5-9709', 'US-C5-10425']","['C1', 'C1', 'C1', 'C5', 'C5', 'C5']","['P4', 'P4', 'P7', 'P2', 'P3', 'P6']"
"as a bank customer, i want to download statements so that i can track spending",11,"{'HasAmbiguity': [True, False], 'DependencyAmbiguity': [True, False]}","['US-C1-027', 'US-C1-480', 'US-C1-694', 'US-C1-862', 'US-C1-1071', 'US-C1-1361', 'US-C1-1866', 'US-C1-2030', 'US-C5-9106', 'US-C5-9322', 'US-C5-9988']","['C1', 'C1', 'C1', 'C1', 'C1', 'C1', 'C1', 'C1', 'C5', 'C5', 'C5']","['P1', 'P2', 'P3', 'P3', 'P4', 'P5', 'P7', 'P7', 'P1', 'P2', 'P4']"
"as a bank customer, i want to handle finances in order to save time",2,"{'SemanticAmbiguity': [False, True], 'ScopeAmbiguity': [True, False]}","['US-C1-2086', 'US-C5-9277']","['C1', 'C5']","['P8', 'P2']"
"as a bank customer, i want to manage account in order to save time with detailed specifications and comprehensive requirements",2,"{'SemanticAmbiguity': [True, False], 'ScopeAmbiguity': [False, True]}","['US-C5-9300', 'US-C5-9558']","['C5', 'C5']","['P2', 'P3']"
"as a bank customer, i want to process application so that i can improve security",2,"{'DependencyAmbiguity': [True, False]}","['US-C1-616', 'US-C5-9773']","['C1', 'C5']","['P3', 'P4']"
"as a bank customer, i want to schedule appointment in order to improve security",3,"{'HasAmbiguity': [False, True], 'AcceptanceAmbiguity': [False, True]}","['US-C1-445', 'US-C1-2310', 'US-C5-10323']","['C1', 'C1', 'C5']","['P2', 'P8', 'P6']"
"as a bank customer, i want to schedule appointment in order to meet financial goals",4,"{'HasAmbiguity': [False, True], 'AcceptanceAmbiguity': [False, True]}","['US-C1-2294', 'US-C5-9397', 'US-C5-9813', 'US-C5-9887']","['C1', 'C5', 'C5', 'C5']","['P8', 'P2', 'P4', 'P4']"
"as a bank customer, i would like to access system to meet financial goals",2,"{'AcceptanceAmbiguity': [True, False]}","['US-C1-901', 'US-C5-9016']","['C1', 'C5']","['P4', 'P1']"
"as a bank customer, i would like to handle finances to meet financial goals",4,"{'SemanticAmbiguity': [True, False], 'ScopeAmbiguity': [False, True]}","['US-C1-628', 'US-C1-1480', 'US-C1-1785', 'US-C5-9553']","['C1', 'C1', 'C1', 'C5']","['P3', 'P6', 'P7', 'P3']"
"as a bank customer, i would like to schedule appointment to meet financial goals",3,"{'HasAmbiguity': [False, True], 'DependencyAmbiguity': [False, True]}","['US-C1-1524', 'US-C5-9991', 'US-C5-10035']","['C1', 'C5', 'C5']","['P6', 'P4', 'P5']"
"as a bank customer, i would like to schedule appointment to track spending",4,"{'HasAmbiguity': [True, False], 'DependencyAmbiguity': [True, False]}","['US-C5-9021', 'US-C5-9700', 'US-C5-10093', 'US-C5-10362']","['C5', 'C5', 'C5', 'C5']","['P1', 'P3', 'P5', 'P6']"
"as a bank customer, i would like to update information to save time",3,"{'AcceptanceAmbiguity': [True, False]}","['US-C1-630', 'US-C5-9789', 'US-C5-10335']","['C1', 'C5', 'C5']","['P3', 'P4', 'P6']"
"as a buyer, i need to add to cart so i can find desired items",4,"{'HasAmbiguity': [False, True], 'DependencyAmbiguity': [False, True]}","['US-C3-4922', 'US-C3-5480', 'US-C7-11541', 'US-C7-12035']","['C3', 'C3', 'C7', 'C7']","['P3', 'P5', 'P1', 'P3']"
"as a buyer, i want to access dashboard so that i can save money",3,"{'SemanticAmbiguity': [True, False], 'ScopeAmbiguity': [True, False], 'DependencyAmbiguity': [False, True]}","['US-C3-4240', 'US-C3-5477', 'US-C3-5494']","['C3', 'C3', 'C3']","['P1', 'P5', 'P5']"
"as a buyer, i want to manage products in order to complete purchase",2,"{'ScopeAmbiguity': [True, False]}","['US-C3-4243', 'US-C3-5155']","['C3', 'C3']","['P1', 'P4']"
"as a buyer, i want to manage products in order to save money",2,"{'DependencyAmbiguity': [False, True]}","['US-C3-4883', 'US-C3-5781']","['C3', 'C3']","['P3', 'P6']"
"as a buyer, i want to manage products so that i can track delivery",2,"{'SemanticAmbiguity': [False, True]}","['US-C3-4551', 'US-C3-5464']","['C3', 'C3']","['P2', 'P5']"
"as a buyer, i want to search products in order to track delivery",9,"{'HasAmbiguity': [False, True], 'DependencyAmbiguity': [False, True]}","['US-C3-4984', 'US-C3-5275', 'US-C3-5443', 'US-C3-6034', 'US-C3-6234', 'US-C3-6615', 'US-C3-6697', 'US-C7-11451', 'US-C7-11785']","['C3', 'C3', 'C3', 'C3', 'C3', 'C3', 'C3', 'C7', 'C7']","['P3', 'P4', 'P4', 'P6', 'P7', 'P8', 'P9', 'P1', 'P2']"
"as a buyer, i want to track order in order to save money",6,"{'HasAmbiguity': [True, False], 'AcceptanceAmbiguity': [True, False]}","['US-C3-4272', 'US-C3-6743', 'US-C7-11597', 'US-C7-11677', 'US-C7-12126', 'US-C7-12331']","['C3', 'C3', 'C7', 'C7', 'C7', 'C7']","['P1', 'P9', 'P1', 'P2', 'P4', 'P5']"
"as a buyer, i want to update inventory in order to find desired items",2,"{'SemanticAmbiguity': [True, False], 'ScopeAmbiguity': [False, True]}","['US-C3-5803', 'US-C3-6419']","['C3', 'C3']","['P6', 'P8']"
"as a buyer, i want to update inventory so that i can find desired items",2,"{'ScopeAmbiguity': [True, False]}","['US-C3-5490', 'US-C7-11378']","['C3', 'C7']","['P5', 'P1']"
"as a buyer, i want to update inventory so that i can make informed decisions with detailed specifications and comprehensive requirements",2,"{'SemanticAmbiguity': [True, False]}","['US-C3-6380', 'US-C3-6384']","['C3', 'C3']","['P8', 'P8']"
"as a buyer, i would like to checkout to complete purchase",3,"{'HasAmbiguity': [False, True], 'AcceptanceAmbiguity': [False, True]}","['US-C3-6045', 'US-C3-6577', 'US-C7-11620']","['C3', 'C3', 'C7']","['P6', 'P8', 'P2']"
"as a buyer, i would like to manage products to track delivery",2,"{'SemanticAmbiguity': [False, True], 'ScopeAmbiguity': [True, False]}","['US-C3-4568', 'US-C7-12074']","['C3', 'C7']","['P2', 'P4']"
"as a buyer, i would like to process payments to complete purchase",2,"{'ScopeAmbiguity': [True, False]}","['US-C3-4276', 'US-C3-6713']","['C3', 'C3']","['P1', 'P9']"
"as a buyer, i would like to update inventory to track delivery",2,"{'SemanticAmbiguity': [False, True], 'ScopeAmbiguity': [True, False]}","['US-C3-4247', 'US-C7-11852']","['C3', 'C7']","['P1', 'P3']"
"as a caregiver, i need to handle patient care so i can enhance safety",2,"{'SemanticAmbiguity': [False, True]}","['US-C2-3532', 'US-C2-3875']","['C2', 'C2']","['P4', 'P5']"
"as a caregiver, i need to handle patient care so that i can enhance safety",3,"{'ScopeAmbiguity': [False, True]}","['US-C2-2427', 'US-C2-3122', 'US-C6-11190']","['C2', 'C2', 'C6']","['P1', 'P3', 'P4']"
"as a caregiver, i need to handle patient care so that i can reduce errors",5,"{'SemanticAmbiguity': [True, False], 'ScopeAmbiguity': [True, False]}","['US-C2-3511', 'US-C2-3582', 'US-C2-4071', 'US-C2-4074', 'US-C6-10661']","['C2', 'C2', 'C2', 'C2', 'C6']","['P4', 'P4', 'P5', 'P5', 'P1']"
"as a caregiver, i need to manage health data so that i can reduce errors",2,"{'DependencyAmbiguity': [True, False]}","['US-C2-2567', 'US-C2-3199']","['C2', 'C2']","['P1', 'P3']"
"as a caregiver, i need to manage health data so that i can reduce errors with detailed specifications and comprehensive requirements",2,"{'SemanticAmbiguity': [False, True], 'ScopeAmbiguity': [True, False]}","['US-C6-10609', 'US-C6-11263']","['C6', 'C6']","['P1', 'P4']"
"as a caregiver, i need to process medical information so i can reduce errors",2,"{'SemanticAmbiguity': [False, True]}","['US-C2-2547', 'US-C2-3700']","['C2', 'C2']","['P1', 'P4']"
"as a caregiver, i need to process medical information so that i can reduce errors",2,"{'SemanticAmbiguity': [False, True]}","['US-C2-3142', 'US-C2-4009']","['C2', 'C2']","['P3', 'P5']"
"as a caregiver, i need to process medical information so that i can reduce errors with detailed specifications and comprehensive requirements",2,"{'DependencyAmbiguity': [True, False]}","['US-C2-3930', 'US-C6-11204']","['C2', 'C6']","['P5', 'P4']"
"as a caregiver, i need to update system so that i can ensure compliance with detailed specifications and comprehensive requirements",2,"{'SemanticAmbiguity': [False, True], 'ScopeAmbiguity': [True, False]}","['US-C2-2911', 'US-C2-3550']","['C2', 'C2']","['P2', 'P4']"
"as a caregiver, i need to update system so that i can improve patient care with detailed specifications and comprehensive requirements",2,"{'ScopeAmbiguity': [True, False]}","['US-C2-3269', 'US-C2-3987']","['C2', 'C2']","['P3', 'P5']"
"as a caregiver, i want to access records so that i can enhance safety",2,"{'ScopeAmbiguity': [True, False]}","['US-C2-2776', 'US-C6-10856']","['C2', 'C6']","['P2', 'P2']"
"as a caregiver, i want to handle patient care in order to enhance safety",2,"{'SemanticAmbiguity': [True, False], 'ScopeAmbiguity': [False, True]}","['US-C2-3616', 'US-C6-10606']","['C2', 'C6']","['P4', 'P1']"
"as a caregiver, i want to handle patient care in order to reduce errors",3,"{'ScopeAmbiguity': [True, False], 'AcceptanceAmbiguity': [False, True]}","['US-C2-2359', 'US-C2-3592', 'US-C6-10761']","['C2', 'C2', 'C6']","['P1', 'P4', 'P2']"
"as a caregiver, i want to handle patient care so that i can improve patient care",2,"{'SemanticAmbiguity': [False, True]}","['US-C2-2961', 'US-C2-3587']","['C2', 'C2']","['P2', 'P4']"
"as a caregiver, i want to manage health data in order to ensure compliance",5,"{'SemanticAmbiguity': [True, False], 'ScopeAmbiguity': [False, True]}","['US-C2-3259', 'US-C2-3904', 'US-C2-4072', 'US-C6-10614', 'US-C6-10871']","['C2', 'C2', 'C2', 'C6', 'C6']","['P3', 'P5', 'P5', 'P1', 'P2']"
"as a caregiver, i want to manage health data in order to reduce errors",2,"{'SemanticAmbiguity': [False, True]}","['US-C2-2366', 'US-C2-3517']","['C2', 'C2']","['P1', 'P4']"
"as a caregiver, i want to manage health data in order to save time",3,"{'SemanticAmbiguity': [True, False], 'ScopeAmbiguity': [False, True]}","['US-C2-2975', 'US-C2-3876', 'US-C6-11020']","['C2', 'C2', 'C6']","['P2', 'P5', 'P3']"
"as a caregiver, i want to manage health data so that i can enhance safety",3,"{'SemanticAmbiguity': [True, False], 'ScopeAmbiguity': [False, True]}","['US-C2-3239', 'US-C2-3624', 'US-C6-11286']","['C2', 'C2', 'C6']","['P3', 'P4', 'P4']"
"as a caregiver, i want to prescribe medication in order to save time",2,"{'HasAmbiguity': [False, True], 'AcceptanceAmbiguity': [False, True]}","['US-C2-3384', 'US-C6-11040']","['C2', 'C6']","['P3', 'P3']"
"as a caregiver, i want to process medical information in order to enhance safety",4,"{'SemanticAmbiguity': [False, True], 'ScopeAmbiguity': [True, False], 'AcceptanceAmbiguity': [True, False]}","['US-C2-3133', 'US-C2-3861', 'US-C6-10616', 'US-C6-11029']","['C2', 'C2', 'C6', 'C6']","['P3', 'P5', 'P1', 'P3']"
"as a caregiver, i want to process medical information in order to ensure compliance",2,"{'ScopeAmbiguity': [True, False]}","['US-C2-3900', 'US-C6-10545']","['C2', 'C6']","['P5', 'P1']"
"as a caregiver, i want to process medical information in order to improve patient care",4,"{'SemanticAmbiguity': [False, True], 'ScopeAmbiguity': [True, False], 'AcceptanceAmbiguity': [False, True]}","['US-C2-2804', 'US-C2-3158', 'US-C2-3188', 'US-C2-3889']","['C2', 'C2', 'C2', 'C2']","['P2', 'P3', 'P3', 'P5']"
"as a caregiver, i want to process medical information in order to save time",2,"{'SemanticAmbiguity': [False, True], 'ScopeAmbiguity': [True, False], 'DependencyAmbiguity': [True, False]}","['US-C2-2512', 'US-C2-2846']","['C2', 'C2']","['P1', 'P2']"
"as a caregiver, i want to process medical information so that i can enhance safety",3,"{'ScopeAmbiguity': [True, False]}","['US-C2-2477', 'US-C2-3179', 'US-C2-3589']","['C2', 'C2', 'C2']","['P1', 'P3', 'P4']"
"as a caregiver, i want to process medical information so that i can ensure compliance",3,"{'SemanticAmbiguity': [True, False], 'ScopeAmbiguity': [False, True]}","['US-C2-2384', 'US-C2-2724', 'US-C2-3565']","['C2', 'C2', 'C2']","['P1', 'P2', 'P4']"
"as a caregiver, i want to schedule appointment in order to improve patient care",3,"{'HasAmbiguity': [False, True], 'AcceptanceAmbiguity': [False, True]}","['US-C2-3086', 'US-C6-11010', 'US-C6-11118']","['C2', 'C6', 'C6']","['P2', 'P3', 'P3']"
"as a caregiver, i want to update patient info in order to reduce errors",3,"{'HasAmbiguity': [True, False], 'DependencyAmbiguity': [True, False]}","['US-C2-3139', 'US-C2-3401', 'US-C6-11125']","['C2', 'C2', 'C6']","['P3', 'P3', 'P3']"
"as a caregiver, i want to update system in order to enhance safety",2,"{'SemanticAmbiguity': [False, True], 'ScopeAmbiguity': [True, False]}","['US-C2-4064', 'US-C6-11236']","['C2', 'C6']","['P5', 'P4']"
"as a caregiver, i want to update system in order to ensure compliance",3,"{'ScopeAmbiguity': [True, False]}","['US-C2-2794', 'US-C2-3169', 'US-C2-3588']","['C2', 'C2', 'C2']","['P2', 'P3', 'P4']"
"as a caregiver, i want to update system in order to save time",3,"{'SemanticAmbiguity': [True, False], 'ScopeAmbiguity': [False, True]}","['US-C2-3193', 'US-C2-3214', 'US-C6-11233']","['C2', 'C2', 'C6']","['P3', 'P3', 'P4']"
"as a caregiver, i want to update system so that i can enhance safety",2,"{'ScopeAmbiguity': [False, True]}","['US-C2-3184', 'US-C2-3641']","['C2', 'C2']","['P3', 'P4']"
"as a caregiver, i want to update system so that i can save time",3,"{'SemanticAmbiguity': [False, True], 'ScopeAmbiguity': [True, False]}","['US-C2-2533', 'US-C2-3678', 'US-C2-3862']","['C2', 'C2', 'C2']","['P1', 'P4', 'P5']"
"as a caregiver, i would like to access records to enhance safety",7,"{'ScopeAmbiguity': [True, False]}","['US-C2-2825', 'US-C2-2871', 'US-C2-3135', 'US-C2-4068', 'US-C6-10648', 'US-C6-10754', 'US-C6-10836']","['C2', 'C2', 'C2', 'C2', 'C6', 'C6', 'C6']","['P2', 'P2', 'P3', 'P5', 'P1', 'P2', 'P2']"
"as a caregiver, i would like to access records to ensure compliance",6,"{'SemanticAmbiguity': [True, False], 'ScopeAmbiguity': [True, False]}","['US-C2-2379', 'US-C2-3300', 'US-C2-3503', 'US-C2-3643', 'US-C2-4078', 'US-C6-10755']","['C2', 'C2', 'C2', 'C2', 'C2', 'C6']","['P1', 'P3', 'P4', 'P4', 'P5', 'P2']"
"as a caregiver, i would like to access records to reduce errors",3,"{'SemanticAmbiguity': [True, False], 'ScopeAmbiguity': [False, True], 'AcceptanceAmbiguity': [False, True]}","['US-C2-3235', 'US-C2-3932', 'US-C6-10653']","['C2', 'C2', 'C6']","['P3', 'P5', 'P1']"
"as a caregiver, i would like to handle patient care to enhance safety",2,"{'ScopeAmbiguity': [False, True], 'DependencyAmbiguity': [False, True]}","['US-C2-2727', 'US-C2-3625']","['C2', 'C2']","['P2', 'P4']"
"as a caregiver, i would like to handle patient care to ensure compliance",3,"{'SemanticAmbiguity': [True, False], 'ScopeAmbiguity': [False, True]}","['US-C2-2863', 'US-C6-10602', 'US-C6-10643']","['C2', 'C6', 'C6']","['P2', 'P1', 'P1']"
"as a caregiver, i would like to handle patient care to improve patient care",2,"{'DependencyAmbiguity': [False, True]}","['US-C2-3218', 'US-C2-3574']","['C2', 'C2']","['P3', 'P4']"
"as a caregiver, i would like to manage health data to enhance safety",4,"{'SemanticAmbiguity': [True, False], 'ScopeAmbiguity': [True, False], 'AcceptanceAmbiguity': [False, True]}","['US-C2-3489', 'US-C2-3516', 'US-C6-10800', 'US-C6-11281']","['C2', 'C2', 'C6', 'C6']","['P4', 'P4', 'P2', 'P4']"
"as a caregiver, i would like to manage health data to ensure compliance",2,"{'ScopeAmbiguity': [False, True]}","['US-C2-3229', 'US-C6-10853']","['C2', 'C6']","['P3', 'P2']"
"as a caregiver, i would like to update system to ensure compliance",3,"{'SemanticAmbiguity': [True, False], 'ScopeAmbiguity': [False, True]}","['US-C2-2486', 'US-C2-3891', 'US-C6-11175']","['C2', 'C2', 'C6']","['P1', 'P5', 'P4']"
"as a caregiver, i would like to update system to reduce errors",3,"{'SemanticAmbiguity': [True, False], 'ScopeAmbiguity': [False, True]}","['US-C2-2435', 'US-C6-10603', 'US-C6-10826']","['C2', 'C6', 'C6']","['P1', 'P1', 'P2']"
"as a caregiver, i would like to update system to save time",4,"{'SemanticAmbiguity': [True, False], 'ScopeAmbiguity': [False, True]}","['US-C2-2421', 'US-C2-3243', 'US-C6-10660', 'US-C6-10759']","['C2', 'C2', 'C6', 'C6']","['P1', 'P3', 'P1', 'P2']"
"as a caregiver, i would like to view medical records to reduce errors",3,"{'HasAmbiguity': [False, True], 'AcceptanceAmbiguity': [False, True]}","['US-C2-2608', 'US-C2-3151', 'US-C2-3388']","['C2', 'C2', 'C2']","['P1', 'P3', 'P3']"
"as a customer, i need to access system so i can track spending",2,"{'SemanticAmbiguity': [False, True], 'ScopeAmbiguity': [True, False]}","['US-C1-2090', 'US-C5-9297']","['C1', 'C5']","['P8', 'P2']"
"as a customer, i need to access tools so that i can reduce costs",2,"{'SemanticAmbiguity': [False, True], 'ScopeAmbiguity': [True, False]}","['US-C4-7643', 'US-C4-8153']","['C4', 'C4']","['P3', 'P5']"
"as a customer, i need to checkout so that i can track delivery",7,"{'HasAmbiguity': [False, True], 'DependencyAmbiguity': [False, True]}","['US-C3-4448', 'US-C3-5242', 'US-C3-5435', 'US-C3-5688', 'US-C3-6526', 'US-C3-6789', 'US-C7-11394']","['C3', 'C3', 'C3', 'C3', 'C3', 'C3', 'C7']","['P1', 'P4', 'P4', 'P5', 'P8', 'P9', 'P1']"
"as a customer, i need to handle finances so that i can track spending",3,"{'SemanticAmbiguity': [False, True], 'ScopeAmbiguity': [True, False]}","['US-C1-327', 'US-C1-920', 'US-C1-1507']","['C1', 'C1', 'C1']","['P2', 'P4', 'P6']"
"as a customer, i need to handle network issues so that i can optimize performance",2,"{'ScopeAmbiguity': [True, False]}","['US-C4-7110', 'US-C4-8125']","['C4', 'C4']","['P1', 'P5']"
"as a customer, i need to manage account so that i can comply with regulations",3,"{'SemanticAmbiguity': [True, False], 'ScopeAmbiguity': [False, True]}","['US-C5-8999', 'US-C5-10303', 'US-C5-10304']","['C5', 'C5', 'C5']","['P1', 'P6', 'P6']"
"as a customer, i need to process application so that i can comply with regulations",2,"{'ScopeAmbiguity': [False, True]}","['US-C1-2072', 'US-C5-9817']","['C1', 'C5']","['P8', 'P4']"
"as a customer, i need to update configuration so that i can maintain connectivity",2,"{'SemanticAmbiguity': [True, False], 'ScopeAmbiguity': [False, True]}","['US-C4-7397', 'US-C4-8422']","['C4', 'C4']","['P2', 'P6']"
"as a customer, i want to access dashboard so that i can find desired items",2,"{'SemanticAmbiguity': [False, True]}","['US-C3-4874', 'US-C7-12067']","['C3', 'C7']","['P3', 'P4']"
"as a customer, i want to access system so that i can improve security",2,"{'SemanticAmbiguity': [False, True], 'ScopeAmbiguity': [True, False]}","['US-C5-10309', 'US-C5-10311']","['C5', 'C5']","['P6', 'P6']"
"as a customer, i want to access tools in order to optimize performance",2,"{'SemanticAmbiguity': [False, True], 'ScopeAmbiguity': [True, False]}","['US-C4-8485', 'US-C4-8772']","['C4', 'C4']","['P6', 'P7']"
"as a customer, i want to access tools so that i can avoid overage charges",3,"{'ScopeAmbiguity': [True, False]}","['US-C4-7576', 'US-C4-7926', 'US-C4-8733']","['C4', 'C4', 'C4']","['P3', 'P4', 'P7']"
"as a customer, i want to apply for loan in order to track spending",9,"{'HasAmbiguity': [False, True], 'AcceptanceAmbiguity': [False, True]}","['US-C1-521', 'US-C1-768', 'US-C1-1046', 'US-C1-2001', 'US-C1-2006', 'US-C5-9136', 'US-C5-9387', 'US-C5-10188', 'US-C5-10320']","['C1', 'C1', 'C1', 'C1', 'C1', 'C5', 'C5', 'C5', 'C5']","['P2', 'P3', 'P4', 'P7', 'P7', 'P1', 'P2', 'P5', 'P6']"
"as a customer, i want to check data usage in order to maintain connectivity",3,"{'HasAmbiguity': [False, True], 'AcceptanceAmbiguity': [False, True]}","['US-C4-7249', 'US-C4-8660', 'US-C4-8754']","['C4', 'C4', 'C4']","['P1', 'P6', 'P7']"
"as a customer, i want to handle finances in order to track spending",2,"{'SemanticAmbiguity': [False, True], 'ScopeAmbiguity': [True, False]}","['US-C1-312', 'US-C1-1208']","['C1', 'C1']","['P2', 'P5']"
"as a customer, i want to handle network issues in order to avoid overage charges",2,"{'SemanticAmbiguity': [False, True], 'ScopeAmbiguity': [True, False], 'AcceptanceAmbiguity': [True, False]}","['US-C4-7100', 'US-C4-8201']","['C4', 'C4']","['P1', 'P5']"
"as a customer, i want to handle network issues in order to optimize performance",2,"{'ScopeAmbiguity': [True, False]}","['US-C4-7665', 'US-C4-8465']","['C4', 'C4']","['P3', 'P6']"
"as a customer, i want to handle orders so i can find desired items",2,"{'ScopeAmbiguity': [True, False]}","['US-C3-5470', 'US-C3-6400']","['C3', 'C3']","['P5', 'P8']"
"as a customer, i want to manage account so that i can save time",2,"{'SemanticAmbiguity': [True, False], 'ScopeAmbiguity': [False, True]}","['US-C5-9557', 'US-C5-10083']","['C5', 'C5']","['P3', 'P5']"
"as a customer, i want to manage service in order to reduce costs",2,"{'ScopeAmbiguity': [True, False], 'AcceptanceAmbiguity': [True, False]}","['US-C4-7380', 'US-C4-8509']","['C4', 'C4']","['P2', 'P6']"
"as a customer, i want to process application in order to meet financial goals",2,"{'SemanticAmbiguity': [True, False], 'ScopeAmbiguity': [False, True], 'AcceptanceAmbiguity': [False, True]}","['US-C5-9809', 'US-C5-10021']","['C5', 'C5']","['P4', 'P5']"
"as a customer, i want to process payments in order to make informed decisions",2,"{'SemanticAmbiguity': [False, True]}","['US-C3-4242', 'US-C3-6688']","['C3', 'C3']","['P1', 'P9']"
"as a customer, i want to process requests so that i can avoid overage charges",2,"{'SemanticAmbiguity': [True, False]}","['US-C4-7097', 'US-C4-8215']","['C4', 'C4']","['P1', 'P5']"
"as a customer, i want to process requests so that i can optimize performance",2,"{'ScopeAmbiguity': [True, False]}","['US-C4-7048', 'US-C4-7860']","['C4', 'C4']","['P1', 'P4']"
"as a customer, i want to transfer funds in order to comply with regulations",5,"{'HasAmbiguity': [False, True], 'AcceptanceAmbiguity': [False, True]}","['US-C1-091', 'US-C1-1652', 'US-C1-2091', 'US-C1-2122', 'US-C5-10391']","['C1', 'C1', 'C1', 'C1', 'C5']","['P1', 'P6', 'P8', 'P8', 'P6']"
"as a customer, i want to transfer funds in order to save time",8,"{'HasAmbiguity': [True, False], 'AcceptanceAmbiguity': [True, False]}","['US-C1-040', 'US-C1-725', 'US-C1-1085', 'US-C1-1864', 'US-C1-1879', 'US-C1-1985', 'US-C5-9467', 'US-C5-10455']","['C1', 'C1', 'C1', 'C1', 'C1', 'C1', 'C5', 'C5']","['P1', 'P3', 'P4', 'P7', 'P7', 'P7', 'P2', 'P6']"
"as a customer, i want to update configuration in order to reduce costs",2,"{'AcceptanceAmbiguity': [True, False]}","['US-C4-8519', 'US-C4-8703']","['C4', 'C4']","['P6', 'P7']"
"as a customer, i want to update configuration so that i can optimize performance",2,"{'SemanticAmbiguity': [True, False], 'ScopeAmbiguity': [False, True]}","['US-C4-7338', 'US-C4-7950']","['C4', 'C4']","['P2', 'P4']"
"as a customer, i want to update inventory in order to complete purchase",2,"{'SemanticAmbiguity': [False, True], 'ScopeAmbiguity': [True, False]}","['US-C3-5766', 'US-C7-11610']","['C3', 'C7']","['P6', 'P2']"
"as a customer, i would like to access system to save time",2,"{'SemanticAmbiguity': [False, True]}","['US-C5-10067', 'US-C5-10294']","['C5', 'C5']","['P5', 'P6']"
"as a customer, i would like to add to cart to complete purchase",9,"{'HasAmbiguity': [False, True], 'DependencyAmbiguity': [False, True]}","['US-C3-4790', 'US-C3-4911', 'US-C3-5315', 'US-C3-5502', 'US-C3-5858', 'US-C3-6582', 'US-C3-6827', 'US-C3-6951', 'US-C7-11575']","['C3', 'C3', 'C3', 'C3', 'C3', 'C3', 'C3', 'C3', 'C7']","['P2', 'P3', 'P4', 'P5', 'P6', 'P8', 'P9', 'P9', 'P1']"
"as a customer, i would like to add to cart to find desired items",6,"{'HasAmbiguity': [True, False], 'AcceptanceAmbiguity': [True, False]}","['US-C3-5174', 'US-C3-5208', 'US-C3-5660', 'US-C3-5710', 'US-C7-12142', 'US-C7-12414']","['C3', 'C3', 'C3', 'C3', 'C7', 'C7']","['P4', 'P4', 'P5', 'P5', 'P4', 'P5']"
"as a customer, i would like to handle finances to improve security",2,"{'SemanticAmbiguity': [False, True], 'ScopeAmbiguity': [True, False]}","['US-C1-325', 'US-C5-9529']","['C1', 'C5']","['P2', 'P3']"
"as a customer, i would like to handle network issues to resolve issues",2,"{'DependencyAmbiguity': [True, False]}","['US-C4-7381', 'US-C4-8789']","['C4', 'C4']","['P2', 'P7']"
"as a customer, i would like to handle orders to track delivery",2,"{'ScopeAmbiguity': [True, False], 'DependencyAmbiguity': [True, False]}","['US-C3-6107', 'US-C7-12056']","['C3', 'C7']","['P7', 'P4']"
"as a customer, i would like to leave review to complete purchase",6,"{'HasAmbiguity': [False, True], 'DependencyAmbiguity': [False, True]}","['US-C3-4997', 'US-C3-5327', 'US-C3-6112', 'US-C3-6511', 'US-C7-12264', 'US-C7-12376']","['C3', 'C3', 'C3', 'C3', 'C7', 'C7']","['P3', 'P4', 'P7', 'P8', 'P4', 'P5']"
"as a customer, i would like to manage account to improve security",3,"{'SemanticAmbiguity': [False, True], 'ScopeAmbiguity': [True, False]}","['US-C1-1782', 'US-C5-9514', 'US-C5-10307']","['C1', 'C5', 'C5']","['P7', 'P3', 'P6']"
"as a customer, i would like to manage account to track spending",3,"{'ScopeAmbiguity': [False, True], 'AcceptanceAmbiguity': [False, True]}","['US-C1-297', 'US-C5-9283', 'US-C5-9524']","['C1', 'C5', 'C5']","['P2', 'P2', 'P3']"
"as a customer, i would like to manage service to resolve issues",3,"{'SemanticAmbiguity': [False, True], 'ScopeAmbiguity': [True, False]}","['US-C4-7861', 'US-C4-8231', 'US-C4-8708']","['C4', 'C4', 'C4']","['P4', 'P5', 'P7']"
"as a customer, i would like to process application to improve security",2,"{'ScopeAmbiguity': [False, True]}","['US-C1-1174', 'US-C5-9031']","['C1', 'C5']","['P5', 'P1']"
"as a customer, i would like to process payments to make informed decisions",2,"{'AcceptanceAmbiguity': [False, True]}","['US-C7-12060', 'US-C7-12085']","['C7', 'C7']","['P4', 'P4']"
"as a customer, i would like to process requests to maintain connectivity",2,"{'ScopeAmbiguity': [True, False]}","['US-C4-7302', 'US-C4-8781']","['C4', 'C4']","['P2', 'P7']"
"as a customer, i would like to process requests to optimize performance",3,"{'ScopeAmbiguity': [False, True]}","['US-C4-7105', 'US-C4-7650', 'US-C4-7931']","['C4', 'C4', 'C4']","['P1', 'P3', 'P4']"
"as a customer, i would like to process requests to reduce costs",2,"{'AcceptanceAmbiguity': [False, True]}","['US-C4-8247', 'US-C4-8462']","['C4', 'C4']","['P5', 'P6']"
"as a doctor, i need to access records so i can improve patient care",2,"{'ScopeAmbiguity': [True, False]}","['US-C2-3280', 'US-C2-3884']","['C2', 'C2']","['P3', 'P5']"
"as a doctor, i need to generate lab report so that i can save time",4,"{'HasAmbiguity': [False, True], 'DependencyAmbiguity': [False, True]}","['US-C2-3083', 'US-C2-3811', 'US-C2-3974', 'US-C6-10909']","['C2', 'C2', 'C2', 'C6']","['P2', 'P4', 'P5', 'P2']"
"as a doctor, i need to handle patient care so that i can save time",4,"{'SemanticAmbiguity': [False, True], 'ScopeAmbiguity': [True, False]}","['US-C2-2457', 'US-C2-2586', 'US-C2-3639', 'US-C2-4088']","['C2', 'C2', 'C2', 'C2']","['P1', 'P1', 'P4', 'P5']"
"as a doctor, i need to manage health data so that i can ensure compliance",2,"{'ScopeAmbiguity': [True, False]}","['US-C2-2809', 'US-C2-3863']","['C2', 'C2']","['P2', 'P5']"
"as a doctor, i need to manage health data so that i can improve patient care",5,"{'SemanticAmbiguity': [True, False], 'ScopeAmbiguity': [False, True]}","['US-C2-2750', 'US-C2-2969', 'US-C2-3931', 'US-C6-10838', 'US-C6-11220']","['C2', 'C2', 'C2', 'C6', 'C6']","['P2', 'P2', 'P5', 'P2', 'P4']"
"as a doctor, i need to manage health data so that i can save time",3,"{'ScopeAmbiguity': [False, True]}","['US-C2-3501', 'US-C2-4063', 'US-C6-10960']","['C2', 'C2', 'C6']","['P4', 'P5', 'P3']"
"as a doctor, i need to update system so that i can save time",2,"{'SemanticAmbiguity': [True, False], 'ScopeAmbiguity': [False, True]}","['US-C2-2456', 'US-C6-11289']","['C2', 'C6']","['P1', 'P4']"
"as a doctor, i need to view medical records so i can save time",2,"{'HasAmbiguity': [False, True], 'DependencyAmbiguity': [False, True]}","['US-C2-2700', 'US-C6-11243']","['C2', 'C6']","['P1', 'P4']"
"as a doctor, i want to access records in order to ensure compliance",2,"{'ScopeAmbiguity': [False, True]}","['US-C2-3497', 'US-C2-3558']","['C2', 'C2']","['P4', 'P4']"
"as a doctor, i want to access records in order to improve patient care",2,"{'ScopeAmbiguity': [False, True]}","['US-C2-3236', 'US-C2-3924']","['C2', 'C2']","['P3', 'P5']"
"as a doctor, i want to access records in order to reduce errors",6,"{'SemanticAmbiguity': [True, False], 'ScopeAmbiguity': [True, False], 'DependencyAmbiguity': [False, True]}","['US-C2-2811', 'US-C2-3156', 'US-C2-3484', 'US-C2-3984', 'US-C6-10590', 'US-C6-11034']","['C2', 'C2', 'C2', 'C2', 'C6', 'C6']","['P2', 'P3', 'P4', 'P5', 'P1', 'P3']"
"as a doctor, i want to access records so that i can reduce errors",4,"{'SemanticAmbiguity': [True, False], 'ScopeAmbiguity': [False, True]}","['US-C2-2945', 'US-C2-3908', 'US-C6-10629', 'US-C6-11238']","['C2', 'C2', 'C6', 'C6']","['P2', 'P5', 'P1', 'P4']"
"as a doctor, i want to handle patient care in order to enhance safety",2,"{'SemanticAmbiguity': [False, True], 'ScopeAmbiguity': [True, False], 'AcceptanceAmbiguity': [True, False]}","['US-C6-11002', 'US-C6-11077']","['C6', 'C6']","['P3', 'P3']"
"as a doctor, i want to handle patient care in order to reduce errors",3,"{'SemanticAmbiguity': [True, False], 'ScopeAmbiguity': [False, True], 'AcceptanceAmbiguity': [True, False]}","['US-C2-2822', 'US-C2-3257', 'US-C2-3632']","['C2', 'C2', 'C2']","['P2', 'P3', 'P4']"
"as a doctor, i want to handle patient care in order to save time",4,"{'SemanticAmbiguity': [False, True], 'ScopeAmbiguity': [True, False], 'DependencyAmbiguity': [True, False]}","['US-C2-2405', 'US-C2-2466', 'US-C2-3910', 'US-C6-11272']","['C2', 'C2', 'C2', 'C6']","['P1', 'P1', 'P5', 'P4']"
"as a doctor, i want to handle patient care so that i can ensure compliance",3,"{'SemanticAmbiguity': [True, False], 'ScopeAmbiguity': [False, True]}","['US-C2-3162', 'US-C6-10555', 'US-C6-11030']","['C2', 'C6', 'C6']","['P3', 'P1', 'P3']"
"as a doctor, i want to handle patient care so that i can improve patient care",2,"{'SemanticAmbiguity': [False, True], 'ScopeAmbiguity': [True, False]}","['US-C2-2902', 'US-C2-3646']","['C2', 'C2']","['P2', 'P4']"
"as a doctor, i want to manage health data in order to enhance safety",5,"{'ScopeAmbiguity': [False, True]}","['US-C2-2465', 'US-C2-2843', 'US-C2-3855', 'US-C2-3867', 'US-C6-10819']","['C2', 'C2', 'C2', 'C2', 'C6']","['P1', 'P2', 'P5', 'P5', 'P2']"
"as a doctor, i want to manage health data in order to save time",4,"{'SemanticAmbiguity': [True, False], 'ScopeAmbiguity': [False, True], 'AcceptanceAmbiguity': [False, True]}","['US-C2-2346', 'US-C2-3315', 'US-C2-3482', 'US-C6-11202']","['C2', 'C2', 'C2', 'C6']","['P1', 'P3', 'P4', 'P4']"
"as a doctor, i want to manage health data in order to save time with detailed specifications and comprehensive requirements",3,"{'ScopeAmbiguity': [False, True], 'DependencyAmbiguity': [False, True]}","['US-C2-2808', 'US-C2-3275', 'US-C6-11273']","['C2', 'C2', 'C6']","['P2', 'P3', 'P4']"
"as a doctor, i want to manage health data so i can enhance safety",3,"{'ScopeAmbiguity': [False, True]}","['US-C2-2374', 'US-C2-2560', 'US-C2-3251']","['C2', 'C2', 'C2']","['P1', 'P1', 'P3']"
"as a doctor, i want to manage health data so i can save time",2,"{'SemanticAmbiguity': [True, False]}","['US-C2-2835', 'US-C2-3560']","['C2', 'C2']","['P2', 'P4']"
"as a doctor, i want to manage health data so that i can reduce errors",2,"{'ScopeAmbiguity': [False, True]}","['US-C2-4108', 'US-C6-10551']","['C2', 'C6']","['P5', 'P1']"
"as a doctor, i want to manage health data so that i can save time",5,"{'ScopeAmbiguity': [False, True]}","['US-C2-2355', 'US-C2-2467', 'US-C2-3670', 'US-C6-10556', 'US-C6-11044']","['C2', 'C2', 'C2', 'C6', 'C6']","['P1', 'P1', 'P4', 'P1', 'P3']"
"as a doctor, i want to process medical information in order to ensure compliance",2,"{'SemanticAmbiguity': [True, False], 'ScopeAmbiguity': [False, True]}","['US-C2-2810', 'US-C2-3524']","['C2', 'C2']","['P2', 'P4']"
"as a doctor, i want to process medical information in order to improve patient care",3,"{'ScopeAmbiguity': [False, True], 'AcceptanceAmbiguity': [False, True], 'DependencyAmbiguity': [True, False]}","['US-C2-2575', 'US-C2-2591', 'US-C2-3631']","['C2', 'C2', 'C2']","['P1', 'P1', 'P4']"
"as a doctor, i want to process medical information in order to reduce errors",4,"{'SemanticAmbiguity': [False, True], 'ScopeAmbiguity': [True, False]}","['US-C2-2798', 'US-C2-2957', 'US-C6-10762', 'US-C6-11072']","['C2', 'C2', 'C6', 'C6']","['P2', 'P2', 'P2', 'P3']"
"as a doctor, i want to update patient info in order to save time",3,"{'HasAmbiguity': [False, True], 'AcceptanceAmbiguity': [False, True]}","['US-C2-3768', 'US-C6-10608', 'US-C6-11330']","['C2', 'C6', 'C6']","['P4', 'P1', 'P4']"
"as a doctor, i want to update patient info so that i can ensure compliance",2,"{'HasAmbiguity': [True, False], 'DependencyAmbiguity': [True, False]}","['US-C2-3690', 'US-C6-10905']","['C2', 'C6']","['P4', 'P2']"
"as a doctor, i want to update system in order to enhance safety",2,"{'ScopeAmbiguity': [True, False]}","['US-C2-2504', 'US-C2-3630']","['C2', 'C2']","['P1', 'P4']"
"as a doctor, i want to update system in order to reduce errors",2,"{'SemanticAmbiguity': [False, True], 'ScopeAmbiguity': [True, False]}","['US-C2-3569', 'US-C6-11053']","['C2', 'C6']","['P4', 'P3']"
"as a doctor, i want to update system in order to save time",3,"{'SemanticAmbiguity': [True, False], 'ScopeAmbiguity': [True, False]}","['US-C2-2573', 'US-C6-10600', 'US-C6-10855']","['C2', 'C6', 'C6']","['P1', 'P1', 'P2']"
"as a doctor, i would like to generate lab report to save time",3,"{'HasAmbiguity': [False, True], 'AcceptanceAmbiguity': [False, True]}","['US-C2-3358', 'US-C2-3483', 'US-C2-3788']","['C2', 'C2', 'C2']","['P3', 'P4', 'P4']"
"as a doctor, i would like to process medical information to improve patient care",2,"{'ScopeAmbiguity': [False, True]}","['US-C2-3189', 'US-C6-10977']","['C2', 'C6']","['P3', 'P3']"
"as a doctor, i would like to update system to improve patient care",3,"{'SemanticAmbiguity': [True, False], 'ScopeAmbiguity': [False, True]}","['US-C2-2572', 'US-C2-2761', 'US-C2-3614']","['C2', 'C2', 'C2']","['P1', 'P2', 'P4']"
"as a doctor, i would like to view medical records to reduce errors",2,"{'HasAmbiguity': [False, True], 'AcceptanceAmbiguity': [False, True]}","['US-C2-3843', 'US-C6-10748']","['C2', 'C6']","['P4', 'P2']"
"as a financial advisor, i need to access system so that i can improve security",2,"{'SemanticAmbiguity': [True, False], 'ScopeAmbiguity': [False, True]}","['US-C5-9246', 'US-C5-9521']","['C5', 'C5']","['P2', 'P3']"
"as a financial advisor, i need to update information so that i can improve security",2,"{'ScopeAmbiguity': [True, False]}","['US-C1-1491', 'US-C5-10053']","['C1', 'C5']","['P6', 'P5']"
"as a financial advisor, i want to access system in order to save time",2,"{'ScopeAmbiguity': [False, True]}","['US-C1-889', 'US-C5-10041']","['C1', 'C5']","['P4', 'P5']"
"as a financial advisor, i want to update information in order to comply with regulations",2,"{'SemanticAmbiguity': [True, False], 'ScopeAmbiguity': [False, True]}","['US-C1-1514', 'US-C5-10337']","['C1', 'C5']","['P6', 'P6']"
"as a financial advisor, i want to update information so that i can track spending",2,"{'ScopeAmbiguity': [True, False]}","['US-C5-9781', 'US-C5-10061']","['C5', 'C5']","['P4', 'P5']"
"as a financial advisor, i would like to apply for loan to save time",6,"{'HasAmbiguity': [True, False], 'AcceptanceAmbiguity': [True, False]}","['US-C1-015', 'US-C1-226', 'US-C1-1259', 'US-C5-9334', 'US-C5-9889', 'US-C5-10132']","['C1', 'C1', 'C1', 'C5', 'C5', 'C5']","['P1', 'P1', 'P5', 'P2', 'P4', 'P5']"
"as a financial advisor, i would like to handle finances to save time",2,"{'ScopeAmbiguity': [True, False]}","['US-C1-035', 'US-C5-10316']","['C1', 'C5']","['P1', 'P6']"
"as a financial advisor, i would like to manage account to meet financial goals",5,"{'SemanticAmbiguity': [True, False], 'ScopeAmbiguity': [False, True], 'DependencyAmbiguity': [False, True]}","['US-C1-2099', 'US-C5-9264', 'US-C5-9550', 'US-C5-9802', 'US-C5-10068']","['C1', 'C5', 'C5', 'C5', 'C5']","['P8', 'P2', 'P3', 'P4', 'P5']"
"as a financial advisor, i would like to manage account to track spending",3,"{'SemanticAmbiguity': [True, False], 'ScopeAmbiguity': [False, True]}","['US-C1-619', 'US-C5-9011', 'US-C5-10047']","['C1', 'C5', 'C5']","['P3', 'P1', 'P5']"
"as a healthcare provider, i need to access records so that i can enhance safety",3,"{'ScopeAmbiguity': [False, True]}","['US-C2-2462', 'US-C2-3704', 'US-C2-4103']","['C2', 'C2', 'C2']","['P1', 'P4', 'P5']"
"as a healthcare provider, i need to handle patient care so i can improve patient care",2,"{'ScopeAmbiguity': [False, True]}","['US-C2-3148', 'US-C2-3591']","['C2', 'C2']","['P3', 'P4']"
"as a healthcare provider, i need to handle patient care so that i can ensure compliance",3,"{'SemanticAmbiguity': [False, True], 'ScopeAmbiguity': [True, False], 'DependencyAmbiguity': [True, False]}","['US-C2-2559', 'US-C2-2847', 'US-C2-4043']","['C2', 'C2', 'C2']","['P1', 'P2', 'P5']"
"as a healthcare provider, i need to manage health data so that i can ensure compliance",4,"{'ScopeAmbiguity': [False, True]}","['US-C2-2396', 'US-C2-3505', 'US-C6-10611', 'US-C6-10866']","['C2', 'C2', 'C6', 'C6']","['P1', 'P4', 'P1', 'P2']"
"as a healthcare provider, i need to manage health data so that i have better improve patient care",2,"{'SemanticAmbiguity': [True, False], 'ScopeAmbiguity': [False, True]}","['US-C2-3703', 'US-C6-11167']","['C2', 'C6']","['P4', 'P4']"
"as a healthcare provider, i need to process medical information so i can improve patient care",2,"{'ScopeAmbiguity': [False, True]}","['US-C2-3537', 'US-C6-11203']","['C2', 'C6']","['P4', 'P4']"
"as a healthcare provider, i need to process medical information so that i can enhance safety",2,"{'SemanticAmbiguity': [True, False], 'ScopeAmbiguity': [False, True]}","['US-C2-2935', 'US-C2-3226']","['C2', 'C2']","['P2', 'P3']"
"as a healthcare provider, i need to process medical information so that i can ensure compliance",2,"{'SemanticAmbiguity': [True, False], 'ScopeAmbiguity': [False, True]}","['US-C2-2840', 'US-C2-3854']","['C2', 'C2']","['P2', 'P5']"
"as a healthcare provider, i need to process medical information so that i can improve patient care",2,"{'SemanticAmbiguity': [True, False], 'ScopeAmbiguity': [False, True]}","['US-C2-2452', 'US-C2-3899']","['C2', 'C2']","['P1', 'P5']"
"as a healthcare provider, i need to update system so that i can improve patient care",3,"{'SemanticAmbiguity': [True, False], 'ScopeAmbiguity': [False, True]}","['US-C2-2800', 'US-C2-2887', 'US-C6-10598']","['C2', 'C2', 'C6']","['P2', 'P2', 'P1']"
"as a healthcare provider, i need to update system so that i can save time",2,"{'ScopeAmbiguity': [False, True]}","['US-C2-2397', 'US-C6-11166']","['C2', 'C6']","['P1', 'P4']"
"as a healthcare provider, i want to access records in order to enhance safety",3,"{'SemanticAmbiguity': [True, False], 'ScopeAmbiguity': [False, True]}","['US-C2-4013', 'US-C6-10544', 'US-C6-10628']","['C2', 'C6', 'C6']","['P5', 'P1', 'P1']"
"as a healthcare provider, i want to access records in order to improve patient care",2,"{'ScopeAmbiguity': [True, False]}","['US-C2-2483', 'US-C2-2529']","['C2', 'C2']","['P1', 'P1']"
"as a healthcare provider, i want to access records so that i can ensure compliance",4,"{'SemanticAmbiguity': [True, False], 'ScopeAmbiguity': [False, True]}","['US-C2-2507', 'US-C2-4082', 'US-C6-11181', 'US-C6-11288']","['C2', 'C2', 'C6', 'C6']","['P1', 'P5', 'P4', 'P4']"
"as a healthcare provider, i want to access records so that i can improve patient care",2,"{'SemanticAmbiguity': [False, True], 'ScopeAmbiguity': [True, False], 'DependencyAmbiguity': [False, True]}","['US-C2-2582', 'US-C2-4067']","['C2', 'C2']","['P1', 'P5']"
"as a healthcare provider, i want to generate lab report in order to reduce errors",2,"{'HasAmbiguity': [True, False], 'AcceptanceAmbiguity': [True, False]}","['US-C2-2856', 'US-C6-10728']","['C2', 'C6']","['P2', 'P1']"
"as a healthcare provider, i want to handle patient care in order to improve patient care",2,"{'ScopeAmbiguity': [True, False]}","['US-C2-2470', 'US-C6-11223']","['C2', 'C6']","['P1', 'P4']"
"as a healthcare provider, i want to handle patient care in order to save time",2,"{'SemanticAmbiguity': [False, True], 'ScopeAmbiguity': [True, False], 'AcceptanceAmbiguity': [True, False], 'DependencyAmbiguity': [False, True]}","['US-C2-3274', 'US-C6-10655']","['C2', 'C6']","['P3', 'P1']"
"as a healthcare provider, i want to handle patient care so that i can enhance safety",2,"{'ScopeAmbiguity': [True, False]}","['US-C2-3128', 'US-C2-3209']","['C2', 'C2']","['P3', 'P3']"
"as a healthcare provider, i want to handle patient care so that i can save time",3,"{'SemanticAmbiguity': [True, False], 'ScopeAmbiguity': [False, True]}","['US-C2-3197', 'US-C2-3586', 'US-C6-10771']","['C2', 'C2', 'C6']","['P3', 'P4', 'P2']"
"as a healthcare provider, i want to manage health data in order to enhance safety with detailed specifications and comprehensive requirements",2,"{'SemanticAmbiguity': [False, True], 'ScopeAmbiguity': [True, False]}","['US-C6-10647', 'US-C6-10976']","['C6', 'C6']","['P1', 'P3']"
"as a healthcare provider, i want to process medical information in order to improve patient care",2,"{'ScopeAmbiguity': [True, False]}","['US-C2-3349', 'US-C2-3552']","['C2', 'C2']","['P3', 'P4']"
"as a healthcare provider, i want to process medical information in order to save time",2,"{'SemanticAmbiguity': [False, True], 'ScopeAmbiguity': [True, False]}","['US-C2-3994', 'US-C6-10765']","['C2', 'C6']","['P5', 'P2']"
"as a healthcare provider, i want to process medical information so that i can improve patient care with detailed specifications and comprehensive requirements",2,"{'SemanticAmbiguity': [True, False], 'ScopeAmbiguity': [False, True]}","['US-C2-2830', 'US-C6-11251']","['C2', 'C6']","['P2', 'P4']"
"as a healthcare provider, i want to update system in order to ensure compliance",2,"{'SemanticAmbiguity': [True, False], 'ScopeAmbiguity': [False, True], 'DependencyAmbiguity': [True, False]}","['US-C2-2841', 'US-C2-3192']","['C2', 'C2']","['P2', 'P3']"
"as a healthcare provider, i want to update system in order to reduce errors",3,"{'SemanticAmbiguity': [False, True], 'ScopeAmbiguity': [True, False], 'DependencyAmbiguity': [False, True]}","['US-C2-2742', 'US-C2-4010', 'US-C6-11184']","['C2', 'C2', 'C6']","['P2', 'P5', 'P4']"
"as a healthcare provider, i want to update system in order to save time",3,"{'ScopeAmbiguity': [False, True]}","['US-C2-3945', 'US-C2-3993', 'US-C6-10972']","['C2', 'C2', 'C6']","['P5', 'P5', 'P3']"
"as a healthcare provider, i want to update system so that i can improve patient care",3,"{'SemanticAmbiguity': [False, True], 'ScopeAmbiguity': [True, False]}","['US-C2-2924', 'US-C2-3647', 'US-C6-11025']","['C2', 'C2', 'C6']","['P2', 'P4', 'P3']"
"as a healthcare provider, i want to view medical records so that i can reduce errors",3,"{'HasAmbiguity': [False, True], 'DependencyAmbiguity': [False, True]}","['US-C2-3394', 'US-C2-3441', 'US-C6-11079']","['C2', 'C2', 'C6']","['P3', 'P3', 'P3']"
"as a healthcare provider, i would like to access records to enhance safety",2,"{'SemanticAmbiguity': [False, True], 'ScopeAmbiguity': [True, False]}","['US-C2-3290', 'US-C6-10967']","['C2', 'C6']","['P3', 'P3']"
"as a healthcare provider, i would like to access records to ensure compliance as soon as possible",2,"{'SemanticAmbiguity': [False, True], 'ScopeAmbiguity': [True, False], 'AcceptanceAmbiguity': [True, False]}","['US-C2-2451', 'US-C6-10830']","['C2', 'C6']","['P1', 'P2']"
"as a healthcare provider, i would like to handle patient care to save time",5,"{'SemanticAmbiguity': [True, False], 'ScopeAmbiguity': [False, True], 'AcceptanceAmbiguity': [False, True]}","['US-C2-2459', 'US-C2-3177', 'US-C2-3241', 'US-C2-3247', 'US-C6-11193']","['C2', 'C2', 'C2', 'C2', 'C6']","['P1', 'P3', 'P3', 'P3', 'P4']"
"as a healthcare provider, i would like to manage health data to enhance safety",3,"{'AcceptanceAmbiguity': [False, True]}","['US-C2-3500', 'US-C6-10576', 'US-C6-11230']","['C2', 'C6', 'C6']","['P4', 'P1', 'P4']"
"as a healthcare provider, i would like to process medical information to enhance safety",5,"{'ScopeAmbiguity': [False, True]}","['US-C2-2473', 'US-C2-3217', 'US-C2-3650', 'US-C6-10569', 'US-C6-10587']","['C2', 'C2', 'C2', 'C6', 'C6']","['P1', 'P3', 'P4', 'P1', 'P1']"
"as a healthcare provider, i would like to process medical information to reduce errors",2,"{'ScopeAmbiguity': [False, True], 'AcceptanceAmbiguity': [False, True]}","['US-C2-2571', 'US-C2-3117']","['C2', 'C2']","['P1', 'P3']"
"as a healthcare provider, i would like to update patient info to ensure compliance",2,"{'HasAmbiguity': [False, True], 'AcceptanceAmbiguity': [False, True]}","['US-C2-3750', 'US-C6-10626']","['C2', 'C6']","['P4', 'P1']"
"as a healthcare provider, i would like to update patient info to reduce errors with detailed specifications and comprehensive requirements",2,"{'HasAmbiguity': [True, False], 'DependencyAmbiguity': [True, False]}","['US-C2-3346', 'US-C2-3734']","['C2', 'C2']","['P3', 'P4']"
"as a healthcare provider, i would like to update system to enhance safety",2,"{'ScopeAmbiguity': [True, False]}","['US-C2-3939', 'US-C6-11237']","['C2', 'C6']","['P5', 'P4']"
"as a healthcare provider, i would like to update system to ensure compliance",3,"{'ScopeAmbiguity': [False, True]}","['US-C2-2741', 'US-C2-3348', 'US-C6-10861']","['C2', 'C2', 'C6']","['P2', 'P3', 'P2']"
"as a healthcare provider, i would like to update system to improve patient care",4,"{'SemanticAmbiguity': [True, False], 'ScopeAmbiguity': [False, True]}","['US-C2-2569', 'US-C2-3336', 'US-C6-10863', 'US-C6-11070']","['C2', 'C2', 'C6', 'C6']","['P1', 'P3', 'P2', 'P3']"
"as a investor, i want to access system in order to improve security",4,"{'SemanticAmbiguity': [False, True], 'ScopeAmbiguity': [True, False], 'AcceptanceAmbiguity': [False, True]}","['US-C1-916', 'US-C1-1773', 'US-C1-2095', 'US-C5-9785']","['C1', 'C1', 'C1', 'C5']","['P4', 'P7', 'P8', 'P4']"
"as a investor, i want to access system in order to save time",2,"{'SemanticAmbiguity': [False, True], 'ScopeAmbiguity': [True, False]}","['US-C5-10031', 'US-C5-10289']","['C5', 'C5']","['P5', 'P6']"
"as a investor, i want to apply for loan in order to comply with regulations",3,"{'HasAmbiguity': [False, True], 'AcceptanceAmbiguity': [False, True]}","['US-C1-056', 'US-C1-1455', 'US-C5-9792']","['C1', 'C1', 'C5']","['P1', 'P5', 'P4']"
"as a investor, i want to handle finances so that i can save time",2,"{'SemanticAmbiguity': [True, False], 'ScopeAmbiguity': [False, True]}","['US-C5-9262', 'US-C5-9549']","['C5', 'C5']","['P2', 'P3']"
"as a investor, i want to manage account so that i can save time",3,"{'SemanticAmbiguity': [False, True], 'ScopeAmbiguity': [True, False]}","['US-C1-1209', 'US-C5-9265', 'US-C5-10081']","['C1', 'C5', 'C5']","['P5', 'P2', 'P5']"
"as a investor, i want to process application so that i can improve security",2,"{'SemanticAmbiguity': [False, True], 'ScopeAmbiguity': [True, False]}","['US-C1-2055', 'US-C5-9559']","['C1', 'C5']","['P8', 'P3']"
"as a investor, i want to view account balance so that i can save time",7,"{'HasAmbiguity': [True, False], 'DependencyAmbiguity': [True, False]}","['US-C1-298', 'US-C1-430', 'US-C1-1230', 'US-C1-1700', 'US-C1-2265', 'US-C5-9176', 'US-C5-9485']","['C1', 'C1', 'C1', 'C1', 'C1', 'C5', 'C5']","['P2', 'P2', 'P5', 'P6', 'P8', 'P1', 'P2']"
"as a investor, i would like to access system to track spending",2,"{'ScopeAmbiguity': [False, True]}","['US-C1-885', 'US-C5-9519']","['C1', 'C5']","['P4', 'P3']"
"as a investor, i would like to apply for loan to improve security",3,"{'HasAmbiguity': [False, True], 'AcceptanceAmbiguity': [False, True]}","['US-C1-718', 'US-C1-1977', 'US-C1-2066']","['C1', 'C1', 'C1']","['P3', 'P7', 'P8']"
"as a investor, i would like to apply for loan to save time",4,"{'HasAmbiguity': [False, True], 'DependencyAmbiguity': [False, True]}","['US-C1-1374', 'US-C5-9012', 'US-C5-9836', 'US-C5-10094']","['C1', 'C5', 'C5', 'C5']","['P5', 'P1', 'P4', 'P5']"
"as a investor, i would like to manage account to improve security",2,"{'ScopeAmbiguity': [False, True], 'DependencyAmbiguity': [False, True]}","['US-C5-9255', 'US-C5-9287']","['C5', 'C5']","['P2', 'P2']"
"as a investor, i would like to transfer funds to meet financial goals",7,"{'HasAmbiguity': [False, True], 'AcceptanceAmbiguity': [False, True]}","['US-C1-434', 'US-C1-1993', 'US-C1-2113', 'US-C5-9007', 'US-C5-9383', 'US-C5-9963', 'US-C5-10360']","['C1', 'C1', 'C1', 'C5', 'C5', 'C5', 'C5']","['P2', 'P7', 'P8', 'P1', 'P2', 'P4', 'P6']"
"as a investor, i would like to update information to save time",3,"{'SemanticAmbiguity': [False, True], 'ScopeAmbiguity': [True, False]}","['US-C1-1178', 'US-C1-1195', 'US-C1-1498']","['C1', 'C1', 'C1']","['P5', 'P5', 'P6']"
"as a loan officer, i need to handle finances so that i can improve security",2,"{'SemanticAmbiguity': [True, False], 'ScopeAmbiguity': [False, True]}","['US-C1-037', 'US-C5-10077']","['C1', 'C5']","['P1', 'P5']"
"as a loan officer, i need to manage account so that i can comply with regulations",2,"{'SemanticAmbiguity': [False, True], 'ScopeAmbiguity': [True, False]}","['US-C1-1784', 'US-C5-10342']","['C1', 'C5']","['P7', 'P6']"
"as a loan officer, i want to transfer funds in order to comply with regulations",4,"{'HasAmbiguity': [False, True], 'AcceptanceAmbiguity': [False, True]}","['US-C1-1319', 'US-C5-9517', 'US-C5-9830', 'US-C5-10436']","['C1', 'C5', 'C5', 'C5']","['P5', 'P3', 'P4', 'P6']"
"as a loan officer, i want to update information in order to improve security",2,"{'AcceptanceAmbiguity': [True, False]}","['US-C5-10313', 'US-C5-10324']","['C5', 'C5']","['P6', 'P6']"
"as a loan officer, i want to update information in order to meet financial goals with detailed specifications and comprehensive requirements",2,"{'SemanticAmbiguity': [True, False], 'ScopeAmbiguity': [False, True], 'AcceptanceAmbiguity': [False, True]}","['US-C1-1477', 'US-C5-9764']","['C1', 'C5']","['P6', 'P4']"
"as a loan officer, i want to view account balance in order to improve security",5,"{'HasAmbiguity': [False, True], 'DependencyAmbiguity': [False, True]}","['US-C1-286', 'US-C1-797', 'US-C1-2078', 'US-C1-2163', 'US-C5-9938']","['C1', 'C1', 'C1', 'C1', 'C5']","['P1', 'P3', 'P8', 'P8', 'P4']"
"as a loan officer, i would like to download statements to save time with detailed specifications and comprehensive requirements",2,"{'HasAmbiguity': [True, False], 'AcceptanceAmbiguity': [True, False]}","['US-C1-590', 'US-C5-9624']","['C1', 'C5']","['P3', 'P3']"
"as a loan officer, i would like to handle finances to save time with detailed specifications and comprehensive requirements",2,"{'AcceptanceAmbiguity': [True, False]}","['US-C5-9243', 'US-C5-9547']","['C5', 'C5']","['P2', 'P3']"
"as a loan officer, i would like to process application to comply with regulations",3,"{'SemanticAmbiguity': [True, False], 'ScopeAmbiguity': [False, True]}","['US-C1-028', 'US-C1-1502', 'US-C1-1768']","['C1', 'C1', 'C1']","['P1', 'P6', 'P7']"
"as a loan officer, i would like to view account balance to comply with regulations",5,"{'HasAmbiguity': [False, True], 'AcceptanceAmbiguity': [False, True]}","['US-C1-099', 'US-C1-730', 'US-C1-1758', 'US-C5-9104', 'US-C5-9677']","['C1', 'C1', 'C1', 'C5', 'C5']","['P1', 'P3', 'P7', 'P1', 'P3']"
"as a loan officer, i would like to view account balance to improve security",7,"{'HasAmbiguity': [False, True], 'DependencyAmbiguity': [False, True]}","['US-C1-069', 'US-C1-447', 'US-C1-579', 'US-C1-794', 'US-C1-807', 'US-C5-8985', 'US-C5-9451']","['C1', 'C1', 'C1', 'C1', 'C1', 'C5', 'C5']","['P1', 'P2', 'P2', 'P3', 'P3', 'P1', 'P2']"
"as a medical staff, i need to access records so that i can enhance safety",4,"{'SemanticAmbiguity': [True, False], 'ScopeAmbiguity': [False, True]}","['US-C2-2387', 'US-C2-3729', 'US-C2-3868', 'US-C6-10978']","['C2', 'C2', 'C2', 'C6']","['P1', 'P4', 'P5', 'P3']"
"as a medical staff, i need to handle patient care so i can ensure compliance",3,"{'SemanticAmbiguity': [True, False]}","['US-C2-2932', 'US-C2-3514', 'US-C2-4095']","['C2', 'C2', 'C2']","['P2', 'P4', 'P5']"
"as a medical staff, i need to handle patient care so that i can ensure compliance",3,"{'SemanticAmbiguity': [False, True], 'ScopeAmbiguity': [True, False]}","['US-C2-2482', 'US-C2-3687', 'US-C2-3933']","['C2', 'C2', 'C2']","['P1', 'P4', 'P5']"
"as a medical staff, i need to handle patient care so that i can reduce errors",2,"{'DependencyAmbiguity': [True, False]}","['US-C2-3543', 'US-C2-3873']","['C2', 'C2']","['P4', 'P5']"
"as a medical staff, i need to handle patient care so that i can save time",2,"{'SemanticAmbiguity': [True, False], 'ScopeAmbiguity': [False, True]}","['US-C2-3260', 'US-C6-11229']","['C2', 'C6']","['P3', 'P4']"
"as a medical staff, i need to manage health data so that i can reduce errors",2,"{'SemanticAmbiguity': [False, True], 'ScopeAmbiguity': [True, False], 'DependencyAmbiguity': [False, True]}","['US-C2-2548', 'US-C6-11169']","['C2', 'C6']","['P1', 'P4']"
"as a medical staff, i need to process medical information so that i can enhance safety",5,"{'SemanticAmbiguity': [True, False], 'ScopeAmbiguity': [False, True]}","['US-C2-2940', 'US-C2-2947', 'US-C2-3480', 'US-C6-10817', 'US-C6-11060']","['C2', 'C2', 'C2', 'C6', 'C6']","['P2', 'P2', 'P4', 'P2', 'P3']"
"as a medical staff, i need to process medical information so that i can improve patient care",4,"{'SemanticAmbiguity': [False, True], 'ScopeAmbiguity': [True, False]}","['US-C2-2732', 'US-C2-3657', 'US-C6-10558', 'US-C6-10641']","['C2', 'C2', 'C6', 'C6']","['P2', 'P4', 'P1', 'P1']"
"as a medical staff, i need to update system so i can improve patient care",2,"{'ScopeAmbiguity': [False, True]}","['US-C2-2525', 'US-C2-3276']","['C2', 'C2']","['P1', 'P3']"
"as a medical staff, i need to update system so that i can improve patient care",2,"{'SemanticAmbiguity': [False, True]}","['US-C2-3127', 'US-C2-3714']","['C2', 'C2']","['P3', 'P4']"
"as a medical staff, i want to access records in order to reduce errors",2,"{'SemanticAmbiguity': [False, True], 'ScopeAmbiguity': [True, False]}","['US-C6-10599', 'US-C6-10788']","['C6', 'C6']","['P1', 'P2']"
"as a medical staff, i want to access records so i can enhance safety",2,"{'SemanticAmbiguity': [False, True], 'ScopeAmbiguity': [True, False]}","['US-C6-10985', 'US-C6-11080']","['C6', 'C6']","['P3', 'P3']"
"as a medical staff, i want to access records so that i can ensure compliance",3,"{'ScopeAmbiguity': [False, True]}","['US-C2-3638', 'US-C6-10645', 'US-C6-10860']","['C2', 'C6', 'C6']","['P4', 'P1', 'P2']"
"as a medical staff, i want to access records so that i can improve patient care",4,"{'SemanticAmbiguity': [False, True], 'ScopeAmbiguity': [True, False]}","['US-C2-2589', 'US-C2-3583', 'US-C2-3874', 'US-C6-10595']","['C2', 'C2', 'C2', 'C6']","['P1', 'P4', 'P5', 'P1']"
"as a medical staff, i want to handle patient care so that i can ensure compliance",3,"{'SemanticAmbiguity': [False, True], 'ScopeAmbiguity': [True, False]}","['US-C2-3237', 'US-C2-3681', 'US-C6-10766']","['C2', 'C2', 'C6']","['P3', 'P4', 'P2']"
"as a medical staff, i want to manage health data in order to enhance safety",2,"{'SemanticAmbiguity': [False, True], 'ScopeAmbiguity': [True, False]}","['US-C2-3580', 'US-C6-11015']","['C2', 'C6']","['P4', 'P3']"
"as a medical staff, i want to manage health data in order to improve patient care",2,"{'AcceptanceAmbiguity': [True, False]}","['US-C6-10784', 'US-C6-11066']","['C6', 'C6']","['P2', 'P3']"
"as a medical staff, i want to manage health data in order to reduce errors",3,"{'ScopeAmbiguity': [False, True], 'AcceptanceAmbiguity': [False, True]}","['US-C2-2546', 'US-C2-3216', 'US-C2-4036']","['C2', 'C2', 'C2']","['P1', 'P3', 'P5']"
"as a medical staff, i want to manage health data so that i can reduce errors",3,"{'SemanticAmbiguity': [False, True], 'ScopeAmbiguity': [True, False]}","['US-C2-2373', 'US-C2-2523', 'US-C6-10814']","['C2', 'C2', 'C6']","['P1', 'P1', 'P2']"
"as a medical staff, i want to process medical information in order to reduce errors",3,"{'AcceptanceAmbiguity': [False, True]}","['US-C2-3256', 'US-C2-3351', 'US-C6-10982']","['C2', 'C2', 'C6']","['P3', 'P3', 'P3']"
"as a medical staff, i want to process medical information in order to save time",2,"{'SemanticAmbiguity': [True, False], 'ScopeAmbiguity': [False, True], 'AcceptanceAmbiguity': [False, True]}","['US-C2-2865', 'US-C6-10625']","['C2', 'C6']","['P2', 'P1']"
"as a medical staff, i want to process medical information so that i can ensure compliance",2,"{'SemanticAmbiguity': [False, True], 'ScopeAmbiguity': [True, False]}","['US-C2-2796', 'US-C2-3615']","['C2', 'C2']","['P2', 'P4']"
"as a medical staff, i want to process medical information so that i can reduce errors",5,"{'SemanticAmbiguity': [False, True], 'ScopeAmbiguity': [True, False]}","['US-C2-2463', 'US-C2-2763', 'US-C2-3262', 'US-C2-3267', 'US-C6-10656']","['C2', 'C2', 'C2', 'C2', 'C6']","['P1', 'P2', 'P3', 'P3', 'P1']"
"as a medical staff, i want to update system in order to reduce errors",3,"{'SemanticAmbiguity': [True, False], 'ScopeAmbiguity': [False, True], 'AcceptanceAmbiguity': [True, False]}","['US-C2-2921', 'US-C2-3325', 'US-C2-3567']","['C2', 'C2', 'C2']","['P2', 'P3', 'P4']"
"as a medical staff, i want to update system in order to save time",5,"{'SemanticAmbiguity': [True, False], 'ScopeAmbiguity': [True, False]}","['US-C2-2398', 'US-C2-2845', 'US-C2-3219', 'US-C2-3573', 'US-C2-3965']","['C2', 'C2', 'C2', 'C2', 'C2']","['P1', 'P2', 'P3', 'P4', 'P5']"
"as a medical staff, i would like to access records to enhance safety",2,"{'AcceptanceAmbiguity': [False, True]}","['US-C2-3513', 'US-C6-10799']","['C2', 'C6']","['P4', 'P2']"
"as a medical staff, i would like to access records to improve patient care",3,"{'SemanticAmbiguity': [False, True], 'ScopeAmbiguity': [True, False]}","['US-C2-2535', 'US-C2-2803', 'US-C2-3572']","['C2', 'C2', 'C2']","['P1', 'P2', 'P4']"
"as a medical staff, i would like to handle patient care to enhance safety",3,"{'SemanticAmbiguity': [False, True], 'ScopeAmbiguity': [True, False]}","['US-C2-2564', 'US-C2-3146', 'US-C2-3596']","['C2', 'C2', 'C2']","['P1', 'P3', 'P4']"
"as a medical staff, i would like to handle patient care to reduce errors",3,"{'SemanticAmbiguity': [True, False]}","['US-C2-2495', 'US-C2-3713', 'US-C2-4104']","['C2', 'C2', 'C2']","['P1', 'P4', 'P5']"
"as a medical staff, i would like to prescribe medication to save time",3,"{'HasAmbiguity': [False, True], 'AcceptanceAmbiguity': [False, True]}","['US-C2-2656', 'US-C2-3022', 'US-C6-10828']","['C2', 'C2', 'C6']","['P1', 'P2', 'P2']"
"as a medical staff, i would like to update system to improve patient care",3,"{'ScopeAmbiguity': [False, True]}","['US-C2-3323', 'US-C2-3869', 'US-C6-11245']","['C2', 'C2', 'C6']","['P3', 'P5', 'P4']"
"as a network admin, i need to access tools so that i can avoid overage charges",3,"{'ScopeAmbiguity': [True, False]}","['US-C4-7007', 'US-C4-8474', 'US-C4-8722']","['C4', 'C4', 'C4']","['P1', 'P6', 'P7']"
"as a network admin, i need to access tools so that i can optimize performance",2,"{'ScopeAmbiguity': [True, False]}","['US-C4-7883', 'US-C4-8694']","['C4', 'C4']","['P4', 'P7']"
"as a network admin, i need to manage service so that i can avoid overage charges",2,"{'SemanticAmbiguity': [True, False]}","['US-C4-7036', 'US-C4-7275']","['C4', 'C4']","['P1', 'P2']"
"as a network admin, i need to manage service so that i can reduce costs",3,"{'ScopeAmbiguity': [False, True]}","['US-C4-7352', 'US-C4-8466', 'US-C4-8730']","['C4', 'C4', 'C4']","['P2', 'P6', 'P7']"
"as a network admin, i need to process requests so that i can maintain connectivity",2,"{'SemanticAmbiguity': [True, False], 'ScopeAmbiguity': [False, True], 'DependencyAmbiguity': [False, True]}","['US-C4-7294', 'US-C4-7376']","['C4', 'C4']","['P2', 'P2']"
"as a network admin, i need to update configuration so that i can optimize performance",2,"{'ScopeAmbiguity': [False, True]}","['US-C4-7066', 'US-C4-7897']","['C4', 'C4']","['P1', 'P4']"
"as a network admin, i want to check data usage so that i can resolve issues with detailed specifications and comprehensive requirements",2,"{'HasAmbiguity': [True, False], 'DependencyAmbiguity': [True, False]}","['US-C4-7288', 'US-C4-8329']","['C4', 'C4']","['P2', 'P5']"
"as a network admin, i want to handle network issues in order to optimize performance",2,"{'SemanticAmbiguity': [True, False], 'ScopeAmbiguity': [False, True]}","['US-C4-7646', 'US-C4-7938']","['C4', 'C4']","['P3', 'P4']"
"as a network admin, i want to handle network issues so that i can optimize performance",2,"{'SemanticAmbiguity': [False, True]}","['US-C4-7961', 'US-C4-8529']","['C4', 'C4']","['P4', 'P6']"
"as a network admin, i want to handle network issues so that i can reduce costs",2,"{'ScopeAmbiguity': [True, False]}","['US-C4-7005', 'US-C4-8175']","['C4', 'C4']","['P1', 'P5']"
"as a network admin, i want to manage service so that i can avoid overage charges",2,"{'SemanticAmbiguity': [False, True], 'ScopeAmbiguity': [True, False]}","['US-C4-7296', 'US-C4-8195']","['C4', 'C4']","['P2', 'P5']"
"as a network admin, i want to pay bill in order to avoid overage charges",3,"{'HasAmbiguity': [True, False], 'AcceptanceAmbiguity': [True, False]}","['US-C4-7041', 'US-C4-7990', 'US-C4-8621']","['C4', 'C4', 'C4']","['P1', 'P4', 'P6']"
"as a network admin, i want to process requests in order to reduce costs",3,"{'AcceptanceAmbiguity': [False, True]}","['US-C4-7070', 'US-C4-8143', 'US-C4-8453']","['C4', 'C4', 'C4']","['P1', 'P5', 'P6']"
"as a network admin, i want to update configuration in order to maintain connectivity",2,"{'AcceptanceAmbiguity': [True, False]}","['US-C4-8132', 'US-C4-8168']","['C4', 'C4']","['P5', 'P5']"
"as a network admin, i want to upgrade plan in order to resolve issues",2,"{'HasAmbiguity': [True, False], 'AcceptanceAmbiguity': [True, False]}","['US-C4-7358', 'US-C4-7765']","['C4', 'C4']","['P2', 'P3']"
"as a network admin, i would like to handle network issues to optimize performance",2,"{'SemanticAmbiguity': [False, True], 'ScopeAmbiguity': [True, False]}","['US-C4-7050', 'US-C4-8236']","['C4', 'C4']","['P1', 'P5']"
"as a network admin, i would like to manage service to optimize performance",2,"{'ScopeAmbiguity': [True, False]}","['US-C4-7583', 'US-C4-8690']","['C4', 'C4']","['P3', 'P7']"
"as a network admin, i would like to manage service to resolve issues",2,"{'SemanticAmbiguity': [True, False], 'ScopeAmbiguity': [False, True]}","['US-C4-7620', 'US-C4-8785']","['C4', 'C4']","['P3', 'P7']"
"as a network admin, i would like to process requests to optimize performance",2,"{'SemanticAmbiguity': [True, False], 'ScopeAmbiguity': [False, True]}","['US-C4-7581', 'US-C4-7892']","['C4', 'C4']","['P3', 'P4']"
"as a network admin, i would like to report outage to optimize performance",2,"{'HasAmbiguity': [True, False], 'AcceptanceAmbiguity': [True, False]}","['US-C4-7360', 'US-C4-8645']","['C4', 'C4']","['P2', 'P6']"
"as a network admin, i would like to report outage to resolve issues",5,"{'HasAmbiguity': [True, False], 'AcceptanceAmbiguity': [False, True], 'DependencyAmbiguity': [True, False]}","['US-C4-7316', 'US-C4-7732', 'US-C4-7772', 'US-C4-8257', 'US-C4-8706']","['C4', 'C4', 'C4', 'C4', 'C4']","['P2', 'P3', 'P3', 'P5', 'P7']"
"as a nurse, i need to access records so that i can improve patient care",3,"{'SemanticAmbiguity': [False, True], 'ScopeAmbiguity': [True, False]}","['US-C6-10811', 'US-C6-10821', 'US-C6-10979']","['C6', 'C6', 'C6']","['P2', 'P2', 'P3']"
"as a nurse, i need to access records so that i can save time",2,"{'SemanticAmbiguity': [False, True], 'ScopeAmbiguity': [True, False]}","['US-C2-2496', 'US-C2-2792']","['C2', 'C2']","['P1', 'P2']"
"as a nurse, i need to handle patient care so that i can reduce errors",2,"{'SemanticAmbiguity': [False, True], 'ScopeAmbiguity': [True, False]}","['US-C2-3244', 'US-C2-3478']","['C2', 'C2']","['P3', 'P4']"
"as a nurse, i need to manage health data so that i can ensure compliance",3,"{'ScopeAmbiguity': [False, True]}","['US-C2-3634', 'US-C2-3946', 'US-C6-10612']","['C2', 'C2', 'C6']","['P4', 'P5', 'P1']"
"as a nurse, i need to manage health data so that i can improve patient care",3,"{'SemanticAmbiguity': [True, False], 'ScopeAmbiguity': [False, True]}","['US-C2-2788', 'US-C6-10620', 'US-C6-11009']","['C2', 'C6', 'C6']","['P2', 'P1', 'P3']"
"as a nurse, i need to manage health data so that i can reduce errors",5,"{'SemanticAmbiguity': [True, False], 'ScopeAmbiguity': [False, True]}","['US-C2-2472', 'US-C2-3157', 'US-C2-4107', 'US-C6-10751', 'US-C6-11049']","['C2', 'C2', 'C2', 'C6', 'C6']","['P1', 'P3', 'P5', 'P2', 'P3']"
"as a nurse, i need to process medical information so that i can ensure compliance",2,"{'SemanticAmbiguity': [True, False], 'DependencyAmbiguity': [True, False]}","['US-C2-2394', 'US-C6-11278']","['C2', 'C6']","['P1', 'P4']"
"as a nurse, i need to process medical information so that i can reduce errors",2,"{'SemanticAmbiguity': [False, True], 'ScopeAmbiguity': [True, False]}","['US-C2-2855', 'US-C6-11242']","['C2', 'C6']","['P2', 'P4']"
"as a nurse, i need to update system so that i can ensure compliance",3,"{'ScopeAmbiguity': [False, True]}","['US-C2-2775', 'US-C6-10749', 'US-C6-11014']","['C2', 'C6', 'C6']","['P2', 'P2', 'P3']"
"as a nurse, i need to update system so that i can save time",4,"{'SemanticAmbiguity': [True, False], 'ScopeAmbiguity': [True, False]}","['US-C2-2542', 'US-C2-2722', 'US-C6-10649', 'US-C6-11046']","['C2', 'C2', 'C6', 'C6']","['P1', 'P2', 'P1', 'P3']"
"as a nurse, i want to access records in order to enhance safety",5,"{'SemanticAmbiguity': [True, False], 'ScopeAmbiguity': [False, True]}","['US-C2-2743', 'US-C2-3116', 'US-C2-3153', 'US-C6-10797', 'US-C6-11024']","['C2', 'C2', 'C2', 'C6', 'C6']","['P2', 'P3', 'P3', 'P2', 'P3']"
"as a nurse, i want to access records in order to ensure compliance",2,"{'SemanticAmbiguity': [True, False], 'ScopeAmbiguity': [False, True], 'AcceptanceAmbiguity': [False, True]}","['US-C2-2938', 'US-C2-3294']","['C2', 'C2']","['P2', 'P3']"
"as a nurse, i want to access records in order to improve patient care",4,"{'SemanticAmbiguity': [True, False], 'ScopeAmbiguity': [False, True]}","['US-C2-2426', 'US-C2-2594', 'US-C2-3228', 'US-C2-3255']","['C2', 'C2', 'C2', 'C2']","['P1', 'P1', 'P3', 'P3']"
"as a nurse, i want to access records in order to reduce errors",2,"{'SemanticAmbiguity': [False, True], 'ScopeAmbiguity': [True, False]}","['US-C2-2400', 'US-C2-2447']","['C2', 'C2']","['P1', 'P1']"
"as a nurse, i want to access records so that i can reduce errors",3,"{'SemanticAmbiguity': [True, False], 'ScopeAmbiguity': [False, True]}","['US-C2-3554', 'US-C2-3563', 'US-C2-4091']","['C2', 'C2', 'C2']","['P4', 'P4', 'P5']"
"as a nurse, i want to access records so that i can save time",3,"{'ScopeAmbiguity': [True, False]}","['US-C2-2837', 'US-C2-3509', 'US-C6-10619']","['C2', 'C2', 'C6']","['P2', 'P4', 'P1']"
"as a nurse, i want to handle patient care in order to enhance safety",4,"{'SemanticAmbiguity': [True, False], 'ScopeAmbiguity': [False, True]}","['US-C2-2369', 'US-C2-2388', 'US-C2-3297', 'US-C2-4025']","['C2', 'C2', 'C2', 'C2']","['P1', 'P1', 'P3', 'P5']"
"as a nurse, i want to handle patient care in order to ensure compliance",2,"{'SemanticAmbiguity': [False, True], 'ScopeAmbiguity': [True, False], 'AcceptanceAmbiguity': [True, False]}","['US-C2-2545', 'US-C6-11249']","['C2', 'C6']","['P1', 'P4']"
"as a nurse, i want to handle patient care in order to improve patient care",3,"{'SemanticAmbiguity': [True, False], 'ScopeAmbiguity': [False, True]}","['US-C2-3266', 'US-C2-3607', 'US-C6-10586']","['C2', 'C2', 'C6']","['P3', 'P4', 'P1']"
"as a nurse, i want to handle patient care so i can ensure compliance",2,"{'ScopeAmbiguity': [True, False]}","['US-C2-3594', 'US-C2-3864']","['C2', 'C2']","['P4', 'P5']"
"as a nurse, i want to handle patient care so that i can reduce errors",2,"{'SemanticAmbiguity': [False, True], 'ScopeAmbiguity': [True, False]}","['US-C2-3686', 'US-C6-11250']","['C2', 'C6']","['P4', 'P4']"
"as a nurse, i want to handle patient care so that i can save time",2,"{'SemanticAmbiguity': [False, True], 'ScopeAmbiguity': [True, False]}","['US-C2-2538', 'US-C2-2592']","['C2', 'C2']","['P1', 'P1']"
"as a nurse, i want to manage health data in order to enhance safety",3,"{'ScopeAmbiguity': [False, True]}","['US-C2-3518', 'US-C6-10796', 'US-C6-11189']","['C2', 'C6', 'C6']","['P4', 'P2', 'P4']"
"as a nurse, i want to manage health data in order to ensure compliance",3,"{'ScopeAmbiguity': [False, True], 'AcceptanceAmbiguity': [False, True]}","['US-C2-3123', 'US-C2-3318', 'US-C2-3911']","['C2', 'C2', 'C2']","['P3', 'P3', 'P5']"
"as a nurse, i want to manage health data in order to improve patient care",3,"{'SemanticAmbiguity': [False, True], 'ScopeAmbiguity': [True, False]}","['US-C2-3487', 'US-C6-10613', 'US-C6-10772']","['C2', 'C6', 'C6']","['P4', 'P1', 'P2']"
"as a nurse, i want to manage health data in order to save time",2,"{'SemanticAmbiguity': [False, True], 'AcceptanceAmbiguity': [False, True]}","['US-C2-3665', 'US-C2-4109']","['C2', 'C2']","['P4', 'P5']"
"as a nurse, i want to manage health data so that i can enhance safety",4,"{'ScopeAmbiguity': [False, True]}","['US-C2-2474', 'US-C2-2829', 'US-C2-3913', 'US-C6-11215']","['C2', 'C2', 'C2', 'C6']","['P1', 'P2', 'P5', 'P4']"
"as a nurse, i want to manage health data so that i can improve patient care",2,"{'SemanticAmbiguity': [True, False], 'ScopeAmbiguity': [False, True], 'DependencyAmbiguity': [False, True]}","['US-C2-2565', 'US-C2-3940']","['C2', 'C2']","['P1', 'P5']"
"as a nurse, i want to process medical information in order to improve patient care",4,"{'DependencyAmbiguity': [False, True]}","['US-C2-2433', 'US-C2-2574', 'US-C2-2889', 'US-C2-3871']","['C2', 'C2', 'C2', 'C2']","['P1', 'P1', 'P2', 'P5']"
"as a nurse, i want to process medical information in order to reduce errors",2,"{'SemanticAmbiguity': [False, True]}","['US-C2-2464', 'US-C6-10756']","['C2', 'C6']","['P1', 'P2']"
"as a nurse, i want to process medical information in order to save time",3,"{'SemanticAmbiguity': [True, False], 'ScopeAmbiguity': [False, True]}","['US-C2-3278', 'US-C2-4007', 'US-C6-11054']","['C2', 'C2', 'C6']","['P3', 'P5', 'P3']"
"as a nurse, i want to process medical information in order to save time with detailed specifications and comprehensive requirements",2,"{'SemanticAmbiguity': [True, False], 'ScopeAmbiguity': [False, True]}","['US-C2-2365', 'US-C2-3130']","['C2', 'C2']","['P1', 'P3']"
"as a nurse, i want to process medical information so that i can reduce errors with detailed specifications and comprehensive requirements",2,"{'ScopeAmbiguity': [True, False]}","['US-C2-2793', 'US-C6-10753']","['C2', 'C6']","['P2', 'P2']"
"as a nurse, i want to schedule appointment in order to enhance safety",3,"{'HasAmbiguity': [True, False], 'AcceptanceAmbiguity': [True, False]}","['US-C2-2876', 'US-C2-3364', 'US-C2-3848']","['C2', 'C2', 'C2']","['P2', 'P3', 'P4']"
"as a nurse, i want to schedule appointment in order to save time",3,"{'HasAmbiguity': [True, False], 'AcceptanceAmbiguity': [True, False]}","['US-C2-2780', 'US-C2-4120', 'US-C6-11306']","['C2', 'C2', 'C6']","['P2', 'P5', 'P4']"
"as a nurse, i want to update system in order to enhance safety",7,"{'ScopeAmbiguity': [False, True], 'AcceptanceAmbiguity': [False, True]}","['US-C2-2842', 'US-C2-3098', 'US-C2-3107', 'US-C2-3669', 'US-C2-3958', 'US-C6-10615', 'US-C6-11171']","['C2', 'C2', 'C2', 'C2', 'C2', 'C6', 'C6']","['P2', 'P3', 'P3', 'P4', 'P5', 'P1', 'P4']"
"as a nurse, i want to update system in order to save time",2,"{'SemanticAmbiguity': [True, False]}","['US-C2-3210', 'US-C6-10588']","['C2', 'C6']","['P3', 'P1']"
"as a nurse, i want to update system so that i can reduce errors",2,"{'SemanticAmbiguity': [False, True]}","['US-C2-2774', 'US-C2-4033']","['C2', 'C2']","['P2', 'P5']"
"as a nurse, i would like to access records to improve patient care",4,"{'ScopeAmbiguity': [False, True]}","['US-C2-2914', 'US-C6-10605', 'US-C6-10807', 'US-C6-11065']","['C2', 'C6', 'C6', 'C6']","['P2', 'P1', 'P2', 'P3']"
"as a nurse, i would like to access records to save time",3,"{'SemanticAmbiguity': [False, True], 'ScopeAmbiguity': [True, False]}","['US-C2-3282', 'US-C2-3308', 'US-C2-3719']","['C2', 'C2', 'C2']","['P3', 'P3', 'P4']"
"as a nurse, i would like to generate lab report to reduce errors with detailed specifications and comprehensive requirements",2,"{'HasAmbiguity': [False, True], 'DependencyAmbiguity': [False, True]}","['US-C2-3047', 'US-C2-3731']","['C2', 'C2']","['P2', 'P4']"
"as a nurse, i would like to handle patient care to enhance safety",2,"{'SemanticAmbiguity': [False, True]}","['US-C2-2860', 'US-C6-11042']","['C2', 'C6']","['P2', 'P3']"
"as a nurse, i would like to handle patient care to ensure compliance",4,"{'SemanticAmbiguity': [True, False], 'ScopeAmbiguity': [False, True]}","['US-C2-2777', 'US-C2-3141', 'US-C2-3159', 'US-C6-11211']","['C2', 'C2', 'C2', 'C6']","['P2', 'P3', 'P3', 'P4']"
"as a nurse, i would like to handle patient care to improve patient care",3,"{'SemanticAmbiguity': [False, True], 'ScopeAmbiguity': [True, False]}","['US-C6-10635', 'US-C6-10837', 'US-C6-11283']","['C6', 'C6', 'C6']","['P1', 'P2', 'P4']"
"as a nurse, i would like to handle patient care to reduce errors",2,"{'SemanticAmbiguity': [False, True]}","['US-C6-11231', 'US-C6-11262']","['C6', 'C6']","['P4', 'P4']"
"as a nurse, i would like to manage health data to enhance safety",2,"{'SemanticAmbiguity': [False, True], 'ScopeAmbiguity': [True, False]}","['US-C2-2894', 'US-C2-3327']","['C2', 'C2']","['P2', 'P3']"
"as a nurse, i would like to manage health data to save time",3,"{'SemanticAmbiguity': [True, False], 'ScopeAmbiguity': [False, True], 'DependencyAmbiguity': [False, True]}","['US-C2-2385', 'US-C2-3182', 'US-C2-3510']","['C2', 'C2', 'C2']","['P1', 'P3', 'P4']"
"as a nurse, i would like to prescribe medication to save time",3,"{'HasAmbiguity': [False, True], 'AcceptanceAmbiguity': [False, True]}","['US-C2-2703', 'US-C6-10824', 'US-C6-11147']","['C2', 'C6', 'C6']","['P1', 'P2', 'P3']"
"as a nurse, i would like to process medical information to enhance safety",5,"{'ScopeAmbiguity': [False, True]}","['US-C2-2553', 'US-C2-3549', 'US-C2-3564', 'US-C2-3923', 'US-C2-3980']","['C2', 'C2', 'C2', 'C2', 'C2']","['P1', 'P4', 'P4', 'P5', 'P5']"
"as a nurse, i would like to process medical information to reduce errors",2,"{'SemanticAmbiguity': [False, True], 'ScopeAmbiguity': [True, False]}","['US-C2-2905', 'US-C2-3530']","['C2', 'C2']","['P2', 'P4']"
"as a nurse, i would like to process medical information to save time",2,"{'ScopeAmbiguity': [True, False]}","['US-C2-3134', 'US-C2-3488']","['C2', 'C2']","['P3', 'P4']"
"as a nurse, i would like to update system to reduce errors",3,"{'SemanticAmbiguity': [True, False], 'ScopeAmbiguity': [False, True]}","['US-C2-3183', 'US-C2-3685', 'US-C2-3709']","['C2', 'C2', 'C2']","['P3', 'P4', 'P4']"
"as a patient, i need to access records so that i can reduce errors",2,"{'ScopeAmbiguity': [True, False]}","['US-C2-3652', 'US-C6-10564']","['C2', 'C6']","['P4', 'P1']"
"as a patient, i need to handle patient care so that i can reduce errors",2,"{'ScopeAmbiguity': [False, True]}","['US-C2-3896', 'US-C6-10968']","['C2', 'C6']","['P5', 'P3']"
"as a patient, i need to manage health data so that i can ensure compliance",2,"{'SemanticAmbiguity': [True, False], 'ScopeAmbiguity': [False, True], 'DependencyAmbiguity': [False, True]}","['US-C2-2756', 'US-C6-10794']","['C2', 'C6']","['P2', 'P2']"
"as a patient, i need to manage health data so that i can improve patient care",6,"{'SemanticAmbiguity': [True, False], 'ScopeAmbiguity': [False, True]}","['US-C2-2480', 'US-C2-2552', 'US-C2-2751', 'US-C2-3160', 'US-C2-3559', 'US-C2-3606']","['C2', 'C2', 'C2', 'C2', 'C2', 'C2']","['P1', 'P1', 'P2', 'P3', 'P4', 'P4']"
"as a patient, i need to manage health data so that i can reduce errors",4,"{'SemanticAmbiguity': [True, False], 'ScopeAmbiguity': [False, True]}","['US-C2-2488', 'US-C2-2854', 'US-C6-11270', 'US-C6-11282']","['C2', 'C2', 'C6', 'C6']","['P1', 'P2', 'P4', 'P4']"
"as a patient, i need to process medical information so that i can enhance safety with detailed specifications and comprehensive requirements",2,"{'ScopeAmbiguity': [False, True]}","['US-C2-2946', 'US-C2-3526']","['C2', 'C2']","['P2', 'P4']"
"as a patient, i need to process medical information so that i can improve patient care",3,"{'SemanticAmbiguity': [True, False], 'ScopeAmbiguity': [False, True]}","['US-C2-2801', 'US-C2-3264', 'US-C6-10841']","['C2', 'C2', 'C6']","['P2', 'P3', 'P2']"
"as a patient, i need to process medical information so that i can reduce errors with detailed specifications and comprehensive requirements",2,"{'ScopeAmbiguity': [True, False]}","['US-C2-2891', 'US-C6-10752']","['C2', 'C6']","['P2', 'P2']"
"as a patient, i need to update system so that i can ensure compliance",2,"{'ScopeAmbiguity': [False, True]}","['US-C2-2566', 'US-C6-11036']","['C2', 'C6']","['P1', 'P3']"
"as a patient, i need to update system so that i can save time",3,"{'SemanticAmbiguity': [False, True]}","['US-C2-3206', 'US-C6-10621', 'US-C6-10870']","['C2', 'C6', 'C6']","['P3', 'P1', 'P2']"
"as a patient, i want to access records in order to improve patient care",2,"{'SemanticAmbiguity': [False, True]}","['US-C2-3934', 'US-C6-10805']","['C2', 'C6']","['P5', 'P2']"
"as a patient, i want to handle patient care in order to ensure compliance",3,"{'ScopeAmbiguity': [True, False]}","['US-C2-3233', 'US-C2-3284', 'US-C2-4110']","['C2', 'C2', 'C2']","['P3', 'P3', 'P5']"
"as a patient, i want to handle patient care in order to ensure compliance with detailed specifications and comprehensive requirements",2,"{'ScopeAmbiguity': [False, True]}","['US-C2-2926', 'US-C6-10567']","['C2', 'C6']","['P2', 'P1']"
"as a patient, i want to handle patient care so that i can improve patient care",2,"{'ScopeAmbiguity': [False, True]}","['US-C2-2838', 'US-C2-4105']","['C2', 'C2']","['P2', 'P5']"
"as a patient, i want to manage health data in order to ensure compliance",3,"{'SemanticAmbiguity': [False, True], 'ScopeAmbiguity': [True, False]}","['US-C2-2510', 'US-C6-10630', 'US-C6-10654']","['C2', 'C6', 'C6']","['P1', 'P1', 'P1']"
"as a patient, i want to manage health data in order to improve patient care",2,"{'ScopeAmbiguity': [False, True]}","['US-C2-2919', 'US-C6-10637']","['C2', 'C6']","['P2', 'P1']"
"as a patient, i want to manage health data in order to reduce errors",2,"{'ScopeAmbiguity': [False, True], 'DependencyAmbiguity': [False, True]}","['US-C2-2823', 'US-C2-3706']","['C2', 'C2']","['P2', 'P4']"
"as a patient, i want to manage health data so that i can improve patient care",4,"{'ScopeAmbiguity': [True, False]}","['US-C2-2754', 'US-C2-2920', 'US-C2-3154', 'US-C2-3666']","['C2', 'C2', 'C2', 'C2']","['P2', 'P2', 'P3', 'P4']"
"as a patient, i want to manage health data so that i can reduce errors",5,"{'ScopeAmbiguity': [False, True]}","['US-C2-2376', 'US-C2-3878', 'US-C2-4011', 'US-C6-11022', 'US-C6-11057']","['C2', 'C2', 'C2', 'C6', 'C6']","['P1', 'P5', 'P5', 'P3', 'P3']"
"as a patient, i want to prescribe medication in order to save time",2,"{'HasAmbiguity': [False, True], 'DependencyAmbiguity': [False, True]}","['US-C2-4119', 'US-C6-10540']","['C2', 'C6']","['P5', 'P1']"
"as a patient, i want to process medical information in order to enhance safety",3,"{'SemanticAmbiguity': [False, True], 'ScopeAmbiguity': [True, False]}","['US-C2-2534', 'US-C6-10664', 'US-C6-10750']","['C2', 'C6', 'C6']","['P1', 'P1', 'P2']"
"as a patient, i want to process medical information in order to improve patient care",5,"{'SemanticAmbiguity': [True, False], 'ScopeAmbiguity': [False, True]}","['US-C2-3332', 'US-C2-3967', 'US-C2-4050', 'US-C2-4102', 'US-C6-11280']","['C2', 'C2', 'C2', 'C2', 'C6']","['P3', 'P5', 'P5', 'P5', 'P4']"
"as a patient, i want to process medical information in order to reduce errors",3,"{'ScopeAmbiguity': [True, False]}","['US-C2-2862', 'US-C2-3099', 'US-C2-3120']","['C2', 'C2', 'C2']","['P2', 'P3', 'P3']"
"as a patient, i want to process medical information so that i can ensure compliance",2,"{'SemanticAmbiguity': [True, False], 'ScopeAmbiguity': [False, True]}","['US-C2-2858', 'US-C2-2908']","['C2', 'C2']","['P2', 'P2']"
"as a patient, i want to process medical information so that i can improve patient care",3,"{'SemanticAmbiguity': [False, True], 'ScopeAmbiguity': [True, False]}","['US-C2-2479', 'US-C2-3679', 'US-C6-10652']","['C2', 'C2', 'C6']","['P1', 'P4', 'P1']"
"as a patient, i want to update system in order to improve patient care",2,"{'SemanticAmbiguity': [True, False]}","['US-C2-3529', 'US-C2-4008']","['C2', 'C2']","['P4', 'P5']"
"as a patient, i want to update system in order to save time",3,"{'SemanticAmbiguity': [True, False], 'ScopeAmbiguity': [False, True]}","['US-C2-2904', 'US-C2-3688', 'US-C6-10550']","['C2', 'C2', 'C6']","['P2', 'P4', 'P1']"
"as a patient, i want to update system so that i can reduce errors",3,"{'ScopeAmbiguity': [False, True]}","['US-C2-2520', 'US-C2-2789', 'US-C2-2918']","['C2', 'C2', 'C2']","['P1', 'P2', 'P2']"
"as a patient, i would like to access records to ensure compliance",6,"{'ScopeAmbiguity': [False, True]}","['US-C2-2506', 'US-C2-2753', 'US-C2-3152', 'US-C2-3937', 'US-C2-4044', 'US-C6-10798']","['C2', 'C2', 'C2', 'C2', 'C2', 'C6']","['P1', 'P2', 'P3', 'P5', 'P5', 'P2']"
"as a patient, i would like to handle patient care to enhance safety",4,"{'SemanticAmbiguity': [True, False], 'ScopeAmbiguity': [True, False]}","['US-C2-2748', 'US-C2-2827', 'US-C2-4092', 'US-C6-10627']","['C2', 'C2', 'C2', 'C6']","['P2', 'P2', 'P5', 'P1']"
"as a patient, i would like to handle patient care to ensure compliance",2,"{'AcceptanceAmbiguity': [False, True]}","['US-C6-10659', 'US-C6-10801']","['C6', 'C6']","['P1', 'P2']"
"as a patient, i would like to manage health data to ensure compliance",2,"{'SemanticAmbiguity': [False, True]}","['US-C2-2392', 'US-C2-2760']","['C2', 'C2']","['P1', 'P2']"
"as a patient, i would like to process medical information to enhance safety",3,"{'ScopeAmbiguity': [False, True]}","['US-C2-2771', 'US-C6-10840', 'US-C6-10868']","['C2', 'C6', 'C6']","['P2', 'P2', 'P2']"
"as a patient, i would like to process medical information to reduce errors",4,"{'ScopeAmbiguity': [False, True], 'AcceptanceAmbiguity': [False, True]}","['US-C2-3601', 'US-C2-3695', 'US-C2-4101', 'US-C6-10833']","['C2', 'C2', 'C2', 'C6']","['P4', 'P4', 'P5', 'P2']"
"as a patient, i would like to process medical information to save time with detailed specifications and comprehensive requirements",3,"{'SemanticAmbiguity': [False, True], 'ScopeAmbiguity': [True, False]}","['US-C6-10554', 'US-C6-10962', 'US-C6-11177']","['C6', 'C6', 'C6']","['P1', 'P3', 'P4']"
"as a patient, i would like to update system to reduce errors",3,"{'SemanticAmbiguity': [False, True], 'ScopeAmbiguity': [True, False], 'AcceptanceAmbiguity': [False, True]}","['US-C2-2759', 'US-C2-3186', 'US-C6-10827']","['C2', 'C2', 'C6']","['P2', 'P3', 'P2']"
"as a plant manager, i need to process data so that i can reduce downtime",2,"{'DependencyAmbiguity': [True, False]}","['US-C8-12549', 'US-C8-12752']","['C8', 'C8']","['P1', 'P3']"
"as a quality inspector, i would like to handle quality control to maintain safety",2,"{'SemanticAmbiguity': [True, False], 'ScopeAmbiguity': [False, True]}","['US-C8-12552', 'US-C8-12744']","['C8', 'C8']","['P1', 'P3']"
"as a seller, i need to process payments so that i have better save money",2,"{'SemanticAmbiguity': [True, False], 'ScopeAmbiguity': [False, True]}","['US-C3-5153', 'US-C3-5488']","['C3', 'C3']","['P4', 'P5']"
"as a seller, i need to search products so i can complete purchase",3,"{'HasAmbiguity': [False, True], 'DependencyAmbiguity': [False, True]}","['US-C3-4939', 'US-C3-5798', 'US-C7-12381']","['C3', 'C3', 'C7']","['P3', 'P6', 'P5']"
"as a seller, i need to search products so that i can save money",4,"{'HasAmbiguity': [False, True], 'DependencyAmbiguity': [False, True]}","['US-C3-4604', 'US-C3-4659', 'US-C3-4855', 'US-C3-6066']","['C3', 'C3', 'C3', 'C3']","['P2', 'P2', 'P3', 'P6']"
"as a seller, i want to access dashboard so that i can track delivery",2,"{'SemanticAmbiguity': [True, False], 'ScopeAmbiguity': [False, True]}","['US-C3-4865', 'US-C3-6710']","['C3', 'C3']","['P3', 'P9']"
"as a seller, i want to handle orders so that i can complete purchase",2,"{'SemanticAmbiguity': [True, False], 'ScopeAmbiguity': [False, True]}","['US-C3-4268', 'US-C3-5777']","['C3', 'C3']","['P1', 'P6']"
"as a seller, i want to leave review so that i can save money",3,"{'HasAmbiguity': [True, False], 'DependencyAmbiguity': [True, False]}","['US-C3-4258', 'US-C3-4397', 'US-C3-6305']","['C3', 'C3', 'C3']","['P1', 'P1', 'P7']"
"as a seller, i want to search products in order to make informed decisions",3,"{'HasAmbiguity': [False, True], 'DependencyAmbiguity': [False, True]}","['US-C3-5972', 'US-C3-6075', 'US-C3-6781']","['C3', 'C3', 'C3']","['P6', 'P7', 'P9']"
"as a seller, i would like to add to cart to track delivery",4,"{'HasAmbiguity': [True, False], 'DependencyAmbiguity': [True, False]}","['US-C3-4270', 'US-C3-6759', 'US-C7-11513', 'US-C7-11974']","['C3', 'C3', 'C7', 'C7']","['P1', 'P9', 'P1', 'P3']"
"as a seller, i would like to process payments to find desired items",3,"{'SemanticAmbiguity': [True, False], 'AcceptanceAmbiguity': [False, True]}","['US-C3-4549', 'US-C3-5180', 'US-C3-6098']","['C3', 'C3', 'C3']","['P2', 'P4', 'P7']"
"as a service representative, i need to handle network issues so that i can avoid overage charges",3,"{'SemanticAmbiguity': [True, False], 'ScopeAmbiguity': [False, True], 'DependencyAmbiguity': [False, True]}","['US-C4-7573', 'US-C4-7876', 'US-C4-8139']","['C4', 'C4', 'C4']","['P3', 'P4', 'P5']"
"as a service representative, i need to manage service so that i can reduce costs",2,"{'SemanticAmbiguity': [False, True], 'ScopeAmbiguity': [True, False], 'DependencyAmbiguity': [True, False]}","['US-C4-7901', 'US-C4-8419']","['C4', 'C4']","['P4', 'P6']"
"as a service representative, i need to update configuration so that i can resolve issues",2,"{'SemanticAmbiguity': [False, True], 'ScopeAmbiguity': [True, False]}","['US-C4-7090', 'US-C4-7388']","['C4', 'C4']","['P1', 'P2']"
"as a service representative, i want to access tools in order to maintain connectivity",2,"{'ScopeAmbiguity': [True, False]}","['US-C4-7116', 'US-C4-8731']","['C4', 'C4']","['P1', 'P7']"
"as a service representative, i want to access tools in order to optimize performance",2,"{'ScopeAmbiguity': [False, True]}","['US-C4-7040', 'US-C4-8735']","['C4', 'C4']","['P1', 'P7']"
"as a service representative, i want to access tools in order to resolve issues",2,"{'SemanticAmbiguity': [False, True], 'ScopeAmbiguity': [True, False], 'AcceptanceAmbiguity': [True, False]}","['US-C4-7667', 'US-C4-8446']","['C4', 'C4']","['P3', 'P6']"
"as a service representative, i want to check data usage in order to resolve issues",2,"{'HasAmbiguity': [True, False], 'DependencyAmbiguity': [True, False]}","['US-C4-7608', 'US-C4-8868']","['C4', 'C4']","['P3', 'P7']"
"as a service representative, i want to check data usage so that i can avoid overage charges",3,"{'HasAmbiguity': [True, False], 'DependencyAmbiguity': [True, False]}","['US-C4-8717', 'US-C4-8846', 'US-C4-8848']","['C4', 'C4', 'C4']","['P7', 'P7', 'P7']"
"as a service representative, i want to handle network issues in order to avoid overage charges",2,"{'ScopeAmbiguity': [True, False], 'AcceptanceAmbiguity': [True, False]}","['US-C4-7045', 'US-C4-7918']","['C4', 'C4']","['P1', 'P4']"
"as a service representative, i want to manage service in order to maintain connectivity",2,"{'AcceptanceAmbiguity': [False, True]}","['US-C4-8202', 'US-C4-8526']","['C4', 'C4']","['P5', 'P6']"
"as a service representative, i want to troubleshoot connection in order to avoid overage charges",2,"{'HasAmbiguity': [False, True], 'DependencyAmbiguity': [False, True]}","['US-C4-7189', 'US-C4-7344']","['C4', 'C4']","['P1', 'P2']"
"as a service representative, i want to update configuration in order to reduce costs",5,"{'SemanticAmbiguity': [True, False], 'ScopeAmbiguity': [False, True]}","['US-C4-7022', 'US-C4-7346', 'US-C4-7927', 'US-C4-8211', 'US-C4-8463']","['C4', 'C4', 'C4', 'C4', 'C4']","['P1', 'P2', 'P4', 'P5', 'P6']"
"as a service representative, i want to upgrade plan in order to optimize performance",3,"{'HasAmbiguity': [False, True], 'AcceptanceAmbiguity': [False, True]}","['US-C4-7133', 'US-C4-7226', 'US-C4-7945']","['C4', 'C4', 'C4']","['P1', 'P1', 'P4']"
"as a service representative, i would like to access tools to reduce costs",3,"{'ScopeAmbiguity': [False, True], 'DependencyAmbiguity': [False, True]}","['US-C4-7104', 'US-C4-7115', 'US-C4-8157']","['C4', 'C4', 'C4']","['P1', 'P1', 'P5']"
"as a service representative, i would like to handle network issues to optimize performance",2,"{'ScopeAmbiguity': [False, True]}","['US-C4-7001', 'US-C4-7391']","['C4', 'C4']","['P1', 'P2']"
"as a service representative, i would like to manage service to avoid overage charges",4,"{'SemanticAmbiguity': [True, False], 'ScopeAmbiguity': [False, True], 'DependencyAmbiguity': [False, True]}","['US-C4-8491', 'US-C4-8497', 'US-C4-8502', 'US-C4-8806']","['C4', 'C4', 'C4', 'C4']","['P6', 'P6', 'P6', 'P7']"
"as a service representative, i would like to manage service to resolve issues with detailed specifications and comprehensive requirements",2,"{'ScopeAmbiguity': [True, False]}","['US-C4-8424', 'US-C4-8759']","['C4', 'C4']","['P6', 'P7']"
"as a shopper, i need to handle orders so that i can find desired items",2,"{'SemanticAmbiguity': [False, True], 'ScopeAmbiguity': [True, False]}","['US-C3-5472', 'US-C3-6705']","['C3', 'C3']","['P5', 'P9']"
"as a shopper, i want to handle orders in order to complete purchase",3,"{'SemanticAmbiguity': [True, False], 'ScopeAmbiguity': [False, True]}","['US-C3-6381', 'US-C7-12284', 'US-C7-12299']","['C3', 'C7', 'C7']","['P8', 'P5', 'P5']"
"as a shopper, i want to handle orders in order to track delivery",2,"{'SemanticAmbiguity': [False, True], 'ScopeAmbiguity': [True, False], 'DependencyAmbiguity': [True, False]}","['US-C7-12063', 'US-C7-12283']","['C7', 'C7']","['P4', 'P5']"
"as a shopper, i want to search products in order to make informed decisions",7,"{'HasAmbiguity': [False, True], 'DependencyAmbiguity': [False, True]}","['US-C3-5585', 'US-C3-5708', 'US-C3-5917', 'US-C3-6125', 'US-C3-6810', 'US-C7-11482', 'US-C7-12065']","['C3', 'C3', 'C3', 'C3', 'C3', 'C7', 'C7']","['P5', 'P5', 'P6', 'P7', 'P9', 'P1', 'P4']"
"as a shopper, i want to track order in order to track delivery",8,"{'HasAmbiguity': [False, True], 'DependencyAmbiguity': [False, True]}","['US-C3-4536', 'US-C3-4877', 'US-C3-5297', 'US-C3-6221', 'US-C3-6245', 'US-C3-6343', 'US-C7-12181', 'US-C7-12183']","['C3', 'C3', 'C3', 'C3', 'C3', 'C3', 'C7', 'C7']","['P1', 'P3', 'P4', 'P7', 'P7', 'P7', 'P4', 'P4']"
"as a shopper, i want to update inventory in order to complete purchase with detailed specifications and comprehensive requirements",2,"{'SemanticAmbiguity': [False, True], 'ScopeAmbiguity': [True, False], 'DependencyAmbiguity': [True, False]}","['US-C3-4241', 'US-C7-11835']","['C3', 'C7']","['P1', 'P3']"
"as a shopper, i would like to leave review to complete purchase",11,"{'HasAmbiguity': [False, True], 'AcceptanceAmbiguity': [False, True]}","['US-C3-4731', 'US-C3-4835', 'US-C3-4890', 'US-C3-4928', 'US-C3-5397', 'US-C3-5398', 'US-C3-5825', 'US-C7-11483', 'US-C7-11799', 'US-C7-12033', 'US-C7-12413']","['C3', 'C3', 'C3', 'C3', 'C3', 'C3', 'C3', 'C7', 'C7', 'C7', 'C7']","['P2', 'P2', 'P3', 'P3', 'P4', 'P4', 'P6', 'P1', 'P2', 'P3', 'P5']"
"as a shopper, i would like to leave review to make informed decisions",3,"{'HasAmbiguity': [False, True], 'DependencyAmbiguity': [False, True]}","['US-C3-4661', 'US-C3-5158', 'US-C7-11920']","['C3', 'C3', 'C7']","['P2', 'P4', 'P3']"
"as a shopper, i would like to update inventory to track delivery",3,"{'ScopeAmbiguity': [True, False], 'AcceptanceAmbiguity': [True, False]}","['US-C3-4553', 'US-C3-4848', 'US-C3-5185']","['C3', 'C3', 'C3']","['P2', 'P3', 'P4']"
"as a store owner, i need to handle orders so that i can save money",3,"{'SemanticAmbiguity': [False, True], 'ScopeAmbiguity': [True, False]}","['US-C3-5786', 'US-C7-11843', 'US-C7-12054']","['C3', 'C7', 'C7']","['P6', 'P3', 'P4']"
"as a store owner, i want to access dashboard in order to make informed decisions",2,"{'AcceptanceAmbiguity': [True, False]}","['US-C3-5152', 'US-C3-5487']","['C3', 'C3']","['P4', 'P5']"
"as a store owner, i want to manage products in order to find desired items",2,"{'SemanticAmbiguity': [True, False], 'AcceptanceAmbiguity': [False, True]}","['US-C3-4260', 'US-C3-4566']","['C3', 'C3']","['P1', 'P2']"
"as a store owner, i want to search products in order to complete purchase",7,"{'HasAmbiguity': [False, True], 'AcceptanceAmbiguity': [False, True]}","['US-C3-4285', 'US-C3-4331', 'US-C3-4813', 'US-C3-5059', 'US-C3-5249', 'US-C3-6273', 'US-C7-11833']","['C3', 'C3', 'C3', 'C3', 'C3', 'C3', 'C7']","['P1', 'P1', 'P2', 'P3', 'P4', 'P7', 'P3']"
"as a store owner, i would like to checkout to find desired items",6,"{'HasAmbiguity': [True, False], 'AcceptanceAmbiguity': [True, False]}","['US-C3-4237', 'US-C3-5206', 'US-C3-5262', 'US-C3-5898', 'US-C3-6042', 'US-C7-11426']","['C3', 'C3', 'C3', 'C3', 'C3', 'C7']","['P1', 'P4', 'P4', 'P6', 'P6', 'P1']"
"as a store owner, i would like to handle orders to make informed decisions",2,"{'SemanticAmbiguity': [True, False]}","['US-C3-6094', 'US-C7-12303']","['C3', 'C7']","['P7', 'P5']"
"as a subscriber, i need to handle network issues so that i can avoid overage charges",2,"{'SemanticAmbiguity': [False, True], 'ScopeAmbiguity': [True, False]}","['US-C4-7663', 'US-C4-8180']","['C4', 'C4']","['P3', 'P5']"
"as a subscriber, i need to manage service so that i can resolve issues",2,"{'ScopeAmbiguity': [True, False]}","['US-C4-7060', 'US-C4-8751']","['C4', 'C4']","['P1', 'P7']"
"as a subscriber, i want to access tools in order to optimize performance",2,"{'SemanticAmbiguity': [False, True], 'ScopeAmbiguity': [True, False]}","['US-C4-7350', 'US-C4-7844']","['C4', 'C4']","['P2', 'P4']"
"as a subscriber, i want to check data usage so that i can maintain connectivity",3,"{'HasAmbiguity': [False, True], 'DependencyAmbiguity': [False, True]}","['US-C4-7414', 'US-C4-7637', 'US-C4-8366']","['C4', 'C4', 'C4']","['P2', 'P3', 'P5']"
"as a subscriber, i want to handle network issues in order to reduce costs",3,"{'ScopeAmbiguity': [False, True]}","['US-C4-7021', 'US-C4-7888', 'US-C4-8177']","['C4', 'C4', 'C4']","['P1', 'P4', 'P5']"
"as a subscriber, i want to manage service so that i can maintain connectivity",2,"{'ScopeAmbiguity': [True, False]}","['US-C4-8444', 'US-C4-8514']","['C4', 'C4']","['P6', 'P6']"
"as a subscriber, i want to manage service so that i can resolve issues",2,"{'SemanticAmbiguity': [False, True], 'ScopeAmbiguity': [True, False]}","['US-C4-7590', 'US-C4-7613']","['C4', 'C4']","['P3', 'P3']"
"as a subscriber, i want to process requests in order to avoid overage charges",2,"{'ScopeAmbiguity': [True, False]}","['US-C4-7328', 'US-C4-8716']","['C4', 'C4']","['P2', 'P7']"
"as a subscriber, i would like to access tools to avoid overage charges",2,"{'SemanticAmbiguity': [True, False], 'ScopeAmbiguity': [False, True]}","['US-C4-7035', 'US-C4-8158']","['C4', 'C4']","['P1', 'P5']"
"as a subscriber, i would like to access tools to optimize performance",3,"{'SemanticAmbiguity': [False, True], 'ScopeAmbiguity': [True, False]}","['US-C4-7006', 'US-C4-7880', 'US-C4-8464']","['C4', 'C4', 'C4']","['P1', 'P4', 'P6']"
"as a subscriber, i would like to access tools to reduce costs",2,"{'SemanticAmbiguity': [False, True], 'ScopeAmbiguity': [True, False]}","['US-C4-7276', 'US-C4-8191']","['C4', 'C4']","['P2', 'P5']"
"as a subscriber, i would like to process requests to maintain connectivity",2,"{'SemanticAmbiguity': [True, False], 'ScopeAmbiguity': [False, True], 'AcceptanceAmbiguity': [True, False], 'DependencyAmbiguity': [False, True]}","['US-C4-7577', 'US-C4-7935']","['C4', 'C4']","['P3', 'P4']"
"as a subscriber, i would like to process requests to reduce costs",2,"{'SemanticAmbiguity': [True, False], 'ScopeAmbiguity': [False, True]}","['US-C4-7653', 'US-C4-7965']","['C4', 'C4']","['P3', 'P4']"
"as a subscriber, i would like to update configuration to optimize performance",3,"{'ScopeAmbiguity': [False, True]}","['US-C4-7107', 'US-C4-7909', 'US-C4-8469']","['C4', 'C4', 'C4']","['P1', 'P4', 'P6']"
"as a technician, i need to access tools so that i can avoid overage charges",2,"{'ScopeAmbiguity': [False, True]}","['US-C4-7287', 'US-C4-8508']","['C4', 'C4']","['P2', 'P6']"
"as a technician, i need to pay bill so that i can avoid overage charges",4,"{'HasAmbiguity': [True, False], 'DependencyAmbiguity': [True, False]}","['US-C4-7114', 'US-C4-7137', 'US-C4-7148', 'US-C4-8616']","['C4', 'C4', 'C4', 'C4']","['P1', 'P1', 'P1', 'P6']"
"as a technician, i need to process requests so that i can reduce costs",2,"{'SemanticAmbiguity': [True, False], 'ScopeAmbiguity': [False, True]}","['US-C4-8222', 'US-C4-8423']","['C4', 'C4']","['P5', 'P6']"
"as a technician, i want to access tools in order to resolve issues",4,"{'ScopeAmbiguity': [True, False]}","['US-C4-7046', 'US-C4-7887', 'US-C4-7894', 'US-C4-8809']","['C4', 'C4', 'C4', 'C4']","['P1', 'P4', 'P4', 'P7']"
"as a technician, i want to access tools so i can resolve issues",2,"{'SemanticAmbiguity': [True, False], 'ScopeAmbiguity': [False, True]}","['US-C4-8439', 'US-C4-8805']","['C4', 'C4']","['P6', 'P7']"
"as a technician, i want to check data usage in order to reduce costs",5,"{'HasAmbiguity': [True, False], 'AcceptanceAmbiguity': [True, False]}","['US-C4-7885', 'US-C4-8057', 'US-C4-8327', 'US-C4-8864', 'US-C4-8931']","['C4', 'C4', 'C4', 'C4', 'C4']","['P4', 'P4', 'P5', 'P7', 'P7']"
"as a technician, i want to handle network issues in order to avoid overage charges",2,"{'SemanticAmbiguity': [False, True], 'ScopeAmbiguity': [True, False], 'DependencyAmbiguity': [True, False]}","['US-C4-7359', 'US-C4-7597']","['C4', 'C4']","['P2', 'P3']"
"as a technician, i want to manage service in order to maintain connectivity",3,"{'SemanticAmbiguity': [True, False], 'ScopeAmbiguity': [True, False]}","['US-C4-8219', 'US-C4-8410', 'US-C4-8728']","['C4', 'C4', 'C4']","['P5', 'P6', 'P7']"
"as a technician, i want to process requests in order to avoid overage charges",2,"{'SemanticAmbiguity': [True, False]}","['US-C4-8169', 'US-C4-8764']","['C4', 'C4']","['P5', 'P7']"
"as a technician, i want to report outage in order to avoid overage charges",4,"{'HasAmbiguity': [False, True], 'AcceptanceAmbiguity': [False, True]}","['US-C4-7745', 'US-C4-7804', 'US-C4-7806', 'US-C4-8510']","['C4', 'C4', 'C4', 'C4']","['P3', 'P3', 'P3', 'P6']"
"as a technician, i want to report outage so that i can maintain connectivity",3,"{'HasAmbiguity': [False, True], 'DependencyAmbiguity': [False, True]}","['US-C4-7743', 'US-C4-7797', 'US-C4-8198']","['C4', 'C4', 'C4']","['P3', 'P3', 'P5']"
"as a technician, i want to update configuration in order to reduce costs",2,"{'SemanticAmbiguity': [True, False], 'ScopeAmbiguity': [False, True]}","['US-C4-7377', 'US-C4-8769']","['C4', 'C4']","['P2', 'P7']"
"as a technician, i want to update configuration in order to resolve issues",2,"{'SemanticAmbiguity': [True, False], 'ScopeAmbiguity': [False, True]}","['US-C4-7628', 'US-C4-7933']","['C4', 'C4']","['P3', 'P4']"
"as a technician, i would like to access tools to avoid overage charges",2,"{'SemanticAmbiguity': [True, False], 'ScopeAmbiguity': [False, True]}","['US-C4-7375', 'US-C4-8516']","['C4', 'C4']","['P2', 'P6']"
"as a technician, i would like to manage service to reduce costs",2,"{'SemanticAmbiguity': [False, True], 'ScopeAmbiguity': [True, False], 'AcceptanceAmbiguity': [True, False]}","['US-C4-7351', 'US-C4-8455']","['C4', 'C4']","['P2', 'P6']"
"as a technician, i would like to update configuration to resolve issues",3,"{'SemanticAmbiguity': [True, False], 'ScopeAmbiguity': [True, False]}","['US-C4-7882', 'US-C4-8239', 'US-C4-8787']","['C4', 'C4', 'C4']","['P4', 'P5', 'P7']"
"as a user, i need to access records so that i can improve patient care",4,"{'SemanticAmbiguity': [False, True], 'ScopeAmbiguity': [True, False]}","['US-C2-2555', 'US-C2-2814', 'US-C2-3343', 'US-C6-11200']","['C2', 'C2', 'C2', 'C6']","['P1', 'P2', 'P3', 'P4']"
"as a user, i need to access tools so that i can avoid overage charges",4,"{'SemanticAmbiguity': [True, False], 'ScopeAmbiguity': [True, False], 'ActorAmbiguity': [False, True]}","['US-C4-7063', 'US-C4-8123', 'US-C4-8520', 'US-C4-8813']","['C4', 'C4', 'C4', 'C4']","['P1', 'P5', 'P6', 'P7']"
"as a user, i need to access tools so that i can maintain connectivity",2,"{'SemanticAmbiguity': [True, False], 'ScopeAmbiguity': [False, True]}","['US-C4-7099', 'US-C4-7311']","['C4', 'C4']","['P1', 'P2']"
"as a user, i need to check data usage so that i can maintain connectivity",2,"{'HasAmbiguity': [True, False], 'ActorAmbiguity': [True, False]}","['US-C4-7560', 'US-C4-8832']","['C4', 'C4']","['P3', 'P7']"
"as a user, i need to check data usage so that i can optimize performance",5,"{'HasAmbiguity': [True, False], 'ActorAmbiguity': [True, False]}","['US-C4-7067', 'US-C4-7320', 'US-C4-7942', 'US-C4-7996', 'US-C4-8579']","['C4', 'C4', 'C4', 'C4', 'C4']","['P1', 'P2', 'P4', 'P4', 'P6']"
"as a user, i need to check data usage so that i can reduce costs",2,"{'HasAmbiguity': [True, False], 'ActorAmbiguity': [True, False]}","['US-C4-7932', 'US-C4-8066']","['C4', 'C4']","['P4', 'P4']"
"as a user, i need to handle orders so i can track delivery",2,"{'SemanticAmbiguity': [False, True], 'ScopeAmbiguity': [True, False]}","['US-C3-5197', 'US-C7-11376']","['C3', 'C7']","['P4', 'P1']"
"as a user, i need to handle patient care so i can improve patient care",2,"{'SemanticAmbiguity': [False, True]}","['US-C2-2490', 'US-C2-3989']","['C2', 'C2']","['P1', 'P5']"
"as a user, i need to handle patient care so that i can enhance safety",2,"{'SemanticAmbiguity': [False, True]}","['US-C2-3172', 'US-C2-3249']","['C2', 'C2']","['P3', 'P3']"
"as a user, i need to handle patient care so that i can improve patient care",3,"{'SemanticAmbiguity': [True, False], 'ScopeAmbiguity': [False, True], 'DependencyAmbiguity': [False, True]}","['US-C2-2912', 'US-C2-3100', 'US-C2-4042']","['C2', 'C2', 'C2']","['P2', 'P3', 'P5']"
"as a user, i need to handle patient care so that i can save time",2,"{'ScopeAmbiguity': [False, True]}","['US-C2-3223', 'US-C6-11180']","['C2', 'C6']","['P3', 'P4']"
"as a user, i need to manage health data so that i can ensure compliance with detailed specifications and comprehensive requirements",2,"{'ScopeAmbiguity': [False, True]}","['US-C2-3523', 'US-C2-3605']","['C2', 'C2']","['P4', 'P4']"
"as a user, i need to manage health data so that i can improve patient care",2,"{'SemanticAmbiguity': [False, True]}","['US-C2-2471', 'US-C2-3955']","['C2', 'C2']","['P1', 'P5']"
"as a user, i need to manage service so that i can avoid overage charges",2,"{'ScopeAmbiguity': [True, False], 'ActorAmbiguity': [True, False]}","['US-C4-7639', 'US-C4-8521']","['C4', 'C4']","['P3', 'P6']"
"as a user, i need to manage service so that i can optimize performance",2,"{'SemanticAmbiguity': [True, False], 'ActorAmbiguity': [False, True]}","['US-C4-7895', 'US-C4-8418']","['C4', 'C4']","['P4', 'P6']"
"as a user, i need to pay bill so that i can maintain connectivity",2,"{'HasAmbiguity': [True, False], 'ActorAmbiguity': [True, False]}","['US-C4-8528', 'US-C4-8586']","['C4', 'C4']","['P6', 'P6']"
"as a user, i need to pay bill so that i can resolve issues",5,"{'HasAmbiguity': [True, False], 'ActorAmbiguity': [True, False]}","['US-C4-6990', 'US-C4-7326', 'US-C4-7695', 'US-C4-8373', 'US-C4-8595']","['C4', 'C4', 'C4', 'C4', 'C4']","['P1', 'P2', 'P3', 'P5', 'P6']"
"as a user, i need to process medical information so that i can enhance safety",3,"{'DependencyAmbiguity': [False, True]}","['US-C2-2879', 'US-C2-3519', 'US-C2-4034']","['C2', 'C2', 'C2']","['P2', 'P4', 'P5']"
"as a user, i need to process payments so that i can find desired items",2,"{'SemanticAmbiguity': [True, False]}","['US-C3-4873', 'US-C3-5485']","['C3', 'C3']","['P3', 'P5']"
"as a user, i need to process requests so i can maintain connectivity",2,"{'SemanticAmbiguity': [True, False], 'ScopeAmbiguity': [False, True], 'DependencyAmbiguity': [True, False]}","['US-C4-7054', 'US-C4-7630']","['C4', 'C4']","['P1', 'P3']"
"as a user, i need to process requests so that i can optimize performance",2,"{'ActorAmbiguity': [False, True]}","['US-C4-6999', 'US-C4-7103']","['C4', 'C4']","['P1', 'P1']"
"as a user, i need to report outage so that i can maintain connectivity with detailed specifications and comprehensive requirements",2,"{'HasAmbiguity': [False, True], 'ActorAmbiguity': [False, True]}","['US-C4-7243', 'US-C4-7310']","['C4', 'C4']","['P1', 'P2']"
"as a user, i need to report outage so that i can reduce costs",3,"{'HasAmbiguity': [True, False], 'ActorAmbiguity': [True, False]}","['US-C4-7008', 'US-C4-8037', 'US-C4-8318']","['C4', 'C4', 'C4']","['P1', 'P4', 'P5']"
"as a user, i need to troubleshoot connection so that i can avoid overage charges",5,"{'HasAmbiguity': [False, True], 'ActorAmbiguity': [False, True]}","['US-C4-7822', 'US-C4-7948', 'US-C4-8107', 'US-C4-8384', 'US-C4-8934']","['C4', 'C4', 'C4', 'C4', 'C4']","['P3', 'P4', 'P4', 'P5', 'P7']"
"as a user, i need to troubleshoot connection so that i can maintain connectivity",4,"{'HasAmbiguity': [False, True], 'ActorAmbiguity': [False, True]}","['US-C4-7209', 'US-C4-7450', 'US-C4-7625', 'US-C4-8640']","['C4', 'C4', 'C4', 'C4']","['P1', 'P2', 'P3', 'P6']"
"as a user, i need to troubleshoot connection so that i can optimize performance",2,"{'HasAmbiguity': [True, False], 'ActorAmbiguity': [True, False]}","['US-C4-7094', 'US-C4-7982']","['C4', 'C4']","['P1', 'P4']"
"as a user, i need to troubleshoot connection so that i can reduce costs",2,"{'HasAmbiguity': [False, True], 'ActorAmbiguity': [False, True]}","['US-C4-7803', 'US-C4-7872']","['C4', 'C4']","['P3', 'P4']"
"as a user, i need to update configuration so that i can reduce costs",3,"{'ActorAmbiguity': [True, False]}","['US-C4-7925', 'US-C4-8435', 'US-C4-8776']","['C4', 'C4', 'C4']","['P4', 'P6', 'P7']"
"as a user, i need to update configuration so that i can resolve issues",3,"{'SemanticAmbiguity': [True, False], 'ScopeAmbiguity': [False, True], 'ActorAmbiguity': [False, True]}","['US-C4-7032', 'US-C4-8192', 'US-C4-8765']","['C4', 'C4', 'C4']","['P1', 'P5', 'P7']"
"as a user, i need to update information so that i can track spending",2,"{'SemanticAmbiguity': [False, True]}","['US-C1-026', 'US-C5-9245']","['C1', 'C5']","['P1', 'P2']"
"as a user, i need to update system so that i can enhance safety",3,"{'SemanticAmbiguity': [False, True], 'ScopeAmbiguity': [True, False], 'DependencyAmbiguity': [True, False]}","['US-C2-2833', 'US-C6-10575', 'US-C6-10988']","['C2', 'C6', 'C6']","['P2', 'P1', 'P3']"
"as a user, i need to update system so that i can reduce errors",2,"{'SemanticAmbiguity': [True, False]}","['US-C2-2936', 'US-C2-3683']","['C2', 'C2']","['P2', 'P4']"
"as a user, i need to update system so that i can save time",3,"{'SemanticAmbiguity': [True, False], 'ScopeAmbiguity': [False, True]}","['US-C2-2383', 'US-C2-2927', 'US-C2-3928']","['C2', 'C2', 'C2']","['P1', 'P2', 'P5']"
"as a user, i need to upgrade plan so that i can optimize performance",3,"{'HasAmbiguity': [True, False], 'ActorAmbiguity': [True, False]}","['US-C4-8233', 'US-C4-8505', 'US-C4-8871']","['C4', 'C4', 'C4']","['P5', 'P6', 'P7']"
"as a user, i need to upgrade plan so that i have better avoid overage charges",2,"{'ActorAmbiguity': [True, False]}","['US-C4-7372', 'US-C4-8808']","['C4', 'C4']","['P2', 'P7']"
"as a user, i want to access dashboard so that i can make informed decisions",2,"{'ScopeAmbiguity': [False, True]}","['US-C3-6721', 'US-C7-11401']","['C3', 'C7']","['P9', 'P1']"
"as a user, i want to access records in order to enhance safety",4,"{'SemanticAmbiguity': [True, False], 'ScopeAmbiguity': [False, True]}","['US-C2-2834', 'US-C2-2852', 'US-C2-3626', 'US-C6-11165']","['C2', 'C2', 'C2', 'C6']","['P2', 'P2', 'P4', 'P4']"
"as a user, i want to access records in order to ensure compliance",2,"{'SemanticAmbiguity': [False, True], 'ScopeAmbiguity': [True, False], 'AcceptanceAmbiguity': [False, True]}","['US-C2-2824', 'US-C6-10809']","['C2', 'C6']","['P2', 'P2']"
"as a user, i want to access records in order to save time",5,"{'SemanticAmbiguity': [False, True], 'ScopeAmbiguity': [True, False], 'DependencyAmbiguity': [False, True]}","['US-C2-2578', 'US-C2-2588', 'US-C2-2735', 'US-C2-3602', 'US-C6-10966']","['C2', 'C2', 'C2', 'C2', 'C6']","['P1', 'P1', 'P2', 'P4', 'P3']"
"as a user, i want to access system in order to meet financial goals",3,"{'ScopeAmbiguity': [False, True]}","['US-C1-333', 'US-C5-9004', 'US-C5-9772']","['C1', 'C5', 'C5']","['P2', 'P1', 'P4']"
"as a user, i want to access system in order to track spending",3,"{'SemanticAmbiguity': [True, False]}","['US-C1-894', 'US-C5-9267', 'US-C5-9502']","['C1', 'C5', 'C5']","['P4', 'P2', 'P3']"
"as a user, i want to access tools in order to maintain connectivity",3,"{'SemanticAmbiguity': [False, True], 'ActorAmbiguity': [False, True]}","['US-C4-7285', 'US-C4-7369', 'US-C4-8476']","['C4', 'C4', 'C4']","['P2', 'P2', 'P6']"
"as a user, i want to access tools in order to optimize performance",2,"{'ScopeAmbiguity': [True, False], 'ActorAmbiguity': [True, False]}","['US-C4-7014', 'US-C4-7593']","['C4', 'C4']","['P1', 'P3']"
"as a user, i want to access tools in order to reduce costs",2,"{'SemanticAmbiguity': [False, True], 'ScopeAmbiguity': [True, False]}","['US-C4-8246', 'US-C4-8511']","['C4', 'C4']","['P5', 'P6']"
"as a user, i want to access tools so that i can avoid overage charges",2,"{'SemanticAmbiguity': [False, True], 'ScopeAmbiguity': [True, False], 'ActorAmbiguity': [True, False]}","['US-C4-6996', 'US-C4-7604']","['C4', 'C4']","['P1', 'P3']"
"as a user, i want to access tools so that i can reduce costs",2,"{'DependencyAmbiguity': [True, False]}","['US-C4-7342', 'US-C4-7558']","['C4', 'C4']","['P2', 'P3']"
"as a user, i want to check data usage in order to avoid overage charges",6,"{'HasAmbiguity': [False, True], 'ActorAmbiguity': [False, True], 'AcceptanceAmbiguity': [False, True]}","['US-C4-7127', 'US-C4-7539', 'US-C4-7951', 'US-C4-8154', 'US-C4-8451', 'US-C4-8724']","['C4', 'C4', 'C4', 'C4', 'C4', 'C4']","['P1', 'P2', 'P4', 'P5', 'P6', 'P7']"
"as a user, i want to check data usage in order to optimize performance",2,"{'HasAmbiguity': [False, True], 'ActorAmbiguity': [False, True]}","['US-C4-7401', 'US-C4-8237']","['C4', 'C4']","['P2', 'P5']"
"as a user, i want to check data usage in order to resolve issues",3,"{'HasAmbiguity': [False, True], 'ActorAmbiguity': [False, True], 'AcceptanceAmbiguity': [False, True]}","['US-C4-7987', 'US-C4-8026', 'US-C4-8763']","['C4', 'C4', 'C4']","['P4', 'P4', 'P7']"
"as a user, i want to check data usage so that i can maintain connectivity with detailed specifications and comprehensive requirements",2,"{'HasAmbiguity': [False, True], 'ActorAmbiguity': [False, True]}","['US-C4-7981', 'US-C4-8473']","['C4', 'C4']","['P4', 'P6']"
"as a user, i want to check data usage so that i can reduce costs",4,"{'HasAmbiguity': [False, True], 'ActorAmbiguity': [False, True]}","['US-C4-7718', 'US-C4-7954', 'US-C4-8609', 'US-C4-8859']","['C4', 'C4', 'C4', 'C4']","['P3', 'P4', 'P6', 'P7']"
"as a user, i want to check data usage so that i can resolve issues with detailed specifications and comprehensive requirements",2,"{'HasAmbiguity': [True, False], 'ActorAmbiguity': [True, False]}","['US-C4-7315', 'US-C4-8891']","['C4', 'C4']","['P2', 'P7']"
"as a user, i want to generate lab report so that i can improve patient care",3,"{'DependencyAmbiguity': [False, True]}","['US-C2-2414', 'US-C2-3533', 'US-C6-10792']","['C2', 'C2', 'C6']","['P1', 'P4', 'P2']"
"as a user, i want to handle network issues in order to optimize performance",2,"{'SemanticAmbiguity': [False, True], 'ScopeAmbiguity': [True, False]}","['US-C4-7624', 'US-C4-8179']","['C4', 'C4']","['P3', 'P5']"
"as a user, i want to handle network issues in order to reduce costs",3,"{'ScopeAmbiguity': [False, True], 'ActorAmbiguity': [True, False]}","['US-C4-7562', 'US-C4-7600', 'US-C4-7891']","['C4', 'C4', 'C4']","['P3', 'P3', 'P4']"
"as a user, i want to handle network issues in order to resolve issues",2,"{'ScopeAmbiguity': [True, False], 'ActorAmbiguity': [True, False]}","['US-C4-7682', 'US-C4-8492']","['C4', 'C4']","['P3', 'P6']"
"as a user, i want to handle network issues so i can resolve issues",2,"{'ActorAmbiguity': [True, False]}","['US-C4-8507', 'US-C4-8742']","['C4', 'C4']","['P6', 'P7']"
"as a user, i want to handle network issues so that i can maintain connectivity",3,"{'SemanticAmbiguity': [True, False], 'ScopeAmbiguity': [False, True], 'ActorAmbiguity': [False, True]}","['US-C4-7024', 'US-C4-7626', 'US-C4-8189']","['C4', 'C4', 'C4']","['P1', 'P3', 'P5']"
"as a user, i want to handle patient care in order to enhance safety",3,"{'SemanticAmbiguity': [True, False], 'ScopeAmbiguity': [True, False], 'AcceptanceAmbiguity': [False, True]}","['US-C2-2783', 'US-C2-3515', 'US-C2-3663']","['C2', 'C2', 'C2']","['P2', 'P4', 'P4']"
"as a user, i want to handle patient care in order to reduce errors",4,"{'SemanticAmbiguity': [True, False], 'ScopeAmbiguity': [True, False], 'AcceptanceAmbiguity': [False, True]}","['US-C2-3175', 'US-C2-3498', 'US-C2-3680', 'US-C2-3895']","['C2', 'C2', 'C2', 'C2']","['P3', 'P4', 'P4', 'P5']"
"as a user, i want to handle patient care so i can ensure compliance",2,"{'ScopeAmbiguity': [True, False]}","['US-C2-2536', 'US-C2-2906']","['C2', 'C2']","['P1', 'P2']"
"as a user, i want to handle patient care so that i can ensure compliance",2,"{'SemanticAmbiguity': [False, True], 'ScopeAmbiguity': [True, False]}","['US-C2-3885', 'US-C6-10757']","['C2', 'C6']","['P5', 'P2']"
"as a user, i want to manage account in order to comply with regulations",3,"{'SemanticAmbiguity': [True, False], 'ScopeAmbiguity': [True, False]}","['US-C1-887', 'US-C5-9562', 'US-C5-9819']","['C1', 'C5', 'C5']","['P4', 'P3', 'P4']"
"as a user, i want to manage health data in order to reduce errors",3,"{'SemanticAmbiguity': [True, False], 'ScopeAmbiguity': [False, True]}","['US-C2-2820', 'US-C2-3124', 'US-C6-11232']","['C2', 'C2', 'C6']","['P2', 'P3', 'P4']"
"as a user, i want to manage health data in order to save time",3,"{'SemanticAmbiguity': [False, True], 'ScopeAmbiguity': [True, False]}","['US-C2-2859', 'US-C2-3263', 'US-C2-3997']","['C2', 'C2', 'C2']","['P2', 'P3', 'P5']"
"as a user, i want to manage health data so that i can reduce errors",3,"{'SemanticAmbiguity': [False, True], 'ScopeAmbiguity': [True, False]}","['US-C2-3166', 'US-C2-3653', 'US-C6-11003']","['C2', 'C2', 'C6']","['P3', 'P4', 'P3']"
"as a user, i want to manage service in order to maintain connectivity",3,"{'ScopeAmbiguity': [False, True]}","['US-C4-7645', 'US-C4-8480', 'US-C4-8486']","['C4', 'C4', 'C4']","['P3', 'P6', 'P6']"
"as a user, i want to manage service so that i can optimize performance",2,"{'ScopeAmbiguity': [False, True]}","['US-C4-7020', 'US-C4-8760']","['C4', 'C4']","['P1', 'P7']"
"as a user, i want to manage service so that i can reduce costs",3,"{'ActorAmbiguity': [True, False]}","['US-C4-7295', 'US-C4-8746', 'US-C4-8812']","['C4', 'C4', 'C4']","['P2', 'P7', 'P7']"
"as a user, i want to manage service so that i can resolve issues",2,"{'ActorAmbiguity': [True, False]}","['US-C4-7306', 'US-C4-8689']","['C4', 'C4']","['P2', 'P7']"
"as a user, i want to pay bill in order to maintain connectivity",4,"{'HasAmbiguity': [True, False], 'ActorAmbiguity': [True, False]}","['US-C4-7282', 'US-C4-7588', 'US-C4-8063', 'US-C4-8958']","['C4', 'C4', 'C4', 'C4']","['P2', 'P3', 'P4', 'P7']"
"as a user, i want to pay bill in order to optimize performance",2,"{'HasAmbiguity': [False, True], 'ActorAmbiguity': [False, True]}","['US-C4-8266', 'US-C4-8773']","['C4', 'C4']","['P5', 'P7']"
"as a user, i want to pay bill so that i can resolve issues",2,"{'HasAmbiguity': [True, False], 'ActorAmbiguity': [True, False]}","['US-C4-7642', 'US-C4-7733']","['C4', 'C4']","['P3', 'P3']"
"as a user, i want to process application in order to improve security",2,"{'AcceptanceAmbiguity': [True, False]}","['US-C1-2062', 'US-C5-10297']","['C1', 'C5']","['P8', 'P6']"
"as a user, i want to process application so that i can comply with regulations",3,"{'SemanticAmbiguity': [False, True], 'ScopeAmbiguity': [True, False]}","['US-C1-021', 'US-C1-341', 'US-C1-1462']","['C1', 'C1', 'C1']","['P1', 'P2', 'P6']"
"as a user, i want to process medical information in order to ensure compliance",3,"{'SemanticAmbiguity': [False, True], 'ScopeAmbiguity': [True, False]}","['US-C2-2363', 'US-C2-3491', 'US-C6-10864']","['C2', 'C2', 'C6']","['P1', 'P4', 'P2']"
"as a user, i want to process medical information in order to save time",2,"{'ScopeAmbiguity': [True, False]}","['US-C2-2532', 'US-C2-2746']","['C2', 'C2']","['P1', 'P2']"
"as a user, i want to process medical information so i can improve patient care",2,"{'ScopeAmbiguity': [False, True]}","['US-C2-3101', 'US-C2-4031']","['C2', 'C2']","['P3', 'P5']"
"as a user, i want to process medical information so i can save time",2,"{'SemanticAmbiguity': [False, True]}","['US-C2-2515', 'US-C2-2772']","['C2', 'C2']","['P1', 'P2']"
"as a user, i want to process medical information so that i can enhance safety",2,"{'SemanticAmbiguity': [False, True]}","['US-C2-3112', 'US-C2-4022']","['C2', 'C2']","['P3', 'P5']"
"as a user, i want to process medical information so that i can improve patient care",3,"{'SemanticAmbiguity': [True, False], 'ScopeAmbiguity': [False, True]}","['US-C2-2962', 'US-C2-3698', 'US-C2-4035']","['C2', 'C2', 'C2']","['P2', 'P4', 'P5']"
"as a user, i want to process medical information so that i can reduce errors",2,"{'SemanticAmbiguity': [False, True], 'ScopeAmbiguity': [True, False], 'DependencyAmbiguity': [True, False]}","['US-C2-3512', 'US-C6-10994']","['C2', 'C6']","['P4', 'P3']"
"as a user, i want to process payments so that i can find desired items",2,"{'SemanticAmbiguity': [False, True], 'ScopeAmbiguity': [True, False]}","['US-C3-5503', 'US-C3-6413']","['C3', 'C3']","['P5', 'P8']"
"as a user, i want to process requests in order to avoid overage charges",4,"{'ActorAmbiguity': [True, False]}","['US-C4-7111', 'US-C4-7839', 'US-C4-8181', 'US-C4-8204']","['C4', 'C4', 'C4', 'C4']","['P1', 'P4', 'P5', 'P5']"
"as a user, i want to process requests in order to maintain connectivity with detailed specifications and comprehensive requirements",2,"{'ActorAmbiguity': [False, True]}","['US-C4-7579', 'US-C4-8712']","['C4', 'C4']","['P3', 'P7']"
"as a user, i want to process requests in order to reduce costs",3,"{'ActorAmbiguity': [False, True], 'AcceptanceAmbiguity': [True, False]}","['US-C4-7009', 'US-C4-7015', 'US-C4-7924']","['C4', 'C4', 'C4']","['P1', 'P1', 'P4']"
"as a user, i want to process requests in order to resolve issues",2,"{'SemanticAmbiguity': [True, False], 'ScopeAmbiguity': [False, True], 'ActorAmbiguity': [True, False]}","['US-C4-7934', 'US-C4-8128']","['C4', 'C4']","['P4', 'P5']"
"as a user, i want to process requests so that i can avoid overage charges",3,"{'ActorAmbiguity': [False, True]}","['US-C4-7674', 'US-C4-7873', 'US-C4-7947']","['C4', 'C4', 'C4']","['P3', 'P4', 'P4']"
"as a user, i want to process requests so that i can reduce costs with detailed specifications and comprehensive requirements",2,"{'SemanticAmbiguity': [True, False], 'ScopeAmbiguity': [False, True], 'ActorAmbiguity': [True, False]}","['US-C4-7030', 'US-C4-7308']","['C4', 'C4']","['P1', 'P2']"
"as a user, i want to report outage in order to avoid overage charges",4,"{'HasAmbiguity': [False, True], 'ActorAmbiguity': [False, True]}","['US-C4-7793', 'US-C4-8615', 'US-C4-8664', 'US-C4-8736']","['C4', 'C4', 'C4', 'C4']","['P3', 'P6', 'P6', 'P7']"
"as a user, i want to report outage in order to optimize performance",4,"{'HasAmbiguity': [False, True], 'ActorAmbiguity': [False, True]}","['US-C4-7967', 'US-C4-8093', 'US-C4-8725', 'US-C4-8916']","['C4', 'C4', 'C4', 'C4']","['P4', 'P4', 'P7', 'P7']"
"as a user, i want to report outage so that i can avoid overage charges with detailed specifications and comprehensive requirements",2,"{'HasAmbiguity': [False, True], 'ActorAmbiguity': [False, True]}","['US-C4-7827', 'US-C4-8187']","['C4', 'C4']","['P3', 'P5']"
"as a user, i want to report outage so that i can reduce costs",5,"{'HasAmbiguity': [False, True], 'ActorAmbiguity': [False, True]}","['US-C4-7203', 'US-C4-7602', 'US-C4-7798', 'US-C4-8354', 'US-C4-8850']","['C4', 'C4', 'C4', 'C4', 'C4']","['P1', 'P3', 'P3', 'P5', 'P7']"
"as a user, i want to schedule appointment in order to ensure compliance",3,"{'DependencyAmbiguity': [True, False]}","['US-C2-3600', 'US-C2-3723', 'US-C6-10818']","['C2', 'C2', 'C6']","['P4', 'P4', 'P2']"
"as a user, i want to troubleshoot connection in order to avoid overage charges",3,"{'HasAmbiguity': [True, False], 'ActorAmbiguity': [True, False]}","['US-C4-7396', 'US-C4-7810', 'US-C4-8044']","['C4', 'C4', 'C4']","['P2', 'P3', 'P4']"
"as a user, i want to troubleshoot connection so i can reduce costs",3,"{'HasAmbiguity': [False, True], 'ActorAmbiguity': [False, True]}","['US-C4-7129', 'US-C4-7571', 'US-C4-8030']","['C4', 'C4', 'C4']","['P1', 'P3', 'P4']"
"as a user, i want to troubleshoot connection so that i can avoid overage charges",3,"{'HasAmbiguity': [True, False], 'ActorAmbiguity': [True, False]}","['US-C4-8230', 'US-C4-8385', 'US-C4-8732']","['C4', 'C4', 'C4']","['P5', 'P5', 'P7']"
"as a user, i want to troubleshoot connection so that i can resolve issues",2,"{'HasAmbiguity': [False, True], 'ActorAmbiguity': [False, True], 'DependencyAmbiguity': [False, True]}","['US-C4-8278', 'US-C4-8757']","['C4', 'C4']","['P5', 'P7']"
"as a user, i want to update configuration in order to avoid overage charges",3,"{'SemanticAmbiguity': [False, True], 'ScopeAmbiguity': [True, False], 'ActorAmbiguity': [True, False]}","['US-C4-7618', 'US-C4-7917', 'US-C4-8209']","['C4', 'C4', 'C4']","['P3', 'P4', 'P5']"
"as a user, i want to update configuration in order to optimize performance",4,"{'ActorAmbiguity': [False, True]}","['US-C4-7321', 'US-C4-7335', 'US-C4-7363', 'US-C4-7678']","['C4', 'C4', 'C4', 'C4']","['P2', 'P2', 'P2', 'P3']"
"as a user, i want to update configuration in order to reduce costs",2,"{'ActorAmbiguity': [False, True]}","['US-C4-7309', 'US-C4-7345']","['C4', 'C4']","['P2', 'P2']"
"as a user, i want to update inventory so that i can find desired items",2,"{'SemanticAmbiguity': [False, True], 'ScopeAmbiguity': [True, False]}","['US-C3-4857', 'US-C7-11385']","['C3', 'C7']","['P3', 'P1']"
"as a user, i want to update system in order to ensure compliance",4,"{'SemanticAmbiguity': [True, False], 'ScopeAmbiguity': [False, True], 'DependencyAmbiguity': [True, False]}","['US-C2-2897', 'US-C2-2928', 'US-C6-10646', 'US-C6-11226']","['C2', 'C2', 'C6', 'C6']","['P2', 'P2', 'P1', 'P4']"
"as a user, i want to update system in order to improve patient care",2,"{'ScopeAmbiguity': [False, True]}","['US-C2-2813', 'US-C6-11076']","['C2', 'C6']","['P2', 'P3']"
"as a user, i want to update system in order to save time",2,"{'SemanticAmbiguity': [False, True], 'ScopeAmbiguity': [True, False]}","['US-C2-4097', 'US-C6-11018']","['C2', 'C6']","['P5', 'P3']"
"as a user, i want to update system so that i can ensure compliance",2,"{'SemanticAmbiguity': [False, True], 'ScopeAmbiguity': [True, False]}","['US-C2-2489', 'US-C2-4066']","['C2', 'C2']","['P1', 'P5']"
"as a user, i want to upgrade plan in order to reduce costs",2,"{'HasAmbiguity': [True, False], 'ActorAmbiguity': [True, False]}","['US-C4-7072', 'US-C4-7496']","['C4', 'C4']","['P1', 'P2']"
"as a user, i want to view account balance in order to comply with regulations",2,"{'AcceptanceAmbiguity': [False, True]}","['US-C5-8996', 'US-C5-9801']","['C5', 'C5']","['P1', 'P4']"
"as a user, i would like to access dashboard to track delivery",4,"{'SemanticAmbiguity': [True, False], 'ScopeAmbiguity': [True, False], 'AcceptanceAmbiguity': [False, True]}","['US-C3-4267', 'US-C3-4880', 'US-C3-5495', 'US-C7-11599']","['C3', 'C3', 'C3', 'C7']","['P1', 'P3', 'P5', 'P2']"
"as a user, i would like to access records to reduce errors",3,"{'SemanticAmbiguity': [True, False], 'ScopeAmbiguity': [False, True], 'DependencyAmbiguity': [False, True]}","['US-C2-2779', 'US-C2-3309', 'US-C2-4065']","['C2', 'C2', 'C2']","['P2', 'P3', 'P5']"
"as a user, i would like to apply for loan to meet financial goals",2,"{'AcceptanceAmbiguity': [False, True]}","['US-C1-907', 'US-C5-10331']","['C1', 'C5']","['P4', 'P6']"
"as a user, i would like to check data usage to avoid overage charges",4,"{'HasAmbiguity': [True, False], 'ActorAmbiguity': [True, False], 'AcceptanceAmbiguity': [False, True]}","['US-C4-7304', 'US-C4-7312', 'US-C4-7437', 'US-C4-8226']","['C4', 'C4', 'C4', 'C4']","['P2', 'P2', 'P2', 'P5']"
"as a user, i would like to check data usage to optimize performance",3,"{'HasAmbiguity': [False, True], 'ActorAmbiguity': [False, True]}","['US-C4-7808', 'US-C4-8427', 'US-C4-8675']","['C4', 'C4', 'C4']","['P3', 'P6', 'P6']"
"as a user, i would like to handle finances to meet financial goals",3,"{'SemanticAmbiguity': [True, False]}","['US-C1-007', 'US-C5-9037', 'US-C5-9762']","['C1', 'C5', 'C5']","['P1', 'P1', 'P4']"
"as a user, i would like to handle network issues to reduce costs",4,"{'SemanticAmbiguity': [False, True], 'ScopeAmbiguity': [True, False], 'ActorAmbiguity': [True, False]}","['US-C4-7331', 'US-C4-7864', 'US-C4-8461', 'US-C4-8513']","['C4', 'C4', 'C4', 'C4']","['P2', 'P4', 'P6', 'P6']"
"as a user, i would like to handle network issues to resolve issues",3,"{'SemanticAmbiguity': [False, True], 'ScopeAmbiguity': [True, False], 'ActorAmbiguity': [False, True]}","['US-C4-7865', 'US-C4-7912', 'US-C4-8699']","['C4', 'C4', 'C4']","['P4', 'P4', 'P7']"
"as a user, i would like to handle patient care to enhance safety",2,"{'SemanticAmbiguity': [False, True], 'ScopeAmbiguity': [True, False], 'AcceptanceAmbiguity': [True, False]}","['US-C2-2844', 'US-C2-3725']","['C2', 'C2']","['P2', 'P4']"
"as a user, i would like to handle patient care to ensure compliance",2,"{'SemanticAmbiguity': [True, False], 'ScopeAmbiguity': [False, True], 'AcceptanceAmbiguity': [False, True]}","['US-C2-2570', 'US-C2-3525']","['C2', 'C2']","['P1', 'P4']"
"as a user, i would like to handle patient care to reduce errors",2,"{'AcceptanceAmbiguity': [False, True]}","['US-C2-2766', 'US-C2-4077']","['C2', 'C2']","['P2', 'P5']"
"as a user, i would like to manage health data to enhance safety",6,"{'SemanticAmbiguity': [False, True], 'ScopeAmbiguity': [True, False], 'AcceptanceAmbiguity': [False, True]}","['US-C2-2952', 'US-C2-3149', 'US-C2-3599', 'US-C2-3611', 'US-C2-3662', 'US-C6-10832']","['C2', 'C2', 'C2', 'C2', 'C2', 'C6']","['P2', 'P3', 'P4', 'P4', 'P4', 'P2']"
"as a user, i would like to manage health data to improve patient care with detailed specifications and comprehensive requirements",2,"{'ScopeAmbiguity': [False, True]}","['US-C2-3331', 'US-C6-10658']","['C2', 'C6']","['P3', 'P1']"
"as a user, i would like to manage health data to reduce errors",4,"{'ScopeAmbiguity': [False, True]}","['US-C2-2358', 'US-C2-2895', 'US-C2-3880', 'US-C6-10549']","['C2', 'C2', 'C2', 'C6']","['P1', 'P2', 'P5', 'P1']"
"as a user, i would like to manage service to maintain connectivity",2,"{'ActorAmbiguity': [True, False]}","['US-C4-7569', 'US-C4-7889']","['C4', 'C4']","['P3', 'P4']"
"as a user, i would like to manage service to optimize performance",3,"{'SemanticAmbiguity': [True, False], 'ScopeAmbiguity': [False, True], 'ActorAmbiguity': [True, False]}","['US-C4-7034', 'US-C4-8165', 'US-C4-8443']","['C4', 'C4', 'C4']","['P1', 'P5', 'P6']"
"as a user, i would like to manage service to reduce costs",3,"{'ActorAmbiguity': [False, True], 'AcceptanceAmbiguity': [False, True]}","['US-C4-7019', 'US-C4-7607', 'US-C4-7648']","['C4', 'C4', 'C4']","['P1', 'P3', 'P3']"
"as a user, i would like to optimize workflow to meet production targets",2,"{'SemanticAmbiguity': [False, True], 'ScopeAmbiguity': [True, False]}","['US-C8-12516', 'US-C8-12616']","['C8', 'C8']","['P1', 'P2']"
"as a user, i would like to pay bill to avoid overage charges",3,"{'AcceptanceAmbiguity': [True, False]}","['US-C4-7292', 'US-C4-7373', 'US-C4-7657']","['C4', 'C4', 'C4']","['P2', 'P2', 'P3']"
"as a user, i would like to pay bill to maintain connectivity",3,"{'HasAmbiguity': [True, False], 'ActorAmbiguity': [True, False]}","['US-C4-8134', 'US-C4-8254', 'US-C4-8530']","['C4', 'C4', 'C4']","['P5', 'P5', 'P6']"
"as a user, i would like to pay bill to optimize performance",3,"{'HasAmbiguity': [True, False], 'ActorAmbiguity': [True, False], 'AcceptanceAmbiguity': [True, False]}","['US-C4-7675', 'US-C4-8038', 'US-C4-8432']","['C4', 'C4', 'C4']","['P3', 'P4', 'P6']"
"as a user, i would like to prescribe medication to save time",2,"{'DependencyAmbiguity': [False, True]}","['US-C2-2733', 'US-C6-10623']","['C2', 'C6']","['P2', 'P1']"
"as a user, i would like to process medical information to enhance safety",3,"{'ScopeAmbiguity': [True, False]}","['US-C2-2343', 'US-C2-2528', 'US-C6-10553']","['C2', 'C2', 'C6']","['P1', 'P1', 'P1']"
"as a user, i would like to process medical information to enhance safety with detailed specifications and comprehensive requirements",2,"{'SemanticAmbiguity': [True, False], 'ScopeAmbiguity': [False, True]}","['US-C2-2764', 'US-C2-3313']","['C2', 'C2']","['P2', 'P3']"
"as a user, i would like to process medical information to improve patient care",2,"{'SemanticAmbiguity': [False, True], 'ScopeAmbiguity': [True, False], 'AcceptanceAmbiguity': [True, False]}","['US-C2-3553', 'US-C6-10845']","['C2', 'C6']","['P4', 'P2']"
"as a user, i would like to process medical information to reduce errors",2,"{'SemanticAmbiguity': [True, False], 'ScopeAmbiguity': [False, True]}","['US-C2-3347', 'US-C2-4069']","['C2', 'C2']","['P3', 'P5']"
"as a user, i would like to process medical information to save time",2,"{'DependencyAmbiguity': [True, False]}","['US-C6-10579', 'US-C6-11269']","['C6', 'C6']","['P1', 'P4']"
"as a user, i would like to process payments to save money",2,"{'SemanticAmbiguity': [True, False]}","['US-C3-5171', 'US-C3-6090']","['C3', 'C3']","['P4', 'P7']"
"as a user, i would like to process requests to resolve issues",4,"{'SemanticAmbiguity': [True, False], 'ScopeAmbiguity': [False, True], 'ActorAmbiguity': [True, False]}","['US-C4-7286', 'US-C4-8414', 'US-C4-8431', 'US-C4-8799']","['C4', 'C4', 'C4', 'C4']","['P2', 'P6', 'P6', 'P7']"
"as a user, i would like to report outage to optimize performance",2,"{'HasAmbiguity': [True, False], 'ActorAmbiguity': [True, False]}","['US-C4-7112', 'US-C4-8029']","['C4', 'C4']","['P1', 'P4']"
"as a user, i would like to report outage to reduce costs",2,"{'HasAmbiguity': [True, False], 'ActorAmbiguity': [True, False]}","['US-C4-7594', 'US-C4-8075']","['C4', 'C4']","['P3', 'P4']"
"as a user, i would like to schedule appointment to enhance safety",2,"{'AcceptanceAmbiguity': [True, False]}","['US-C2-2967', 'US-C2-3701']","['C2', 'C2']","['P2', 'P4']"
"as a user, i would like to schedule appointment to save time",2,"{'AcceptanceAmbiguity': [True, False]}","['US-C1-629', 'US-C5-10024']","['C1', 'C5']","['P3', 'P5']"
"as a user, i would like to troubleshoot connection to optimize performance",4,"{'HasAmbiguity': [True, False], 'ActorAmbiguity': [True, False], 'AcceptanceAmbiguity': [False, True]}","['US-C4-7091', 'US-C4-7903', 'US-C4-8224', 'US-C4-8571']","['C4', 'C4', 'C4', 'C4']","['P1', 'P4', 'P5', 'P6']"
"as a user, i would like to troubleshoot connection to reduce costs",2,"{'HasAmbiguity': [True, False], 'ActorAmbiguity': [True, False]}","['US-C4-8140', 'US-C4-8335']","['C4', 'C4']","['P5', 'P5']"
"as a user, i would like to update configuration to optimize performance",3,"{'SemanticAmbiguity': [False, True], 'ScopeAmbiguity': [True, False], 'ActorAmbiguity': [True, False]}","['US-C4-7568', 'US-C4-8160', 'US-C4-8734']","['C4', 'C4', 'C4']","['P3', 'P5', 'P7']"
"as a user, i would like to update configuration to resolve issues",2,"{'ActorAmbiguity': [False, True]}","['US-C4-7361', 'US-C4-8415']","['C4', 'C4']","['P2', 'P6']"
"as a user, i would like to upgrade plan to maintain connectivity",4,"{'HasAmbiguity': [True, False], 'ActorAmbiguity': [True, False]}","['US-C4-7610', 'US-C4-7835', 'US-C4-7995', 'US-C4-8355']","['C4', 'C4', 'C4', 'C4']","['P3', 'P3', 'P4', 'P5']"
"as a user, i would like to upgrade plan to optimize performance",3,"{'HasAmbiguity': [True, False], 'ActorAmbiguity': [True, False]}","['US-C4-8172', 'US-C4-8319', 'US-C4-8900']","['C4', 'C4', 'C4']","['P5', 'P5', 'P7']"
"as a user, i would like to upgrade plan to reduce costs",3,"{'HasAmbiguity': [True, False], 'ActorAmbiguity': [True, False], 'AcceptanceAmbiguity': [False, True]}","['US-C4-7058', 'US-C4-8054', 'US-C4-8490']","['C4', 'C4', 'C4']","['P1', 'P4', 'P6']"
"as a user, i would like to upgrade plan to resolve issues",2,"{'HasAmbiguity': [True, False], 'ActorAmbiguity': [True, False]}","['US-C4-7631', 'US-C4-8260']","['C4', 'C4']","['P3', 'P5']"
"as a vendor, i need to handle orders so that i can save money",2,"{'ScopeAmbiguity': [True, False]}","['US-C3-6395', 'US-C3-6728']","['C3', 'C3']","['P8', 'P9']"
"as a vendor, i need to update inventory so that i can track delivery",2,"{'SemanticAmbiguity': [True, False], 'ScopeAmbiguity': [False, True]}","['US-C3-5486', 'US-C3-5779']","['C3', 'C3']","['P5', 'P6']"
"as a vendor, i want to access dashboard so that i can track delivery",2,"{'DependencyAmbiguity': [False, True]}","['US-C3-6077', 'US-C3-6720']","['C3', 'C3']","['P7', 'P9']"
"as a vendor, i want to add to cart in order to find desired items",13,"{'HasAmbiguity': [False, True], 'DependencyAmbiguity': [False, True]}","['US-C3-4730', 'US-C3-5004', 'US-C3-5492', 'US-C3-6033', 'US-C3-6163', 'US-C3-6664', 'US-C3-6666', 'US-C3-6975', 'US-C7-11550', 'US-C7-12110', 'US-C7-12135', 'US-C7-12189', 'US-C7-12329']","['C3', 'C3', 'C3', 'C3', 'C3', 'C3', 'C3', 'C3', 'C7', 'C7', 'C7', 'C7', 'C7']","['P2', 'P3', 'P5', 'P6', 'P7', 'P8', 'P8', 'P9', 'P1', 'P4', 'P4', 'P4', 'P5']"
"as a vendor, i want to checkout so that i can find desired items",5,"{'HasAmbiguity': [False, True], 'DependencyAmbiguity': [False, True]}","['US-C3-4996', 'US-C3-6360', 'US-C7-11580', 'US-C7-11722', 'US-C7-12312']","['C3', 'C3', 'C7', 'C7', 'C7']","['P3', 'P7', 'P1', 'P2', 'P5']"
"as a vendor, i want to handle orders so that i can complete purchase",3,"{'SemanticAmbiguity': [False, True], 'ScopeAmbiguity': [True, False]}","['US-C3-4881', 'US-C3-4888', 'US-C3-5154']","['C3', 'C3', 'C3']","['P3', 'P3', 'P4']"
"as a vendor, i want to manage products in order to save money",2,"{'DependencyAmbiguity': [False, True]}","['US-C3-5496', 'US-C3-6114']","['C3', 'C3']","['P5', 'P7']"
"as a vendor, i want to manage products so that i can make informed decisions",2,"{'SemanticAmbiguity': [False, True], 'ScopeAmbiguity': [True, False]}","['US-C3-4543', 'US-C3-4891']","['C3', 'C3']","['P2', 'P3']"
"as a vendor, i want to process payments in order to find desired items",3,"{'SemanticAmbiguity': [False, True], 'ScopeAmbiguity': [True, False]}","['US-C3-6385', 'US-C3-6404', 'US-C7-11603']","['C3', 'C3', 'C7']","['P8', 'P8', 'P2']"
"as a vendor, i want to process payments in order to make informed decisions",2,"{'SemanticAmbiguity': [True, False]}","['US-C7-11382', 'US-C7-12062']","['C7', 'C7']","['P1', 'P4']"
"as a vendor, i want to track order in order to find desired items",3,"{'HasAmbiguity': [False, True], 'DependencyAmbiguity': [False, True]}","['US-C3-5519', 'US-C3-6818', 'US-C7-12305']","['C3', 'C3', 'C7']","['P5', 'P9', 'P5']"
"as a vendor, i want to update inventory in order to save money",2,"{'SemanticAmbiguity': [True, False], 'ScopeAmbiguity': [False, True]}","['US-C3-4846', 'US-C3-6388']","['C3', 'C3']","['P3', 'P8']"
"as a vendor, i want to update inventory in order to track delivery",2,"{'SemanticAmbiguity': [False, True], 'ScopeAmbiguity': [True, False]}","['US-C3-4246', 'US-C7-11856']","['C3', 'C7']","['P1', 'P3']"
"as a vendor, i would like to checkout to find desired items",5,"{'HasAmbiguity': [False, True], 'AcceptanceAmbiguity': [False, True]}","['US-C3-4674', 'US-C3-5462', 'US-C3-6786', 'US-C7-11569', 'US-C7-12238']","['C3', 'C3', 'C3', 'C7', 'C7']","['P2', 'P5', 'P9', 'P1', 'P4']"
"as a vendor, i would like to handle orders to complete purchase",2,"{'SemanticAmbiguity': [False, True], 'ScopeAmbiguity': [True, False]}","['US-C3-5175', 'US-C3-6079']","['C3', 'C3']","['P4', 'P7']"
"as a vendor, i would like to leave review to save money",7,"{'HasAmbiguity': [False, True], 'AcceptanceAmbiguity': [False, True]}","['US-C3-4359', 'US-C3-5193', 'US-C3-5456', 'US-C3-5854', 'US-C3-5965', 'US-C3-6979', 'US-C7-12438']","['C3', 'C3', 'C3', 'C3', 'C3', 'C3', 'C7']","['P1', 'P4', 'P4', 'P6', 'P6', 'P9', 'P5']"
"as a vendor, i would like to leave review to track delivery",3,"{'HasAmbiguity': [True, False], 'AcceptanceAmbiguity': [True, False]}","['US-C3-4579', 'US-C3-5448', 'US-C7-11723']","['C3', 'C3', 'C7']","['P2', 'P4', 'P2']"
"as a vendor, i would like to manage products to complete purchase",2,"{'SemanticAmbiguity': [True, False], 'ScopeAmbiguity': [False, True]}","['US-C3-5196', 'US-C3-6387']","['C3', 'C3']","['P4', 'P8']"
"as a vendor, i would like to process payments to track delivery",2,"{'SemanticAmbiguity': [True, False], 'ScopeAmbiguity': [False, True]}","['US-C7-12285', 'US-C7-12289']","['C7', 'C7']","['P5', 'P5']"
