requirement,source_file,line_number
"As a repository manager, I want to know all the collections and objects in the DAMS for which I have custodial responsibility.",g25-duraspace,1
"As a repository manager, I want to be able to update repository information in one place and be assured updates will be propagated to all relevant places.",g25-duraspace,2
"As a repository manager, I want to constrain curatorial access to my units assets to staff members of my unit and to DAMS managers having universal access.",g25-duraspace,3
"As a user, I want to list all the collections and objects in the DAMS that belong to a library unit.",g25-duraspace,4
"As a user, I want to be able to contact repositories.",g25-duraspace,5
"As the DAMS manager, I want to be able to list for browsing all formal collections represented in the DAMS along with the appropriate relationships.",g25-duraspace,6
"As a repository manager, I want to know all the collections for which I have curatorial responsibility.",g25-duraspace,7
"As a repository manager, I want to compose collections, limiting the collection to the items sharing the same provenance, limiting the collection to represent a part of a collection have a singular provenance, or assembly a collection from other collections and objects.",g25-duraspace,8
"As a repository manager, I want to say one collection is related to another collection.",g25-duraspace,9
"As a repository manager, I want to describe a collection, including its title, it's inclusive / bulk dates, its language(s), and many other aspects.",g25-duraspace,10
"As a repository manager, I want to indicate names related to the collection either as creator, source, or subject.",g25-duraspace,11
"As a repository manager, I want to indicate subjects related to the collection.",g25-duraspace,12
"As a repository manager, I want to indicate other descriptions of the collection that are outside the DAMS and of probable importance to users.",g25-duraspace,13
"As a repository manager, I want to know all events occurring to a collection.",g25-duraspace,14
"As a user, I want to be able to browse by collections in the DAMS.",g25-duraspace,15
"As a user, I want to be able to limit my search to specified collection(s).",g25-duraspace,16
"As a repository manager, I want know all the components belonging to an object.",g25-duraspace,17
"As repository manager, I want to know all the files belonging to an object.",g25-duraspace,18
"As a repository manager, I want to describe an object, including its title, date(s), language(s), and other aspects.",g25-duraspace,19
"As a repository manager, I want to indicate names related to an object.",g25-duraspace,20
"As a repository manager, I want to indicate subjects that are related to an object.",g25-duraspace,21
"As a repository manager, I want to indicate the copyright status of an object.",g25-duraspace,22
"As a repository manager, I want to indicate any statutes pertinent to an object.",g25-duraspace,23
"As a repository manager, I want to indicate any license pertinent to an object.",g25-duraspace,24
"As a repository manager, I want to indicate any other rights pertinent to an object.",g25-duraspace,25
"As a repository manager, I want to indicate any external versions or descriptions of an object that may be of probable importance to an user.",g25-duraspace,26
"As a repository manager, I want to know all events done to an object over the object's life cycle.",g25-duraspace,27
"As a DAMS manager, I want to know what repository an object belongs to.",g25-duraspace,28
As a DAMS manager I want to know what collection(s) an object belongs to.,g25-duraspace,29
"As a user, I want to know what repository an object belongs to.",g25-duraspace,30
"As a user, I want to know what collection(s) an object belongs to.",g25-duraspace,31
"As a user, I want to see all the component parts of an object.",g25-duraspace,32
"As a user, I want to have access to the content files for an object.",g25-duraspace,33
"As a user, I want to know the rights status of an object.",g25-duraspace,34
"As a user, I want to know about other versions of the object or its metadata that might be of use to me.",g25-duraspace,35
"As a repository manager, I want to represent the physical and/or logical structure of an object.",g25-duraspace,36
"As a repository manager, I want to list all the components, in their appropriate order, for an object.",g25-duraspace,37
"As a repository manager, I want to link, when appropriate, a component to another component or to a file.",g25-duraspace,38
"As a repository manager, I want to describe each component as necessary, including title, date(s), language(s), and other facets.",g25-duraspace,39
"As a repository manager, I want to indicate any name that is pertinent to the component.",g25-duraspace,40
"As a repository manager, I want to indicate any subject that is pertinent to the component.",g25-duraspace,41
"As a repository manager, I want to indicate if the component has a copyright status different than that of of the object as a whole.",g25-duraspace,42
"As a repository manager, I want to indicate if a statute pertains to the component, apart from the object as a whole.",g25-duraspace,43
"As a repository manager, I want to indicate if a license pertains to the component, apart from the object as a whole.",g25-duraspace,44
"As a repository manager, I want to indicate if other rights pertain to the component, apart from the object as a whole.",g25-duraspace,45
"As a repository manager, I want to know all events occurring to a component over its life cycle.",g25-duraspace,46
"As a DAMS manager, I want to present in their assigned order all components comprising an object.",g25-duraspace,47
"As a user, I want to be able to see and navigate the component hierarchy of an object.",g25-duraspace,48
"As a repository manager, I want to know all the content files in the DAMS for my repository's objects.",g25-duraspace,49
"As a repository manager, I want to associate a content file with either an object or an object component.",g25-duraspace,50
"As a repository manager, I want to know any event that occurred to a content file for any of my repository's objects.",g25-duraspace,51
"As a DAMS manager, I want to indicate to preservation managers aspects of a master file useful for monitoring its integrity, and impending obsolescence, including file size, creation date, file format and format version.",g25-duraspace,52
"As a DAMS manager, I want to indicate to preservation managers the checksum and checksum method for each master file for a given object.",g25-duraspace,53
"As a DAMS manager, I want to indicate the source-capture information for a file where it is useful to do so.",g25-duraspace,54
"As a DAMS manager, I want to know, via preservation managers, of any object for which integrity or authenticity is in question or that has been updated to a more current file format.",g25-duraspace,55
"As a user, I want access to content files that comprise an object, so that I can decide whether a file is too large to download.",g25-duraspace,56
"As a repository manager, I want to provide a title, in all useful forms, for my repository's collections, objects, and object components.",g25-duraspace,57
"As a repository manager, I want to know any changes occurring to titles for repository's collections, objects, and object components.",g25-duraspace,58
"As a DAMS manager, I want to present collections, objects, and object components by title.",g25-duraspace,59
"As a user, I want to search collections, objects, and object components by title.",g25-duraspace,60
"As a repository manager, I want to indicate for an object or object component the place of publication, the publisher, edition, etc., when pertinent.",g25-duraspace,61
"As a repository manager, I want to know of any changes made to the origin Info for an object, including its component parts.",g25-duraspace,62
"As a user, I want to know for an object or its component parts the place of publication, the publisher, etc.",g25-duraspace,63
"As a repository manager, I want to describe various facets of a collection, object, or object component that are not addressable via title, date, name, and subject entities.",g25-duraspace,64
"As a repository manager, I want to know of all modifications made to notes for my repository's collections, objects, or object components.",g25-duraspace,65
"As a user, I want to know about various facets of a collection, object, or object component, such as scope and content, various identifiers, conditions governing use/access, etc.",g25-duraspace,66
"As a repository manager, I want to indicate the language(s) for present in a collection, object, or object component.",g25-duraspace,67
"As a repository manager, I want to know of any changes made to language(s) indicated for a collection, object, or object component.",g25-duraspace,68
"As a user, I want to scope my searches for collections, objects, or object components to a specific language.",g25-duraspace,69
"As a repository manager, I want to register a name record for each unique identity associated with my repository's collections and objects.",g25-duraspace,70
"As a user, I want to search by for collections and objects by name.",g25-duraspace,71
"As a repository manager, I want to indicate that a name pertinent to a collection, object, or object component has a specific role, such as illustrator, photographer, etc.",g25-duraspace,72
"As a user, I want to scope by searches by name to a specific role such as illustrator, photographer, etc.",g25-duraspace,73
"As a repository manager, I want to indicate all subjects that are pertinent to a collection, object, or object component.",g25-duraspace,74
"As a user, I want to search for collections, objects, and object components by pertinent such headings, including title, topic, genre/form, geographical name, function, occupation, name, cartographics, etc.",g25-duraspace,75
"As a repository manager, I want to indicate the geo-coordinates for any resource that believe useful to an end user.",g25-duraspace,76
"As a user, I want to see the geographical context of a collection, object, or object component, where pertinent.",g25-duraspace,77
"As a repository manager, I want to indicate all other pertinent versions or descriptions of a resource that are external to the DAMS.",g25-duraspace,78
"As a user, I want to know of all other pertinent versions or descriptions of the resource.",g25-duraspace,79
"As a repository manager, I want to know if the checksum for any of my repository's content files that have changed.",g25-duraspace,80
"As a DAMS manager, I want to know, via the preservation manager, of all files for which the checksum has changed since last registered.",g25-duraspace,81
"As a repository manager, I want to know, where pertinent, the hardware and software used to generate a content file.",g25-duraspace,82
"As a DAMS manager, I want to know what objects or object components are still under copyright and cannot be displayed without either a license or incurring risk.",g25-duraspace,83
"As a DAMS manager, I want to know when copyright for an object or object component is likely to expire per jurisdictional copyright statute.",g25-duraspace,84
"As a DAMS manager, I want to know when the copyright status for an object or object component is modified, either manually or automatically.",g25-duraspace,85
"As a user, I want to know if an object or object component is under copyright and, where possible, who the rights holder is.",g25-duraspace,86
"As a DAMS manager, I want to know all the statutes pertinent to an object or object component.",g25-duraspace,87
"As a DAMS manager, I want to know when the pertinence of a statute to a object or object component is scheduled to expire.",g25-duraspace,88
"As a DAMS manager, I want to know when the application of a statute to an object or object component has been modified, either manually or automatically.",g25-duraspace,89
"As a DAMS manager, I want to know if copyrighted content has an applicable license.",g25-duraspace,90
"As a DAMS manager, I want to know if an object or object component is subject to a library policy that restricts access in any way.",g25-duraspace,91
"As a DAMS manager, I want to know when application of a library policy to an object or object component is scheduled to expire.",g25-duraspace,92
"As a DAMS manager, I want to know if application of a library policy to an object or object component has been modified, either manually or automatically.",g25-duraspace,93
"As a DAMS manager, I want to know all the uses for an object or object component that are permitted or restricted per the rights status of the object or object component.",g25-duraspace,94
"As a DAMS manager, I want know the dates for when a permission or restriction is active.",g25-duraspace,95
"As a DAMS manager, I want to know when permitted and restricted acts and/or their active dates are modified.",g25-duraspace,96
"As a DAMS manager, I want to track all events scheduled for recording in the DAMS.",g25-duraspace,97
"As a DAMS manager, I want to know the agent(s) responsible for carrying out an event.",g25-duraspace,98
"As a DAMS manager, I want to know when the event occurred.",g25-duraspace,99
"As a DAMS manager, I want to know the outcome of the event, e.g., object NN was deleted.",g25-duraspace,100
"As a system administrator, I want to run a script that installs the Neurohub node onto a virgin Ubuntu operating system.",g18-neurohub,1
"As a system administrator, I want to run a script that tests to see if a Neurohub installation is functioning correctly.",g18-neurohub,2
"As a release engineer, I want to call a script to execute acceptance tests against a Neurohub installation and report back the results.",g18-neurohub,3
"As an investigator, I want to view the acceptance test results, so that I can understand how feature-complete the Neurohub node currently is.",g18-neurohub,4
"As an MRI operator, I want to digitally record the responses that subjects make when completing paper-based forms.",g18-neurohub,5
"As a user, I want to navigate forwards and backwards between log books and log book pages without having to use my browser's back button.",g18-neurohub,6
"As a lab administrator, I want to theme the Web interface graphics/colours.",g18-neurohub,7
"As a systems administrator, I want  to install Neurohub dependencies into an Ubuntu 10.04 LTS machine using the normal Ubuntu package management tools.",g18-neurohub,8
"As a researcher, I want to create a log book page for an experiment and attach a file to this page.",g18-neurohub,9
"As a researcher, I want to create a log book page for an experiment and attach a directory that contains multiple files.",g18-neurohub,10
"As a researcher, I want to upload files prior to having them attached to a log book page.",g18-neurohub,11
"As a researcher, I want to upload files prior to having them attached to a log book page using the web interface.",g18-neurohub,12
"As a researcher, I want to upload files prior to having them attached to a log book page using a mapped network drive.",g18-neurohub,13
"As a researcher, I want to attach currently non-attached files to a log book page.",g18-neurohub,14
"As a researcher, I want to receive an alert of any unattached files that are in my workspace.",g18-neurohub,15
"As a researcher, I want to download files attached to an experiment using my Web browser.",g18-neurohub,16
"As a researcher, I want to access files stored in my Neurohub workspace, using a network drive attached to my workstation.",g18-neurohub,17
"As a researcher, I want to create a log book page.",g18-neurohub,18
"As a release engineer, I want to configure nightly builds that automatically perform a Neurohub installation on a virgin operating system, execute tests and report back results, without requiring any manual input/interaction.",g18-neurohub,19
"As a supervisor, I want to view what my researchers were doing on a given date or period of time.",g18-neurohub,20
"As a user, I want to upload large files of over 1GB in size.",g18-neurohub,21
"As a user, I want to assign tags to files that I have uploaded.",g18-neurohub,22
"As a user, I want to assign bespoke information to a file dependent on its type.",g18-neurohub,23
"As a user, I want to filter the files I get from search results based on their  type.",g18-neurohub,24
"As a user, I want to use the tags that I use are part of a controlled vocabulary.",g18-neurohub,25
"As a user, I want to make uploaded data files to be non-modifiable.",g18-neurohub,26
"As a user, I want to make predicated links between files.",g18-neurohub,27
"As a user, I want to restrict what can be entered to a metadata field.",g18-neurohub,28
"As a user, I want to have files I might accidentally delete to be restorable.",g18-neurohub,29
"As a user, I want to revert to an older version of an uploaded file.",g18-neurohub,30
"As a user, I want to have a visual way of viewing particular files uploaded over a time period.",g18-neurohub,31
"As a user, I want to associate together files involved in a experiment.",g18-neurohub,32
"As a system administrator, I want to have a managed backup protocol for the system.",g18-neurohub,33
"As a user, I want to enter metadata / describe an experiment protocol before a file is even created.",g18-neurohub,34
"As lab administrator, I want to have increased access to the system to support regular users.",g18-neurohub,35
"As a user, I want to link together experimental runs to build an experiment.",g18-neurohub,36
"As a lab administrator, I want to create page templates with bespoke metadata fields.",g18-neurohub,37
"As a user, I want to capture the same metadata for each file created in an experimental run.",g18-neurohub,38
"As a lab administrator, I want a way of managing worm strain stocks that is integrated with Wormbase.",g18-neurohub,39
"As a user, I want to search for and download human-readable experimental protocols.",g18-neurohub,40
"As a user, I want to modify or branch an experimental protocol, whilst retaining the original.",g18-neurohub,41
"As a user, I want to view how an experimental protocol has evolved over time.",g18-neurohub,42
"As a user, I want to create a protocol and assign metadata to any stag.",g18-neurohub,43
"As a user, I want to prove definitively that I created a page on a certain date.",g18-neurohub,44
"As a user, I want to manage the references / papers I have investigated.",g18-neurohub,45
"As a user, I want to search specifically for files rather than log book pages.",g18-neurohub,46
"As a user, I want to limit my search to a particular set of log books.",g18-neurohub,47
"As a user, I want to limit my search results to one or more log book sections from one or more log books.",g18-neurohub,48
"As a user, I want to download files directly from the search results page.",g18-neurohub,49
"As a user, I want to see the provenance of the page as part of the search results.",g18-neurohub,50
"As a user, I want to attach multiple files at once to a log book page.",g18-neurohub,51
"As a user, I want to download multiple files from the search results in one go.",g18-neurohub,52
"As a user, I want to draw tables using HTML tags as part of the content of a log book page.",g18-neurohub,53
"As a lab member, I want to view events and equipment bookings within the group.",g18-neurohub,54
"As a user, I want to store worm behaviour videos with an encoding that can be analysed by the worm analysis software written by Christopher James.",g18-neurohub,55
"As a system administrator, I want to migrate data from an older version of NeuroHub to the current version.",g18-neurohub,56
"As a user, I want to have the system to also forward important news items to an external mailing list.",g18-neurohub,57
"As a user, I want to view and update an inventory of of the equipment and consumables that are present in the centre.",g18-neurohub,58
"As a user, I want to have a spreadsheet hosted within the Neurohub Web page, so that I can edit and calculate costs collaboratively with others while working on the proposal.",g18-neurohub,59
"As a supervisor, I want to create feedback forms within Neurohub, that my students can fill in and submit, in order to provide me with feedback about the course that they attended.",g18-neurohub,60
"As a user, I want to have the option to tell Neurohub to push posted content to my Twitter feed at the same time.",g18-neurohub,61
"As a user, I want to either keep a logbook entry private or share it with individuals rather than groups.",g18-neurohub,62
"As a user, I want to have the details of the workflow execution to be recorded in a neurohub log book while executing a workflow.",g18-neurohub,63
"As a user, I want to have that my Twitter Tweets to appear in Neurohub, so that other researchers in the centre can see what I am up to.",g18-neurohub,64
"As a user, I want to view the group's shared calendars via the Neurohub Nodes' Web page as well as on my mobile device.",g18-neurohub,65
"As a user, I want to sync events created in NeuroHub with a web-based Calendar such as Google Calendar.",g18-neurohub,66
"As a researcher, I want to have the ability to insert Greek symbols into my logbook entries.",g18-neurohub,67
"As a user, I want to have the ability to move multiple files around and rearrange them using the Neurohub file browser while processing data.",g18-neurohub,68
"As a researcher, I want to point my Mendeley client at a group-wide shared repository of research papers and get notifications via Mendeley when new content is added.",g18-neurohub,69
"As a researcher, I want to have electronic support for keeping track of which data sets were used/output/modified as part of a particular experiment.",g18-neurohub,70
"As a user, I want a mechanism for electronically sharing papers and notes with other researchers, so that we can collaborate effectively.",g18-neurohub,71
"As a researcher, I want to have services to support the long term curation of data, so that I can be sure that data will not get 'lost' with the passage of time.",g18-neurohub,72
"As a researcher, I want to have a timeline display of multiple data files and their associated images, so that I can compare the data taken from experiments on particular dates.",g18-neurohub,73
"As a researcher, I want to have remote access to my data for off-site working , so that I can still work effectively while away from the lab.",g18-neurohub,74
"As a researcher, I want to share post-experiment write-ups with other researchers, so that others can more easily replicate my work.",g18-neurohub,75
"As a researcher, I want to collect data as a library of data, which can then be used by one or multiple experiments that are defined at a later stage.",g18-neurohub,76
"As a researcher, I want to indicate within my electronic log book which experimental data is good/bad, hide the bad data, but still keep it in the system just in case it is useful in the future.",g18-neurohub,77
"As a researcher, I want to have the system to provide standard metadata, that all researchers in the centre (and beyond) can use, so that we can better understand each others' data.",g18-neurohub,78
"As a researcher, I want to have physiology images to be annotated with standard meta data, so that my data can later be searched for and understood.",g18-neurohub,79
"As a researcher, I want to have the ability to attach standard meta data for behavioural observations (and video), so that my data can later be searched for and understood.",g18-neurohub,80
"As a researcher,  I want to have the ability to attach standard meta data for drug responses, so that my data can later be searched for and understood.",g18-neurohub,81
"As a researcher, I want to have the ability to search for images of cells using standard meta data.",g18-neurohub,82
"As a researcher, I want to have at least some meta data to be automatically inserted when new data is added to the system.",g18-neurohub,83
"As a researcher,  I want to have the ability to attach detailed meta data to the data and entries that I create.",g18-neurohub,84
"As a researcher, I want to have the ability to select a partially pre-populated template that already contains commonly entered meta data while adding new data to the system, so that I do not waste time repeatedly inserting the same meta data over and over again for each individual file or log book entry.",g18-neurohub,85
"As a user, I want to be sure that existing metadata corresponding to the file is not lost when moving a file to a new location.",g18-neurohub,86
"As a researcher, I want to have the ability to form links between objects, for example File A is an analysis of File B, so that data can be searched by type and by association.",g18-neurohub,87
"As a researcher, I want to have the ability to locate experiment files using meta data, regardless of where those files are located.",g18-neurohub,88
"As a researcher, I want to have any data that I have written to the VRE to be protected from modification or deletion, so that original data can always be traced back to an experiment and a point in time.",g18-neurohub,89
"As a user,  I want to have the ability to keep my data private on the system, and only share data that I deem should be shared.",g18-neurohub,90
"As a researcher,  I want to have the ability to store all the inputs for an experiment so that the provenance of the results can be verified.",g18-neurohub,91
"As a researcher, I want to have the ability to search for files by file type and format.",g18-neurohub,92
"As a researcher,  I want to have the ability to bulk upload directories and files with minimal effort.",g18-neurohub,93
"As a researcher, I want to associate meta data to the group as a whole at some point in time after the bulk upload has completed, so that I have a period of time to reflect on suitable values for the meta data.",g18-neurohub,94
"As a user,  I want to have the ability to change the sharing and ownership of multiple files.",g18-neurohub,95
"As a researcher,  I want to have the ability to restrict the data I share to certain researchers or groups of researchers.",g18-neurohub,96
"As a researcher,  I want to have the ability to locate and access data that colleagues want to share.",g18-neurohub,97
"As a researcher,  I want to have the ability to interact with a revision control system so that I can keep track of changes to files over time.",g18-neurohub,98
"As a JuniorResearcher,  I want to have the ability to harvest knowledge from within the group, so that I can learn from more experienced researchers.",g18-neurohub,99
"As a researcher, I want to secure remote access to the Neurohub node when working away from the laboratory",g18-neurohub,100
"As a researcher, I want to have a group-level repository for sharing papers/reviews/comments with other researchers.",g18-neurohub,101
"As a researcher, I want to have the details of the workflow plan as well as the execution history and results recorded in Neurohub while executing a workflow",g18-neurohub,102
"As an archivist, I want to apply a license or rights statement, so that I know what I can do with a file.",g26-racdam,1
"As an archivist, I want to mark individual files as restricted, so that they don't get shared by mistake.",g26-racdam,2
"As an archivist, I want to mark groups of files as restricted, so that they don't get shared by mistake.",g26-racdam,3
"As an archivist, I want to restrict a file from view.",g26-racdam,4
"As an archivist, I want to restrict a group of files from view.",g26-racdam,5
"As an archivist, I want to set a date on which restrictions will be removed from a file, so that that I don't have to update this by hand.",g26-racdam,6
"As an archivist, I want to add restriction end date information to files, so that I can share files when they become open.",g26-racdam,7
"As an archivist, I want to add detailed restrictions to groups of files, so that I know if and how they can be shared.",g26-racdam,8
"As an archivist, I want to restrict access to some files by IP address, so that I can give reading room access only to certain digital files.",g26-racdam,9
"As an archivist, I want to restrict access to certain files by user, so that I can allow donor representatives to see certain files.",g26-racdam,10
"As an archivist, I want to know if a photo has already been scanned, so that I can license it to a researcher.",g26-racdam,11
"As an archivist, I want to select existing rights statuses and statements, so that I can easily create uniform rights statements.",g26-racdam,12
"As an archivist, I want to redact information in digital files for a period of time, so that I can provide access to non-sensitive portions of a record.",g26-racdam,13
"As an archivist, I want to have an online form for licensing archival material, so that the process is more transparent and some of the back and forth can be eliminated.",g26-racdam,14
"As an archivist, I want to batch edit metadata about files.",g26-racdam,15
"As an archivist, I want to upload a single file.",g26-racdam,16
"As an archivist, I want to upload groups of files, so that I can save time.",g26-racdam,17
"As an archivist, I want to automatically create access copies of files, so that I don't have to do this manually.",g26-racdam,18
"As an archivist, I want to automatically generate technical metadata, so that I know the file size.",g26-racdam,19
"As an assistant archivist, I want to upload and tag staff generated working papers, so that staff and researchers are able to easily access them.",g26-racdam,20
"As an archivist, I want to distinguish between digital objects digitized to preservation standards and those created for access purposes only, so that I know whether I should apply preservation actions.",g26-racdam,21
"As an archivist, I want to link electronic versions of researchers' publications to citations, so that I can share them with other researchers.",g26-racdam,22
"As an archivist, I want to upload scans of images created while answering research requests, so that they can be used again for other research requests.",g26-racdam,23
"As an archivist, I want to create quality scans of images and documents, so that they can be reused.",g26-racdam,24
"As an archivist, I want to automatically create access derivatives of digital objects, so that I don't have to do this manually.",g26-racdam,25
"As an archivist, I want to automatically assign unique identifiers to material I scan, so that I avoid potential errors.",g26-racdam,26
"As an archivist, I want to automatically embed metadata in file headers, so that I avoid repetitive and easily-forgotten tasks.",g26-racdam,27
"As an archivist, I want to rotate images, so that I can orient them correctly.",g26-racdam,28
"As an archivist, I want to apply automatic contrast and level operations to a scanned file, so that I can eliminate unnecessary work.",g26-racdam,29
"As an archivist, I want to perform contrast, level and other manipulations manually, so that I can improve on results from automated tools.",g26-racdam,30
"As a donor representative, I want to supply incremental accruals to new and existing collections, so that material can be transferred on an ongoing basis.",g26-racdam,31
"As an archivist, I want to manage scans of archival material created for educational visits, so that find and refer to them for another visit.",g26-racdam,32
"As an archivist, I want to manage loan documentation, including preservation photos, forms and correspondence, so that I can find it easily later.",g26-racdam,33
"As a researcher, I want to generate structured citation data, so that so I can cite a file in a publication.",g26-racdam,34
"As a researcher, I want to share a link to a file on social media, so that so I can show other people an interesting thing I found.",g26-racdam,35
"As a researcher, I want to understand the copyright status of the image, so that I know if I can use it.",g26-racdam,36
"As a researcher I want clear citation information on each document, so that I can cite accurately in a publication.",g26-racdam,37
"As a researcher, I want to share reports I've written, so that it is available to staff and researchers.",g26-racdam,38
"As a researcher, I want to download a file, so that I can use it for research without having to come to the reading room.",g26-racdam,39
"As a researcher, I want to download reports, so that I can use them in immediate and future in talks and articles.",g26-racdam,40
"As a researcher, I want to locate photographs and documents that I can share on social media.",g26-racdam,41
"As a researcher, I want to request analog versions of digital objects, so that I can view them in the reading room.",g26-racdam,42
"As a researcher, I want to order copies of photos, so that I can use them in a publication.",g26-racdam,43
"As a researcher, I want to receive a notification if something I request in the reading room or for duplication is already digitized, so that I don't have to put in that request.",g26-racdam,44
"As an archivist, I want to make information about rights available to researchers and donors, so that they know what they can do with images.",g26-racdam,45
"As an archivist, I want to ensure that emails sent about specific objects contain accurate citation information, so that I can confirm which object is being referred to.",g26-racdam,46
"As a researcher, I want to stream audio and video files in my web browser.",g26-racdam,47
"As a researcher, I want to export descriptive data in a common format, so that I can use text mining tools on it.",g26-racdam,48
"As an archivist, I want to track use of a photo, so that I know if I've sent it to a researcher before.",g26-racdam,49
"As an archivist, I want to see what a particular user has downloaded, so that I can track use of assets.",g26-racdam,50
"As an archivist, I want to provide access to digital copies of unprocessed material, so that donors can access things they have given us.",g26-racdam,51
"As an archivist, I want to make as much archival material as possible available for use, so that I can fulfill the RAC's mission.",g26-racdam,52
"As an archivist, I want to use archival content on the RAC website, so that I can integrate our collections into our web presence.",g26-racdam,53
"As a donor representative, I want to access the descriptive information about the images scanned for my institutions needs.",g26-racdam,54
"As a donor representative, I want to look at images that have been scanned from my collection, so that so that I can use them in my institutions exhibits, reports etc.",g26-racdam,55
"As a researcher, I want to search all files by keyword.",g26-racdam,56
"As a researcher, I want to search by keyword, so that I can learn what already exists digitally and avoid placing additional duplication requests.",g26-racdam,57
"As a researcher, I want to see common material across collections, so that so I can prepare a comprehensive analysis.",g26-racdam,58
"As a researcher, I want to browse through files in a collection.",g26-racdam,59
"As an archivist, I want to browse through files in a collection.",g26-racdam,60
"As an archivist, I want to search all files by keyword.",g26-racdam,61
"As an archivist, I want to upload inventories, so that our donor representatives have an easier time requesting their material.",g26-racdam,62
"As an archivist, I want to search by tag, so that it makes finding particular photographs easier.",g26-racdam,63
"As an archivist, I want to access the digital files on the X-drive, so that I can use them.",g26-racdam,64
"As an assistant archivist, I want to easily access interdepartmental forms.",g26-racdam,65
"As an archivist, I want to have electronic versions of the collection files available for staff use, so that I increase accessibility and I do not lose the original files.",g26-racdam,66
"As a researcher, I want to be able to search across photo collection images, so that I can prepare presentations.",g26-racdam,67
"As a researcher, I want to search using structured data, so that I can find everything relevant to my inquiry across collections.",g26-racdam,68
"As a researcher, I want to access tagged working papers, so that my research process is better informed.",g26-racdam,69
"As a researcher, I want to access educational outreach materials, so that I can make connections with institutions.",g26-racdam,70
"As a researcher, I want to have accurate cross-collection citation information, so that I can find materials again.",g26-racdam,71
"As a researcher, I want to access digitized archival materials without mediation, so that I can decide what, I want to look at.",g26-racdam,72
"As an archivist, I want to distinguish between images scanned in color or black and white, so that I know whether or not these images meet publication requirements.",g26-racdam,73
"As a researcher, I want to ask a question about a specific file, so that I can find out more information.",g26-racdam,74
"As a researcher, I want to search OCRed text in all available digitized textual documents, so that I can more efficiently locate digitized documents relevant to my research.",g26-racdam,75
"As a researcher, I want to know the date on which something was digitized, so that I know if it's been digitized since I last looked.",g26-racdam,76
"As a researcher, I want to keyword search across all of an RF program officer's scanned diaries, rather than having to search each scanned diary segment separately, so that I can more efficiently locate diary entries relevant to my research.",g26-racdam,77
"As an archivist, I want to access inventories for unprocessed collections, so that I can provide reference services to donors.",g26-racdam,78
"As a researcher, I want to view thumbnails of photos, so that I can make a selection of which one I want to license.",g26-racdam,79
"As a researcher, I want to know when only part of a folder has been digitized, so that I know if I am seeing everything or only a portion.",g26-racdam,80
"As a donor representative, I want to see thumbnails of images, so that I can select which one I want.",g26-racdam,81
"As an researcher, I want to view film clips, so that I can see excerpts of films.",g26-racdam,82
"As an archivist, I want to search images by photographer.",g26-racdam,83
"As an archivist, I want to search images by people represented in them.",g26-racdam,84
"As an archivist, I want to search images by place the photo was taken.",g26-racdam,85
"As an archivist, I want to search images by rights.",g26-racdam,86
"As an archivist, I want to search index cards and other non-public finding aids, so that I can provide better research assistance.",g26-racdam,87
"As an archivist, I want to view collection files, so that I can gain background information for processing a collection.",g26-racdam,88
"As an archivist, I want to view physical locations for non-archival material, so that I can provide research services to donors.",g26-racdam,89
"As an archivist, I want to find files that cannot be made publicly available, so that I can easily access everything that's been digitized.",g26-racdam,90
"As an archivist, I want to access metadata and visual representations of index cards, so that I can use that information to assist researchers.",g26-racdam,91
"As an archivist, I want to search individual material types.",g26-racdam,92
"As an archivist, I want to search images by uploading an image, so that so I can find images when i don't have any metadata.",g26-racdam,93
"As an administrator, I want to create user groups, so that I can control user permissions.",g26-racdam,94
"As an administrator, I want to create user roles, so that I can group users by role.",g26-racdam,95
"As an administrator, I want to assign RAC staff to different user groups, so that I can control read/write access.",g26-racdam,96
"As an administrator, I want to assign rights to user groups or roles, so that I can control what users can and can't do.",g26-racdam,97
"As an administrator, I want to allow users to log in using Active Directory credentials, so that I don't have to manage another set of usernames and passwords.",g26-racdam,98
"As an administrator, I want to have researchers reset their own passwords, so that I don't have to send passwords in cleartext.",g26-racdam,99
"As an administrator, I want to limit who can see certain metadata fields, so that I can show or hide things from display based on user groups.",g26-racdam,100
"As a user, I want to search and discover music using content identification or fingerprinting.",g28-zooniverse,1
"As a user, I want to search and discover music based on my profile.",g28-zooniverse,2
"As a user, I want to search and discover music based on other users similar to myself.",g28-zooniverse,3
"As a user, I want to search and discover music or ringback tones similar to a given music video based on content similarity.",g28-zooniverse,4
"As a user, I want to search and discover music by exploiting enriched metadata and image tags, so that I find related artists, new genre, or other relevant listening path.",g28-zooniverse,5
"As a user, I want to upload tagged videos and have tags available for all further processing steps.",g28-zooniverse,6
"As a user, I want to view thumbnail sequences of video segments.",g28-zooniverse,7
"As a user, I want to get info about similar video items and segments.",g28-zooniverse,8
"As a user, I want to get info about perceptually similar video items and segments.",g28-zooniverse,9
"As a user, I want to receive content recommendations from similar profiles.",g28-zooniverse,10
"As a user, I want to receive content recommendations based on most relevant news events in my area.",g28-zooniverse,11
"As a user, I want to identify persons in videos, and receive related information about them.",g28-zooniverse,12
"As a user, I want to identify products in videos, and receive related information about them.",g28-zooniverse,13
"As a user, I want to identify broadcaster logos in videos, and receive related information about them.",g28-zooniverse,14
"As a user, I want to identify brands in videos, and receive related information about them.",g28-zooniverse,15
"As a user, I want to take a picture or upload an image, so that I am recommended with videos related to that picture or image.",g28-zooniverse,16
"As a user, I want to walk around, access content using a geographical map and be informed if there are videos covering the area, monuments or any other relevant point of interest.",g28-zooniverse,17
"As a user, I want to search content items using automatic speech recognition.",g28-zooniverse,18
"As an admin, I want to see, validate and edit segmentation of videos.",g28-zooniverse,19
"As an admin, I want to annotate news video segments and extract a topic for each segment.",g28-zooniverse,20
"As an admin, I want to filter and rank videos based on A/V quality aspects.",g28-zooniverse,21
"As an admin, I want to get a quick assessment of whether audio material has been edited before the upload.",g28-zooniverse,22
"As an admin, I want to prefilter nudity content.",g28-zooniverse,23
"As an admin, I want to prefilter content using search based on low­level asset information.",g28-zooniverse,24
"As an admin, I want to automatically validated the ingested contents for copyright infringement.",g28-zooniverse,25
"As an admin, I want to prefilter the content using search on high­level asset information such as metadata and tags either recognized by the system of provided by the user.",g28-zooniverse,26
"As a Zooniverse admin, I want to assess how interesting or appealing or complex a picture is based on automated analysis, citizen annotations, and comments on Talk.",g28-zooniverse,27
"As a Zooniverse admin, I want to detect when a scientist should be prompted to look at a subject, based on annotations and information from Talk comments.",g28-zooniverse,28
"As a Zooniverse admin, I want to identify volunteer types.",g28-zooniverse,29
"As a Zooniverse admin, I want to preclassify the Galaxy Zoo images using simple low­level image features.",g28-zooniverse,30
"As a Zooniverse admin, I want to automatically detect Snapshot Serengeti images with no classifiable animals in them.",g28-zooniverse,31
"As a Zooniverse admin, I want to perform automatic image series detection for the case of timestamping malfunction in Snapshot Serengeti images.",g28-zooniverse,32
"As a Zooniverse admin, I want to perform automatic animal species preclassification in Snapshot Serengeti.",g28-zooniverse,33
"As a Zooniverse admin, I want to perform automatic animal attribute preclassification in Snapshot Serengeti.",g28-zooniverse,34
"As a Zooniverse admin, I want to perform automatic animal number detection in Snapshot Serengeti.",g28-zooniverse,35
"As a Zooniverse admin, I want to perform automatic segmentation or localization of plankton in Plankton Portal.",g28-zooniverse,36
"As a Zooniverse admin, I want to automatically detect Plankton Portal images with no classifiable plankton in them.",g28-zooniverse,37
"As a Zooniverse admin, I want to perform automatic detection of plankton size or orientation in Plankton Portal images.",g28-zooniverse,38
"As a Zooniverse admin, I want to perform automatic preclassification of plankton species in Plankton Portal images.",g28-zooniverse,39
"As a Zooniverse admin, I want to perform automatic worm motion analysis to reduce video duration in Worm Watch Lab.",g28-zooniverse,40
"As a Zooniverse admin, I want to automatically detect the time in a Worm Watch Lab video where the worm lays an egg.",g28-zooniverse,41
"As a Zooniverse admin, I want to detect important features such as areas of flooding, damage, temporary shelters, blocked roads etc in the satellite images.",g28-zooniverse,42
"As a Zooniverse admin, I want to assess the probability/weight of a volunteers classification based on their experience.",g28-zooniverse,43
"As a Zooniverse admin, I want to perform prefiltering of the images to remove artefacts such as bright stars and camera read errors.",g28-zooniverse,44
"As a Zooniverse admin, I want to detect moving and transient objects in the images.",g28-zooniverse,45
"As a Zooniverse admin, I want to remove background noise and distracting sounds from the audio files.",g28-zooniverse,46
"As a Zooniverse admin, I want to group whale calls that are similar.",g28-zooniverse,47
"As a Zooniverse admin, I want to identify the number of whales heard in a single audio file.",g28-zooniverse,48
"As a Zooniverse admin, I want to know when I should interrupt a volunteer.",g28-zooniverse,49
"As a Zooniverse admin, I want to know whether I should interrupt a volunteer with text, an image, or a video.",g28-zooniverse,50
"As a Zooniverse admin, I want to know when I should educate a volunteer.",g28-zooniverse,51
"As a Zooniverse admin, I want to know whether I should educate a volunteer with text, an image, or a video.",g28-zooniverse,52
"As a Zooniverse admin,I want to know which piece of education I should give to a volunteer.",g28-zooniverse,53
"As a Zooniverse admin, I want to know when a volunteer has made an interesting comment on a subject.",g28-zooniverse,54
"As a Zooniverse admin, I want to know when Zoonibot should comment on a subject.",g28-zooniverse,55
"As a Zooniverse admin, I want to know when Zoonibot should give an explanation.",g28-zooniverse,56
"As a Zooniverse admin, I want to know what Zoonibot should say to a volunteer.",g28-zooniverse,57
"As a Zooniverse admin, I want to group subjects by similarity.",g28-zooniverse,58
"As a Zooniverse admin, I want to recommend different projects to volunteers based on their previous experiences.",g28-zooniverse,59
"As an admin, I want to see a summary of articles, so that I reuse them.",g28-zooniverse,60
"As a researcher, I want to be able to view a finding aid for a particular collection/Resource.",g23-archivesspace,1
"As an Application Administrator, I want to be able to reset a User's password for them.",g23-archivesspace,2
"As a user, I want backend changes for managing enum lists.",g23-archivesspace,3
"As an Archivist, I want to import EAD files that were exported by Archon.",g23-archivesspace,4
"As an Archivist, I want to assign a component unique identifier to a Resource Component.",g23-archivesspace,5
"As a User , I want to authenticate using LDAP.",g23-archivesspace,6
"As a migration specialist, I want to store the AT or Archon source record ids in each ASpace record",g23-archivesspace,7
to support data migration integrity testing.,g23-archivesspace,8
"As an Archivist, I want to associate a standard identifier string with a Subject heading.",g23-archivesspace,9
"As an Archivist, I want to be able to understand that an error occurred during import and why it might have occurred.",g23-archivesspace,10
"As an Archivist, I want to import Accessions data in CSV.",g23-archivesspace,11
"As an Archivist, I want to import Resources from MARCXML records.",g23-archivesspace,12
"As a user, I want frontend changes for managing enum lists.",g23-archivesspace,13
"As an Authenticated User, I want to get access to links to contextual help.",g23-archivesspace,14
"As an Archivist, I want to see Dates and Extents displayed in both the read and edit views for Accessions and/or Resources before the list of Subjects.",g23-archivesspace,15
"As an Archivist, I want to import Agent information from EAC-CPF records.",g23-archivesspace,16
"As a user, I want backend changes to support loading enum value lists from the database.",g23-archivesspace,17
"As a user, I want backend changes for bulk updating one enum value to another.",g23-archivesspace,18
"As an Archivist, I want to export agent records as EAC-CPF.",g23-archivesspace,19
"As an Archivist, I want to import only Agent and Subject information from MARCXML records.",g23-archivesspace,20
"As an Application Administrator, I want to assign Users to an Advanced Data Entry and ensure that the appropriate permissions are enforced.",g23-archivesspace,21
"As an Application Administrator , I want to be able to configure the help center URL and topic mappings.",g23-archivesspace,22
"As a user, I want to add additional properties for repositories.",g23-archivesspace,23
"As an Archivist, I want to add Notes to other record types.",g23-archivesspace,24
"As an Administrator, I want to create a new User account for someone else.",g23-archivesspace,25
"As an Archivist, I want to add administrative data about the archival description and finding aid-related data to a top-level Resource.",g23-archivesspace,26
"As an Archivist, I want to assign a Level of description to a Resource or Resource Component and optionally specify another value if the Level is not in a predefined list.",g23-archivesspace,27
"As a developer, I want to use a configuration that is not prepackaged within a built version of application.",g23-archivesspace,28
"As an Archivist, I want to import EAD files that were exported by the Archivists' Toolkit.",g23-archivesspace,29
"As a systems administrator, I want to be able to control the location of the demo database and I want it to be backed up.",g23-archivesspace,30
"As an archivist, I want to search within a repository for resource and accession and digital object records.",g23-archivesspace,31
"As an archivist, I want to create and edit a Collection Management subrecord.",g23-archivesspace,32
"As an Archivist, I want to rearrange the Resource and/or Digital Object hierarchy using keyboard-based navigation.",g23-archivesspace,33
"As an Archivist, I want to rearrange the resource description hierarchy by dragging an archival object to a different position in the hierarchy.",g23-archivesspace,34
"As an Archivist, I would like to indicate an Agent is either the creator or source or subject of an Accession or Resource or Resource Component.",g23-archivesspace,35
"As an Archivist, I want to export a description as EAD.",g23-archivesspace,36
"As an Archivist, I want to create and edit Event records.",g23-archivesspace,37
"As an Archivist, I want to manage Digital Objects.",g23-archivesspace,38
"As an Archivist, I want to associate an Instance with a Resource and/or Resource Component.",g23-archivesspace,39
"As an Archivist, I don't want to inadvertently overwrite someone else's changes to a record that I'm editing.",g23-archivesspace,40
"As an Archivist, I want to create and edit Rights Management statements.",g23-archivesspace,41
"As an Archivist, I want to upload an EAD for import from within the frontend application.",g23-archivesspace,42
"As an Archivist, I want to import EAD data.",g23-archivesspace,43
"As a Repository Manager , I want to create, update and delete archival descriptions in my repository.",g23-archivesspace,44
"As a Developer , I want to develop a custom importer.",g23-archivesspace,45
"As a Basic Data Entry user , I want to create and update basic archival description information.",g23-archivesspace,46
"As a Repository Manager , I want to create, update and delete any records in my repository.",g23-archivesspace,47
"As a ReadOnly user , I want to view archival descriptions in my repository.",g23-archivesspace,48
"As an System Administrator, I want to declare that a user is has the Repository Manager role for a given Repository.",g23-archivesspace,49
"As an Archivist, I want to specify the Source for a Name Form of an Agent and add new Sources and edit existing Sources.",g23-archivesspace,50
"As an Archivist, I want to create and edit Agent records.",g23-archivesspace,51
"As an Archivist, I want to create and edit a Resource record.",g23-archivesspace,52
"As an Archivist, I want to associate a Subject record with a Resource description.",g23-archivesspace,53
"As a User, I want to authenticate locally.",g23-archivesspace,54
"As User, I want to be able to log in.",g23-archivesspace,55
"As an Archivist, I want to associate an Instance with a Container.",g23-archivesspace,56
"As an Archivist, I want to assign Location information to a Container.",g23-archivesspace,57
"As a Public User, I want to Search for Information, so that I can obtain publicly available information concerning properties, County services, processes and other general information.",g03-loudoun,1
"As a ProspectiveApplicant, I want to research requirements and to select a service, so that I can find the relevant service and/or application type to initiate via the online portal.",g03-loudoun,2
"As an Applicant, I want to Request PreApplication Assistance, so that I can receive a response to a request for a meeting or information that is a result of the preapplication assistance.",g03-loudoun,3
"As a Customer, I want to Create a Customer Portal User Account, so that I can log on to the Customer Portal and perform transactions that first require user authentication.",g03-loudoun,4
"As an Applicant, I want to Submit Application, so that I can provide my information, plans and/or documents to initiate a transaction with the County.",g03-loudoun,5
"As an Applicant, I want to Submit Supporting Documentation, so that I can satisfy documentation requirements for my application.",g03-loudoun,6
"As an Applicant, I want to Pay Fee, so that I can satisfy outstanding charge associated with the service requested or received from the County.",g03-loudoun,7
"As an Applicant, I want to Check the Status of a transaction, so that I can understand where the provisioning of my service is in the process, such as information related to service levels, fees, plan review, permit, or inspection results.",g03-loudoun,8
"As an Applicant, I want to Modify my Application, so that I can successfully change information on an application.",g03-loudoun,9
"As a Staff member, I want to Perform a Completeness Review, so that I can validate when an application is complete and eligible for further technical review.",g03-loudoun,10
"As a Staff member, I want to Record an Internal Note, so that I can share information with other Staff collaborating on the record.",g03-loudoun,11
"As a Staff member, I want to Assign an Application for Detailed Review, so that I can review the for compliance and subsequently approved or denied.",g03-loudoun,12
"As a Staff member, I want to Apply a Hold, so that I can prevent progression through the workflow or other actions in the system until the issue is resolved.",g03-loudoun,13
"As a Staff member, I want to Remove a Hold, so that I can allow progression through the workflow or other actions in the system now that the issue has been resolved.",g03-loudoun,14
"As a Staff member, I want to Send a Formal Response to Applicant, so that I can satisfy communication and records responsibilities.",g03-loudoun,15
"As a Staff member, I want to Track  the Draft Proffers, so that I can preserve the history of draft proffer statements submitted by the Applicant.",g03-loudoun,16
"As a Staff member, I want to Manage Approved Proffers, so that I can ensure compliance with and satisfaction of the proffer in the future.",g03-loudoun,17
"As a Staff member, I want to Manage Ordinances, so that I can maintain accurate ordinance information in the System.",g03-loudoun,18
"As a Staff member, I want to Schedule a Meeting, so that I can bring the required parties together at a specific date/time to address an issue.",g03-loudoun,19
"As a staff member, I want to denote an application with a Final Action status. So that I can finish it.",g03-loudoun,20
"As a Planning Staff member, I want to Conduct and Track Plan Amendments and Planning Studies, so that I can record work in process, outcome, and location-based information related to the Plan(s).",g03-loudoun,21
"As a Planning Staff member, I want to Generate Planning-related Reports, so that I can access, analyze and/or export the needed information in the format I requested.",g03-loudoun,22
"As a Planning Staff member, I want to Evaluate Consistency with the Comprehensive Plan, so that I can complete my required review of a plan set and/or application.",g03-loudoun,23
"As a Staff member, I want to Perform a Staff Review, so that I can validate compliance of an application with the Zoning Ordinance and impact approval/denial of the application accordingly.",g03-loudoun,24
"As a Zoning Staff member, I want to Process the Requests for Zoning Information, so that I can capture my response to the request in the system and also send a communication from the system to the Applicant.",g03-loudoun,25
"As a Zoning Staff member, I want to Issue the Zoning-Related Permits, so that I can satisfy an Applicant's request for service that has proven to be eligible and in compliance with the Zoning Ordinance.",g03-loudoun,26
"As a Staff member, I want to Develop a Staff Report, so that I can publish and distribute the report according to business rules.",g03-loudoun,27
"As a Staff member, I want to Manage Hearing Calendars, so that I can track hearing-related activities and due dates.",g03-loudoun,28
"As a Staff member, I want to Assign a Hearing Date, so that I can present the application to the appropriate governing body within the timelines dictated by the relevant County rules and procedures.",g03-loudoun,29
"As a Staff member, I want to Manage Affidavits, so that I can ensure compliance with the requirements prior to the hearing.",g03-loudoun,30
"As an Applicant, I want to Satisfy Hearing Requirements, so that I can ensure all pre-hearing requirements are satisfied in time for the hearing.",g03-loudoun,31
"As a Staff member, I want to Prepare for and Support Hearing Execution, so that I can ensure all pre-hearing requirements are satisfied and staff and Applicant are ready for the hearing.",g03-loudoun,32
"As a Staff member, I want to Capture a Hearing Decision, so that I can enforce the system.",g03-loudoun,33
"As a Staff member, I want to Process the Appeals, so that I can track the outcome and record the impact on the relevant records.",g03-loudoun,34
"As a Plan Review Staff member, I want to Assign Plans for Review, so that I can ensure plans have been assigned to the appropriate Plan Reviewer.",g03-loudoun,35
"As a Plan Review Staff Supervisor, I want to Manage Plan Reviewer Workload, so that I can monitor and effectively adjust workload as necessary and ensure service levels are met",g03-loudoun,36
"As an Applicant, I want to Request a Plan Review Meeting, so that I can meet with the Plan Review Staff regarding the plan review.",g03-loudoun,37
"As a Plan Review Staff member, I want to successfully Conduct a Plan Review Meeting with the Applicant and record the outcome, so that I can listen to it again.",g03-loudoun,38
"As a Plan Review Staff member, I want to Review Plans, so that I can review them for compliance and either approve, or fail or deny the plans and record any conditions, clearances, or corrections needed from the Applicant.",g03-loudoun,39
"As an Applicant, I want to Resubmit Plans, so that I can review revised plans.",g03-loudoun,40
"As a Plan Review Staff Member, I want to Review the Code Modifications submitted by the Applicant, so that I can review the request and if approved, associate it with the appropriate project.",g03-loudoun,41
"As a Plan Review Staff member, I want to Track the Completion of Required Plan Reviews, so that I can ensure all plan review tasks are completed, results have been sent to the Applicant and any downstream steps are initiated such has a final review or payment for permit issuance.",g03-loudoun,42
"As a Development Staff member, I want to Issue a Development-related Permit, so that I can grant the request to the Applicant to begin work",g03-loudoun,43
"As a Staff member, I want to Manage Bonds, so that I can track and manage bonds throughout the lifecycle of the project until release.",g03-loudoun,44
"As an Applicant, I want to Complete Building Development Project, so that I can receive any posted bond and/or obtain occupancy.",g03-loudoun,45
"As an Applicant, I want to Complete Building Development Project, so that I can receive any posted bond and/or obtain occupancy.",g03-loudoun,46
"As a Customer, I want to Request Inspection, so that a County inspector is assigned to perform an inspection of my project.",g03-loudoun,47
"As an Inspection Staff member, I want to Create an Inspection, so that I can schedule and assign the inspection.",g03-loudoun,48
"As an Inspection Staff Supervisor, I want to Assign Inspections, so that I can make sure the appropriate Inspector receives the work.",g03-loudoun,49
"As an Inspection Supervisor, I want to Manage Inspector Workload, so that I can meet service level and quality requirements.",g03-loudoun,50
"As an Inspector, I want to Conduct Inspections, so that I can validate Customer compliance with code and regulations and provide results of the inspection to the Customer.",g03-loudoun,51
"As an Enforcement Staff member, I want to Issue a Notice of Violation, so that I can provide formal communication to the responsible party.",g03-loudoun,52
"As a l Staff member, I want to search for Property information, so that I can obtain all associated current and historic owners, permits, and applications.",g03-loudoun,53
"As a Staff member, I need to be notified when Geospatial attributes change, so that I can ensure that I am reviewing the permit/application to the most current data and appropriate standards.",g03-loudoun,54
"As a County Staff Member, I want to create a custom query/report outside of the common querying/reporting functionality, so that I can fulfill a request.",g03-loudoun,55
"As a Staff member, I want to create each condo unit, so that I can associate it to the child parcel and address after the condominiums are recorded in the system.",g03-loudoun,56
"As a Technical Staff member, I want to update the GIS Property Management, so that I can successfully update the transactional Parcel Pin to reference the GIS layer where the Split or Merged Parcel Pin exists.",g03-loudoun,57
"As a Staff member, I want to Send or Post Citations and Fines, so that I can successfully send the Notice Of Violation document to the property owner and log information about the action.",g03-loudoun,58
"﻿As a camp administrator, I want to be able to add campers, so that I can keep track of each individual camper.",g12-camperplus,1
"As a camp administrator, I want to be able to remove campers if they don't attend the camp anymore, so that I can keep the records organized.",g12-camperplus,2
"As a camp administrator, I want to be able to keep camper records from previous years, so that the amount of work I need to do is lowered.",g12-camperplus,3
"As a camp administrator, I want to be able to upload consent forms, so that campers or their parents can easily access the forms.",g12-camperplus,4
"As a camp administrator, I want to be able to keep track of which camper submitted which forms, so that legal issues are avoided.",g12-camperplus,5
"As a camp administrator, I want to be able to schedule activities for campers, so that camp workers can easily keep track of who is where at all times.",g12-camperplus,6
"As a camp administrator, I want to be able to automatically create nametags for campers, so that I can lower the amount of work I need to do.",g12-camperplus,7
"As a camp administrator, I want to be able to suspend a camper who had behavioral problems.",g12-camperplus,8
"As a camp administrator, I want to be able to set a reminders related to specific tasks that has to be done.",g12-camperplus,9
"As a camp administrator, I want to be able to assign different positions to the staff members, so that it is possible to organize activities in terms of responsibilities.",g12-camperplus,10
"As a camp administrator, I want to be able to warn a camp worker who I think did his/her job inappropriate.",g12-camperplus,11
"As a camp administrator, I want to be able to create, modify rules that campers and camp workers has to follow.",g12-camperplus,12
"As a camp administrator, I want to keep track of the usage of internal camp facilities, so that I don't create conflicting schedules for the different camp groups.",g12-camperplus,13
"As a camp administrator, I want to create an avenue so parents can submit feedback and general concerns, so that I can keep improving the services I provide.",g12-camperplus,14
"As a camp administrator, I want to store campers' emergency information in a database, so that I can easily notify the necessary parties in case of an emergency.",g12-camperplus,15
"As a camp administrator, I want to store camper's immediate parent/guardian's information, so that I can easily call to notify them in case a grossly unacceptable behavior.",g12-camperplus,16
"As a camp administrator, I want to provide bi-weekly feedback to camper's parents, so that they can be aware of their child's behavior and performance at camp.",g12-camperplus,17
"As a camp administrator, I want to be able to make nametags faster, so that I don't have to spend two hours making 200+ nametags",g12-camperplus,18
"As a camp administrator, I want to be able to create a registration form for both staff and kids, so that I can keep organized.",g12-camperplus,19
"As a camp administrator, I want to be able to keep my information in one place, so that the admins next year can improve on the previous years.",g12-camperplus,20
"As a camp administrator, I want to be able to see medical forms, so that we can be prepared for an allergy attack",g12-camperplus,21
"As a camp administrator, I want to be able to notify parents all at once, so that they can be notified of any upcoming events.",g12-camperplus,22
"As a camp administrator, I want to be quickly log attendance everyday, so that I can track which kids are coming in.",g12-camperplus,23
"As a camp administrator, I want to be able to add parents, so that they can enroll their kids at camp.",g12-camperplus,24
"As a camp administrator, I want to be able to create groups and add campers to the groups, so that I can easily organize the campers.",g12-camperplus,25
"As a camp administrator, I want to be able to see all my camp groups and the events scheduled for each camp group, so that I can notify counselor of what their group will be doing for the day.",g12-camperplus,26
"As a camp administrator, I want to be able to schedule tasks/activities for a specific camp group, so that I can track each groups daily/weekly and monthly activities.",g12-camperplus,27
"As a camp administrator, I want to be able to delete tasks/activities I scheduled, so that I can keep the schedule clean of unneeded activities.",g12-camperplus,28
"As a camp administrator, I want to be able to modify tasks/events I scheduled in case there is a change, so that I can always keep the schedule up to date.",g12-camperplus,29
"As a camp administrator, I want to be able to modify the information of enrolled campers, so that I can keep the campers information up to date.",g12-camperplus,30
"As a camp administrator, I want to be able to delete campers from the database, so that I can keep my pages free of clutter.",g12-camperplus,31
"As a camp administrator, I want to be able to modify the information of added parents, so that I can keep parent's information up to date.",g12-camperplus,32
"As a camp administrator, I want to be able to delete parents from the database, so that I can keep my pages free of unneeded clutter.",g12-camperplus,33
"As a camp administrator, I want to be able to modify a group's information, so that I can keep the groups up to date.",g12-camperplus,34
"As a camp administrator, I want to be able to see only events for a specific group/groups on the event calendar, so that I can easily read the data on the calendar without too much clutter.",g12-camperplus,35
"As a parent, I want to be able to see which consent forms I have submitted, so that I can know what I still need to do.",g12-camperplus,36
"As a parent, I want to be able to track my child's activity and schedule at camp, so that I can have peace of mind.",g12-camperplus,37
"As a parent, I want to be able to submit various type of forms to the camp management.",g12-camperplus,38
"As a parent, I want to be able to create an account, so that I can sign up my kids for camp online.",g12-camperplus,39
"As a parent, I want to see which counselors are assigned to my kids, so that I can have peace of mind.",g12-camperplus,40
"As a parent, I want to be able to message my child's counselors, so that I can voice my concerns or check on my child's progress.",g12-camperplus,41
"As a parent, I want to be able to sign and submit consent forms online, so that I don't have to deal with my child losing a consent form.",g12-camperplus,42
"As a parent, I want to be able to see if I made all the necessary payments.",g12-camperplus,43
"As a parent, I want to be able to share any photos the camp has taken of my child.",g12-camperplus,44
"As a parent, I want to be able to connect with the staff in case of an emergency.",g12-camperplus,45
"As a parent, I want to be able to enroll my children, so that they can be admitted to camp.",g12-camperplus,46
"As a parent, I want to be able to see and edit my enrolled children to the camp year, so that I can know who I already enrolled to camp, who is still pending admission etc.",g12-camperplus,47
"As a parent, I want to be able to see a schedule of the activities my children are involved in at camp, so that I can be more informed as to what they are doing at camp.",g12-camperplus,48
"As a camp worker, I want to be able to see which campers I am in charge of and where, so that I can make sure I am doing my job properly.",g12-camperplus,49
"As a camp worker, I would be able to submit a completion report for the tasks which was assigned to me.",g12-camperplus,50
"As a camp worker, I'm able to report a camper to the manager with an inappropriate behavior.",g12-camperplus,51
"As a camp worker, I'm able to report a list of supplies to the manager that the camp is short of.",g12-camperplus,52
"As a camp worker, I'm able to report necessary repairs to the manager that the camp is needed of.",g12-camperplus,53
"As a camp worker, I want to be able to see which campers I am in charge of and where, so that I can make sure I am doing my job properly.",g12-camperplus,54
"As a camp counselor, I want to be able to take attendance of my assigned kids, so that I can make ensure everybody is accounted for.",g12-camperplus,55
"As an app developer, I want to include the code of a dataset type in my app artifact and create a dataset of that type when deploying the app.",g17-cask,1
"As an app developer, I want to deploy a new version of a dataset type as part of deploying a new version of the app that includes it and I expect that all dataset instances of that type that were created as part of the app deployment start using the new code.",g17-cask,2
"As an app developer, I want to deploy a new version of a dataset type as part of an app artifact, without affecting other datasets of this type.",g17-cask,3
"As an app developer, I want to explore a dataset instance of a type that was deployed as part of an app.",g17-cask,4
"As an app developer, I want to ensure that when I deploy an artifact without creating an app this will not create any dataset types or instances.",g17-cask,5
"As an app developer, I want to share a dataset type across multiple applications that include the dataset type's code in their artifacts.",g17-cask,6
"As an app developer, I want to ensure that when I deploy a new version of an app that includes a shared dataset type that all dataset instances created by this app start using the new code but all dataset instances created by other apps remain unchanged.",g17-cask,7
"As an app developer, I want to ensure that when I deploy a new version of an app that includes an older version of a dataset type deployed by another app and I expect that the dataset instances created by this app use the dataset type code included in this app.",g17-cask,8
"As an app developer, I want to ensure that when I deploy a new version of an app that includes a different version of a dataset type deployed by another app and this app shares a dataset instance of this type with the other app the deployment will fail with a version conflict error.",g17-cask,9
"As an app developer, I want to share a dataset type that I had previously deployed as part of an app.",g17-cask,10
"As a dataset developer, I want to deploy a dataset type independent from any app and allow apps to create and use dataset instances of that type.",g17-cask,11
"As a dataset developer, I want to have the option of forcing applications to have the dataset code injected at runtime.",g17-cask,12
"As a dataset developer, I want to have an archetype that helps me package my dataset type properly.",g17-cask,13
"As a dataset developer, I want to separate the interface from the implementation of a dataset type.",g17-cask,14
"As an app developer, I want to only depend on the interface of a dataset type in my app and have the system inject the implementation at runtime.",g17-cask,15
"As an app developer, I want to write unit tests for an app that depends on the interface of a dataset type.",g17-cask,16
"As a dataset developer, I want to assign explicit versions to the code of a dataset type.",g17-cask,17
"As a dataset developer, I want to deploy a new version of a dataset type without affecting the dataset instances of that type.",g17-cask,18
"As an app developer, I want to create a dataset instance with a specific version of a dataset type.",g17-cask,19
"As a dataset developer, I want to explore a dataset instance created from a dataset type that was deployed by itself.",g17-cask,20
"As a dataset developer, I want to delete outdated versions of a dataset type and I expect this to fail if there are any dataset instances with that version of the type.",g17-cask,21
"As a dataset developer, I want to list all dataset instances that use a dataset type or a specific version of a type.",g17-cask,22
"As a data scientist, I want to be able to create a dataset instance of an existing dataset type without writing code.",g17-cask,23
"As a data scientist, I want to be able to upgrade a dataset instance to a new version of its code.",g17-cask,24
"As a hydrator user, I want to create a pipeline that reads or writes an existing dataset instance.",g17-cask,25
"As a hydrator user, I want to create a pipeline that reads or writes a new dataset instance and I want to create that dataset instance as part of pipeline creation.",g17-cask,26
"As a hydrator user, I want to specify an explicit version of the dataset types of the dataset instances created by my pipeline and I expect pipeline creation to fail if that results in incompatible upgrade of an existing dataset instance that is shared with other apps or pipelines.",g17-cask,27
"As a hydrator user, I want to explore the datasets created by my pipeline.",g17-cask,28
"As a hydrator user, I want to ensure that all dataset instances created by apps are available as sinks and sources for pipelines.",g17-cask,29
"As an app developer, I want to ensure that all dataset instances created by Hydrator pipelines are accessible to the app.",g17-cask,30
"As a plugin developer, I want to include the code for a dataset type in the plugin artifact, so that when a pipeline using this plugin is created a dataset instance of that type is created and it is explorable and available to apps.",g17-cask,31
"As a plugin developer, I want to use a custom dataset type that was deployed independently or as part of an app inside the plugin.",g17-cask,32
"As a plugin developer, I want to upgrade the code of a dataset type used by a dataset instance created by that plugin when I deploy a new version of the plugin and update the pipeline to use that version.",g17-cask,33
"As a pipeline developer, I want to upgrade a dataset instance to a newer version of the code after the pipeline was created.",g17-cask,34
"As a dataset developer, I want to have the option of implementing an upgrade step for when a dataset instance is upgraded to a new version of the dataset type.",g17-cask,35
"As a dataset developer, I want to have a way to reject an upgrade of a dataset instance to a newer version of it type if the upgrade is not compatible.",g17-cask,36
"As a dataset developer, I want to have the option of implementing a migration procedure that can be run after an upgrade of a dataset instance to a new version of it type.",g17-cask,37
"As a developer, I want to take a dataset offline, so that I can perform a long-running maintenance or migration procedure.",g17-cask,38
"As a dataset developer, I want to implement custom administrative operations such as ""compaction"" or ""rebalance"" that are no common to all dataset types.",g17-cask,39
"As an app developer, I want to perform custom administrative operations on dataset instances from my app and the CLI and REST or the UI.",g17-cask,40
"As a user, I want to find out what properties are supported by the dataset type what values are allowed and what the defaults are when creating a dataset instance.",g17-cask,41
"As a user, I want to specify the schema of a dataset in a uniform way across all dataset types.",g17-cask,42
"As a user, I want to specify schema as a JSON string.",g17-cask,43
"As a user, I want to specify schema as a SQL schema string.",g17-cask,44
"As a user, I want to configure time-to-live in a uniform way across all dataset types.",g17-cask,45
"As a user, I want to see the properties that were used to configure a dataset instance.",g17-cask,46
"As a user, I want to find out what properties of a dataset can be updated.",g17-cask,47
"As a user, I want to update the properties of a dataset instance and I expect this to fail if the new properties are not compatible with a meaningful error message.",g17-cask,48
"As a user, I want to update a single property of a dataset instance without knowing all other properties.",g17-cask,49
"As a user, I want to remove a single property of a dataset instance without knowing all other properties.",g17-cask,50
"As a user, I want to trigger a migration process for a dataset if updating its properties requires that.",g17-cask,51
"As a user, I want to ensure that if reconfiguration of a dataset fails then no changes have taken effect, so that all steps required to reconfigure a dataset must be done as a single atomic action.",g17-cask,52
"As an app developer, I want to ensure that application creation fails if any of its datasets cannot be created.",g17-cask,53
"As an app developer, I want to ensure that application redeployment fails if any of its datasets cannot be reconfigured.",g17-cask,54
"As an app developer, I want to tolerate existing datasets if their properties are different but compatible when creating a dataset as part of app deployment.",g17-cask,55
"As a pipeline designer, I want to get a meaningful error message when pipeline creation fails when I use an existing dataset as a sink or source, so that I know that the schema or any other property of the dataset is incompatible with what the pipeline requires.",g17-cask,56
"As a user, I want to specify as part of dataset configuration whether it is explorable.",g17-cask,57
"As a user, I want to specify the explore schema separately.",g17-cask,58
"As a user, I want to ensure that dataset creation fails if the dataset cannot be enabled for explore.",g17-cask,59
"As a user, I want to ensure that dataset reconfiguration fails if the corresponding update of the explore table fails.",g17-cask,60
"As a user, I want to ensure that a dataset operation fails if it fails to make its required changes to explore.",g17-cask,61
"As a user, I want to ensure that an update of explore never leads to silent loss of data or data available for explore.",g17-cask,62
"As a user, I want to enable explore for a dataset that was not configured for explore initially.",g17-cask,63
"As a user, I want to disable explore for a dataset that was configured for explore initially.",g17-cask,64
"As a site member, I want to describe myself on my own page in a semi-structured way, so that others can learn about me.",g10-scrumalliance,1
"As a site member, I want to fill out an application to become a Certified Scrum Practitioner, so that I can earn that designation.",g10-scrumalliance,2
"As a Practitioner, I want to include additional details about me in my profile page, so that I can showcase my experience.",g10-scrumalliance,3
"As a site member, I want to fill out an application to become a Certified Scrum Trainer, so that I can teach CSM and CSPO courses and certify others.",g10-scrumalliance,4
"As a Trainer, I want to include additional details in my profile page about me, so that others can learn about me and decide if I am the right trainer for them.",g10-scrumalliance,5
"As a Practitioner, I want to write an article for the site with a small graphic shown with the article showing my CSP or CST status, so that others know my certifications when reading.",g10-scrumalliance,6
"As a trainer, I want to list my upcoming classes in my profile and include a link to a detailed page about each, so that prospective attendees can find my courses.",g10-scrumalliance,7
"As a site member, I want to view the profiles of other members, so that I can find others I might want to connect with.",g10-scrumalliance,8
"As a site member, I want to search for profiles based on a few fields, so that I can find others I might want to connect with.",g10-scrumalliance,9
"As a site member, I want to mark my profile as private in which case only my name will appear, so that no one can learn things about me I don't want shared.",g10-scrumalliance,10
"As a site member, I want to mark my email address as private even if the rest of my profile is not, so that no one can contact me.",g10-scrumalliance,11
"As a site member, I want to send an email to any member via a form, so that we can connect.",g10-scrumalliance,12
"As a site administrator, I want to read practicing and training applications and approve or reject them, so that only applicants who qualify can become CSPs or CSTs.",g10-scrumalliance,13
"As a site administrator, I want to edit any site member profile, so that I can correct problems for members.",g10-scrumalliance,14
"As a site visitor, I want to read current news on the home page, so that I stay current on agile news.",g10-scrumalliance,15
"As a site visitor, I want to access old news that is no longer on the home page, so that I can access things I remember from the past or that others mention to me.",g10-scrumalliance,16
"As a site visitor, I want to email news items to the editor, so that they can be considered for publication.",g10-scrumalliance,17
"As a site editor, I want to set the following dates on a news item: Start Publishing Date, Old News Date, Stop Publishing Date, so that articles are published on and through appropriate dates.",g10-scrumalliance,18
"As a site member, I want to subscribe to an RSS feed of news, so that I remain sufficiently and easily informed.",g10-scrumalliance,19
"As a site editor, I want to assign priority numbers to news items, so that I can indicate which articles I want featured most prominently on the site.",g10-scrumalliance,20
"As a site visitor, I want to see a list of all upcoming Certification Courses and can page through them if there are a lot, so that I can choose the best course for me.",g10-scrumalliance,21
"As a site visitor, I want to see a list of all upcoming Other Courses and can page through them if necessary, so that I can choose the best course for me.",g10-scrumalliance,22
"As a site visitor, I want to see a list of all upcoming Events, so that I can decide if I want to attend any.",g10-scrumalliance,23
"As a trainer, I want to create a new course or event, so that site visitors can see it.",g10-scrumalliance,24
"As a trainer, I want to create an Other Course or Event I am charged a listing fee for that activity, so that I don't list events I don't really intend to hold.",g10-scrumalliance,25
"As a site administrator, I want to create an Other Course or Event that is not charged a listing fee, so that the Scrum Alliance doesn't charge itself for Scrum Gatherings that it puts on.",g10-scrumalliance,26
"As a site administrator, I want to set the listing fee per Other Course or Event, so that we have flexibility on what to charge in the future.",g10-scrumalliance,27
"As a trainer, I want to update one of my existing courses or events, so that it reflects accurate information.",g10-scrumalliance,28
"As a trainer, I want to delete one of my courses or events, so that it's no longer listed if I cancel for some reason.",g10-scrumalliance,29
"As a trainer, I want to copy one of my courses or events, so that I can create a new one.",g10-scrumalliance,30
"As a site admin, I want to delete any course or event, so that I can remove things that will no longer occur.",g10-scrumalliance,31
"As a site editor, I want to update any course or event, so that I can fix things the original author hasn't.",g10-scrumalliance,32
"As a trainer, I want to turn a course into an event or an event into a course, so that I can correctly classify anything that was entered incorrectly.",g10-scrumalliance,33
"As a site visitor, I want to have an advanced search option that lets me fill in a form of search criteria, so that I can quickly find what I am looking for.",g10-scrumalliance,34
"As a site visitor, I want to view a course I can click on the trainer's name and be taken to the trainer's profile, so that I can read more about a trainer before registering for a course.",g10-scrumalliance,35
"As a site visitor, I want to subscribe to an RSS feed of upcoming courses and events, so that I am up to day without having to visit the site.",g10-scrumalliance,36
"As a site visitor, I want to read FAQs, so that I can get quick answers.",g10-scrumalliance,37
"As a site editor, I want to maintain a FAQ section, so that support gets fewer easily answered questions.",g10-scrumalliance,38
"As a site visitor, I want to do a full-text search of the FAQs, so that I can find an answer quickly.",g10-scrumalliance,39
"As a site member, I want to download the latest training material and methodology PDFs, so that I have them.",g10-scrumalliance,40
"As a visitor, I want to download presentations, PDFs, etc. on Scrum, so that I can learn from them or use them.",g10-scrumalliance,41
"As a site member, I want to scroll through a listing of jobs, so that I can see if there any I am interested in.",g10-scrumalliance,42
"As a recruiter, I want to post a help wanted ad, so that I can attract candidates.",g10-scrumalliance,43
"As a site admin, I want to approve each help wanted ad before it gets to the site, so that we're sure of the quality of jobs being listed.",g10-scrumalliance,44
"As a site admin, I want to be emailed whenever a job is submitted, so that I am aware of it and can decide if I want to post it.",g10-scrumalliance,45
"As a site member, I want to subscribe to an RSS feed of jobs available, so that I can read them without visiting the site.",g10-scrumalliance,46
"As a site admin, I want to edit and delete help wanted ads, so that I can correct small problems or make sure each ad complies with site guidelines.",g10-scrumalliance,47
"As a site admin, I want to stop publishing jobs on the site 30 days after being posted, so that jobs that may have been filled aren't still listed when the hiring party forgets to come back and delete the ad.",g10-scrumalliance,48
"As a recruiter, I want to be able to extend an ad for another 30 days by visiting the site and updating the posting, so that my ad remains active.",g10-scrumalliance,49
"As an advertiser, I want to be emailed a reminder seven day before an ad is about to expire, so that I can go extend the ad.",g10-scrumalliance,50
"As a site visitor, I want to read a new article on the front page about once a week, so that I am up on all the latest happenings.",g10-scrumalliance,51
"As the site editor, I want to include a teaser with each article, so that site visitors can decide if they want to read the rest.",g10-scrumalliance,52
"As a site member who has read a teaser on the front page, I want to read the entire article so that I can finish articles that appeal to me.",g10-scrumalliance,53
"As the site editor, I want to add an article to the site, so that the site has plenty of content.",g10-scrumalliance,54
"As a site editor, I want to set start publishing dates, old article date, and stop publishing dates for articles, so that articles appear only during appropriate periods.",g10-scrumalliance,55
"As a site editor, I want to be able to designate whether or not an ever makes the home page, so that the best content is featured most prominently.",g10-scrumalliance,56
"As the site editor, I want to have pretty good control over how the article, so that articles are visually appealing.",g10-scrumalliance,57
"As a site visitor, I want to click the link from the article teaser to take me directly to the body of the article. not to another teaser setup, so that I can easily finish the article.",g10-scrumalliance,58
"As a site editor, I want to be able to indicate whether an article is publicly available or for members only, so that visitors are incentivized to become members.",g10-scrumalliance,59
"As a site visitor, I want to be able to read some of your articles, so that I can learn without first joining the site.",g10-scrumalliance,60
"As a site member, I want to have full access to all articles, so that there is a benefit to being a member.",g10-scrumalliance,61
"As a site visitor, I want to do a full-text search of article body, title, and author name, so that I can find what I want.",g10-scrumalliance,62
"As a site visitor, I want to subscribe to an RSS feed of articles, so that I can read them without visiting the site.",g10-scrumalliance,63
"As a site visitor, I want to post comments about articles, so that others can read them.",g10-scrumalliance,64
"As a site editor, I want to have a prominent area on the home page where I can put special announcements not necessarily news or articles, so that I can give them additional exposure.",g10-scrumalliance,65
"As a site editor, I want to have some flexibility as to where things appear, so that I can accommodate different types of content.",g10-scrumalliance,66
"As a trainer, I want to see the upcoming courses are what I want visitors to notice, so that they register and there's a benefit to my membership.",g10-scrumalliance,67
"As a site visitor, I want to see new content when I come to the site, so that I come back more often.",g10-scrumalliance,68
"As a site visitor, I want to have articles that interest me and are easy to get to, so that I come to the site for my agile news and learning.",g10-scrumalliance,69
"As a site visitor, I want to know as soon as I visit what on earth Scrum is and why it needs an alliance, so that I don't bounce immediately oﬀ the page.",g10-scrumalliance,70
"As a site visitor, I want to know as I glance around the home page what on earth a CSM is and why I'd want to be one, so that I read more.",g10-scrumalliance,71
"As a site visitor, I want to be able to get back to the home page quickly and easily, so that I don't get lost navigating.",g10-scrumalliance,72
"As a site visitor, I want to see a list of the most popular items on the site, so that I am most likely to read the most important or best content.",g10-scrumalliance,73
"As a trainer, I want to be assured that no one can submit the same answers multiple time and skew my results, so that my ratings are accurate.",g10-scrumalliance,74
"As a trainer, I want to be notified about the results of surveys about my classes, so that I can read them.",g10-scrumalliance,75
"As a site admin, I want to see the results for each trainer and averages for the class, so that I can identify any outliers or possible problems.",g10-scrumalliance,76
"As a site visitor, I want to see a trainer's rating, so that I choose a course from an appropriate trainer.",g10-scrumalliance,77
"As a trainer, I want to show my rating up on my profile page, so that site visitors can choose wisely.",g10-scrumalliance,78
"As a site visitor, I want to view a section of the website that teaches me the basics of what Scrum is, so that I can learn that quickly.",g10-scrumalliance,79
"As a site editor, I want to create the content of the What Is Scrum section, so that it's there for visitors.",g10-scrumalliance,80
"As a site visitor, I want to view lists on the site of all Certified Scrum Masters, Practitioners, Trainers, and Certified Scrum Product Owners.",g10-scrumalliance,81
"As a CSM, I want to have my name listed in the registry without becoming a member of the site, so that employers or others can verify my certification.",g10-scrumalliance,82
"As a trainer, I want to load an Excel file into the site, so that the course participants are added to the Scrum Alliance records.",g10-scrumalliance,83
"As a site admin, I want to view all classes in a pending state, so that I can approve any that need to be approved.",g10-scrumalliance,84
"As a site admin, I want to move people in a trainer's class from a pending state to the registry once I have received proof of payment from the trainer.",g10-scrumalliance,85
"As a CSM, I want to be sent an email welcoming me to the Scrum Alliance and with instructions to register or activate my membership once my name has been loaded to the registry.",g10-scrumalliance,86
"As a site editor, I want to edit the content of the email automatically sent to new Certified Scrum Masters and Product Owners, so that I don't need to involve a programmer on simple email edits.",g10-scrumalliance,87
"As a company, I want to join the Scrum Alliance by paying a corporate membership fee, so that I can show the company's support of Scrum.",g10-scrumalliance,88
"As a corporatesponsor, I want to display my logo on a corporate sponsors page, so that others see the company's support of Scrum.",g10-scrumalliance,89
"As a corporatesponsor, I want to make my logo randomly appear on the home page, so that others see the company's support of Scrum.",g10-scrumalliance,90
"As a CSM, I want to be charged a fee once I am approved for Practitioner status, so that my certification status can be activated.",g10-scrumalliance,91
"As a CST, I want to pay an annual fee, so that my CST status is active.",g10-scrumalliance,92
"As a site administrator, I want to set the annual fees for members, Practitioners and Trainers, so that fees can be set without involving a programmer.",g10-scrumalliance,93
"As a member, I want to receive a reminder and a link, so that I can renew my membership.",g10-scrumalliance,94
"As a member, I want to have the system email me a new password or a password reminder since i have short-term memory problems.",g10-scrumalliance,95
"As a trainer, I want to read information of relevance only to trainers, so that the Scrum Alliance can share information with me easily.",g10-scrumalliance,96
"As a site editor, I want to post information in a trainers-only section, so that only trainers see it.",g10-scrumalliance,97
"As a Developer, I want to get a Data Package into Node, so that I can start using the data for doing analysis and visualizations.",g08-frictionless,1
"As a Researcher, I want to get a Data Package into Julia in seconds, so that I can start using the data for doing analysis and visualizations.",g08-frictionless,2
"As a Publisher, I want to add type information to my data, so that it is more useful to others and can be used better with tools like visualization programs.",g08-frictionless,3
"As a Publisher, I want to be able to provide a visualization of data in the Data Package, so that I can provide my analysis and show my work to users of the data.",g08-frictionless,4
"As a Researcher, I want to be able to save new visualizations, so that I can share them with others or include them in the Data Package.",g08-frictionless,5
"As a ResearcherPublisher, I want to know that my data conforms to its Data Package profile, so that I can feel trust in the validity and usefulness of the data.",g08-frictionless,6
"As a ResearcherPublisher, I want to understand the ways in which my data is invalid, so that I can know how to fix it.",g08-frictionless,7
"As a Researcher, I want to get a Data Package into R in seconds, so that I can start using the data for doing analysis and visualizations.",g08-frictionless,8
"As a Researcher, I want to get a Data Package into Excel in seconds, so that I can start using the data for doing analysis and visualizations.",g08-frictionless,9
"As a Researcher, I want to get a Data Package into SPSS in seconds, so that I can start using the data for doing analysis and visualizations.",g08-frictionless,10
"As a Researcher, I want to get a Data Package into STATA in seconds, so that I can start using the data for doing analysis and visualizations.",g08-frictionless,11
"As a Researcher, I want to be able to translate my EML dataset to a Data Package, so that I can benefit from the wide array of tools available for Data Packages.",g08-frictionless,12
"As a Researcher, I want to get a Data Package into LibreOffice/OpenOffice in seconds, so that I can start using the data for doing analysis and visualizations.",g08-frictionless,13
"As a Developer, I want to get a Data Package into Python in seconds, so that I can start using the data for doing analysis and visualizations.",g08-frictionless,14
"As a Developer, I want a jQuery plugin for Core Data Packages, so that I can use it to apply to form control that uses a core dataset for autocompletion.",g08-frictionless,15
"As a Researcher, I want to get my Excel spreadsheet into a Data Package, so that I can benefit from better tooling and standardization.",g08-frictionless,16
"As a Developer, I want to do exploratory data analysis in R and operationalize that analysis in Python, so that I can use the best tool for the job.",g08-frictionless,17
"As a Developer, I want to get a Data Package into Clojure in seconds, so that I can start using the data in doing analysis and visualizations.",g08-frictionless,18
"As a Developer, I want to get a Data Package into Julia in seconds, so that I can start using the data in doing analysis and visualizations.",g08-frictionless,19
"As a Developer, I want to get a Data Package into C++ in seconds, so that I can start using the data in doing analysis and visualizations.",g08-frictionless,20
"As a Machine Learning expert, I would like to package ML datasets as data packages, so that I can easily import them into my ML platform, so that I can start using the data in doing analysis.",g08-frictionless,21
"As a Developer, I want an Elasticsearch integration, so that I can integrate data-packaged data with pipelines that use Elasticsearch.",g08-frictionless,22
"As a Developer, I want an SPSS integration, so that I can integrate data-packaged data with pipelines that use SPSS.",g08-frictionless,23
"As a Developer, I want an EPrints integration, so that I can integrate data-packaged data with pipelines that use EPrints.",g08-frictionless,24
"As a Developer, I want a Mongo integration, so that I can integrate data-packaged data with pipelines that use Mongo.",g08-frictionless,25
"As a Developer, I want a DAT integration, so that I can integrate data-packaged data with pipelines that use DAT.",g08-frictionless,26
"As a ResearcherGovernment Publisher, I want to add general reference data to my narrow dataset, so that my dataset is more useful.",g08-frictionless,27
"As a ResearcherGovernment Publisher, I want to add general country names to my dataset that only contains country codes, so that my dataset is more readable.",g08-frictionless,28
"As a ResearcherGovernment Publisher, I want to add reference data on inflation to my spending dataset, so that the spending lines in my dataset is more understandable.",g08-frictionless,29
"As a ResearcherGovernment Publisher, I want to map lines in my dataset using geographic data in my dataset, so that my dataset is more engaging for non-technical users.",g08-frictionless,30
"As a Researcher, I want to be able to reference a remote-controlled vocabulary for my dataset, so that I can be sure that column of my dataset are valid against a single shard list of terms.",g08-frictionless,31
"As a developer, I want an DSpace integration, so that I can integrate data-packaged data with pipelines that use Dspace.",g08-frictionless,32
"As a Developer, I want Feather integration, so that I can integrate data-packaged data with pipelines that use Feather.",g08-frictionless,33
"As a Developer, I want HDF5 integration, so that I can integrate data-packaged data with pipelines that use HDF5.",g08-frictionless,34
"As a Researcher, working with data, I want an Microsoft Power BI integration, so that I can import datasets without downloading them locally.",g08-frictionless,35
"As a ResearcherPublisher, I want an integration with Zenodo, so that when I store my dataset in GitHub, I don’t have to retype descriptive information about my dataset.",g08-frictionless,36
"As a Publisher, I would like an integration with Open Refine, so that I can output cleaned Data Packages.",g08-frictionless,37
"As a ResearcherPublisher, I want to publish Data Packages to CKAN, so that my data is findable, and I can have a data API.",g08-frictionless,38
"As a ResearcherDeveloper, would like the ability import/export from MS-SQL, so that I can use Data Packages in workflows that involve MS-SQL.",g08-frictionless,39
"As a Researcher, working with data in NetCDF, I want NetCDF integration, so that I can store my data in plaintext while still retaining its metadata.",g08-frictionless,40
"As a Researcher, I want an integration with https://data.mendeley.com/, so that I can validate my data upon ingest to the service.",g08-frictionless,41
"As a Publisher, I would like an integration with Excel, so that I can output cleaned Data Packages.",g08-frictionless,42
"As a Publisher, I want to store my data quickly and easily online.",g08-frictionless,43
"As a Repository Manager, I want a tool that makes it easy for researchers/ users to add basic metadata to their research data, so that it is more findable and therefore useful.",g08-frictionless,44
"As a ResearcherPublisher, I want validate my data with a minimum of clicks, so that I can feel trust in the validity and usefulness of the data.",g08-frictionless,45
"As a publisher, I want to be able to check that every time I update my data it is still good, so that I can catch errors early and store reliable data.",g08-frictionless,46
"As a DeveloperWrangler, I want to use a command line tool that allows met to validate data, so that I can feel trust in the validity and usefulness of the data quickly and in the context of my command line workflow.",g08-frictionless,47
"As a developer, I want an online service that is connected to my data repository that validates data on update, so that I can delegate data validation to a third party.",g08-frictionless,48
"As a government Publisher, I want to make it easy to prove that our published data is valid, so that I can claim that we are living up to our transparency commitments.",g08-frictionless,49
"As a Civic Tech Activist, I want to make it easy to assess the quality of data stored by the government, so that I can make sure that government is living up to its transparency commitments.",g08-frictionless,50
"As a publisher, I want to embed an interactive preview of my data on my site, so that users can be encouraged that this is the correct data for them.",g08-frictionless,51
"As a publisher, I want to embed a preview button on my site, so that users can preview the data and be encouraged that this is the correct data for them.",g08-frictionless,52
"As a Publisher, I want to know how many users have previewed a dataset, so that I know how interest in a dataset relates to its actual download numbers.",g08-frictionless,53
"As a Developer, I want to customize an existing wizard for my specific type of data, so that I can give my users a great user experience.",g08-frictionless,54
"As a Publisher, I want to add useful metadata or add in new data columns to make the dataset more useful.",g08-frictionless,55
"As a publisher, I want to package reproducible steps to get a certain data state, so my methodology is transparent and can be rerun by others.",g08-frictionless,56
"As a DeveloperDataWrangler, I want to store my Data Package in GitHub and have it automatically stored into CKAN, so that I get a data API and my dataset is listed in a relevant catalog.",g08-frictionless,57
"As a Researcher, I want a tool that can generate basic statistics about a dataset, so that I can get a quick preview of the data.",g08-frictionless,58
"As a DeveloperPublisher, I want a tool to create an embeddable data summary via iframe, so that I can embed data summaries across sites.",g08-frictionless,59
"As a Researcher, I want an app that generates an OpenRefine reconciliation API endpoint from a Tabular Data Package, so that I can use it to clean messy data.",g08-frictionless,60
"As a Researcher, I want an app that create proxy Data Packages for well know and reliable data, sources, so that I can load high quality data using Data Package tooling.",g08-frictionless,61
"As a RepositoryManagerResearcher, I want an app that acts as a match-making service for packaging data, so that owners are paired with data packagers.",g08-frictionless,62
"As a developer, I would like to create a web socket protocol for Frictionless data tools, so that I can easily use data packages with additional data analysis tools.",g08-frictionless,63
"As a Publisher, I would like a tool to check data availability persistence after publication.",g08-frictionless,64
"As a ResearcherPublisher, I want to specify the funding that contributed to the creation of a given dataset, so that funding agencies can identify the funding, source for a given dataset.",g08-frictionless,65
"As a ResearcherPublisher, I want to add a DOI to a dataset, so that I can cite it in papers stored  with the data.",g08-frictionless,66
"﻿As a Data user, I want to have the 12-19-2017 deletions processed.",g02-federalspending,1
"As a UI designer, I want to redesign the Resources page, so that it matches the new Broker design styles.",g02-federalspending,2
"As a UI designer, I want to report to the Agencies about user testing, so that they are aware of their contributions to making Broker a better UX.",g02-federalspending,3
"As a UI designer, I want to move on to round 2 of DABS or FABS landing page edits, so that I can get approvals from leadership.",g02-federalspending,4
"As a UI designer, I want to move on to round 2 of Homepage edits, so that I can get approvals from leadership.",g02-federalspending,5
"As a UI designer, I want to move on to round 3 of the Help page edits, so that I can get approvals from leadership.",g02-federalspending,6
"As a Developer , I want to be able to log better, so that I can troubleshoot issues with particular submissions and functions.",g02-federalspending,7
"As a Developer, I want to add the updates on a FABS submission to be modified when the publishStatus changes, so that I know when the status of the submission has changed.",g02-federalspending,8
"As a DevOps engineer, I want New Relic to provide useful data across all applications.",g02-federalspending,9
"As a UI designer,  I want to move on to round 2 of the Help page edits, so that I can get approvals from leadership.",g02-federalspending,10
"As a UI designer, I want to move on to round 2 of Homepage edits, so that I can get approvals from leadership.",g02-federalspending,11
"As a Broker user, I want to Upload and Validate the error message to have accurate text.",g02-federalspending,12
"As a Broker user, I want the D1 file generation to be synced with the FPDS data load, so that I don't have to regenerate a file if no data has been updated.",g02-federalspending,13
"As a Website user, I want to access published FABS files, so that I can see the new files as they come in.",g02-federalspending,14
"As an owner, I want to be sure that USAspending only send grant records to my system.",g02-federalspending,15
"As a Developer, I want to update the Broker validation rule table to account for the rule updates in DB-2213.",g02-federalspending,16
"As a Developer, I want to add the GTAS window data to the database, so that I can ensure the site is locked down during the GTAS submission period.",g02-federalspending,17
"As a Developer, I want D Files generation requests to be managed and cached, so that duplicate requests do not cause performance issues.",g02-federalspending,18
"As a user, I want to access the raw agency published files from FABS via USAspending.",g02-federalspending,19
"As an Agency user, I want to be able to include a large number of flexfields without performance impact.",g02-federalspending,20
"As a Broker user, I want  to help create content mockups, so that I can submit my data efficiently.",g02-federalspending,21
"As a UI designer, I want to track the issues that come up in Tech Thursday, so that I know what to test and what want s to be fixed.",g02-federalspending,22
"As an Owner, I want to create a user testing summary from the UI SME, so that I can know what UI improvements we will follow through on.",g02-federalspending,23
"As a UI designer, I want to begin user testing, so that I can validate stakeholder UI improvement requests.",g02-federalspending,24
"As a UI designer, I want to schedule user testing, so that I can give the testers advanced notice to ensure buy-in.",g02-federalspending,25
"As an Owner, I want to design a schedule from the UI SME, so that I know the potential timeline of the UI improvements wanted.",g02-federalspending,26
"As an Owner, I want to design an audit from the UI SME, so that I know the potential scope of the UI improvements want ed.",g02-federalspending,27
"As a Developer, I want to prevent users from double publishing FABS submissions after refreshing, so that there are no duplicates.",g02-federalspending,28
"As an data user, I want to receive updates to FABS records.",g02-federalspending,29
"As an Agency user, I want to be able to include a large number of flexfields without performance impact.",g02-federalspending,30
"As a Developer , I want to update the FABS sample file to remove FundingAgencyCode after FABS is updated to no longer require the header.",g02-federalspending,31
"As an agency user, I want to ensure that deleted FSRS records are not included in submissions.",g02-federalspending,32
"As a website user, I want to see updated financial assistance data daily.",g02-federalspending,33
"As a user, I want the publish button in FABS to deactivate after I click it while the derivations are happening, so that I cannot click it multiple times for the same submission.",g02-federalspending,34
"As a Developer , I want to ensure that attempts to correct or delete non-existent records don't create new published data.",g02-federalspending,35
"As an Owner, I want to reset the environment to only take Staging MAX permissions, so that I can ensure that the FABS testers no longer have access.",g02-federalspending,36
"As a user, I want the flexfields in my submission file to appear in the warning and error files when the only error is a missing required element.",g02-federalspending,37
"As a user, I want to have accurate and complete data related to PPoPCode and PPoPCongressionalDistrict.",g02-federalspending,38
"As an agency user, I want the FABS validation rules to accept zero and blank for loan records.",g02-federalspending,39
"As an Agency user, I want FABS deployed into production, so I can submit my Financial Assistance data.",g02-federalspending,40
"As a Developer , I want to clarify to users what exactly is triggering the CFDA error code in each case.",g02-federalspending,41
"As an agency user, I want to be confident that the data coming from SAM is complete.",g02-federalspending,42
"As a Developer , I want my domain models to be indexed properly, so that I can get validation results back in a reasonable amount of time.",g02-federalspending,43
"As an agency user, I want the FABS validation rules to accept zero and blank for non-loan records.",g02-federalspending,44
"As a broker team member, I want to make some updates to the SQL codes for clarity.",g02-federalspending,45
"As an agency user, I want to have all derived data elements derived properly.",g02-federalspending,46
"As a broker team member, I want to add the 00***** and 00FORGN PPoPCode cases to the derivation logic.",g02-federalspending,47
"As a data user, I want to see the office names derived from office codes, so that I can have appropriate context for understanding them.",g02-federalspending,48
"As a broker user, I want the historical FABS loader to derive fields, so that my agency codes are correct in the PublishedAwardFinancialAssistance table.",g02-federalspending,49
"As a broker team member, I want to ensure the Broker resources, validations, and P&P pages are updated appropriately for the launch of FABS and DAIMS v1.1.",g02-federalspending,50
"As a Developer, I want the data loaded from historical FABS to include the FREC derivations, so that I can have consistent FREC data for USASpending.gov.",g02-federalspending,51
"As a user, I don't want to see NASA grants displayed as contracts.",g02-federalspending,52
"As a user, I want the DUNS validations to accept records whose ActionTypes are B, C, or D and the DUNS is registered in SAM, even though it may have expired.",g02-federalspending,53
"As a user, I want the DUNS validations to accept records whose ActionDates are before the current registration date in SAM, but after the initial registration date.",g02-federalspending,54
"As a broker team member, I want to derive FundingAgencyCode, so that the data quality and completeness improves.",g02-federalspending,55
"As an agency user, I want the maximum length allowed for LegalEntityAddressLine3 to match Schema v1.1.",g02-federalspending,56
"As an agency user, I want to use the schema v1.1 headers in my FABS file.",g02-federalspending,57
"As a agency user, I want to map the FederalActionObligation properly to the Atom Feed.",g02-federalspending,58
"As a Broker user, I want to have PPoPZIP+4 work the same as the Legal Entity ZIP validations.",g02-federalspending,59
"As a FABS user, I want to link the SAMPLE FILE on the ""What you want  to submit"" dialog to point to the correct file, so that I have an accurate reference for my agency submissions.",g02-federalspending,60
"As an Agency user, I want FPDS data to be up-to-date daily.",g02-federalspending,61
"As a user, I want to access the raw agency published files from FABS via USAspending.",g02-federalspending,62
"As a Developer , I want to determine how agencies will generate and validate D Files from FABS and FPDS data.",g02-federalspending,63
"As a user, I want to generate and validate D Files from FABS and FPDS data.",g02-federalspending,64
"As an Agency user, I want the header information box to show updated date AND time, so that I know when it was updated.",g02-federalspending,65
"As an Agency user, I want to receive a more helpful file-level error when I upload a file with the wrong extension.",g02-federalspending,66
"As a tester, I want to have access to test features in environments other than Staging, so that I can test any nonProd feature in any environment.",g02-federalspending,67
"As a FABS user, I want to submission errors to accurately represent FABS errors, so that I know why my submission didn't work.",g02-federalspending,68
"As a FABS user, I want the frontend URLs to more accurately reflect the page I'm accessing, so that I'm not confused.",g02-federalspending,69
"As an Agency user, I want all historical Financial Assistance data loaded for FABS go-live.",g02-federalspending,70
"As a Developer , I want the historical FPDS data loader to include both extracted historical data and FPDS feed data.",g02-federalspending,71
"As an Agency user, I want historical FPDS data loaded.",g02-federalspending,72
"As an Agency user, I want to accurately see who created a submission, so that I'm not confused about who last updated a submission.",g02-federalspending,73
"As an agency user, I want to get File F in the correct format.",g02-federalspending,74
"As an Agency user, I want to better understand my file-level errors.",g02-federalspending,75
"As a Developer , I want to provide FABS groups that function under the FREC paradigm.",g02-federalspending,76
"As a tester, I want to ensure that FABS is deriving fields properly through a robust test file plus a follow up check.",g02-federalspending,77
"As an owner, I only want zero-padded fields, so that I can justify padding.",g02-federalspending,78
"As a Broker user, I want to submit records for individual recipients without receiving a DUNS error.",g02-federalspending,79
"As a user, I want more information about how many rows will be published prior to deciding whether to publish.",g02-federalspending,80
"As a Developer, I want to prevent duplicate transactions from being published and deal with the time gap between validation and the publishing decision.",g02-federalspending,81
"As a FABS user, I want to submit a citywide as a PPoPZIP and pass validations.",g02-federalspending,82
"As a Broker user, I want to have updated error codes that accurately reflect the logic and provide enough information, so that I can fix my submission.",g02-federalspending,83
"As an agency user, I want to leave off the last 4 digits of the ZIP without an error, so that I can complete my submissions.",g02-federalspending,84
"As a FABS user, I want to make sure the historical data includes all necessary columns, so that the information in the database is correct.",g02-federalspending,85
"As a data user, I want to access two additional fields from the FPDS data pull.",g02-federalspending,86
"As a FABS user, I want additional helpful info in the submission dashboard, so that I can better manage submissions and IG requests.",g02-federalspending,87
"As a FABS user, I want to download the uploaded FABS file, so that I can get the uploaded file.",g02-federalspending,88
"As a Developer I want to quickly access Broker application data, so that I can investigate issues.",g02-federalspending,89
"As a Developer , I want to determine the best way to load historical FPDS data, so that I can load all FPDS data since 2007.",g02-federalspending,90
"As a FABS user, I want the language on FABS pages to be appropriate for me, so that I am not confused.",g02-federalspending,91
"As a FABS user, I do not want  DABS banner messages and vice versa, so that I have the appropriate information for my application.",g02-federalspending,92
"As a FABS user, I want to have read-only access to DABS, so that I can view DABS pages without wanting two sets of permissions.",g02-federalspending,93
"As a FABS user, I want to have my validations run in a reasonable amount of time.",g02-federalspending,94
"As a FABS user, I want to see correct status labels on the Submission Dashboard, so that I can quickly see my submission history.",g02-federalspending,95
"As an agency user, I want to know when the submission periods start and end, so that I know when the submission starts and ends.",g02-federalspending,96
"As an agency user, I want a landing page to navigate to either FABS or DABS pages, so that I can access both sides of the site.",g02-federalspending,97
"As an agency user, I want to submit my data elements surrounded by quotation marks, so that Excel won't strip off leading and trailing zeroes.",g02-federalspending,98
"As a anonymoususer, I want to view a list of sponsors, so that I can thank all the awesome sponsors.",g21-badcamp,1
"As a anonymoususer, I want to view a list of user profiles, so that I know who is attending the conference.",g21-badcamp,2
"As a trainingcoordinator, I want to email all the trainers at once from the website for info and updates, so that It is easier to use.",g21-badcamp,3
"As a attendee, I want to have a very clear map where the buildings and rooms are, so that I can make it to class on time.",g21-badcamp,4
"As a trainer, I want to edit my training node myself, so that the training coordinators don't have to and links to slides.",g21-badcamp,5
"As a trainee, I want to limit to one registration per day per authenticated user, so that we don't have duplicate spaces.",g21-badcamp,6
"As a trainingcoordinator, I want to have an admin view that helps track registration status for each attendee so that, so that we can see if attendend, refunded, no show.",g21-badcamp,7
"As a attendee, I want to be added to a training waitlist, so that so they can be considered for a class.",g21-badcamp,8
"As a trainee, I want to must accept the cancellation terms with a checkbox, so that they can be accountable..",g21-badcamp,9
"As a trainingcoordinator, I want to tie in a cancellation deadline to whatever registration / cancellation workflow exists, so that so we don't loose money or spots.",g21-badcamp,10
"As a trainee, I want to add to ""my schedule"" if there is a schedule feature on the site, so that they can schedule their event experience.",g21-badcamp,11
"As a trainee, I want to see which trainings I have signed up for, so that they can schedule their event experience.",g21-badcamp,12
"As a trainer, I want to have a view that is attached to their training node that shows all attendee information Trainers can see all class attendance at first because there are so little trainers and they are trusted with privacy, so that the training coordinator doesn't have to do all the work to get login info for environment setup.",g21-badcamp,13
"As a trainingcoordinator, I want to have an admin view where all trainee information is shown and can be filtered to show a single training session, so that I can see WTF is happening.",g21-badcamp,14
"As a anonymoususer, I want to have a dedicated page for each class to learn more about the offering The following information must be shown: Logo, title, trainers, location, possibly a map view, datetime, skill level, registrations remaining, link to register for class. The URL path should be SEO friendly /training/training-title, so that I can choose the right class, AND the trainer can tweet and promote their class.",g21-badcamp,15
"As a anonymoususer, I want to have the training options clearly marked for the following information: day and time of training, title, short summary, trainers, level, number of registrations, remaining registrations, location of training, link to full details of the training, register now link, so that I can shop for training all with one page AND find their class on on one page.",g21-badcamp,16
"As a anonymoususer, I want to have a training landing page with an intro section and a list of all training offerings and promote call for trainings, so that I can shop for training all with one page and we can have a call for trainings for selection.",g21-badcamp,17
"As a anonymoususer, I want to have a link on the home page to a list of training options, so that I can take training.",g21-badcamp,18
"As a anonymoususer, I want to find out where the coding lounge is and what time it is open, so that I can code with my friends.",g21-badcamp,19
"As a administrator, I want to refund sponsorship money that was processed via stripe, so that people get their monies back.",g21-badcamp,20
"As a authenticateduser, I want to find a link on the sponsorships page to become a $350 level sponsor, so that I can pay for and become a sponsor role.",g21-badcamp,21
"As a anonymoususer, I want to See a list of attendees associated with this company, so that I know who from this sponsor organization is attending.",g21-badcamp,22
"As a authenticateduser, I want to identify myself as and pay for a $350 company sponsorship, so that I can easily become a sponsor at this level without having to interface with badcamp personnel to get a sponsorship.",g21-badcamp,23
"As a administrator, I want to create and maintain venues, so that I can provide location details to help users find what they're looking for.",g21-badcamp,24
"As a anonymoususer, I want to view venue details, so that I can get a sense of the location and see the events happening there.",g21-badcamp,25
"As a anonymoususer, I want to see a list of the sessions associated with sponsor attendees, so that I know where I can engage with this sponsor and where they are thought leaders.",g21-badcamp,26
"As a authenticateduser, I want to See a payment page to pay for my individual sponsorships as the third step of the registration process so that pay for my sponsorship.",g21-badcamp,27
"As a administrator, I want to assign sponsors to events, trainings and summits so that They will be featured on the sponsor detail page.",g21-badcamp,28
"As a anonymoususer, I want to see all events, trainings and summits that a sponsor is sponsoring so that I know where I can engage with this sponsor and where they are thought leaders.",g21-badcamp,29
"As a authenticateduser, I want to Enter payment information and have my card charged for an individual sponsorship, so that I can pay for an individual sponsorship.",g21-badcamp,30
"As a sponsor, I want to link BADCamp attendees to my sponsorship page, so that I can show off our level of attendance.",g21-badcamp,31
"As a authenticateduser, I want to update my user profile, so that I can connect with other Drupalists at BADCamp.",g21-badcamp,32
"As a anonymoususer, I want to sign up for the BADCamp newsletter, so that I can stay up to date with the latest communications about BADCamp.",g21-badcamp,33
"As a administrator, I want to tag my blog posts for consumption by Drupal Planet, so that they will be listed on the Drupal Planet blog.",g21-badcamp,34
"As a administrator, I want to create blog posts, so that I can share the latest information about BADCamp with the public.",g21-badcamp,35
"As a anonymoususer, I want to read the blog, so that I can stay informed about all the latest happenings with BADCamp.",g21-badcamp,36
"As a sponsor, I want to sponsor a summit that matches my brand, so that I can get exposure to potential customers and otherwise tout my Drupal credentials.",g21-badcamp,37
"As a attendee, I want to register for a summit, so that I can reserve my seat at the summit.",g21-badcamp,38
"As a attendee, I want to get detailed directions to the summit venue, so that I can get to the summit easily on the day of the event.",g21-badcamp,39
"As a attendee, I want to see what summits I'm signed up for, so that I can confirm my attendence and prevent myself from accidentally double-booking with a training or another summit.",g21-badcamp,40
"As a summit coordinator, I want to see a list of attendees signed up for my summit, so that I can communicate with my attendees by email prior to the event.",g21-badcamp,41
"As a summit coordinator, I want to list basic information about my summit, so that I can inform potential attendees on why they should attend my summit.",g21-badcamp,42
"As a summit coordinator, I want to list sponsors for my summit, so that I can make sure sponsors feel rewarded and will be interested in sponsoring in future years.",g21-badcamp,43
"As a summit coordinator, I want to list an agenda for my summit, so that I can entice attendees and give positive feedback to presenters to encourage participation.",g21-badcamp,44
"As a anonymoususer, I want to see how many seats are left for the summit, so that I can make sure to register in-time to reserve my spot.",g21-badcamp,45
"As a anonymoususer, I want to see specific details on summits, so that I can learn more about the summit I'm interested in to see if it matches my interests, register for the event, and get day-of knowledge to help me get to the location.",g21-badcamp,46
"As a anonymoususer, I want to see a list of all the summits, so that I can determine which summit I might be interested and able to attend.",g21-badcamp,47
"As a anonymoususer, I want to learn about sponsorship levels, so that I can determine the right level of sponsorship for my organization.",g21-badcamp,48
"As a authenticateduser, I want to use a WYSIWYG editor for all long-form content, so that I don't have to know HTML to update my content.",g21-badcamp,49
"As a sponsor, I want to Link to my sponsorship profile from my job listings, so that recruits can learn more about my organization.",g21-badcamp,50
"As a anonymoususer, I want to learn about posting jobs as a sponsor and contact the sponsorship person, so that I have the opportunty to post my job listing on the BADCamp site.",g21-badcamp,51
"As a sponsor, I want to post a job, so that I can hire top-tier Drupal talent.",g21-badcamp,52
"As a authenticateduser, I want to view the job board, so that I can look for an interesting Drupal gig!.",g21-badcamp,53
"As a administrator, I want to assign a room to a time slot and a location, so that I can populate the schedule .",g21-badcamp,54
"As a anonymoususer, I want to see the schedule, so that I can plan my day and figure out where to go!.",g21-badcamp,55
"As a anonymoususer, I want to see the final list of sessions approved, so that I can see what's going on at BADCamp .",g21-badcamp,56
"As a administrator, I want to bulk approve sessions as accepted, so that I can save time.",g21-badcamp,57
"As a administrator, I want to mark a session as accepted, so that I can populate the schedule .",g21-badcamp,58
"As a anonymoususer, I want to receive a notification when sessions have been evaluated, so that I know whether I've been accepted or rejected.",g21-badcamp,59
"As a anonymoususer, I want to receive a notification when I submit a session, so that know that my session went through ok.",g21-badcamp,60
"As a authenticateduser, I want to edit my session, so that if I make a mistake, I can correct it.",g21-badcamp,61
"As a anonymoususer, I want to register to speak at BADCamp, so that I submit a session.",g21-badcamp,62
"As a authenticateduser, I want to submit a session at BADCAMP, so that I can get my session evaluated.",g21-badcamp,63
"As a sponsor, I want to personalize my sponsorship page, so that I can promote my brand.",g21-badcamp,64
"As a anonymoususer, I want to see a list of all the summits that include when they are, so that I can determine which summit I want to attend.",g21-badcamp,65
"As a authenticateduser, I want to Be offered several choices of idividual sponsorship on the second page of registration, so that I can be awesome and financially support the camp.",g21-badcamp,66
"As a anonymoususer, I want to easily find a link in the menu that links to the registration form, so that I can easily register for the camp.",g21-badcamp,67
"As a anonymoususer, I want to fill out a user registration form, so that I can register for the camp and get an account on the website.",g21-badcamp,68
"As a anonymoususer, I want to find session information, so that I can go to a session.",g21-badcamp,69
"As an OlderPerson, I want to know exactly what ALFRED does with my personal data, and share it only on my specific permission.",g19-alfred,1
"As an OlderPerson, I want to receive information from ALFRED by speech technology.",g19-alfred,2
"As an OlderPerson, I want to use only well-visible buttons.",g19-alfred,3
"As an OlderPerson, I want to use ALFRED as much as possible with speech interaction.",g19-alfred,4
"As an OlderPerson, I want to always keep control on the activities of ALFRED.",g19-alfred,5
"As an OlderPerson, I want to be able to manage my privacy and data settings.",g19-alfred,6
"As an OlderPerson, I want to have everything preinstalled, so that I do not have to set up ALFRED by myself.",g19-alfred,7
"As an OlderPerson, I want to have a small ALFRED device that is wearable and easy to carry with me.",g19-alfred,8
"As an OlderPerson, I want to have ALFRED on all my computers, tablets and phone.",g19-alfred,9
"As an OlderPerson, I want to have ALFRED on a bracelet or a necklace, so that I can always wear him with me.",g19-alfred,10
"As an OlderPerson, I want to have clear instructions and service after sales that guide me if I have trouble in using ALFRED.",g19-alfred,11
"As an OlderPerson, I want to have an ALFRED device that speaks very slowly and clearly.",g19-alfred,12
"As an OlderPerson, I want to have an ALFRED device that only reacts to me.",g19-alfred,13
"As an OlderPerson, I want to have an ALFRED device that only listens to me when I ask it to.",g19-alfred,14
"As an OlderPerson, I want to have an introduction conversation with ALFRED, so that I can learn everything about him and he about me.",g19-alfred,15
"As an OlderPerson, I want to buy ALFRED in a senior shop with special client support.",g19-alfred,16
"As an OlderPerson, I want to buy ALFRED for a low price.",g19-alfred,17
"As an OlderPerson, I want to receive visual support, especially when looking at a list, map or agenda.",g19-alfred,18
"As an OlderPerson, I want to use ALFRED to pay for small amounts.",g19-alfred,19
"As an OlderPerson, I want to have a very good battery for ALFRED so I can keep him on the whole day.",g19-alfred,20
"As an OlderPerson, I want to have an ALFRED device that informs me about a low battery when leaving the house.",g19-alfred,21
"As an OlderPerson, I want to have an ALFRED device that can be easily adapted for user that have visual or hearing troubles.",g19-alfred,22
"As an OlderPerson, I want to have an ALFRED device that can be easily adapted for user that have visual troubles.",g19-alfred,23
"As an OlderPerson, I want to have an ALFRED device that can be easily adapted for user that have hearing trouble.",g19-alfred,24
"As an OlderPerson, I want to have an ALFRED device that repeats the last phrase.",g19-alfred,25
"As an OlderPerson, I want to be able to zoom into visual content.",g19-alfred,26
"As an OlderPerson, I want to have an ALFRED device that responds to the changing demand of the users by offering new Apps in the ALFREDO platform.",g19-alfred,27
"As an OlderPerson, I want to have an ALFRED device that helps me to communicate with my friends and family.",g19-alfred,28
"As an OlderPerson, I want to have video conversation with others.",g19-alfred,29
"As a MedicalCaregiver, I want to have videophone.",g19-alfred,30
"As an OlderPerson, I want to have an AFLRED device that encourages its users for real interaction between humans and not only with ICT tools.",g19-alfred,31
"As an OlderPerson, I want to have an ALFRED device that provides me with information about existing apps that corresponds to my interests.",g19-alfred,32
"As an OlderPerson, I want to be able to customize my preferences in the different functionalities of the solution.",g19-alfred,33
"As a MedicalCaregiver, I want to have a simple ALFRED unit that is expandable in is functions.",g19-alfred,34
"As an OlderPerson, I want to have my data stored directly on the phone.",g19-alfred,35
"As an OlderPerson, I want to receive a wake up call from ALFRED in the morning checking on me if I am ok.",g19-alfred,36
"As an OlderPerson, I want to receive day and night rythm support with agenda reminders.",g19-alfred,37
"As an OlderPerson, I want to receive support to use the public transport.",g19-alfred,38
"As an OlderPerson, I want to use ALFRED for navigation.",g19-alfred,39
"As an OlderPerson, I want to use ALFRED for touristic walks and indications with explanations on historical and cultural sights.",g19-alfred,40
"As an OlderPerson, I want to receive support to have a taxi on time.",g19-alfred,41
"As an OlderPerson, I want to use ALFRED to see who is standing at my door and open the door.",g19-alfred,42
"As an OlderPerson, I want to use ALFRED to pick the phone sooner up when I am at home.",g19-alfred,43
"As an OlderPerson, I want to use ALFRED to turn on/off the lights.",g19-alfred,44
"As an OlderPerson, I want to use ALFRED to control the heating.",g19-alfred,45
"As an OlderPerson, I want to use ALFRED to control the TV and radio.",g19-alfred,46
"As an OlderPerson, I want to use ALFRED to watch movies.",g19-alfred,47
"As an OlderPerson, I want to use ALFRED to hear about the news.",g19-alfred,48
"As an OlderPerson, I want to use ALFRED to contact help in case of an emergency.",g19-alfred,49
"As a MedicalCaregiver, I want to use video calls in case of emergency.",g19-alfred,50
"As an OlderPerson, I want to have ALFRED contact the nearest caregiver when I ask ALFRED for urgent help.",g19-alfred,51
"As an OlderPerson, I want to receive a message when my home care nurse is on her way.",g19-alfred,52
"As an OlderPerson, I want to receive a medicine reminder from ALFRED.",g19-alfred,53
"As an OlderPerson, I want to be able to see whether I already have taken my pills, so that I can avoid an overdose.",g19-alfred,54
"As a MedicalCaregiver, I want to be able to see if the patient has taken her medicine.",g19-alfred,55
"As an OlderPerson, I want to use ALFRED to do my grocery shopping.",g19-alfred,56
"As an OlderPerson, I want to use ALFRED to send messages.",g19-alfred,57
"As an OlderPerson, I want to have ALFRED to detect falls and send an emergency to a specific contact.",g19-alfred,58
"As an OlderPerson, I want to have ALFRED to suggest healthy recipes.",g19-alfred,59
"As an OlderPerson, I want to have ALFRED ask spontaneous questions but it would be better to programme it during certain times of the day.",g19-alfred,60
"As an OlderPerson, I want to have ALFRED to initiate questions, but it should be in the domains of my interest such as cinema, exhibitions, cooking.",g19-alfred,61
"As an OlderPerson, I want to be able to call someone with ALFRED.",g19-alfred,62
"As an OlderPerson, I want to activate the vocal interaction mode of ALFRED by pushing a specific button.",g19-alfred,63
"As an OlderPerson, I want to use ALFRED to maintain my contact list in my phone.",g19-alfred,64
"As an OlderPerson, I want to use ALFRED to manage my agenda.",g19-alfred,65
"As an OlderPerson, I want to insert my meetings into ALFRED using speech.",g19-alfred,66
"As an OlderPerson, I want to receive reminders on my appointments.",g19-alfred,67
"As an OlderPerson, I want to receive a reminder from ALFRED on all the things I need to bring with me when I leave the house.",g19-alfred,68
"As a SocialCaregiver, I want ALFRED to remind me of the things I need to bring to the person I care for.",g19-alfred,69
"As an OlderPerson, I want to use ALFRED to set up social groups of people with similar diseases.",g19-alfred,70
"As an OlderPerson, I want to use ALFRED to contact people from my own circle.",g19-alfred,71
"As an OlderPerson, I want to use ALFRED to learn about art expositions or a museum.",g19-alfred,72
"As an OlderPerson, I want to use ALFRED to learn about all the social activities that are organized in my neighborhood.",g19-alfred,73
"As an OlderPerson, I want to use ALFRED to get a personalized invitation to a social event, so that it motivates more to go.",g19-alfred,74
"As an OlderPerson, I want to use ALFRED to navigate to an event or concert and help me when I am lost.",g19-alfred,75
"As an OlderPerson, I want to use ALFRED to help me navigate despite my mild cognitive impairments.",g19-alfred,76
"As an OlderPerson, I want to be able to pay for small amounts.",g19-alfred,77
"As an OlderPerson, I want to use ALFRED to organize a meeting with a group of friends at a certain place.",g19-alfred,78
"As an OlderPerson, I want to play online games together with other users.",g19-alfred,79
"As an OlderPerson, I want to get suggestions for sports classes in my neighbourhood.",g19-alfred,80
"As an OlderPerson, I want to have ALFRED to enable me to have face to face contacts as well, so that I do not just have virtual contacts over ALFRED.",g19-alfred,81
"As an OlderPerson, I want to help me to control my body weight.",g19-alfred,82
"As an OlderPerson, I want to just press one button to call my caregiver.",g19-alfred,83
"As an OlderPerson, I want to decide who has access to my vital data.",g19-alfred,84
"As a MedicalCaregiver, I want to be sure that the user can decide who has access to her data.",g19-alfred,85
"As an OlderPerson, I want to have the wearables with integrated sensors to look good and not to be stigmatizing.",g19-alfred,86
"As an OlderPerson, I want to see my vital parameters myself on the phone.",g19-alfred,87
"As an OlderPerson, I want to have the ALFRED shirt to look good.",g19-alfred,88
"As an OlderPerson, I want to have the ALFRED shirt has to be non stigmatizing.",g19-alfred,89
"As a MedicalCaregiver, I want to have ALFRED to be able to determine the user's blood pressure.",g19-alfred,90
"As a MedicalCaregiver, I want to have ALFRED to be able to determine the user's body temperature.",g19-alfred,91
"As a MedicalCaregiver, I want to have ALFRED to be able to determine the user's heart rate.",g19-alfred,92
"As a MedicalCaregiver, I want to have ALFRED to be able to determine the user's breathing frequency.",g19-alfred,93
"As a MedicalCaregiver, I want to have feedback on the activity level of the user.",g19-alfred,94
"As a MedicalCaregiver, I want to locate the ALFRED user.",g19-alfred,95
"As a SocialCaregiver, I want to have ALFRED to be able to recognize pain and or stress by using skin conduction sensors.",g19-alfred,96
"As a SocialCaregiver, I want to have a step counter included into ALFRED.",g19-alfred,97
"As an OlderPerson, I want to have ALFRED to give me goals and missions that encourage me to do new activities and exercises and to go out.",g19-alfred,98
"As an OlderPerson, I want to have ALFRED to set limits in the games duration as I get bored easily.",g19-alfred,99
"As an OlderPerson, I want to play games where I can use my Imagination.",g19-alfred,100
"As an OlderPerson, I want to do guided exercises with ALFRED and ALFRED should also use sensors to capture health data while I am doing exercises.",g19-alfred,101
"As an OlderPerson, I want to have games that include my favourite sports.",g19-alfred,102
"As an OlderPerson, I want to receive suggestions about local sport Classes.",g19-alfred,103
"As an OlderPerson, I want to have ALFRED to remind me to keep a good body posture.",g19-alfred,104
"As a MedicalCaregiver, I want to have ALFRED to remind people to exercise regularly.",g19-alfred,105
"As an OlderPerson, I want to receive specific tips how to reduce my health impairments without medication.",g19-alfred,106
"As an OlderPerson, I want to have some games that show me how good my memory and physical health is.",g19-alfred,107
"As an OlderPerson, I want to have training for specific muscle Groups.",g19-alfred,108
"As a MedicalCaregiver, I want to have ALFRED to offer training for specific muscle groups.",g19-alfred,109
"As an OlderPerson, I want to be able to see my training Performance.",g19-alfred,110
"As an OlderPerson, I want to have ALFRED to help to motivate me during the week to do exercise that should change daily, as the constant change motivates me.",g19-alfred,111
"As a MedicalCaregiver, I want to have ALFRED to propose me games that require the combination of mental and physical exercise, such as opposing motion exercises of the arms and legs.",g19-alfred,112
"As an OlderPerson, I want to games that require the combination of mental and physical exercise, such as opposing motion exercises of the arms and legs.",g19-alfred,113
"As a MedicalCaregiver, I want to control if the user does the exercise correct.",g19-alfred,114
"As a MedicalCaregiver, I want to have a regular summary on how much exercise is performed by the user.",g19-alfred,115
"As an InformalCaregiver, I want to have a game that the carer could play together with the user, so that it would enable to monitor the users’ state of health but also have some fun time.",g19-alfred,116
"As a MedicalCaregiver, I want to have ALFRED to propose training that promotes complex thinking.",g19-alfred,117
"As a MedicalCaregiver, I want to give corrective feedback if exercises are performed wrong, too much or in any other way harmful to the user.",g19-alfred,118
"As a developer, I want to present my app to as many people as Possible.",g19-alfred,119
"As a developer, I want to have the accounting to be as simple and clear as Possible.",g19-alfred,120
"As a developer, I want to easily create and to maintain my apps within the market place.",g19-alfred,121
"As a developer, I want to enable customers to provide feedback about my App and need an easy way to watch this feedback.",g19-alfred,122
"As a developer, I want to have an easy way to manage the pricing modality of my Apps.",g19-alfred,123
"As a developer, I want to have the API to be well defined and well documented.",g19-alfred,124
"As a developer, I want to obtain Apps development support.",g19-alfred,125
"As a developer, I want to know the fees the provider of the market place charges for using the platform.",g19-alfred,126
"As a developer, I want to be notified as soon as possible when the state of any of my Apps changes.",g19-alfred,127
"As a developer, I want to have detailed information of what happened when my App crashes on the user’s device.",g19-alfred,128
"As a developer, I want to present my App in several ways.",g19-alfred,129
"As a developer, I want to be able to design my App on my own - though there will be a few rules I have to stand to.",g19-alfred,130
"As a developer, I want to have an easy way to define questions the user can ask and perform.",g19-alfred,131
"As a developer, I want to have my App to be granted access to several operating system features.",g19-alfred,132
"As a developer, I want to have the API components to be on a high level so that I don’t have to deal with their details.",g19-alfred,133
"As a developer, I want to have an easy way to read data from health sensors the user is wearing.",g19-alfred,134
"As a serious games developer, I want to be able to take control over some functions to provide the desired user experience.",g19-alfred,135
"As a developer, I want to provide an easy way to manage the user Settings.",g19-alfred,136
"As a developer, I want to have the ALFRED API to reduce the work to achieve my goals.",g19-alfred,137
"As a developer, I want to have the ALFRED API to reduce the work to achieve my goals.",g19-alfred,138
"As a moderator, I want to create a new game by entering a name and an optional description, so that I can start inviting estimators.",g13-planningpoker,1
"As a moderator, I want to invite estimators by giving them a URL where they can access the game, so that we can start the game.",g13-planningpoker,2
"As a moderator, I want to start a round by entering an item in a single multi-line text field, so that we can estimate it.",g13-planningpoker,3
"As a moderator, I want to see all items we try to estimate this session, so that I can answer questions about the current story such as ""does this include ___"".",g13-planningpoker,4
"As a moderator, I want to select an item to be estimated or re-estimated, so that the team sees that item and can estimate it.",g13-planningpoker,5
"As a moderator, I want to add an item to the list of items to be estimated, so that so that we can be flexible and accommodate situations where we think of a new story while playing.",g13-planningpoker,6
"As a moderator, I want to edit an item in the list of items to be estimated, so that I can make it better reflect the team's understanding of the item.",g13-planningpoker,7
"As a moderator, I want to delete an item from the list of items to be estimated, so that we can remove it and not estimate it.",g13-planningpoker,8
"As a moderator, I want to show all estimates immediately, so that I can decide to show the estimates that have been given even though not all estimators have given their estimate.",g13-planningpoker,9
"As a moderator, I want to accept the average of all estimates, so that we can move on to the next item when we agree.",g13-planningpoker,10
"As a moderator, I want to have the ""estimate"" field filled in automatically if all estimators show the same card, so that I can accept it more quickly.",g13-planningpoker,11
"As a moderator, I want to enter the agreed-upon estimate, so that we can move on to the next item when we agree.",g13-planningpoker,12
"As a moderator, I want to estimate a story we estimated earlier in the session again, so that we can give a new estimate if we feel different about the story after estimating other related stories.",g13-planningpoker,13
"As a moderator, I want to import stories from a spreadsheet, so that I don't have to copy and paste each individual story.",g13-planningpoker,14
"As a moderator, I want to copy/paste stories from a spreadsheet, so that I can get started more quickly.",g13-planningpoker,15
"As a moderator, I want to browse through previous games, so that I can find the previous game Im looking for.",g13-planningpoker,16
"As a moderator, I want to view a transcript of a game, so that I can see the stories and estimates.",g13-planningpoker,17
"As a moderator, I want to export a transcript of a game as a HTML file, so that I can save the stories and estimates locally.",g13-planningpoker,18
"As a moderator, I want to export a transcript of a game as a CSV file, so that I can further process the stories and estimates.",g13-planningpoker,19
"As a moderator, I want to delete a game, so that stories and estimates for this game are no longer stored.",g13-planningpoker,20
"As a moderator, I want to create an account for the application by entering my name, email address, a password and a username, so that I can start using the application.",g13-planningpoker,21
"As a moderator, I want to log in using my account name and password, so that I can start using the application.",g13-planningpoker,22
"As a moderator, I want to change my account details, so that I can keep my account details up-to-date.",g13-planningpoker,23
"As a moderator, I want to delete my account, so that account information and games are no longer stored.",g13-planningpoker,24
"As a moderator, I want to see dates and times in my local timezone, so that I don't have to do timezone conversion myself.",g13-planningpoker,25
"As a moderator, I want to get a password reminder by email, so that I can get back to using the application when I've forgotten my password.",g13-planningpoker,26
"As a moderator, I want to select whether to have the team estimate with {0, 1/2, 1, 2, 3, 5, 8, etc.} or {0, 1, 2, 4, 8, 16, 32, etc.}, so that the team can use either the modified Fibonacci sequence or powers of 2.",g13-planningpoker,27
"As a moderator, I want to invite up to 15 estimators, so that we can play with large but not immense teams.",g13-planningpoker,28
"As an estimator, I want to join a game by entering my name on the page I received the URL for, so that I can participate.",g13-planningpoker,29
"As an estimator, I want to see the item were estimating, so that I know what Im giving an estimate for.",g13-planningpoker,30
"As an estimator, I want to see all items we will try to estimate this session, so that I have a feel for the sizes of the various items.",g13-planningpoker,31
"As a participant, I want to immediately see that an estimate has been given by a specific estimator, so that I know who has already given an estimate and who were still waiting for.",g13-planningpoker,32
"As a participant, I want to be shown all estimates at the same time after all estimators have given their estimate, so that I can be sure estimates are independent and not influenced by other estimates given in the same draw.",g13-planningpoker,33
"As a participant, I want to be able to change my estimate up until the last person selects a card and all are shown, so that I can change my mind based on information I hear.",g13-planningpoker,34
"As a participant, I want to be able to see each estimator's prior estimates for the story being estimated, so that I can see how his or her opinion has changed so I can ask questions.",g13-planningpoker,35
"As a participant, I want to see who gave what estimates during the current round, so that I know this when were discussing the estimates.",g13-planningpoker,36
"As a participant, I want to be able start a two-minute countdown timer that all participants can see, so that I can limit the time spent discussing the estimates when I think weve talked long enough.",g13-planningpoker,37
"As a participant, I want to have the two-minute timer reset itself as soon as we all play an estimate, so that it's ready for use on the next round.",g13-planningpoker,38
"As a participant, I want to scroll back through the stories and estimates from prior rounds, so that I can use this information when I estimate the item of the current round.",g13-planningpoker,39
"As a participant, I want to always have the cards in the same order across multiple draws, so that it's easy to compare estimates.",g13-planningpoker,40
"As a participant, I want to change my estimate as long as the draw has not been completed, so that I can change my mind.",g13-planningpoker,41
"As a participant, I want to have a small thumbnail photo displayed near where my cards are played, so that the game is more personal because I see who I'm estimating with.",g13-planningpoker,42
"As a developer, I want to have written a site which is compliant with XHTML and CSS standards, so that as many people as possible can access the site and view it as intended.",g13-planningpoker,43
"As a developer, I want to have a list of definitions for commonly used terms, so that everyone working on the project can understand each other more easily.",g13-planningpoker,44
"As a developer, I want to have created database indexes, so that the queries run as fast as possible.",g13-planningpoker,45
"As a developer, I want to have the application function correctly in Internet Explorer 6 and 7, Firefox 1.5 and 2, and Safari 2, so that as many people as possible can fully use the application.",g13-planningpoker,46
"As a developer, I want to have the site comply with the W3C accessibility guidelines where possible, so that people with accessibility issues can use the application.",g13-planningpoker,47
"As a user, I want to have the application respond quickly to my actions, so that I don't get bored.",g13-planningpoker,48
"As a user, I want to be able to use Unicode, so that I can use any language I like.",g13-planningpoker,49
"As a user, I want to see sensible and predictable URLs, so that the application feels logical and transparent.",g13-planningpoker,50
"As a user, I want to have nice error pages when something goes wrong, so that I can trust the system and its developers.",g13-planningpoker,51
"As a Researcher, I want results to be stored in a non-identifiable way, so that I can study the data to see things like whether estimates converged around the first opinion given by ""estimator A"" for example.",g13-planningpoker,52
"As a Mike, I want to be able to see some metrics on use of the game, so that I can see how much it is being used.",g13-planningpoker,53
"As a depositor, I want to deposit and maintain datasets through a simple web interface, so that I don't need to install and learn new software to deposit.",g24-unibath,1
"As a depositor, I want to have a user interface that is familiar to me, so that I feel like all the University systems are joined up.",g24-unibath,2
"As a depositor, I want to deposit and maintain datasets through Pure, so that I have a single onestop shop for managing my research outputs.",g24-unibath,3
"As a depositor, I want to deposit and maintain datasets through Virtual Research Environments and other workflow tools, so that I can continue to work with tools with which I'm familiar.",g24-unibath,4
"As a depositor, I want to deposit the files that I have, so that I don't have to spend a lot of time finding the right version and converting to the right format.",g24-unibath,5
"As a depositor, I want to place data under an embargo, so that my right of first use is protected, and I can fulfil my confidentiality responsibilities.",g24-unibath,6
"As a depositor, I want to apply licenses to datasets, so that my IP rights are protected appropriately.",g24-unibath,7
"As a depositor, I want to allow my collaborators privileged access to datasets, so that we continue to have a productive relationship.",g24-unibath,8
"As a depositor, I want to deposit arbitrarily large files, so that I am not limited in what files I can and cannot deposit.",g24-unibath,9
"As a depositor, I want to link datasets to publications in Opus, so that both my data and publications are more easily discovered.",g24-unibath,10
"As a depositor, I want to mint DOIs for my data, so that it can be discovered and cited more easily and citations can be tracked so that I can receive credit.",g24-unibath,11
"As a depositor, I want to have metadata automatically filled from other University systems and remembered from previous deposits, so that I don't have to waste time reentering the same information.",g24-unibath,12
"As a depositor, I want to link to data stored in external repositories, so that I can store my data in an appropriate repository but still register it with the University and I don't have to deposit my data in multiple places.",g24-unibath,13
"As a depositor, I want to specify a disposal policy for my data, so that I do not accidentally breach laws or collaboration agreements.",g24-unibath,14
"As a depositor, I want to track downloads of my data, so that I can demonstrate the impact of my work.",g24-unibath,15
"As a depositor, I want to track citations of my data, so that I can demonstrate the impact of my work",g24-unibath,16
"As a depositor, I want to have guarantees about data integrity, so that I can use my data in the future and I can fulfil funder requirements for archival.",g24-unibath,17
"As a depositor, I want to attach subject specific discoverability metadata to records, so that researchers in my discipline can find my data more easily.",g24-unibath,18
"As a depositor, I want to link datasets with the project DMP, so that compliance with DMP can be demonstrated and whole project workflow is linked together.",g24-unibath,19
"As a depositor, I want to manage and share live research data, so that whole project workflow is linked together.",g24-unibath,20
"As a depositor, I want to manage multiple versions of the same dataset, so that changes to the dataset are transparent and do not compromise research integrity.",g24-unibath,21
"As a depositor, I want to allow others to deposit on my behalf, so that I can delegate research data management tasks appropriately.",g24-unibath,22
"As a data reuser, I want to search the archive through the web, so that I can easily find data relevant to my needs.",g24-unibath,23
"As a data reuser, I want to access the system in my native language, so that I am not put off reusing University of Bath data by language barriers.",g24-unibath,24
"As a data reuser, I want to examine and identify deposited files, so that I can make a preliminary assessment of usefulness without downloading the whole dataset.",g24-unibath,25
"As a data reuser, I want to view an example citation for a dataset, so that I can reference it correctly.",g24-unibath,26
"As a data reuser, I want to view a DOI for a dataset, so that I can get back to the data in future and I can import the dataset into my referencemanagement software automatically.",g24-unibath,27
"As a data reuser, I want to get a persistent URL for a dataset, so that I can get back to the data in future.",g24-unibath,28
"As a data reuser, I want to search the archive through Primo , so that I can search books, articles and data all in one place.",g24-unibath,29
"As a data reuser, I want to see different versions of a dataset at a glance, so that I can be sure I'm using the right version of the dataset.",g24-unibath,30
"As an externalcollaborator, I want to gain privileged access to data for projects in which I am involved, so that I can collaborate effectively.",g24-unibath,31
"As an externalcoordinator, I want to have guarantees that my IP rights will not be breached, so that the risk of collaborating with Bath is acceptable to me.",g24-unibath,32
"AS an externalcoordinator, I want to access data from Bath collaborators off campus, so that I can collaborate effectively.",g24-unibath,33
"As a research facility manager, I want to deposit data from my facility directly into the archive on behalf of researchers, so that I am no longer required to maintain my own archive of facility data and researchers can access their own data as needed.",g24-unibath,34
"As a Bath Data Archive administrator, I want to make some checks on deposited datasets before they are made public, so that consistent quality of metadata is maintained, compliance with policies can be checked and details of licensing can be checked.",g24-unibath,35
"As a Bath Data Archive administrator, I want to require a minimum set of metadata, so that consistent quality of metadata is maintained.",g24-unibath,36
"As a Bath Data Archive administrator, I want to approve scheduled disposal of data, so that data which is still required is not destroyed.",g24-unibath,37
"As a Bath Data Archive administrator, I want to query the entire archive , so that I can report on particular aspects of the archive holdings.",g24-unibath,38
"As a Bath Data Archive administrator, I want to import Bath data from an external data centre wholesale, so that Bath data holdings in external archives are not lost if they close down.",g24-unibath,39
"As a Bath Data Archive administrator, I want to encourage and promote the use of open standards for deposit, so that data is as reusable as possible.",g24-unibath,40
"As a Research Information manager, I want to integrate the archive with CRIS, so that I can analyse impact of research data publication I can link funding to all of the outputs it produces.",g24-unibath,41
"As a Research Information manager, I want to include records for externally held data complete, so that the university's record of data holdings is complete.",g24-unibath,42
"As a Research Information manager, I want to track citation counts for published datasets, so that impact of datasets within academia can be demonstrated.",g24-unibath,43
"As a Research Information manager, I want to segment the view and download statistics by country and sector so that impact of datasets outside academia can be demonstrated.",g24-unibath,44
"As a Research Information manager, I want to have datasets linked to metadata about projects, so that I can report on projects depositing datasets in relation to funder requirements.",g24-unibath,45
"As an UnivITservice, I want to store archived data on existing storage systems, so that university data storage is consistent and maintainable and future availability of data can be guaranteed.",g24-unibath,46
"As an UnivITservice, I want to integrate the archive with existing university systems such as LDAP, so that the cost of administering the system can be kept low.",g24-unibath,47
"As an UnivITservice, I want to store archived data directly on the HCP object store, so that  features can be made.",g24-unibath,48
"As an UnivITservice, I want to be able to export all data to a different system, so that I am not tied into one system which may not be the most appropriate at some point in the future.",g24-unibath,49
"As a developer, I want to deposit and maintain datasets via an API such as SWORD2, so that my service can interact with the archive.",g24-unibath,50
"As an academicpublisher, I want to make persistent web links between my articles and underlying datasets, so that my journals can be seen to be filled with robust, high quality research.",g24-unibath,51
"As a fundingbody, I want to be reassured that researchers I fund have robust archival plans for their data, so that I can be sure that funding them is a worthwhile investment.",g24-unibath,52
"As a fundingbody, I want to harvest metadata on outputs from research I fund, so that I can analyse effectiveness of funding strategy and I can encourage cross fertilisation of research outputs.",g24-unibath,53
"As a PI, I want to properly record all metadata, so that I can ensure proper running of the project in case of staff changes.",g22-rdadmp,1
"As a researcher, I want to indicate where my data will be stored during the project and where after the project, so that it remains accessible during all stages of the data lifecycle.",g22-rdadmp,2
"As a researcher, I want to import metadata that I captured with a metadata tool, so that I do not have to capture it again in a DMP.",g22-rdadmp,3
"As a data manager, I want to know how the data is used, so that I can develop more detailed usage and support scenarios with researchers.",g22-rdadmp,4
"As a repository owner, I want to be able to check the planned provenance of the data that will be submitted at the end of a project, so that I can calculate necessary submission fees and check whether it belongs to our target group.",g22-rdadmp,5
"As an IT manager, I want to know about IT resource requirements early in the project lifecycle, so that I can enable resource acquisition planning.",g22-rdadmp,6
"As a PI, I want to plan what kind of data I want to record/store, so that I can ensure it will possible to store it.",g22-rdadmp,7
"As an IT staff member, I want to know the security requirements of the data, so that I know which kind of security measures to apply.",g22-rdadmp,8
"As a data manager, I want to have the description of collected data sets that are used or updated throughout the project lifecycle, so that I can ensure the descriptions are current and add detail as the study proceeds.",g22-rdadmp,9
"As a researcher, I want to know which topics are mandatory and similar in all DMPs, so that I can save time through quickly writing it.",g22-rdadmp,10
"As a data manager, I want to know what the content of the data is, so that I can decide to which collection or repository the data fits.",g22-rdadmp,11
"As a PI, I want to record information about my DMP, so that an Ethics Committee can review this for compliance with ethical standards.",g22-rdadmp,12
"As a legalofficer, I want to know about data sensitivity, so that I can establish sharing options.",g22-rdadmp,13
"As a data librarian, I want to extract pointers from the DMP to metadata held in other systems, so that I can import this metadata into a data catalogue.",g22-rdadmp,14
"As an IT staff member, I want to have an estimate of the produced data volume, so that I can plan the overall storage consumption.",g22-rdadmp,15
"As an administrator, I want to know who funded the project and their requirements, so that I can track the funder specific obligations.",g22-rdadmp,16
"As an archivemanager, I want to know the legal status of data, so that I can apply the legal requirements accordingly.",g22-rdadmp,17
"As a data manager, I want to know which kind of data types will be produced or collected, so that I can determine what basic support services and functionalities are required.",g22-rdadmp,18
"As an IT staff member, I want to know which kind of data types will be produced or collected, so that I can determine what basic support services and functionalities are required.",g22-rdadmp,19
"As an archivemanager, I want to know in advance the conservation period of data, so that I can better organize the service by adapting the preservation actions.",g22-rdadmp,20
"As a data manager, I want to document all rights necessary for managing the data, so that I can curate and preserve the data.",g22-rdadmp,21
"As a data manager, I want to know what the content of the data is, so that I can check whether the necessary expertise for maintaining intellectual reusability is available.",g22-rdadmp,22
"As a research head, I want to access to the persistent identifiers of datasets provided in the DMP, so that I can check that the DMP has been implemented.",g22-rdadmp,23
"As a funder, I want to be able to read the costs for data management from the DMP, so that I can check whether our policies work as intended.",g22-rdadmp,24
"As a researcher, I want the DMP to prepopulate information that I have already entered in other institutional systems, so that I do not have to re-enter information ensuring the DMP contains accurate and standardized information.",g22-rdadmp,25
"As a stakeholder, I want to know when the data management plan was created or updated, so that I know how up-to-date the plan is or whether it needs to be updated.",g22-rdadmp,26
"As a stakeholder, I want to know who is responsible for the DMP, so that I can ask them about further details.",g22-rdadmp,27
"As a stakeholder, I want to have references to the project proposal, so that I can look up further general information.",g22-rdadmp,28
"As a metadata manager, I want to have a short description of project, so that I can be informed about the metadata description.",g22-rdadmp,29
"As a rector, I want to know how many data will be stored, so that I can plan long term resources.",g22-rdadmp,30
"As a data manager, I want to know the time plan for collecting data, so that I can plan the data management.",g22-rdadmp,31
"As a data librarian, I want to import administrative information regarding a project into DMP, so that I can prepopulate the DMP.",g22-rdadmp,32
"As a manager, I want to know about all resources and services used for the data, so that I can estimate the true cost of the project.",g22-rdadmp,33
"As an archivemanager, I want to reuse the information regarding file format, so that I can apply automated checks for the file validation.",g22-rdadmp,34
"As a researcher, I want to know how many resources are needed during the project, so that I can calculate costs.",g22-rdadmp,35
"As a researcher, I want to extract the description of the data collected, so that I can reuse it for the writing of a data paper.",g22-rdadmp,36
"As a researcher, I want to record research publications in the institutional repository or CRIS with DMP records, so that I can generate reports of research output resulting from a project.",g22-rdadmp,37
"As a researcher, I want to link research publications in the institutional repository or CRIS with DMP records, so that I can generate reports of research output resulting from a project.",g22-rdadmp,38
"As a researcher, I want to store agreements relating to third party data used in a project, so that the data can be cited, attributed and used correctly.",g22-rdadmp,39
"As an ethics manager, I want to be informed about the data, so that I can check for sensitivity of data.",g22-rdadmp,40
"As a repository operator, I want to know about the kind of data, so that I can evaluate the storage size and system.",g22-rdadmp,41
"As a researcher, I want to know about costs, so that I can plan my research.",g22-rdadmp,42
"As a repository manager, I need details on the type of data, so that I can check if the archiving can be arranged.",g22-rdadmp,43
"As an IT officer, I want to know how secure data is, so that I can ensure legal compliance.",g22-rdadmp,44
"As a funder, I want to know how secure data is, so that I can ensure legal compliance.",g22-rdadmp,45
"As a Research Centre Director, I want to receive regular summary reports of research data, so that I understand trends in data use among staff and postgraduate students.",g22-rdadmp,46
"As a Postgraduate Convenor, I want to receive regular summary reports of research data, so that I understand trends in data use among staff and postgraduate students.",g22-rdadmp,47
"As a research support officer, I want to ensure compliance to the funders’ rules, so that I can ensure all costs will be accepted.",g22-rdadmp,48
"As a funder, I want to be able to check all the repositories mentioned in a DMP, so that I can verify whether the project has followed our funding rules.",g22-rdadmp,49
"As a PI, I want to plan what kind of data I want to store, so that I can ensure it will be possible to store it.",g22-rdadmp,50
"As a PI, I want to know how secure data is, so that I can ensure legal compliance.",g22-rdadmp,51
"As a Director of Research Integrity, I want to access reports containing details of research projects in which data are classified as sensitive or highly sensitive, so that I can confirm security protocols are applied to these data.",g22-rdadmp,52
"As an archive, I want to get information about the volume of data to preserve at an early stage, so that I can provide the adequate storage infrastructure.",g22-rdadmp,53
"As a researcher, I want to know how long it will take to archive, so that I can plan further steps.",g22-rdadmp,54
"As a PI, I want to know who owns the data, so that I know what I am allowed to do with it.",g22-rdadmp,55
"As a data manager, I want to have references to documentation of the data and its creation process, so that the data can be re-used and managed.",g22-rdadmp,56
"As an archivemanager, I want to make sure that detailed metadata are associated to data so that it will be understandable by future users.",g22-rdadmp,57
"As a data manager, I want to know which kind of data types will be produced or collected, so that I can ensure that the necessary technical resources and technical know-how is available.",g22-rdadmp,58
"As an IT staff member, I want to know which kind of data types will be produced or collected, so that I can ensure that the necessary technical resources and technical know-how is available.",g22-rdadmp,59
"As an IT staff member, I want to know how the data is used, so that I can determine what kind of basic services and functionalities are required.",g22-rdadmp,60
"As a data manager, I want to know whether the collected data depends on other data sets from my own or other institutions, so that I can ensure that these dependencies are maintained.",g22-rdadmp,61
"As an IT staff member, I want to know which formats are used, so that I can determine what kind of technical services and functionalities are required.",g22-rdadmp,62
"As an IT staff member, I want to know with which software or technology the data is produced or used, so that I can determine what kind of technical services and functionalities are required.",g22-rdadmp,63
"As a data manager, I want to know which information is necessary to re-use the data, so that it can be checked whether all necessary information is available for researchers interested in re-using the data.",g22-rdadmp,64
"As a data manager, I want to know which formats are used, so that I know what technology or background information might be necessary to use the data.",g22-rdadmp,65
"As a data manager, I want to know whether the data can be reproduced efficiently, so that I can determine whether and how the data has to be stored.",g22-rdadmp,66
"As a data manager, I want to know with which software or technology the data is produced or used, so that I know what technology or background information might be necessary to (re-)use the data.",g22-rdadmp,67
"As a research evaluation manager, I want to ensure all data are quoted correctly with our affiliation, so that they are counted towards our citation counts.",g22-rdadmp,68
"As an administrator, I want to check that all data has the appropriate security level, so that I can demonstrate compliance.",g22-rdadmp,69
"As a data manager, I want to know the security requirements of the data, so that I can check whether the data can be kept secure.",g22-rdadmp,70
"As a institutional data steward, I want to be able to extract the data sets that are submitted to external repositories, so that I can add them to an institutional data catalogue.",g22-rdadmp,71
"As an institutional data manager, I want to know about the privacy and security requirements of the data, so that I can plan the right storage system and sharing permissions.",g22-rdadmp,72
"As a researcher, I want to see the sections on costing by other researchers in my department, so that I can see if we could share data manager posts.",g22-rdadmp,73
"As a researcher, I want to see the sections on roles submitted by other researchers in my department, so that I can see if we could share data manager posts.",g22-rdadmp,74
"As a researcher, I want to see the sections on responsibilities submitted by other researchers in my department, so that I can see if we could share data manager posts.",g22-rdadmp,75
"As a faculty data steward, I want to see the sections on costing, so that I can ensure sufficient expertise on data management to support the project.",g22-rdadmp,76
"As a faculty data steward, I want to see the sections on roles, so that I can ensure sufficient expertise on data management to support the project.",g22-rdadmp,77
"As a faculty data steward, I want to see the sections on responsibilities, so that I can ensure sufficient expertise on data management to support the project.",g22-rdadmp,78
"As a data manager, I want to clarify the necessary rights for re-using the data, so that it is legal to reuse the data.",g22-rdadmp,79
"As a researcher, I want to record my intention to share data I have collected under terms of a particular licence, so that other researchers who use the data understand the rights of use.",g22-rdadmp,80
"As a data manager, I want to plan the anonymization of data, so that we protect the privacy of the people participating in the research as good as possible and still ensure reusability of data.",g22-rdadmp,81
"As a repository manager, I want to have metadata in additional languages, so that I can allow for multilingual data archive.",g22-rdadmp,82
"As a data manager, I want to know whether the DMP was approved, so that I can proceed with the required next steps.",g22-rdadmp,83
"As a Data Publishing User, I want to be able to edit a dataset I have published, So that I can correct or enhance existing data.",g05-openspending,1
"As a Data Publishing User, I want to be able to edit the model of data I have already imported, So that I can fix bugs or make enhancements in the API built for my data.",g05-openspending,3
"As a Data Publishing User, I want to be able to delete a dataset I have published, So that I can remove unwanted data from OpenSpending.",g05-openspending,5
"As a Platform Administrator, I want to be able to Hide any dataset already added as Public, So that I can maintain Public/Hidden status for other users.",g05-openspending,7
"As a Platform Administrator, I want to have a view on all datasets published by all users, So that I can perform management actions on any dataset.",g05-openspending,9
"As a Platform Administrator, I want to be able to delete any dataset published, So that I can deal with takedown requests, or clean up test datasets.",g05-openspending,11
"As a Data Publishing User, I want to be able to edit the data source of data I have already imported, So that I can fix bugs or make enhancements in the API built for my data.",g05-openspending,13
"As a Data Publishing User, I want to have the Packager support Constants, So that I can model dimensions that may not exist in the source file.",g05-openspending,15
"As a Data Publishing User, I want to be able to import data in Excel, So that I do not have to convert data formats in order to use the data packager.",g05-openspending,17
"As a Data Publishing User, I want to know what my data needs to be able to be visualised on a map, So that I can visualise it on a map.",g05-openspending,19
"As a Data Publishing User, I want to be able to import data in JSON, So that I do not have to convert data formats in order to use the data packager.",g05-openspending,21
"As a Data Publishing User, I want to be able to import data from a Google Spreadsheet, So that I do not have to convert data formats in order to use the data packager.",g05-openspending,23
"As a Data Publishing User, I want to be able to import data from Fiscal Data Package descriptor file, So that I do not have to convert data formats in order to use the data packager.",g05-openspending,25
"As a Data Publishing User, I want to be able to provide the Platform Administrator with additional GeoJSON sources, So that I can improve the map-based visualisations of my data.",g05-openspending,27
"As a Data Consuming User, I want to be able to filter, sort and aggregate data by multiple dimensions and measures, So that I can get more granular views on the data.",g05-openspending,29
"As a Data Consuming User, I want to be able to download a CSV of the data that is used in any visualisation I am viewing, So that I can use the data in other tools.",g05-openspending,31
"As a Data Consuming User, I want to be able to change the display of all monetary measures across a set of currencies, So that I can understand localised amounts in non-localised figures.",g05-openspending,33
"As a Data Consuming User, I want to see textual descriptions that accompany embedded visualisations, So that I can more easily understand what I am viewing.",g05-openspending,35
"As a Data Consuming User, I want to be able to share a view state as a URL to social networks, So that I can share data that I have found with others.",g05-openspending,37
"As a Data Consuming User, I want to be able to download an image ofa particular view state, So that I can use it offline.",g05-openspending,39
"As a Data Consuming User, I want to be able to share an image of a particular view state to the social networks that support this, So that I can provide richer context in those communication channels for data I am sharing.",g05-openspending,41
"As a Data Consuming User, I want to be able to have stepped zoom on map visualisations, So that I can have better control over the navigation experience inside a map view.",g05-openspending,43
"As a Data Consuming User, I want to have consistent use of colour on map visualisations, So that I can better understand the visual logic of the map view.",g05-openspending,45
"As a Developer, I want to be able to customise the Brand Name and Icon, and Primary Color of all frontend Javascript apps, So that I can customise the branding for my own needs.",g05-openspending,47
"As an API User, I want to be able to understand if a user is a Publisher, So that I can offer functionality based on Dataset Publisher privileges.",g05-openspending,49
"As an API User, I want to be able to understand if a user is an Administrator, So that I can offer functionality based on Platform Administration privileges.",g05-openspending,51
"As an API User, I want to be able to get bordering regions|cities when I query a region|city, So that I can provider wider visual context for mapping visualisations.",g05-openspending,53
"As an API User, I want to be able to dynamically request polygons based on the query made, So that I can provide maps that match the query.",g05-openspending,55
"As an API User, I want to have a flexible API using HASC codes for countries, regions and cities, So that I can visualise budget data on maps.",g05-openspending,57
"As an API User, I want to be able to get a CSV output of any cube-based query, So that I can use work with tools that read CSV.",g05-openspending,59
"As an API User, I want to be able to get a set of monetary measures transferred to different currencies, So that I can use this in scenarios that might enable comparison by normalisation.",g05-openspending,61
"As an API User, I want to be able to use metadata to get results from multiple datasets, So that I can build user experiences based on more than one dataset more easily.",g05-openspending,63
"As an API User, I want to be able to use data to get results from multiple datasets, So that I can build user experiences based on more than one dataset more easily.",g05-openspending,65
"As an API User, I want to be able to normalise measures by population, So that I work with datasets in reference to their contextual constraints.",g05-openspending,67
"As an API User, I want to be able to normalise measures by geographical area, So that I work with datasets in reference to their contextual constraints.",g05-openspending,69
"As an API User, I want to be able to normalise measures by GDP, so I work with datasets in reference to their contextual constraints.",g05-openspending,71
"As an API User, I want to be able to normalise measures by GINI and related socioeconomic indexes, So that I work with datasets in reference to their contextual constraints.",g05-openspending,73
"As an API User, I want to be able to get a relative percentage of a measure to the total of the dataset it comes from, So that I can build alternative displays of the data.",g05-openspending,75
"As an API User, I want to be able to persistently store visualisation state in the database, So that such can be shared more easily and contribute to a visualisation gallery.",g05-openspending,77
"As a Data Publishing User, I want to have my dataset update automatically as the source file/files changes, So that OpenSpending always shows current data.",g05-openspending,79
"As an OpenSpending Community Member, I want to have a blog that highlights any and all projects in the open fiscal space, So that I can relate to openspending.org as the central hub of fiscal openness.",g05-openspending,81
"As a User, I want to be able to set my own username, So that my data is more easily discoverable.",g05-openspending,83
"As a Data Publishing User, I want to be able to add a dataset in a Hidden state, So that I can work on a dataset before having it discoverable via OpenSpending user interfaces.",g05-openspending,85
"As a Data Publishing User, I want to be able to Hide a dataset that I have already added as Public, So that I can fix my mistakes or have a dataset primarily for my own use.",g05-openspending,87
"As a Data Publishing User, I want to have a view on all the datasets I have published, So that I can perform management actions on my own datasets.",g05-openspending,89
"As a Data Publishing User, I want to have a functioning Python Client, So that I can add data to the datastore in bulk from the command line or my own programs.",g05-openspending,91
"As an OpenSpending Community Member, I want to have an app where I can find examples of use of fiscal data visualisations, So that I can find guidance in creating my own with Open Spending.",g05-openspending,93
"As a Data Publishing User, I want to know if my CSV file is valid, So that I can fix possible data issues before publishing it on Open Spending.",g05-openspending,95
"As a Data Consuming User, I want to be able to search any dataset published and publicly accessible by their title and metadata, So that I can find the datasets I'm interested in.",g05-openspending,97
"As a Data Consuming User, I want to visualize by default in treemap, bubble tree, map and pivot table the most recent year when my dataset contain multiple years, So that I'm not confused with the amounts.",g05-openspending,99
"As an API user, I want to be able to change the colors of the embedded visualisations in my own platform, So that I can customize the visualisations.",g05-openspending,101
"As an API user, I want to be able to change some of the styling of the embedded Viewer in my own platform, So that I can brand it to my own organisation's color scheme.",g05-openspending,103
"As a Platform administrator, I want to be able to translate the data types hierarchies of the Viewer while in embed mode, So that my users can understand the interface in their native language.",g05-openspending,105
"As a team member, I want to see the first iteration of beta up on cloud.gov.",g11-nsf,1
"As a developer, I want to have the subdomain beta.nsf.gov be set up, so that I can deploy a beta site to it.",g11-nsf,2
"As a stakeholder, I want to have a decision on whether or not the blog aggregator may work for beta, and if not what will.",g11-nsf,3
"As an NSF employee, I want to understand the process of switching the cloud.gov hosting plan over from prototype to FISMA low.",g11-nsf,4
"As a stakeholder, I want to see the results of user research, so that I can determine if the CMS is right for me.",g11-nsf,5
"As a designer, I want to have a new social media wireframe, so that I can begin implementing design.",g11-nsf,6
"As a team member, I want to have a prioritized list of features and elements of a future social element page, so that I can work with the engineers to determine feasibility.",g11-nsf,7
"As a team member, I want to determine a design direction for the beta social page, so that we can implement a beta site quickly without established brand guidelines.",g11-nsf,8
"As a user researcher, I want to test the user research plan, so that I make sure the in-person interviews are effective and capturing the right information.",g11-nsf,9
"As a user researcher, I want to have the finalized OLPA task script, so that I can begin testing with internal users.",g11-nsf,10
"As a content editor, I want to be able to easily find content, so that I can edit it.",g11-nsf,11
"As a research participant, I want to make sure that the appearance of the prototype does not distract from the workflow, so that I can complete the user interview.",g11-nsf,12
"As a user researcher, I want to have the WIG prototype, so that I can finalize the second task script.",g11-nsf,13
"As a user, I want to add a video to my article.",g11-nsf,14
"As a team member, I want to meet with DIS / cloud.gov, so that I can determine the requirements for the beta.nsf.gov ATO.",g11-nsf,15
"As a user researcher, I want to have a list of priority workflow candidates that we might test, so that I can make sure we're capturing the priority areas.",g11-nsf,16
"As a team member, I want to understand what the MVP should look like, so that I can begin understanding workflow needs as they pertain to any CMS decision.",g11-nsf,17
"As an NSF administrator, I want to shadow the CMS implementation, so that I can learn as the prototype is developed further.",g11-nsf,18
"As a team member, I want to have an updated acquisitions roadmap, so that I can plan accordingly.",g11-nsf,19
"As an NSF employee, I want to have an updated roadmap document, so that I can see prioritized areas to focus on for the next few months and beyond.",g11-nsf,20
"As a team member, I want to understand how time off overlaps with plans around the user research.",g11-nsf,21
"As a researcher, I want to develop the user research protocol for internal workflows, so that we can begin testing against a CMS prototype.",g11-nsf,22
"As a CMS administrator, I want to have roles, so that I can assign them to my users.",g11-nsf,23
"As an NSF employee, I want to narrow down the universe of CMS options and identify/prioritize key considerations for getting to the next step.",g11-nsf,24
"As an NSF employee, I want to have a final workshop to identify key lessons and features for the content management system decision.",g11-nsf,25
"As a CMS SME, I want to see the webmaster workflow report, so that I can understand how this might impact current direction.",g11-nsf,26
"As an NSF employee, I want to understand work performed, so that I can understand when and what I can use later.",g11-nsf,27
"As a researcher, I want to recruit for the last round of user research, so that we can summarize our findings and synthesize results.",g11-nsf,28
"As a user researcher, I want to continue scheduling interviews for hypothesis #1, so that I can be prepared to test our first prototype.",g11-nsf,29
"As an NSF employee, I want to have high-level strategy recommendations to implement in conjunction with the new CMS.",g11-nsf,30
"As an NSF employee, I want to have editorial-planning recommendations, so that I can understand how they might impact an eventual CMS / future web presence.",g11-nsf,31
"As an NSF employee, I want to know how brand guidelines are developed and maintained, so that I can incorporate them throughout the project.",g11-nsf,32
"As a web recruiter manager, I want to confirm the recruiter is set up and working properly on Science360.gov.",g11-nsf,33
"As an NSF employee, I want to know how visual design directions were developed, so that I can make better design decisions in the future.",g11-nsf,34
"As a team member, I want to know what the first hypothesis is, so that I can start developing a prototype to test.",g11-nsf,35
"As a content designer, I want to develop a better understanding of NSF's content types and editorial plan, so that I can make more informed recommendations going forward.",g11-nsf,36
"As a team member, I want to have a prototype strategy, so that I understand how we will gain understandings from tests that will drive recommendations.",g11-nsf,37
"As a content designer, I want to demonstrate the value of user-centered content design to ensure it's an integral part of our recommendations.",g11-nsf,38
"As a user researcher, I want to know when outreach to lists is successful, so that I can plan on a new release to the next listserv on the priority list.",g11-nsf,39
"As an NSF employee, I want to schedule regular in-person check-ins, so that we can continue to communicate the goals of the project with our stakeholders.",g11-nsf,40
"As a developer, I want to know what the three initial hypotheses are, so that I can plan work around development of prototypes.",g11-nsf,41
"As a workshop attendee, I want to have a summary of what we learned, so that I can understand our next steps and how they apply to me.",g11-nsf,42
"As a designer, I want to know what early indications of hypotheses might be, so that I can start planning for the first prototype.",g11-nsf,43
"As a team member, I want to have a schedule of more coworking slots, so that I can work in tandem with the rest of the team on a more regular basis.",g11-nsf,44
"As an NSF person interested in attending user interviews, I want to know when they are scheduled and the type of user that will be interviewed.",g11-nsf,45
"As an NSF member of the team, I want to have a place where I can access all the related reports and documentation, so that I can refer to it easily now and in the future.",g11-nsf,46
"As a team member, I want to know when the mid-point checkin is and what will be covered, so that I can plan accordingly.",g11-nsf,47
"As an NSF employee, I want to join Github, so that I can participate in the issues as assigned.",g11-nsf,48
"As an NSF employee, I want to learn about how Github is used, so that I can participate in the issues as assigned.",g11-nsf,49
"As a user researcher, I want to begin identifying interview participants, so that I can understand what educators and science influencers need from a future nsf.gov website.",g11-nsf,50
"As a VisualDesigner, I want to concept different styles for the nsf.gov website, so that we can discuss different design concepts with stakeholders.",g11-nsf,51
"As a user researcher, I want to set up a website recruitment test, so that I can see if we can recruit users in real time from the website.",g11-nsf,52
"As a web recruiter manager, I want to confirm the recruiter is set up and working properly, so that I can deploy it on more pages.",g11-nsf,53
"As a VisualDesigner, I want to create a moodboard to aid with visual design concepts for the nsf.gov website, so that we can discuss different design concepts with stakeholders.",g11-nsf,54
"As a workshop attendee, I want to see a summary on major findings from the event.",g11-nsf,55
"As a user researcher, I want to make sure the correct NSF people are invited to user interviews, so that they can observe the interviews and make recommendations accordingly.",g11-nsf,56
"As a user researcher, I want to begin drafting a research plan, so that I can begin recruiting participants.",g11-nsf,57
"As a content editor, I want to be able to add videos from Brightcove.",g11-nsf,58
"As an author, I want to be able to indent / outdent content.",g11-nsf,59
"As a VisualDesigner, I want to demonstrate the value of visual design to the NSF project team, so that visual design is an integral part of a redesign.",g11-nsf,60
"As a team member, I want to know what visual design related tasks we might need to plan for this sprint, so that I can assign tasks as necessary.",g11-nsf,61
"As a team member, I want to have recruiting-email templates ready to go, so that I can start recruiting interviewees ASAP!.",g11-nsf,62
"As an NSF employee, I want to see how the user recruitment form looks and behaves on a sample page, so that I can understand the impact the recruitment will have on the NSF page.",g11-nsf,63
"As a potential research participant, I want to learn about the research and leave my contact information.",g11-nsf,64
"As a team member, I want to have a high-level sense of the project timeline, so that I can plan my work.",g11-nsf,65
"As a site administrator, I want to understand how other similar organizations are handling visual design, so that I can make informed decisions about what appears to work well and what doesn't.",g11-nsf,66
"As a team member, I want to have a platform that allows me to rapidly prototype HTML ideas.",g11-nsf,67
"As a site administrator, I want to understand how other similar organizations are handling content, so that I can make informed decisions about what appears to work well and what doesn't.",g11-nsf,68
"As a user researcher, I want to conduct a user definition workshop with NSF, so that I can better prepare them and the team for future research work.",g11-nsf,69
"As an NSF employee, I want to know where the initial in-person meeting will be, so that I can plan on attending.",g11-nsf,70
"As a designer, I want to have a style guide / design guide / content guide, so that we have a uniform way of delivering product.",g11-nsf,71
"As a team member, I want to know when meetings are, so that I can plan accordingly.",g11-nsf,72
"As a team member, I want to understand how work moves between UX/content > visual design > front end dev for a sprint cycle.",g11-nsf,73
"As a Publisher, I want to publish a dataset, so that I can view just the dataset with a few people.",g14-datahub,1
"As a Publisher, I want to publish a dataset, so that I can share the dataset publicly with everyone.",g14-datahub,2
"As a Publisher, I want to sign up for an account, so that that I can publish my data package to the registry and to have a publisher account to publish my data package under.",g14-datahub,3
"As a Visitor, I want to sign up via github or google, so that that I don't have to enter lots of information and remember my password for yet another website.",g14-datahub,4
"As a Publisher, I want to know what do next after signing up, so that that I can get going quickly.",g14-datahub,5
"As an Admin, I want to invite someone to join the platform, so that that they can start contributing or using data.",g14-datahub,6
"As a Publisher, I want to import my data package into the registry, so that my data has a permanent online home to access.",g14-datahub,7
"As a Publisher, I want to configure my client, so that I can start publishing data packages.",g14-datahub,8
"As a Publisher, I want to use a publish command to update a data package that is already in the registry, so that it appears there.",g14-datahub,9
"As a Publisher, I want to unpublish a data package, so that it is no longer visible to anyone.",g14-datahub,10
"As a Publisher, I want to permanently delete a data package, so that that it no longer takes up storage space.",g14-datahub,11
"As a Publisher, I want to validate the data I am about to publish to the registry, so that that I publish good data and know that I am doing.",g14-datahub,12
"As a Publisher, I want to data to be validated when I publish it, so that that I know immediately if I have accidentally broken my data or have bugs and can take action to correct.",g14-datahub,13
"As a Consumer, I want to know that the data I am downloading is good and can be relied on, so that that I don't have to check it myself or run into annoying bugs later on.",g14-datahub,14
"As a Publisher, I want to publish a data package where its resource data is stored on my servers but the registry caches a copy of that data, so that that if my data is lost or gets broken I still have a copy people can use.",g14-datahub,15
"As a Consumer, I want to be able to get the data for a data package even if the original data has been moved or removed, so that that I can still use is and my app or analysis keeps working.",g14-datahub,16
"As a Publisher, I want to publish a data package in the UI, so that that it is available and published.",g14-datahub,17
"As a Publisher, I want to create a data package in the UI so that it is available and published.",g14-datahub,18
"As a Publisher, I want to be able to restore the deleted data package via cli, so that that it is back visible and available to view, download.",g14-datahub,19
"As a Publisher, I want to undelete the deleted data packages, so that that the deleted data packages is now visible again.",g14-datahub,20
"As a Publisher, I want to be able to preview the views of the current data package using cli prior to publishing, so that that I can refine the json declarations of datapackage view section to achieve a great looking result.",g14-datahub,21
"As a Consumer, I want to view a data package online, so that I can get a sense of whether this is the dataset I want.",g14-datahub,22
"As a publisher, I want to show the world how my published data is, so that that it immediately catches consumer's attention.",g14-datahub,23
"As a consumer, I want to view the data package, so that that I can get a sense of whether I want this dataset or not.",g14-datahub,24
"As a Publisher, I want to preview a datapackage I have prepared, so that that I can check it works and share the results.",g14-datahub,25
"As a Consumer, I want to see how much the data has been downloaded, so that that I can choose most popular in the case when there are several alternatives for my use case.",g14-datahub,26
"As a Publisher, I want to see real examples of published packages so that I can understand how useful and simple the datapackage format and the registry is.",g14-datahub,27
"As a Consumer, I want to see some example data packages quickly, so that I get a sense of what is on this site and if it is useful to look further.",g14-datahub,28
"As a Consumer, I want to search data packages, so that that I can find the ones I want.",g14-datahub,29
"As a Consumer, I want to search based on description of data package, so that that I can find package which related to some key words.",g14-datahub,30
"As a Consumer, I want to download the data package in one file, so that that I don't have to download descriptor and each resource by hand.",g14-datahub,31
"As a Developer, I want to use data package as a node lib in my project, so that that I can depend on it using my normal dependency framework.",g14-datahub,32
"As a Consumer, I want to load a Data Package from R, so that that I can immediately start playing with it.",g14-datahub,33
"As a Data Analyst I want to download a data package, so that that I can study it and wrangle with it to infer new data or generate new insights.",g14-datahub,34
"As a Data Analyst, I want to update previously downloaded data package, so that that I can work with the most recent data.",g14-datahub,35
"As a Consumer, I want to download a DataPackage's data one coherent SQLite database, so that that I can get it easily in one form.",g14-datahub,36
"As a Data Analyst, I want to compare different versions of some datapackage locally, so that that I can see schema changes clearly and adjust my analytics code to the desired schema version.",g14-datahub,37
"As a Web Developer, I want to be able to install multiple versions of the same datapackage separately, so that that all my projects could be developed independently and deployed locally.",g14-datahub,38
"As a Developer, I want to list all DataPackages requirements for my project in the file and pin the exact versions of any DataPackage that my project depends on, so that that the project can be deterministically deployed locally and won't break because of the DataPackage schema changes.",g14-datahub,39
"As a Publisher, I want to tag datapackage to create a snapshot of data on the registry server, so that that consumers can refer to it.",g14-datahub,40
"As a Publisher, I want to be warned that a tag exists when I try to overwrite it, so that that I don't accidentally overwrite stable tagged data which is relied on by consumers.",g14-datahub,41
"As a Publisher, I want to be able to overwrite the previously tagged datapackage, so that that I can fix it if I mess up.",g14-datahub,42
"As a Publisher, I want to version my Data Package and keep multiple versions around including older versions, so that that I do not break consumer systems when I change my datapackage.",g14-datahub,43
"As a Publisher, I want to be able to get access to a previous version I tagged, so that that I can return to it and review it.",g14-datahub,44
"As a Consumer, I want to know full details of how the data package schema has changed, so that that I can adjust my scripts to handle it.",g14-datahub,45
"As a Consumer, I want to get a sense of the age of the datapackage that I have downloaded before, so that that I can decide if I should update or not.",g14-datahub,46
"As a Consumer, I want to view a Datapackage at a particular version online, so that that I can present/discuss the particular data timeslice of interest with other people.",g14-datahub,47
"As a Consumer, I want to download a Data package at a particular version, so that that I know it is compatible with my scripts and system.",g14-datahub,48
"As a Consumer, I want to be notified of changes to a package I care about, so that that I can check out what has changed and take action.",g14-datahub,49
"As a Consumer, I want to see how active the site is, so that I can decide if I should get involved.",g14-datahub,50
"As a Consumer, I want to browse and find publishers, so that that I can find interesting publishers and their packages.",g14-datahub,51
"As a Consumer, I want to see a publisher's profile, so that that I can discover their packages and get a sense of how active and good they are.",g14-datahub,52
"As a Consumer, I want to view a publisher's profile, so that that I can see who is behind a particular package or to see what other packages they produce.",g14-datahub,53
"As a Consumer, I want to search among all data packages owned by a publisher, so that that I can easily find one data package amongst all the data packages by this publisher.",g14-datahub,54
"As an Owner, I want to edit my profile, so that that it is updated with new information.",g14-datahub,55
"As an Owner, I want to invite an existing user, so that the user can become a member of my publisher.",g14-datahub,56
"As an owner, I want to invite someone using their email to sign up and become a member of my Publisher, so that that they are authorized to publish data packages under my Publisher.",g14-datahub,57
"As an owner, I want to remove someone from membership in my publisher, so that they no longer have ability to publish or modify my data packages.",g14-datahub,58
"As an owner, I want to view all the people in my organization and what roles they have, so that that I can change these if I want.",g14-datahub,59
"As an owner, I want to make a user an owner, so that they have full control.",g14-datahub,60
"As an owner, I want to remove a user as an owner, so that they are just a member and no longer have full control.",g14-datahub,61
"As an Admin, I want to set key configuration parameters for my site deployment, so that that I can change key information like the site title.",g14-datahub,62
"As an Admin, I want to see key metrics about usage such as users, API usage, downloads, so that that I know how things are going.",g14-datahub,63
"As an Admin, I want to have a pricing plan and billing system, so that that I can charge users and make my platform sustainable.",g14-datahub,64
"As a Publisher, I want to know if this site has a pricing plan and what the prices are, so that that I can work out what this will cost me in the future and have a sense that these guys are sustainable.",g14-datahub,65
"As a Publisher, I want to sign up for a given pricing plan, so that that I am entitled to what it allows.",g14-datahub,66
"As a Publisher, I want to have private data packages, so that I can share just with my team.",g14-datahub,67
"As a collection curator, I want to set a date after which data will expire and be deleted or hidden then deleted.",g16-mis,1
"As a collection curator, I want to see the scheduled records deletion date be displayed on the item and component pages.",g16-mis,2
"As a repository manager, I want to track who is financially responsible for each item in the repository, who should probably be a person contact including name, phone, email, maybe title and address.",g16-mis,3
"As a repository manager, I want to be able t run a report periodically showing the storage consumed by each financial contact.",g16-mis,4
"As a collection curator, I want to map an item or items from one collection to another, so that an item may administratively belong to one collection but could appear in other collections.",g16-mis,5
"As a faculty member, I want to add a date delimiter to a search string, so that I can limit a search to return only results from before, after, or between a given date or dates.",g16-mis,6
"As a developer, I want to determine if we can use the in-built Fedora 4 event audit services.",g16-mis,7
"As a DPC, I want events to be created when a publication is published and unpublished, who did it, comment, so that I can record when and why something was made unavailable.",g16-mis,8
"As a repository manager, I want to specify the remote replication policy for each collection.",g16-mis,9
"As a repository manager, I want to elect to either replicate remotely or not and possibly to replicate beyond the primary remote site.",g16-mis,10
"As a collection curator, I want to have the repository queue my collection for replication upon ingest to our remote storage site and to display the remote replication status in each item and component page in the staff interface.",g16-mis,11
"As a collection curator, I want to have a summary of all remote replication status at collection level on my dashboard.",g16-mis,12
"As a collection curator, I want to have my collection be encrypted with a key maintained on that server, a checksum made and stored of the encrypted file, and the encrypted file replicated to our remote storage site.",g16-mis,13
"As a collection curator, I want to lift an embargo for an object in a simple way.",g16-mis,14
"As a repoadmin, I want to have Symplectic Elements bidirectionally communicate and integrate with DDR, which  provide a Fedora Connector and Emory is using a hidden Fedora instance that Hydra collects objects for.",g16-mis,15
"As a collection curator, I want to have items be made available under the permissions they were configured once the embargo date has been reached.",g16-mis,16
"As a collection curator, I want to create deposit forms specific to the collection.",g16-mis,17
"As a collection curator, I want to allow some collections the option of setting an embargo date at deposit.",g16-mis,18
"As a collection curator, I want to have item metadata to be discoverable while the item is under embargo.",g16-mis,19
"As a collection curator, I want to have the item to be allowed under the access permissions set on the object after the embargo data is reached.",g16-mis,20
"As a repoadmin, I want to have users to be presented with a license or a selection of licenses, specific to the collection, and deposit to be denied if the submitter does not accept the license.",g16-mis,21
"As a repoadmin, I want to have the license be recorded in metadata and displayed alongside the item.",g16-mis,22
"As a DigitalRecords Archivist, I want to have a method to batch ingest ETDs we receive from ProQuest.",g16-mis,23
"As a DigitalRecords Archivist, I want to have the batch ingest tool to recognize and set embargoes, permissions for embargoed items should be allow everyone to view metadata, and collection curator and repository administrators to download the files.",g16-mis,24
"As a DigitalRecords Archivist, I want to have the repository to lift embargoes on the release date and set the access controls to the configuration set on item on that date.",g16-mis,25
"As a visitor, I want to see the embargo status and release date clearly displayed and perhaps highlighted in some way.",g16-mis,26
"As a DigitalRecords Archivist, I want to have a method to add and remove multiple people to deposit groups in specific collections, to set a date that the deposit window closes, and to have these permissions conferred on these depositors should pick up on the collection's default permission.",g16-mis,27
"As a DigitalRecords Archivist, I want to edit the length of embargoes.",g16-mis,28
"As a DigitalRecords Archivist, I want to expose the descriptive record for each ETD item for re-use external to Fedora.",g16-mis,29
"As a DigitalRecords Archivist, I want to grant embargo privileges to other repository administrators.",g16-mis,30
"As a DigitalRecords Archivist, I want to have a method to add and remove individual people from deposit groups.",g16-mis,31
"As a collection curator, I want to have a tool to perform author authority control.",g16-mis,32
"As a collection curator, I want to move items from one collection to another.",g16-mis,33
"As a repoadmin, I want to expose repository contents via OAI-PMH.",g16-mis,34
Auditing & Reporting.,g16-mis,35
"As a DigitalRecords Archivist, I want to view and download summary embargo metadata for all ETDs in the repository.",g16-mis,36
"As a batch submitter, I want to provide my data and metadata in a simple, documented format to the repository staff for ingest.",g16-mis,37
"As repository manager, I want to view authenticated, active users and anonymous users.",g16-mis,38
"As a repository manager, I want to schedule a message to users to be displayed on each page on the repository between select times for things like notification of upcoming downtime.",g16-mis,39
"As a repository manager, I want to see a display of recent errors deduplicated for easy comprehension like Symplectic Elements provides.",g16-mis,40
"As a repository manager, I want to view a dashboard statistics about collections size including a list of collections, the number of items and components in each, total storage consumed by each collection, visualization of deposit activity.",g16-mis,41
"As a collection curator, I want to see a dashboard widget showing a summary of recent submissions to my collection.",g16-mis,42
"As a repoadmin, I want to continue to provide access to the repository in the event that the server fails.",g16-mis,43
"As a repoadmin, I want to provide the server SLA to data contributors.",g16-mis,44
"As a repoadmin, I want to update the repository index without disrupting access to the public interface.",g16-mis,45
"As a repoadmin, I want to provide a Linked Data interface to the repository.",g16-mis,46
"As a repoadmin, I want to have Symplectic Elements to communicate",g16-mis,47
bidirectionally with the repository.,g16-mis,48
"As a developer, I want to upgrade to Fedora 4 and migrate our applications and data.",g16-mis,49
"As a collection curator, I want to have metadata changes made to items with repository-assigned DOIs to be propagated to the EZID.",g16-mis,50
"As a collection curator, I want to canonically identify authors and creators of my items by unique identifier, so that it's easier to view all of the works by that person together.",g16-mis,51
"As a collection curator, I want to see the referers for visitors who use resolver-abstracted links to reach my items.",g16-mis,52
"As a data contributor, I want to refer to the Disaster Recovery Plan in grant proposals and Data Management Plans.",g16-mis,53
"As a depositor, I want to get feedback post-ingest alerting me if files I submitted do not conform to their format specifications, if they are not valid, or if they are not wellformed.",g16-mis,54
"As a batch submitter, I want to access documentation describing the folder ingest process.",g16-mis,55
"As a depositor, I want to see what kinds of things the repository accepts and what formats are accepted and recommended.",g16-mis,56
"As a depositor, I want to easily find information about which data can be assigned a DOI, how to get one, and what metadata are required.",g16-mis,57
"As a collection curator, I want to create groups of users to manage permissions in the repository in an easy way.",g16-mis,58
"As a collection curator, I want to restrict access to my collection or items to Duke IP addresses.",g16-mis,59
"As a collection curator, I want users to contact me directly from the repository to request access to restricted objects.",g16-mis,60
"As a collection owner, I want to have submitters to my collection to be unable to modify existing items in that collection.",g16-mis,61
"As a superuser, I want to enter and exit the superuser scope.",g16-mis,62
As a collection curator I want to change permissions on one or more items simultaneously.,g16-mis,63
"As a collection curator, I want to be able require authentication to access objects unless the request is coming from a whitelisted IP address, list of addresses.",g16-mis,64
"As a repository manager, I want to view available versions of an object and restore a version from the staff interface.",g16-mis,65
"As a collection curator, I want to view the permission on my objects all together.",g16-mis,66
"As a non-Duke researcher, I want to describe my team and mine's objects in the repository after they've been deposited if we've been assigned permission to edit metadata.",g16-mis,67
"As a faculty member, I want to go to my repository dashboard to manage members of my classes, grant submit permissions by pasting in a list of NetIDs, see confirmation that DDR recognizes the NetIDs, ability to manually remove permissions, ability to set begin and end dates for a submission window, and a have a status screen to clearly illustrate who has and hasn't submitted.",g16-mis,68
"As a faculty member, I want to access a collection within the repository, so that I can obtain research materials.",g27-culrepo,1
"As a faculty member, I want to direct students to an item within the repository, so that I can facilitate my teaching (i.e. desires ability to link to content).",g27-culrepo,2
"As a Cornell faculty member, I want to upload data to the repository and associate it with a publication, so that I receive attribution for my data as well as my publications.",g27-culrepo,3
"As a patron, I want to know which reports/datasets are coming out when, so that I can access latest report/dataset.",g27-culrepo,4
"As a patron, I want to select/deselect reports/datasets to be emailed, possibly many at one time, when new versions are available.",g27-culrepo,5
"As a DB/IR administrator, I want to mark report/dataset not to be emailed/viewable due to error being discovered.",g27-culrepo,6
"As a DB/IR administrator, I want to manage report/dataset name changes so patrons are able to find historic reports that have a different name from current report.",g27-culrepo,7
"As a Cornell faculty member, I want to see clearly what reuse rights I have to files discovered in the repository, so that I know how I can reuse them.",g27-culrepo,8
"As a library staff member, I want to apply or remove an access embargo to an item when asked to do this by an item author.",g27-culrepo,9
"As a researcher, I want to stay up to date on research related to a given topic at Cornell, including those in other departments/schools, so that my own research remains relevant and innovative.",g27-culrepo,10
"As a faculty member, I want to easily collect my publications -- both those within the repository and without -- into a single online access point, so that I can raise the profile of my work.",g27-culrepo,11
"As a crossdeptprojteammember, I want to have a better place to collect and share project materials, with a range of organization/tagging and access options, including private (internal group use only), University and public.",g27-culrepo,12
"As a Cornell faculty member, I want to upload data and provide a cut and paste formatted citation for people who use it, so that I receive proper attribution for my work.",g27-culrepo,13
"As a patron, I want to view/upload content in multiple formats, including old formats such as Lotus Works.",g27-culrepo,14
"As a Cornell faculty member, I want to search the repository and browse through its contents on my phone, so that I can check things on the go.",g27-culrepo,15
"As a Cornell faculty member, I want to login remotely to the repository using Shibboleth, so that I can get remote access to Cornell campus-only content.",g27-culrepo,16
"As a Cornell faculty member, I want to have some control over how items within my collection sort in collection contents lists, so that I can control how my work is presented.",g27-culrepo,17
"As an administrator, I want to be able to use systems such as Symplectic Elements and Activity Insight to properly track faculty scholarly output in the repositories, so that I can facilitate personnel decisions.",g27-culrepo,18
"As a library staff member, I want to access useful and comprehensive usage statistics and analytics, including altmetrics, at the repository, collection, author, and item level, so that I can assess the results of this service.",g27-culrepo,19
"As an administrator, I want to see comprehensive tracking statistics that can be presented to faculty in a digestible way, so that I can increase buy-in for contributing their work.",g27-culrepo,20
"As a Cornell faculty member, I want to be notified if someone downloads any of my items or files, so that I can follow usage and see what others are most interested in reading.",g27-culrepo,21
"As a DB/IR administrator, I want to see list of subscribers for specified report in order research missing report complaints.",g27-culrepo,22
"As an administrator, I want to disseminate the aforementioned works in a digital space that is strongly branded, so that I can make sure my school is credited for the work.",g27-culrepo,23
"As a faculty member, I want to upload my scholarly work to the repository, so that I can have a persistent URL that can be used for my personal web page and CV.",g27-culrepo,24
"As a library staff member, I want to create collections which highlight rare, archival, or endangered material, so that I can preserve and provide access to this material.",g27-culrepo,25
"As an Extension Administrator, I want to have easy, well documented and supported workflows that can be easily passed on to others when she/others retire, so that continuity can be maintained.",g27-culrepo,26
"As a faculty member, I want to maintain versioning of Extension brochures, FAQs, etc., so that only the most current are used/adapted by other CCE Educators in their work.",g27-culrepo,27
"As a Cornell faculty member, I want to upload a data file and put a CC-By or CC0 license on it, so that my licensing desires are clearly stated.",g27-culrepo,28
"As a library staff member, I want to be able to tell the researchers I'm helping with DMPs that Cornell has a repository system I can use for archiving and sharing results of their research, so that I can easily meet the needs of funder DMP requirements.",g27-culrepo,29
"As a Cornell faculty member, I want to create a collection for my documents, or my organization's documents, and apply some distinctive branding to that collection, so that I can promote my work, or that of my organization.",g27-culrepo,30
"As a Cornell faculty member, I want to easily find all the items in the repository that I have authored, by searching on my name (author name authority and/or identification issue), because I keeps my publications in the repository up-to-date and points people tithe repository.",g27-culrepo,31
"As a Cornell faculty member, I want to see items I have deposited in the repository appear high up in Google search results, because that's my ticket to stardom.",g27-culrepo,32
"As a repository support team member, I want to alias (or map) an item from one collection to another (so the item will appear to belong to both collections), because the collection owner has asked them to.",g27-culrepo,33
"As a researcher, I want to discover items in the repository through the library's discovery system and Google, so that I can facilitate my easy use of the content.",g27-culrepo,34
"As a researcher, I want to see descriptive metadata for the item whether I come to the item through the repository or directly to the PDF, so that I can correctly identify the source of the content.",g27-culrepo,35
"As a researcher, I want to contact the author of a work that interests me, so that I can learn more about my research.",g27-culrepo,36
"As a researcher, I want to receive updates when new works are published in a given collection or by a given author, so that I can discover more of their work.",g27-culrepo,37
"As a researcher, I want to search within a repository or collection in an effective manner, including searching within subsets of a given collection, so that I can facilitate my use of the collection.",g27-culrepo,38
"As an academicresearcher, I want to find the works of a particular author in one easily sortable spot, so that I can see the evolution of their scholarship over time.",g27-culrepo,39
"As an academicresearcher, I want to the thesis paper of an influential judge or legal thinker to gain insight into how their initial scholarship got started.",g27-culrepo,40
"As a patron, I want to search for report/dataset with keywords or a partial or complete title to locate needed report/dataset.",g27-culrepo,41
"As a patron, I want to browse content by author or subject area to locate needed resources.",g27-culrepo,42
"As a DB/IR administrator, I want to manage subject classifications for ease of patron browsing and searching.",g27-culrepo,43
"As a DB/IR administrator, I want to manage customizable relationship groups in support of patron see also option.",g27-culrepo,44
"As a Cornell faculty member, I want to search for the dissertations in the repository for which I have been a thesis committee member, to quickly find work by a former student.",g27-culrepo,45
"As a library staff member, I want to make digital items held in trusted external system searchable within our system, so that I can provide seamless access to disparate collections.",g27-culrepo,46
"As a researcher, I want to have information that will help me identify other faculty I might partner/collaborate with.",g27-culrepo,47
"As an externaluser, I want to easily find and access research and educational materials from Cornell faculty related to a particular topic, which I can use to develop stronger research/evidence based programming, grant proposals, community policy, or business practices.",g27-culrepo,48
"As a student, I want to learn who at Cornell has or is engaged in research related to a particular topic, so that I can decide if I would like to pursue studies/research at Cornell.",g27-culrepo,49
"As a student, I want to learn who at Cornell has or is engaged in research related to a particular topic, so that I can find an appropriate advisor, choose which courses to enroll in, and identify work/internship opportunities.",g27-culrepo,50
"As a teachingfacultymember, I want to identify timely and relevant research suitable for use in my curriculum, and be notified of new research/content.",g27-culrepo,51
"As a patron, I want to view multiple versions of a report/dataset to get both timely and historical information.",g27-culrepo,52
"As a faculty member, I want to upload my scholarly work to the repository, so that I can reach a non-academic audience, expand my influence within my academic community, and use it for teaching.",g27-culrepo,53
"As a library staff member, I want to upload material to the repository on the author's behalf, so that I can fulfill a service obligation.",g27-culrepo,54
"As a library staff member, I want to create metadata for items within the repository that includes document title, description, author, document type, status, file locations, subscribable flag, subject area, release frequency, and keywords for searching.",g27-culrepo,55
"As a library staff member, I want to upload large batches of items simultaneously, including descriptive metadata, so that I can offer service to authors efficiently.",g27-culrepo,56
"As a library staff member, I want to upload an item to the repository that will only become visible after a specific embargo period has expired, so that I can comply with author or publisher requirements.",g27-culrepo,57
"As a library staff member, I want to include supplementary files such as datasets, slideshows, etc. – with DOIs for each, as needed – when uploading a given work, so that I can provide a robust image of the work in question.",g27-culrepo,58
"As a library staff member, I want to deliver streaming media from within the repository, so that I can deliver such content in the manner expected and ensure continued access to said content.",g27-culrepo,59
"As an administrator, I want to have a platform that can support a variety of media file and text-based formats, so that the intellectual output of the school can be showcased and preserved in a more comprehensive way.",g27-culrepo,60
"As a library staff member, I want to be able to assign an item to more than one collection.",g27-culrepo,61
"As a library staff member, I want to be able to add custom metadata fields for deposits I make on behalf of researchers to allow for better search capabilities.",g27-culrepo,62
"As a DB/IR administrator, I want to upload revised report/dataset due to error in report/document.",g27-culrepo,63
"As a DB/IR administrator, I want to upload new version of report/dataset while retaining previous versions for patron use.",g27-culrepo,64
"As a DB/IR administrator, I want to have the system recognize/categorize document type (e.g. historical report still published, expired historical report, single topic dataset, broad topic dataset, report with subtopic, computer file), so that report/dataset is processed and displayed properly.",g27-culrepo,65
"As a Cornell faculty member, I want to easily assign a CC license to the files I are depositing, so that users know how the materials can be used.",g27-culrepo,66
"As a repository support team member, I want to export a set of records and associated files, manipulate this data set, and reload into the system, because I am aware of a uniform error in a collection.",g27-culrepo,67
"As a Cornell faculty member, I want to associate a researcherID or ORCID with a submission, so that there is no ambiguity between my work and someone else with the same name.",g27-culrepo,68
"As a student, I want to upload to the repository the data that is associated with my embargoed dissertation to meet requirements of a DMP I submitted with my NSF DDIG.",g27-culrepo,69
"As a library staff member, I want to have customizable metadata fields, so that each project is described in the most accurate way possible.",g27-culrepo,70
"As a faculty member, I want to associate files with my scholarly works such that someone accessing the latter also receives access to the former, so that I can deliver the fullest picture of my research.",g27-culrepo,71
"As a library staff member, I want to use content and metadata from the repository in other systems and/or web pages easily, so that I can deliver such content in the manner best fit to the audience or occasion.",g27-culrepo,72
"As an Extension Administrator, I want to make resources that were developed for specific projects and geographic areas available to other faculty and educators across NYS.",g27-culrepo,73
"As an Extension Administrator or Staff Content Manager, I want to get periodic IR reminders, including when something needs attention (including next ingestion/approval steps), or something that might need to move from a current knowledge collection to Historical.",g27-culrepo,74
"As a researcher, I want to promote/share my work through interactive maps, so that I can display the range and extent of my work graphically.",g27-culrepo,75
"As an Extension Educator, I want to have a place to store a variety of documents, presentations and data sets I've created, that doesn't require an extra step in making available on my own County/Region/Project site (i.e. a list or directory of materials there is automatically updated when placed in a central archive/repository).",g27-culrepo,76
"As a patron, I want to know other reports/datasets that are related (e.g. see also) to report/dataset being viewed for the purpose finding other related information.",g27-culrepo,77
"As a patron, I want to know previous name(s) and publication date range (first version-last version) of reports/datasets, so that I can know what historical versions are available and how current more recent version is.",g27-culrepo,78
"As a patron, I want to create a personal account to request email notification when new version of report/dataset is available.",g27-culrepo,79
"As a patron, I want to download report/dataset release calendar to load into own calendar.",g27-culrepo,80
"As a librarydiscoveryoperator, I want to harvest useful metadata from the repository via OAI, and continue to do so incrementally, so that I can make Cornell publications discoverable in my repository.",g27-culrepo,81
"As a library staff member, I want to quickly correct errors in uploaded metadata, and even uploaded documents, while leaving a record of my revisions (and possibly the reasons behind them), so that I can present correct versions of content and to locate points of error.",g27-culrepo,82
"As a library staff member, I want to receive a quick response and a reasonable resolution to tech support issues, so that service can proceed with minimal interruption.",g27-culrepo,83
"As a Cornell faculty member, I want to share on the repository files that are larger than 1GB in a way that still allows users to download them if I want to use them, so that I can meet funder requirements.",g27-culrepo,84
"As a DB/IR administrator, I want to login to personal account with access to authorized functions.",g27-culrepo,85
"As a DB/IR administrator, I want to have a personal account with the ability to change passwords to make them more secure or to retrieve forgotten ones.",g27-culrepo,86
"As a DB/IR administrator, I want to set up or delete accounts for other administrators with various levels of permission.",g27-culrepo,87
"As a DB/IR administrator, I want to see a list of all administrators for ease of administering accounts.",g27-culrepo,88
"As a DB/IR administrator, I want to have robust searching and tracking features for existing and newly created patron accounts.",g27-culrepo,89
"As a DB/IR administrator, I want to unpublish a report/dataset if requested to do so by USDA agency.",g27-culrepo,90
"As a DB/IR administrator, I want to add future release dates of reports/datasets to calendar for patron FYI.",g27-culrepo,91
"As a faculty member, I want to recommend a digital collection be built in the repository, so that I can assist in my research.",g27-culrepo,92
"As a DB/IR administrator, I want to search for administrator accounts using full/partial email or name.",g27-culrepo,93
"As a DB/IR administrator, I want to administrate patron accounts for purpose of closing accounts, viewing subscriptions, changing subscriptions, resetting passwords, changing email address, etc.",g27-culrepo,94
"As a library staff member, I want to create custom metadata fields for certain collections, and allow searching of those fields, so that I can best reflect and deliver diverse content.",g27-culrepo,95
"As a repository support team member, I want to move a collection, so that I can fulfill the collection owner's request.",g27-culrepo,96
"As a repository support team member, I want to rename a collection, so that I can fulfill the collection owner's request.",g27-culrepo,97
"As an asset manager, I want to be assured that the digital copy I deposit is stored redundantly, so that when one copy suffers destruction or unwanted changes, I still have other good copies to restore from.",g27-culrepo,98
"As an asset manager, I want to be assured that threats to copies in one repository are not automatically incurred by the redundant copies.",g27-culrepo,99
"As an asset manager, I want to be assured that the redundant copies are continuously monitored for unwanted changes, and that if/when changes do occur, there is a mechanism by which I can determine the original object and restore it to all copies.",g27-culrepo,100
"As an asset manager, I want to be assured that the assets can be taken out of the repository, and that the assets taken out are the same as those that are put in.",g27-culrepo,101
"As an asset manager, I want to know what the intellectual value of the asset is to the institution at the time of deposit, so that I obtain guidance in the evaluation of it for current value for the institution.",g27-culrepo,102
"As an asset manager, I want to have a mechanism to obtain a listing or understanding of all the assets that have been deposited, and their current status.",g27-culrepo,103
"As an asset manager, I want to be assured that funding and staffing of the IR have a commitment to longevity of the repository through published plans and/or explicit contract clauses.",g27-culrepo,104
"As a stakeholder, I want to have files adequately described, so that I can successfully render them in my contemporary operating environment.",g27-culrepo,105
"As a library staff member, I want to preserve both the content and the metadata within the repository in a robust manner, so that I can provide stable, long-term access to this material.",g27-culrepo,106
"As a data curator, I want to upload a new version of an item that has changed, while still allowing old versions to be accessed.",g27-culrepo,107
"As a library staff member, I want to preserve the scholarship of the law school by using sustainable links that will not succumb to link rot, so that I can create a permanent digital archive for the scholarship of my institution.",g27-culrepo,108
"As a library staff member, I want to create a collection, sometimes with custom metadata fields, so that I can house digital material for wider distribution.",g27-culrepo,109
"As a library staff member, I want to trace the list of revisors to determine who uploaded an item to the repository, so that I can confirm that proper procedures were followed.",g27-culrepo,110
"As an asset manager, I want to be assured that there is a formal plan for the disposition of assets if the IR should cease.",g27-culrepo,111
"As an asset manager, I want to have mechanism to pass ownership/management of the assets to a successor.",g27-culrepo,112
"As a patron, I want to email system provider to report issues and ask questions.",g27-culrepo,113
"As a data curator, I want to have a mechanism to allow for records scheduling for items that do not need to be stored indefinitely.",g27-culrepo,114
"As a data curator, I want to upload a new version of an item that has changed, while still allowing old versions to be accessed.",g27-culrepo,115
"As a user, I want to click on the address, so that it takes me to a new tab with Google Maps.",g04-recycling,1
"As a user, I want to be able to anonymously view public information, so that I know about recycling centers near me before creating an account.",g04-recycling,2
"As a user, I want to be able to enter my zip code and get a list of nearby recycling facilities, so that I can determine which ones I should consider.",g04-recycling,3
"As a user, I want to be able to get the hours of each recycling facility, so that I can arrange drop-offs on my off days or during after-work hours.",g04-recycling,4
"As a user, I want to have a flexible pick up time, so that I can more conveniently use the website.",g04-recycling,5
"As a user, I want to be able to select different types of recyclable waste, so I have and get a list of facilities that accept each type and their opening hours, so that I can find an optimal route and schedule.",g04-recycling,6
"As a user, I want to add donation centers as favorites on my profile, so that I can view them later.",g04-recycling,7
"As a user, I want to be able to give my email ID, so that I can receive notifications for new events as they are posted.",g04-recycling,8
"As a user, I want to be able to view a map display of the public recycling bins around my area.",g04-recycling,9
"As a user, I want to be able to view a map display of the special waste drop off sites around my area.",g04-recycling,10
"As a user, I want to be able to view the safe disposal events currently being organised around my area.",g04-recycling,11
"As a user, I want to choose a flexible pick up time, so that I can more conveniently use the website.",g04-recycling,12
"As a user, I want to view user documentation for the website, so that I know how to use the web app.",g04-recycling,13
"As a user, I want to get feedback when I enter an invalid zip code.",g04-recycling,14
"As a user, I want to be able to create an acocunt, so that I can create my own profile.",g04-recycling,15
"As an admin, I want to be able to add or remove recycling facilities' information, so that users get the most recent information.",g04-recycling,16
"As an admin, I want to be able to read users' feedback and complaints, so that we can add more features and keep improving the service we provide to them.",g04-recycling,17
"As a user, I want to be able to check transaction history and keep a record of it, so that I can go back when needed.",g04-recycling,18
"As a user, I want to have a great UI and UX from the sites, so that I have a pleasant experience when navigating through them.",g04-recycling,19
"As a user, I want to be able to access the site and do all the other stuffs on all of my electronic devices.",g04-recycling,20
"As an admin, I want to be able to block specific users based on IP address, so that I can prevent spamming on the websites.",g04-recycling,21
"As an admin, I want to view a dashboard that monitors all the sites' statuses, so that I can have a sense of what people are doing on our sites and know the service status.",g04-recycling,22
"As an admin, I want to have all data encrypted, so that important information will not be stolen during a server breach or an attack.",g04-recycling,23
"As an executive, I want to have full access to data related to my company, so that I can have a sense of my company's performance.",g04-recycling,24
"As an employee, I want to access the route planning system during work, so that I can be guided through the neighbourhood.",g04-recycling,25
"As an employee from the HR department, I want to have access to the full information of all employees working for this business.",g04-recycling,26
"As a developer, I want to access an API from the website, so that I can integrate it and implement certain features in my own iOS application.",g04-recycling,27
"As a user, I want to be able to receive tempting rewards, so that I have a reason to use the website.",g04-recycling,28
"As a user, I want to have my personal information kept securely in the database of the website, so that I will not suffer from identity theft or telephone harassment.",g04-recycling,29
"As an admin, I want to handle all users' activities, so that I can manage more efficiently.",g04-recycling,30
"As a company, I want to have a website that is easy to use, so that I can upload or delete stuff step by step.",g04-recycling,31
"As an employee, I want to get quick notifications, so that I can process cases the first time.",g04-recycling,32
"As a company accountant, I want to view all available activity fees online, so that I can easily create a bill statement.",g04-recycling,33
"As a developer, I want to use bootstrap in the process of developing, so that I can easily design my website.",g04-recycling,34
"As a developer, I want to attend some UI/UX lessons, so that I can develop an awesome and beautiful features website.",g04-recycling,35
"As a user, I want to view all locations of recycling centers on a map, so that I can check which routes to take to drop off waste.",g04-recycling,36
"As a user, I want to upload my week's schedule, so that I can get recommendations for recycling centers that best fit my availability.",g04-recycling,37
"As a user, I want to link my email account to my profile, so that I can get a temporary password in case I forget my own one.",g04-recycling,38
"As a user, I want to contact the administrators, so that I can give feedback or ask for help.",g04-recycling,39
"As an admin, I want to add recycling center information, so that I can keep the database up-to-date over time.",g04-recycling,40
"As an admin, I want to view user error logs, so that I can fix or review any issues that are being faced by users of the system.",g04-recycling,41
"As an admin, I want to onboard recycling centers on the platform, so that I can increase information accuracy.",g04-recycling,42
"As a superuser, I want to update the recycling center information, so that I can provide the latest information about the recycling center.",g04-recycling,43
"As a superuser, I want to view users' stats, so that I can view in real-time how many users have visited my recycling center information and their recyclable waste.",g04-recycling,44
"As a superuser, I want to reply to user questions, so that I can answer any questions about my recycling center.",g04-recycling,45
"As an admin, I want to be able to have a dashboard that shows usage stats and locations, so that I can identify the neighbourhoods with the largest number of drop-offs and to try getting more facilities involved.",g04-recycling,46
"As an admin, I want to be able to communicate directly with facilities, so that I can keep them updated about features we have on our website.",g04-recycling,47
"As a user, I want to be able to browse through the list of facolities and see which ones are environment-friendly, so that I can know for sure my waste is not going to leave a negative ecological footprint.",g04-recycling,48
"As a recyclingfacility representative, I want to be able to update my information and the type of material I accept, so that I can avoid any miscommunication with users.",g04-recycling,49
"As a recyclingfacility representative, I want to have access to user stats and schedules, so that I can adjust my hours and/or upgrade equipment and capacity in order to be able to accomodate larger amounts of recyclable materials.",g04-recycling,50
"As a recyclingfacility, I want to be able to communicate directly with the site admin and convey any issues or concerns I have, so that they fix them.",g04-recycling,51
